id,family,seed,coefficient,turn,phase,positions,erased_positions,mean_requested_norm,mean_realized_norm,mean_cosine,mean_relative_error,mean_residual_norm_ratio,output_tokens,cap_hit
aggregate-control-1-1001-+0.0-notebook-0.6-128,aggregate-control-1,1001,0.0,1,prompt,91,91,0.0,0.0,1.0,0.0,0.0,128,True
aggregate-control-1-1001-+0.0-notebook-0.6-128,aggregate-control-1,1001,0.0,1,generated,127,127,0.0,0.0,1.0,0.0,0.0,128,True
aggregate-control-1-1001-+0.0-notebook-0.6-128,aggregate-control-1,1001,0.0,2,prompt,250,250,0.0,0.0,1.0,0.0,0.0,89,False
aggregate-control-1-1001-+0.0-notebook-0.6-128,aggregate-control-1,1001,0.0,2,generated,88,88,0.0,0.0,1.0,0.0,0.0,89,False
aggregate-control-1-1001-+0.5-notebook-0.6-128,aggregate-control-1,1001,0.5,1,prompt,91,0,1.5039777755737305,1.5039394347222297,0.9996501659298991,0.024780645086378842,0.07041180747110846,70,False
aggregate-control-1-1001-+0.5-notebook-0.6-128,aggregate-control-1,1001,0.5,1,generated,69,0,1.5039777755737305,1.5048442111499067,0.9996740705725076,0.02549018187151439,0.06666568369753119,70,False
aggregate-control-1-1001-+0.5-notebook-0.6-128,aggregate-control-1,1001,0.5,2,prompt,192,0,1.5039777755737305,1.5042606182396412,0.9996665526802341,0.024851767060075265,0.0696988078962022,30,False
aggregate-control-1-1001-+0.5-notebook-0.6-128,aggregate-control-1,1001,0.5,2,generated,29,0,1.5039777755737305,1.504893056277571,0.9996754958711821,0.025457095162108027,0.06619170937558701,30,False
aggregate-control-1-1001--0.5-notebook-0.6-128,aggregate-control-1,1001,-0.5,1,prompt,91,0,1.5039777755737305,1.5039319061970973,0.9996491362760355,0.024836529598950028,0.07041170784645806,128,True
aggregate-control-1-1001--0.5-notebook-0.6-128,aggregate-control-1,1001,-0.5,1,generated,127,0,1.5039777755737305,1.5045284126687237,0.9996967855400927,0.02456378194642818,0.0694791576641751,128,True
aggregate-control-1-1001--0.5-notebook-0.6-128,aggregate-control-1,1001,-0.5,2,prompt,250,0,1.5039777755737305,1.5042370934486389,0.9996836178302765,0.024446642745286226,0.07045943594304845,94,False
aggregate-control-1-1001--0.5-notebook-0.6-128,aggregate-control-1,1001,-0.5,2,generated,93,0,1.5039777755737305,1.504821660698101,0.999686034135921,0.024964321184382642,0.06760835607526122,94,False
aggregate-control-1-101-+0.0-notebook-0.6-128,aggregate-control-1,101,0.0,1,prompt,91,91,0.0,0.0,1.0,0.0,0.0,94,False
aggregate-control-1-101-+0.0-notebook-0.6-128,aggregate-control-1,101,0.0,1,generated,93,93,0.0,0.0,1.0,0.0,0.0,94,False
aggregate-control-1-101-+0.0-notebook-0.6-128,aggregate-control-1,101,0.0,2,prompt,216,216,0.0,0.0,1.0,0.0,0.0,60,False
aggregate-control-1-101-+0.0-notebook-0.6-128,aggregate-control-1,101,0.0,2,generated,59,59,0.0,0.0,1.0,0.0,0.0,60,False
aggregate-control-1-101-+0.5-notebook-0.6-128,aggregate-control-1,101,0.5,1,prompt,91,0,1.5039777755737305,1.5039394347222297,0.9996501659298991,0.024780645086378842,0.07041180747110846,94,False
aggregate-control-1-101-+0.5-notebook-0.6-128,aggregate-control-1,101,0.5,1,generated,93,0,1.5039777755737305,1.5047215941131755,0.9996851189162141,0.02503058035928075,0.06803577213037398,94,False
aggregate-control-1-101-+0.5-notebook-0.6-128,aggregate-control-1,101,0.5,2,prompt,216,0,1.5039777755737305,1.504285619766624,0.9996773970347864,0.024589123286272364,0.07009206939579195,101,False
aggregate-control-1-101-+0.5-notebook-0.6-128,aggregate-control-1,101,0.5,2,generated,100,0,1.5039777755737305,1.5048470652103425,0.9996755814552307,0.025424831602722405,0.06718692399561405,101,False
aggregate-control-1-101--0.5-notebook-0.6-128,aggregate-control-1,101,-0.5,1,prompt,91,0,1.5039777755737305,1.5039319061970973,0.9996491362760355,0.024836529598950028,0.07041170784645806,94,False
aggregate-control-1-101--0.5-notebook-0.6-128,aggregate-control-1,101,-0.5,1,generated,93,0,1.5039777755737305,1.5046225542663245,0.9996876184658338,0.02493198342140644,0.06803127117855574,94,False
aggregate-control-1-101--0.5-notebook-0.6-128,aggregate-control-1,101,-0.5,2,prompt,216,0,1.5039777755737305,1.5042327951501917,0.9996781707913788,0.024565469809911318,0.07008958465141607,70,False
aggregate-control-1-101--0.5-notebook-0.6-128,aggregate-control-1,101,-0.5,2,generated,69,0,1.5039777755737305,1.5047609270482822,0.9996834094973578,0.025132983922958374,0.06686747856978056,70,False
aggregate-control-1-202-+0.0-notebook-0.6-128,aggregate-control-1,202,0.0,1,prompt,91,91,0.0,0.0,1.0,0.0,0.0,65,False
aggregate-control-1-202-+0.0-notebook-0.6-128,aggregate-control-1,202,0.0,1,generated,64,64,0.0,0.0,1.0,0.0,0.0,65,False
aggregate-control-1-202-+0.0-notebook-0.6-128,aggregate-control-1,202,0.0,2,prompt,187,187,0.0,0.0,1.0,0.0,0.0,61,False
aggregate-control-1-202-+0.0-notebook-0.6-128,aggregate-control-1,202,0.0,2,generated,60,60,0.0,0.0,1.0,0.0,0.0,61,False
aggregate-control-1-202-+0.5-notebook-0.6-128,aggregate-control-1,202,0.5,1,prompt,91,0,1.5039777755737305,1.5039394347222297,0.9996501659298991,0.024780645086378842,0.07041180747110846,128,True
aggregate-control-1-202-+0.5-notebook-0.6-128,aggregate-control-1,202,0.5,1,generated,127,0,1.5039777755737305,1.5046940168996497,0.9996647604807155,0.02581489870808725,0.06600482189866501,128,True
aggregate-control-1-202-+0.5-notebook-0.6-128,aggregate-control-1,202,0.5,2,prompt,251,0,1.5039777755737305,1.5043488726672898,0.9996689189952683,0.025027469761550902,0.06892674039043784,62,False
aggregate-control-1-202-+0.5-notebook-0.6-128,aggregate-control-1,202,0.5,2,generated,61,0,1.5039777755737305,1.504756012900931,0.9996657381292249,0.025782205561389687,0.06577404618996088,62,False
aggregate-control-1-202--0.5-notebook-0.6-128,aggregate-control-1,202,-0.5,1,prompt,91,0,1.5039777755737305,1.5039319061970973,0.9996491362760355,0.024836529598950028,0.07041170784645806,87,False
aggregate-control-1-202--0.5-notebook-0.6-128,aggregate-control-1,202,-0.5,1,generated,86,0,1.5039777755737305,1.504779341608979,0.9996732175350189,0.025536164359817672,0.06625959355124207,87,False
aggregate-control-1-202--0.5-notebook-0.6-128,aggregate-control-1,202,-0.5,2,prompt,209,0,1.5039777755737305,1.5042864557658657,0.9996713325737766,0.024823586264865822,0.06937182388484532,69,False
aggregate-control-1-202--0.5-notebook-0.6-128,aggregate-control-1,202,-0.5,2,generated,68,0,1.5039777755737305,1.5048517619862276,0.9996759602252174,0.02539127955541891,0.0660332009634551,69,False
aggregate-control-1-303-+0.0-notebook-0.6-128,aggregate-control-1,303,0.0,1,prompt,91,91,0.0,0.0,1.0,0.0,0.0,95,False
aggregate-control-1-303-+0.0-notebook-0.6-128,aggregate-control-1,303,0.0,1,generated,94,94,0.0,0.0,1.0,0.0,0.0,95,False
aggregate-control-1-303-+0.0-notebook-0.6-128,aggregate-control-1,303,0.0,2,prompt,217,217,0.0,0.0,1.0,0.0,0.0,107,False
aggregate-control-1-303-+0.0-notebook-0.6-128,aggregate-control-1,303,0.0,2,generated,106,106,0.0,0.0,1.0,0.0,0.0,107,False
aggregate-control-1-303-+0.5-notebook-0.6-128,aggregate-control-1,303,0.5,1,prompt,91,0,1.5039777755737305,1.5039394347222297,0.9996501659298991,0.024780645086378842,0.07041180747110846,95,False
aggregate-control-1-303-+0.5-notebook-0.6-128,aggregate-control-1,303,0.5,1,generated,94,0,1.5039777755737305,1.5046784269048812,0.9996850059387532,0.025044572044243204,0.06763984532432353,95,False
aggregate-control-1-303-+0.5-notebook-0.6-128,aggregate-control-1,303,0.5,2,prompt,217,0,1.5039777755737305,1.5042730454475648,0.9996770947210251,0.02461091298524136,0.06992167572293448,118,False
aggregate-control-1-303-+0.5-notebook-0.6-128,aggregate-control-1,303,0.5,2,generated,117,0,1.5039777755737305,1.504899435573154,0.9996726008561941,0.025534910396632984,0.06669332523249154,118,False
aggregate-control-1-303--0.5-notebook-0.6-128,aggregate-control-1,303,-0.5,1,prompt,91,0,1.5039777755737305,1.5039319061970973,0.9996491362760355,0.024836529598950028,0.07041170784645806,128,True
aggregate-control-1-303--0.5-notebook-0.6-128,aggregate-control-1,303,-0.5,1,generated,127,0,1.5039777755737305,1.5045489476421687,0.99969905145525,0.024494241629763852,0.06917602961926948,128,True
aggregate-control-1-303--0.5-notebook-0.6-128,aggregate-control-1,303,-0.5,2,prompt,251,0,1.5039777755737305,1.504242704684041,0.9996848894780376,0.024405127383798242,0.0704889905289283,128,True
aggregate-control-1-303--0.5-notebook-0.6-128,aggregate-control-1,303,-0.5,2,generated,127,0,1.5039777755737305,1.5046750400948712,0.9996836223001555,0.025096825404664663,0.06682421525162975,128,True
aggregate-control-1-404-+0.0-notebook-0.6-128,aggregate-control-1,404,0.0,1,prompt,91,91,0.0,0.0,1.0,0.0,0.0,63,False
aggregate-control-1-404-+0.0-notebook-0.6-128,aggregate-control-1,404,0.0,1,generated,62,62,0.0,0.0,1.0,0.0,0.0,63,False
aggregate-control-1-404-+0.0-notebook-0.6-128,aggregate-control-1,404,0.0,2,prompt,185,185,0.0,0.0,1.0,0.0,0.0,91,False
aggregate-control-1-404-+0.0-notebook-0.6-128,aggregate-control-1,404,0.0,2,generated,90,90,0.0,0.0,1.0,0.0,0.0,91,False
aggregate-control-1-404-+0.5-notebook-0.6-128,aggregate-control-1,404,0.5,1,prompt,91,0,1.5039777755737305,1.5039394347222297,0.9996501659298991,0.024780645086378842,0.07041180747110846,128,True
aggregate-control-1-404-+0.5-notebook-0.6-128,aggregate-control-1,404,0.5,1,generated,127,0,1.5039777755737305,1.504927598585294,0.9996340683126074,0.026985725857258783,0.06301981853101198,128,True
aggregate-control-1-404-+0.5-notebook-0.6-128,aggregate-control-1,404,0.5,2,prompt,251,0,1.5039777755737305,1.504452233770454,0.999653419887877,0.025618169378800935,0.06750050697390332,95,False
aggregate-control-1-404-+0.5-notebook-0.6-128,aggregate-control-1,404,0.5,2,generated,94,0,1.5039777755737305,1.5049928046287375,0.99963759551657,0.026867625303566456,0.06337090133828052,95,False
aggregate-control-1-404--0.5-notebook-0.6-128,aggregate-control-1,404,-0.5,1,prompt,91,0,1.5039777755737305,1.5039319061970973,0.9996491362760355,0.024836529598950028,0.07041170784645806,62,False
aggregate-control-1-404--0.5-notebook-0.6-128,aggregate-control-1,404,-0.5,1,generated,61,0,1.5039777755737305,1.5049534977459518,0.9996545021651221,0.026234841951337018,0.064615184654955,62,False
aggregate-control-1-404--0.5-notebook-0.6-128,aggregate-control-1,404,-0.5,2,prompt,184,0,1.5039777755737305,1.5042739873347075,0.99966494479905,0.024967386149396392,0.06920744240240943,71,False
aggregate-control-1-404--0.5-notebook-0.6-128,aggregate-control-1,404,-0.5,2,generated,70,0,1.5039777755737305,1.504837134906224,0.9996627049786704,0.025945537776819298,0.06513042130640574,71,False
aggregate-control-1-505-+0.0-notebook-0.6-128,aggregate-control-1,505,0.0,1,prompt,91,91,0.0,0.0,1.0,0.0,0.0,89,False
aggregate-control-1-505-+0.0-notebook-0.6-128,aggregate-control-1,505,0.0,1,generated,88,88,0.0,0.0,1.0,0.0,0.0,89,False
aggregate-control-1-505-+0.0-notebook-0.6-128,aggregate-control-1,505,0.0,2,prompt,211,211,0.0,0.0,1.0,0.0,0.0,93,False
aggregate-control-1-505-+0.0-notebook-0.6-128,aggregate-control-1,505,0.0,2,generated,92,92,0.0,0.0,1.0,0.0,0.0,93,False
aggregate-control-1-505-+0.5-notebook-0.6-128,aggregate-control-1,505,0.5,1,prompt,91,0,1.5039777755737305,1.5039394347222297,0.9996501659298991,0.024780645086378842,0.07041180747110846,89,False
aggregate-control-1-505-+0.5-notebook-0.6-128,aggregate-control-1,505,0.5,1,generated,88,0,1.5039777755737305,1.504680877382105,0.9996799291534857,0.02524897727099332,0.0673958396285095,89,False
aggregate-control-1-505-+0.5-notebook-0.6-128,aggregate-control-1,505,0.5,2,prompt,211,0,1.5039777755737305,1.504253936039893,0.999674167395768,0.024708690333634757,0.06977098999805395,93,False
aggregate-control-1-505-+0.5-notebook-0.6-128,aggregate-control-1,505,0.5,2,generated,92,0,1.5039777755737305,1.5048391132251075,0.9996711605268976,0.025602051563075056,0.06633902341127396,93,False
aggregate-control-1-505--0.5-notebook-0.6-128,aggregate-control-1,505,-0.5,1,prompt,91,0,1.5039777755737305,1.5039319061970973,0.9996491362760355,0.024836529598950028,0.07041170784645806,103,False
aggregate-control-1-505--0.5-notebook-0.6-128,aggregate-control-1,505,-0.5,1,generated,102,0,1.5039777755737305,1.5046038125075547,0.9996827595374164,0.025135056097425668,0.06728030573211465,103,False
aggregate-control-1-505--0.5-notebook-0.6-128,aggregate-control-1,505,-0.5,2,prompt,225,0,1.5039777755737305,1.5042623625861273,0.9996763560507033,0.024671944802006084,0.069585537831299,79,False
aggregate-control-1-505--0.5-notebook-0.6-128,aggregate-control-1,505,-0.5,2,generated,78,0,1.5039777755737305,1.5048760267404409,0.999671281912388,0.02559165367617821,0.06542445241640775,79,False
aggregate-control-1-606-+0.0-notebook-0.6-128,aggregate-control-1,606,0.0,1,prompt,91,91,0.0,0.0,1.0,0.0,0.0,92,False
aggregate-control-1-606-+0.0-notebook-0.6-128,aggregate-control-1,606,0.0,1,generated,91,91,0.0,0.0,1.0,0.0,0.0,92,False
aggregate-control-1-606-+0.0-notebook-0.6-128,aggregate-control-1,606,0.0,2,prompt,214,214,0.0,0.0,1.0,0.0,0.0,3,False
aggregate-control-1-606-+0.0-notebook-0.6-128,aggregate-control-1,606,0.0,2,generated,2,2,0.0,0.0,1.0,0.0,0.0,3,False
aggregate-control-1-606-+0.5-notebook-0.6-128,aggregate-control-1,606,0.5,1,prompt,91,0,1.5039777755737305,1.5039394347222297,0.9996501659298991,0.024780645086378842,0.07041180747110846,55,False
aggregate-control-1-606-+0.5-notebook-0.6-128,aggregate-control-1,606,0.5,1,generated,54,0,1.5039777755737305,1.5047781710271482,0.9996547632747226,0.02624194693096258,0.06455136394059216,55,False
aggregate-control-1-606-+0.5-notebook-0.6-128,aggregate-control-1,606,0.5,2,prompt,177,0,1.5039777755737305,1.50422884986899,0.9996658001242384,0.024896243734464134,0.0693783275112194,79,False
aggregate-control-1-606-+0.5-notebook-0.6-128,aggregate-control-1,606,0.5,2,generated,78,0,1.5039777755737305,1.5048197141060462,0.9996611185562916,0.025960161350667477,0.06537222236585923,79,False
aggregate-control-1-606--0.5-notebook-0.6-128,aggregate-control-1,606,-0.5,1,prompt,91,0,1.5039777755737305,1.5039319061970973,0.9996491362760355,0.024836529598950028,0.07041170784645806,84,False
aggregate-control-1-606--0.5-notebook-0.6-128,aggregate-control-1,606,-0.5,1,generated,83,0,1.5039777755737305,1.5046298374612648,0.9996624991118189,0.025947983522551607,0.06497320501380656,84,False
aggregate-control-1-606--0.5-notebook-0.6-128,aggregate-control-1,606,-0.5,2,prompt,206,0,1.5039777755737305,1.5042177120458733,0.9996696620890237,0.02488403621771671,0.06925941600850828,63,False
aggregate-control-1-606--0.5-notebook-0.6-128,aggregate-control-1,606,-0.5,2,generated,62,0,1.5039777755737305,1.5048303546444062,0.9996534018747268,0.026289879614787716,0.06382583069705194,63,False
aggregate-control-1-707-+0.0-notebook-0.6-128,aggregate-control-1,707,0.0,1,prompt,91,91,0.0,0.0,1.0,0.0,0.0,50,False
aggregate-control-1-707-+0.0-notebook-0.6-128,aggregate-control-1,707,0.0,1,generated,49,49,0.0,0.0,1.0,0.0,0.0,50,False
aggregate-control-1-707-+0.0-notebook-0.6-128,aggregate-control-1,707,0.0,2,prompt,172,172,0.0,0.0,1.0,0.0,0.0,82,False
aggregate-control-1-707-+0.0-notebook-0.6-128,aggregate-control-1,707,0.0,2,generated,81,81,0.0,0.0,1.0,0.0,0.0,82,False
aggregate-control-1-707-+0.5-notebook-0.6-128,aggregate-control-1,707,0.5,1,prompt,91,0,1.5039777755737305,1.5039394347222297,0.9996501659298991,0.024780645086378842,0.07041180747110846,50,False
aggregate-control-1-707-+0.5-notebook-0.6-128,aggregate-control-1,707,0.5,1,generated,49,0,1.5039777755737305,1.5048536037912175,0.9996566699475659,0.026173963002404387,0.0645938520224727,50,False
aggregate-control-1-707-+0.5-notebook-0.6-128,aggregate-control-1,707,0.5,2,prompt,172,0,1.5039777755737305,1.5042199305323667,0.999666408050892,0.02484502351496282,0.06951167713444636,59,False
aggregate-control-1-707-+0.5-notebook-0.6-128,aggregate-control-1,707,0.5,2,generated,58,0,1.5039777755737305,1.5048825535280952,0.9996448539454361,0.026590545693862027,0.06376775392684443,59,False
aggregate-control-1-707--0.5-notebook-0.6-128,aggregate-control-1,707,-0.5,1,prompt,91,0,1.5039777755737305,1.5039319061970973,0.9996491362760355,0.024836529598950028,0.07041170784645806,50,False
aggregate-control-1-707--0.5-notebook-0.6-128,aggregate-control-1,707,-0.5,1,generated,49,0,1.5039777755737305,1.5047705441105121,0.9996588461253108,0.02609266006216711,0.0645904223985818,50,False
aggregate-control-1-707--0.5-notebook-0.6-128,aggregate-control-1,707,-0.5,2,prompt,172,0,1.5039777755737305,1.5042014517063318,0.9996667400349019,0.024841063921231518,0.06951110925306132,82,False
aggregate-control-1-707--0.5-notebook-0.6-128,aggregate-control-1,707,-0.5,2,generated,81,0,1.5039777755737305,1.504879645359369,0.9996553188488807,0.026205322785693923,0.06427699663204911,82,False
aggregate-control-1-808-+0.0-notebook-0.6-128,aggregate-control-1,808,0.0,1,prompt,91,91,0.0,0.0,1.0,0.0,0.0,81,False
aggregate-control-1-808-+0.0-notebook-0.6-128,aggregate-control-1,808,0.0,1,generated,80,80,0.0,0.0,1.0,0.0,0.0,81,False
aggregate-control-1-808-+0.0-notebook-0.6-128,aggregate-control-1,808,0.0,2,prompt,203,203,0.0,0.0,1.0,0.0,0.0,94,False
aggregate-control-1-808-+0.0-notebook-0.6-128,aggregate-control-1,808,0.0,2,generated,93,93,0.0,0.0,1.0,0.0,0.0,94,False
aggregate-control-1-808-+0.5-notebook-0.6-128,aggregate-control-1,808,0.5,1,prompt,91,0,1.5039777755737305,1.5039394347222297,0.9996501659298991,0.024780645086378842,0.07041180747110846,81,False
aggregate-control-1-808-+0.5-notebook-0.6-128,aggregate-control-1,808,0.5,1,generated,80,0,1.5039777755737305,1.5047206163406373,0.9996797345578671,0.025255122617818416,0.06723471563309431,81,False
aggregate-control-1-808-+0.5-notebook-0.6-128,aggregate-control-1,808,0.5,2,prompt,203,0,1.5039777755737305,1.5042534667282856,0.9996733815211968,0.024709969726872855,0.06978619096484127,94,False
aggregate-control-1-808-+0.5-notebook-0.6-128,aggregate-control-1,808,0.5,2,generated,93,0,1.5039777755737305,1.5048754369058917,0.9996740343750165,0.025493801060703494,0.06637450571983092,94,False
aggregate-control-1-808--0.5-notebook-0.6-128,aggregate-control-1,808,-0.5,1,prompt,91,0,1.5039777755737305,1.5039319061970973,0.9996491362760355,0.024836529598950028,0.07041170784645806,54,False
aggregate-control-1-808--0.5-notebook-0.6-128,aggregate-control-1,808,-0.5,1,generated,53,0,1.5039777755737305,1.5047547187445298,0.9996889154866057,0.024862511153772193,0.06855135867899319,54,False
aggregate-control-1-808--0.5-notebook-0.6-128,aggregate-control-1,808,-0.5,2,prompt,176,0,1.5039777755737305,1.504192705181512,0.999675873328339,0.024485338188242167,0.07058819997672056,34,False
aggregate-control-1-808--0.5-notebook-0.6-128,aggregate-control-1,808,-0.5,2,generated,33,0,1.5039777755737305,1.5047277573383215,0.9996878306070963,0.024951381834618973,0.06692490184848959,34,False
aggregate-control-1-909-+0.0-notebook-0.6-128,aggregate-control-1,909,0.0,1,prompt,91,91,0.0,0.0,1.0,0.0,0.0,81,False
aggregate-control-1-909-+0.0-notebook-0.6-128,aggregate-control-1,909,0.0,1,generated,80,80,0.0,0.0,1.0,0.0,0.0,81,False
aggregate-control-1-909-+0.0-notebook-0.6-128,aggregate-control-1,909,0.0,2,prompt,203,203,0.0,0.0,1.0,0.0,0.0,89,False
aggregate-control-1-909-+0.0-notebook-0.6-128,aggregate-control-1,909,0.0,2,generated,88,88,0.0,0.0,1.0,0.0,0.0,89,False
aggregate-control-1-909-+0.5-notebook-0.6-128,aggregate-control-1,909,0.5,1,prompt,91,0,1.5039777755737305,1.5039394347222297,0.9996501659298991,0.024780645086378842,0.07041180747110846,97,False
aggregate-control-1-909-+0.5-notebook-0.6-128,aggregate-control-1,909,0.5,1,generated,96,0,1.5039777755737305,1.504887747267882,0.9996687850604454,0.02570578857557848,0.06577147776260972,97,False
aggregate-control-1-909-+0.5-notebook-0.6-128,aggregate-control-1,909,0.5,2,prompt,219,0,1.5039777755737305,1.5043538340694829,0.9996720974303815,0.024832354233383317,0.06936244320945142,105,False
aggregate-control-1-909-+0.5-notebook-0.6-128,aggregate-control-1,909,0.5,2,generated,104,0,1.5039777755737305,1.5047040765102093,0.9996662225860816,0.025774795938139923,0.06569130700797988,105,False
aggregate-control-1-909--0.5-notebook-0.6-128,aggregate-control-1,909,-0.5,1,prompt,91,0,1.5039777755737305,1.5039319061970973,0.9996491362760355,0.024836529598950028,0.07041170784645806,47,False
aggregate-control-1-909--0.5-notebook-0.6-128,aggregate-control-1,909,-0.5,1,generated,46,0,1.5039777755737305,1.504853632139123,0.9996560617633488,0.0262029060041127,0.06432931999797406,47,False
aggregate-control-1-909--0.5-notebook-0.6-128,aggregate-control-1,909,-0.5,2,prompt,169,0,1.5039777755737305,1.5041971460601988,0.9996689184177556,0.024753249729790632,0.06981896829981489,49,False
aggregate-control-1-909--0.5-notebook-0.6-128,aggregate-control-1,909,-0.5,2,generated,48,0,1.5039777755737305,1.5049662788709004,0.9996699392795563,0.025666441419161856,0.06486783642321825,49,False
aggregate-control-2-1001-+0.0-notebook-0.6-128,aggregate-control-2,1001,0.0,1,prompt,91,91,0.0,0.0,1.0,0.0,0.0,128,True
aggregate-control-2-1001-+0.0-notebook-0.6-128,aggregate-control-2,1001,0.0,1,generated,127,127,0.0,0.0,1.0,0.0,0.0,128,True
aggregate-control-2-1001-+0.0-notebook-0.6-128,aggregate-control-2,1001,0.0,2,prompt,250,250,0.0,0.0,1.0,0.0,0.0,89,False
aggregate-control-2-1001-+0.0-notebook-0.6-128,aggregate-control-2,1001,0.0,2,generated,88,88,0.0,0.0,1.0,0.0,0.0,89,False
aggregate-control-2-1001-+0.5-notebook-0.6-128,aggregate-control-2,1001,0.5,1,prompt,91,0,1.4791755676269531,1.4795331758457226,0.9997168379825551,0.023454079772908608,0.06926384807825293,128,True
aggregate-control-2-1001-+0.5-notebook-0.6-128,aggregate-control-2,1001,0.5,1,generated,127,0,1.4791754484176636,1.4798682336732158,0.9996843384945486,0.025055258351517475,0.06834007353763881,128,True
aggregate-control-2-1001-+0.5-notebook-0.6-128,aggregate-control-2,1001,0.5,2,prompt,250,0,1.4791755676269531,1.4796866579055785,0.9997031545639038,0.02415946676209569,0.06930707154469565,94,False
aggregate-control-2-1001-+0.5-notebook-0.6-128,aggregate-control-2,1001,0.5,2,generated,93,0,1.4791754484176636,1.479587976650525,0.9996697934724952,0.02559742535794935,0.06647414834268632,94,False
aggregate-control-2-1001--0.5-notebook-0.6-128,aggregate-control-2,1001,-0.5,1,prompt,91,0,1.4791755676269531,1.4795353072030204,0.9997149712436801,0.023536171139842205,0.06926385633862363,92,False
aggregate-control-2-1001--0.5-notebook-0.6-128,aggregate-control-2,1001,-0.5,1,generated,91,0,1.4791754484176636,1.479670409317855,0.9996646898133414,0.025837125031502692,0.06588595430110837,92,False
aggregate-control-2-1001--0.5-notebook-0.6-128,aggregate-control-2,1001,-0.5,2,prompt,214,0,1.4791755676269531,1.4795837095964735,0.9996977281347613,0.024355772482318298,0.0684753914600865,71,False
aggregate-control-2-1001--0.5-notebook-0.6-128,aggregate-control-2,1001,-0.5,2,generated,70,0,1.4791754484176636,1.47993300982884,0.9996537744998932,0.02628386752413852,0.06434620970061847,71,False
aggregate-control-2-101-+0.0-notebook-0.6-128,aggregate-control-2,101,0.0,1,prompt,91,91,0.0,0.0,1.0,0.0,0.0,94,False
aggregate-control-2-101-+0.0-notebook-0.6-128,aggregate-control-2,101,0.0,1,generated,93,93,0.0,0.0,1.0,0.0,0.0,94,False
aggregate-control-2-101-+0.0-notebook-0.6-128,aggregate-control-2,101,0.0,2,prompt,216,216,0.0,0.0,1.0,0.0,0.0,60,False
aggregate-control-2-101-+0.0-notebook-0.6-128,aggregate-control-2,101,0.0,2,generated,59,59,0.0,0.0,1.0,0.0,0.0,60,False
aggregate-control-2-101-+0.5-notebook-0.6-128,aggregate-control-2,101,0.5,1,prompt,91,0,1.4791755676269531,1.4795331758457226,0.9997168379825551,0.023454079772908608,0.06926384807825293,94,False
aggregate-control-2-101-+0.5-notebook-0.6-128,aggregate-control-2,101,0.5,1,generated,93,0,1.4791754484176636,1.4799441560622184,0.9996746131168899,0.025446608902946595,0.06691463596077375,94,False
aggregate-control-2-101-+0.5-notebook-0.6-128,aggregate-control-2,101,0.5,2,prompt,216,0,1.4791755676269531,1.4797067349707638,0.9997027356315542,0.02415600789417685,0.06894415454061581,128,True
aggregate-control-2-101-+0.5-notebook-0.6-128,aggregate-control-2,101,0.5,2,generated,127,0,1.4791754484176636,1.4797148150721873,0.9996649449265848,0.025826095141411768,0.06563375130530417,128,True
aggregate-control-2-101--0.5-notebook-0.6-128,aggregate-control-2,101,-0.5,1,prompt,91,0,1.4791755676269531,1.4795353072030204,0.9997149712436801,0.023536171139842205,0.06926385633862363,94,False
aggregate-control-2-101--0.5-notebook-0.6-128,aggregate-control-2,101,-0.5,1,generated,93,0,1.4791754484176636,1.479866591832971,0.999673956183977,0.025468209017348545,0.06691097456120676,94,False
aggregate-control-2-101--0.5-notebook-0.6-128,aggregate-control-2,101,-0.5,2,prompt,216,0,1.4791755676269531,1.479658411056907,0.9997017455321772,0.024194874059132957,0.06894179822174246,60,False
aggregate-control-2-101--0.5-notebook-0.6-128,aggregate-control-2,101,-0.5,2,generated,59,0,1.4791754484176636,1.4796931359727503,0.9996690133870658,0.02568841548794407,0.06601424130090212,60,False
aggregate-control-2-202-+0.0-notebook-0.6-128,aggregate-control-2,202,0.0,1,prompt,91,91,0.0,0.0,1.0,0.0,0.0,65,False
aggregate-control-2-202-+0.0-notebook-0.6-128,aggregate-control-2,202,0.0,1,generated,64,64,0.0,0.0,1.0,0.0,0.0,65,False
aggregate-control-2-202-+0.0-notebook-0.6-128,aggregate-control-2,202,0.0,2,prompt,187,187,0.0,0.0,1.0,0.0,0.0,61,False
aggregate-control-2-202-+0.0-notebook-0.6-128,aggregate-control-2,202,0.0,2,generated,60,60,0.0,0.0,1.0,0.0,0.0,61,False
aggregate-control-2-202-+0.5-notebook-0.6-128,aggregate-control-2,202,0.5,1,prompt,91,0,1.4791755676269531,1.4795331758457226,0.9997168379825551,0.023454079772908608,0.06926384807825293,88,False
aggregate-control-2-202-+0.5-notebook-0.6-128,aggregate-control-2,202,0.5,1,generated,87,0,1.4791754484176636,1.4797318954577392,0.9996530564352014,0.026298583731397814,0.06510104555850742,88,False
aggregate-control-2-202-+0.5-notebook-0.6-128,aggregate-control-2,202,0.5,2,prompt,210,0,1.4791755676269531,1.479599982783908,0.9996933786641984,0.02452296382703242,0.06813841005399203,59,False
aggregate-control-2-202-+0.5-notebook-0.6-128,aggregate-control-2,202,0.5,2,generated,58,0,1.4791754484176636,1.4796700210406863,0.9996546270518467,0.02621339033518372,0.06481212210552446,59,False
aggregate-control-2-202--0.5-notebook-0.6-128,aggregate-control-2,202,-0.5,1,prompt,91,0,1.4791755676269531,1.4795353072030204,0.9997149712436801,0.023536171139842205,0.06926385633862363,65,False
aggregate-control-2-202--0.5-notebook-0.6-128,aggregate-control-2,202,-0.5,1,generated,64,0,1.4791754484176636,1.4796987269073725,0.9996598726138473,0.026015147246653214,0.06622134061763063,65,False
aggregate-control-2-202--0.5-notebook-0.6-128,aggregate-control-2,202,-0.5,2,prompt,187,0,1.4791755676269531,1.4795685547558382,0.9997001478378785,0.024232894984039074,0.06888569224710492,54,False
aggregate-control-2-202--0.5-notebook-0.6-128,aggregate-control-2,202,-0.5,2,generated,53,0,1.4791754484176636,1.479652926606952,0.9996762118249569,0.025393363685821586,0.06621410170534872,54,False
aggregate-control-2-303-+0.0-notebook-0.6-128,aggregate-control-2,303,0.0,1,prompt,91,91,0.0,0.0,1.0,0.0,0.0,95,False
aggregate-control-2-303-+0.0-notebook-0.6-128,aggregate-control-2,303,0.0,1,generated,94,94,0.0,0.0,1.0,0.0,0.0,95,False
aggregate-control-2-303-+0.0-notebook-0.6-128,aggregate-control-2,303,0.0,2,prompt,217,217,0.0,0.0,1.0,0.0,0.0,107,False
aggregate-control-2-303-+0.0-notebook-0.6-128,aggregate-control-2,303,0.0,2,generated,106,106,0.0,0.0,1.0,0.0,0.0,107,False
aggregate-control-2-303-+0.5-notebook-0.6-128,aggregate-control-2,303,0.5,1,prompt,91,0,1.4791755676269531,1.4795331758457226,0.9997168379825551,0.023454079772908608,0.06926384807825293,115,False
aggregate-control-2-303-+0.5-notebook-0.6-128,aggregate-control-2,303,0.5,1,generated,114,0,1.4791754484176636,1.4799042114040308,0.999630540086512,0.027134108275436518,0.06287392486997864,115,False
aggregate-control-2-303-+0.5-notebook-0.6-128,aggregate-control-2,303,0.5,2,prompt,237,0,1.4791755676269531,1.479704045042207,0.9996782888340044,0.025112847605020687,0.06666733094300477,87,False
aggregate-control-2-303-+0.5-notebook-0.6-128,aggregate-control-2,303,0.5,2,generated,86,0,1.4791754484176636,1.4797048041986864,0.9996240035045979,0.027328025376380877,0.06230958204629809,87,False
aggregate-control-2-303--0.5-notebook-0.6-128,aggregate-control-2,303,-0.5,1,prompt,91,0,1.4791755676269531,1.4795353072030204,0.9997149712436801,0.023536171139842205,0.06926385633862363,128,True
aggregate-control-2-303--0.5-notebook-0.6-128,aggregate-control-2,303,-0.5,1,generated,127,0,1.4791754484176636,1.4798358434767236,0.9996843450651394,0.02507629415651006,0.06804003563570225,128,True
aggregate-control-2-303--0.5-notebook-0.6-128,aggregate-control-2,303,-0.5,2,prompt,251,0,1.4791755676269531,1.4796771604226404,0.9997032113759167,0.024166210369017734,0.06933579318303303,128,True
aggregate-control-2-303--0.5-notebook-0.6-128,aggregate-control-2,303,-0.5,2,generated,127,0,1.4791754484176636,1.4798254816550909,0.9996370724805697,0.02688290849034711,0.06301496617906675,128,True
aggregate-control-2-404-+0.0-notebook-0.6-128,aggregate-control-2,404,0.0,1,prompt,91,91,0.0,0.0,1.0,0.0,0.0,63,False
aggregate-control-2-404-+0.0-notebook-0.6-128,aggregate-control-2,404,0.0,1,generated,62,62,0.0,0.0,1.0,0.0,0.0,63,False
aggregate-control-2-404-+0.0-notebook-0.6-128,aggregate-control-2,404,0.0,2,prompt,185,185,0.0,0.0,1.0,0.0,0.0,91,False
aggregate-control-2-404-+0.0-notebook-0.6-128,aggregate-control-2,404,0.0,2,generated,90,90,0.0,0.0,1.0,0.0,0.0,91,False
aggregate-control-2-404-+0.5-notebook-0.6-128,aggregate-control-2,404,0.5,1,prompt,91,0,1.4791755676269531,1.4795331758457226,0.9997168379825551,0.023454079772908608,0.06926384807825293,63,False
aggregate-control-2-404-+0.5-notebook-0.6-128,aggregate-control-2,404,0.5,1,generated,62,0,1.4791754484176636,1.4797519695374273,0.9996351051715112,0.02696354552021911,0.06307644499165396,63,False
aggregate-control-2-404-+0.5-notebook-0.6-128,aggregate-control-2,404,0.5,2,prompt,185,0,1.4791755676269531,1.479602534706528,0.9996938831097371,0.024457881705382385,0.06823664878532794,108,False
aggregate-control-2-404-+0.5-notebook-0.6-128,aggregate-control-2,404,0.5,2,generated,107,0,1.4791754484176636,1.4797278765206026,0.9996523093954425,0.026317672803997993,0.06452937542556603,108,False
aggregate-control-2-404--0.5-notebook-0.6-128,aggregate-control-2,404,-0.5,1,prompt,91,0,1.4791755676269531,1.4795353072030204,0.9997149712436801,0.023536171139842205,0.06926385633862363,92,False
aggregate-control-2-404--0.5-notebook-0.6-128,aggregate-control-2,404,-0.5,1,generated,91,0,1.4791754484176636,1.4797132840523353,0.9996266522250332,0.027252688451291442,0.06285890552041294,92,False
aggregate-control-2-404--0.5-notebook-0.6-128,aggregate-control-2,404,-0.5,2,prompt,214,0,1.4791755676269531,1.4795899591713308,0.9996816566057294,0.024952046764648964,0.06732256248023222,85,False
aggregate-control-2-404--0.5-notebook-0.6-128,aggregate-control-2,404,-0.5,2,generated,84,0,1.4791754484176636,1.4796167839141119,0.9996410139969417,0.026724361215851138,0.06348726601295528,85,False
aggregate-control-2-505-+0.0-notebook-0.6-128,aggregate-control-2,505,0.0,1,prompt,91,91,0.0,0.0,1.0,0.0,0.0,89,False
aggregate-control-2-505-+0.0-notebook-0.6-128,aggregate-control-2,505,0.0,1,generated,88,88,0.0,0.0,1.0,0.0,0.0,89,False
aggregate-control-2-505-+0.0-notebook-0.6-128,aggregate-control-2,505,0.0,2,prompt,211,211,0.0,0.0,1.0,0.0,0.0,93,False
aggregate-control-2-505-+0.0-notebook-0.6-128,aggregate-control-2,505,0.0,2,generated,92,92,0.0,0.0,1.0,0.0,0.0,93,False
aggregate-control-2-505-+0.5-notebook-0.6-128,aggregate-control-2,505,0.5,1,prompt,91,0,1.4791755676269531,1.4795331758457226,0.9997168379825551,0.023454079772908608,0.06926384807825293,103,False
aggregate-control-2-505-+0.5-notebook-0.6-128,aggregate-control-2,505,0.5,1,generated,102,0,1.4791754484176636,1.4799323152093327,0.9996679068780413,0.025711502185931392,0.06617702109118302,103,False
aggregate-control-2-505-+0.5-notebook-0.6-128,aggregate-control-2,505,0.5,2,prompt,225,0,1.4791755676269531,1.4797018432617188,0.9996977867020501,0.02435962168706788,0.06844695764335079,108,False
aggregate-control-2-505-+0.5-notebook-0.6-128,aggregate-control-2,505,0.5,2,generated,107,0,1.4791754484176636,1.4796306964392973,0.9996458264154808,0.026564030516370435,0.0640043195023715,108,False
aggregate-control-2-505--0.5-notebook-0.6-128,aggregate-control-2,505,-0.5,1,prompt,91,0,1.4791755676269531,1.4795353072030204,0.9997149712436801,0.023536171139842205,0.06926385633862363,89,False
aggregate-control-2-505--0.5-notebook-0.6-128,aggregate-control-2,505,-0.5,1,generated,88,0,1.4791754484176636,1.4799107028679415,0.9996700591661714,0.025629773228005928,0.06628567374057391,89,False
aggregate-control-2-505--0.5-notebook-0.6-128,aggregate-control-2,505,-0.5,2,prompt,211,0,1.4791755676269531,1.4796844347958316,0.9996994841155282,0.02428754934184783,0.06862878510441578,71,False
aggregate-control-2-505--0.5-notebook-0.6-128,aggregate-control-2,505,-0.5,2,generated,70,0,1.4791754484176636,1.4797822254044668,0.9996667802333832,0.02576847007232053,0.0654958190130336,71,False
aggregate-control-2-606-+0.0-notebook-0.6-128,aggregate-control-2,606,0.0,1,prompt,91,91,0.0,0.0,1.0,0.0,0.0,92,False
aggregate-control-2-606-+0.0-notebook-0.6-128,aggregate-control-2,606,0.0,1,generated,91,91,0.0,0.0,1.0,0.0,0.0,92,False
aggregate-control-2-606-+0.0-notebook-0.6-128,aggregate-control-2,606,0.0,2,prompt,214,214,0.0,0.0,1.0,0.0,0.0,3,False
aggregate-control-2-606-+0.0-notebook-0.6-128,aggregate-control-2,606,0.0,2,generated,2,2,0.0,0.0,1.0,0.0,0.0,3,False
aggregate-control-2-606-+0.5-notebook-0.6-128,aggregate-control-2,606,0.5,1,prompt,91,0,1.4791755676269531,1.4795331758457226,0.9997168379825551,0.023454079772908608,0.06926384807825293,87,False
aggregate-control-2-606-+0.5-notebook-0.6-128,aggregate-control-2,606,0.5,1,generated,86,0,1.4791754484176636,1.4799115422160127,0.9996560936750367,0.026182008603977604,0.06445214945043243,87,False
aggregate-control-2-606-+0.5-notebook-0.6-128,aggregate-control-2,606,0.5,2,prompt,209,0,1.4791755676269531,1.4796687455838948,0.9996950036030637,0.02446061772022521,0.06785514359930575,3,False
aggregate-control-2-606-+0.5-notebook-0.6-128,aggregate-control-2,606,0.5,2,generated,2,0,1.4791754484176636,1.4799421429634094,0.9997270703315735,0.023374042473733425,0.07097501680254936,3,False
aggregate-control-2-606--0.5-notebook-0.6-128,aggregate-control-2,606,-0.5,1,prompt,91,0,1.4791755676269531,1.4795353072030204,0.9997149712436801,0.023536171139842205,0.06926385633862363,84,False
aggregate-control-2-606--0.5-notebook-0.6-128,aggregate-control-2,606,-0.5,1,generated,83,0,1.4791754484176636,1.4799247893942409,0.9996518435248409,0.02634060234729066,0.06390642908861838,84,False
aggregate-control-2-606--0.5-notebook-0.6-128,aggregate-control-2,606,-0.5,2,prompt,206,0,1.4791755676269531,1.479663339633386,0.9996940244748754,0.02448754158612449,0.06812572550340511,64,False
aggregate-control-2-606--0.5-notebook-0.6-128,aggregate-control-2,606,-0.5,2,generated,63,0,1.4791754484176636,1.4797717105774653,0.9996396435631646,0.026786436400716266,0.06311390460247085,64,False
aggregate-control-2-707-+0.0-notebook-0.6-128,aggregate-control-2,707,0.0,1,prompt,91,91,0.0,0.0,1.0,0.0,0.0,50,False
aggregate-control-2-707-+0.0-notebook-0.6-128,aggregate-control-2,707,0.0,1,generated,49,49,0.0,0.0,1.0,0.0,0.0,50,False
aggregate-control-2-707-+0.0-notebook-0.6-128,aggregate-control-2,707,0.0,2,prompt,172,172,0.0,0.0,1.0,0.0,0.0,82,False
aggregate-control-2-707-+0.0-notebook-0.6-128,aggregate-control-2,707,0.0,2,generated,81,81,0.0,0.0,1.0,0.0,0.0,82,False
aggregate-control-2-707-+0.5-notebook-0.6-128,aggregate-control-2,707,0.5,1,prompt,91,0,1.4791755676269531,1.4795331758457226,0.9997168379825551,0.023454079772908608,0.06926384807825293,50,False
aggregate-control-2-707-+0.5-notebook-0.6-128,aggregate-control-2,707,0.5,1,generated,49,0,1.4791754484176636,1.4798229932785034,0.9996415400991634,0.026732431876720215,0.0635192480926611,50,False
aggregate-control-2-707-+0.5-notebook-0.6-128,aggregate-control-2,707,0.5,2,prompt,172,0,1.4791755676269531,1.4795882646427598,0.999699575609939,0.02423451210610395,0.06837091158580057,52,False
aggregate-control-2-707-+0.5-notebook-0.6-128,aggregate-control-2,707,0.5,2,generated,51,0,1.4791754484176636,1.4797549551608515,0.9996314995429095,0.027072493607799213,0.06327843885211383,52,False
aggregate-control-2-707--0.5-notebook-0.6-128,aggregate-control-2,707,-0.5,1,prompt,91,0,1.4791755676269531,1.4795353072030204,0.9997149712436801,0.023536171139842205,0.06926385633862363,50,False
aggregate-control-2-707--0.5-notebook-0.6-128,aggregate-control-2,707,-0.5,1,generated,49,0,1.4791754484176636,1.4797279640119902,0.9996401850058108,0.026778392683790654,0.06351506854502523,50,False
aggregate-control-2-707--0.5-notebook-0.6-128,aggregate-control-2,707,-0.5,2,prompt,172,0,1.4791755676269531,1.4795687011508054,0.999698125692301,0.024292317928399806,0.06836988948702509,82,False
aggregate-control-2-707--0.5-notebook-0.6-128,aggregate-control-2,707,-0.5,2,generated,81,0,1.4791754484176636,1.4797479193887593,0.9996344557514897,0.0269737252390679,0.06320359419893336,82,False
aggregate-control-2-808-+0.0-notebook-0.6-128,aggregate-control-2,808,0.0,1,prompt,91,91,0.0,0.0,1.0,0.0,0.0,81,False
aggregate-control-2-808-+0.0-notebook-0.6-128,aggregate-control-2,808,0.0,1,generated,80,80,0.0,0.0,1.0,0.0,0.0,81,False
aggregate-control-2-808-+0.0-notebook-0.6-128,aggregate-control-2,808,0.0,2,prompt,203,203,0.0,0.0,1.0,0.0,0.0,94,False
aggregate-control-2-808-+0.0-notebook-0.6-128,aggregate-control-2,808,0.0,2,generated,93,93,0.0,0.0,1.0,0.0,0.0,94,False
aggregate-control-2-808-+0.5-notebook-0.6-128,aggregate-control-2,808,0.5,1,prompt,91,0,1.4791755676269531,1.4795331758457226,0.9997168379825551,0.023454079772908608,0.06926384807825293,86,False
aggregate-control-2-808-+0.5-notebook-0.6-128,aggregate-control-2,808,0.5,1,generated,85,0,1.4791754484176636,1.4799773931503295,0.9996663107591517,0.025780154392123222,0.06575860030510847,86,False
aggregate-control-2-808-+0.5-notebook-0.6-128,aggregate-control-2,808,0.5,2,prompt,208,0,1.4791755676269531,1.4796911999583244,0.9996998092302909,0.02426775242201984,0.06850088347486095,106,False
aggregate-control-2-808-+0.5-notebook-0.6-128,aggregate-control-2,808,0.5,2,generated,105,0,1.4791754484176636,1.4797698350179762,0.9996571370533535,0.026120339883934883,0.064814728392022,106,False
aggregate-control-2-808--0.5-notebook-0.6-128,aggregate-control-2,808,-0.5,1,prompt,91,0,1.4791755676269531,1.4795353072030204,0.9997149712436801,0.023536171139842205,0.06926385633862363,70,False
aggregate-control-2-808--0.5-notebook-0.6-128,aggregate-control-2,808,-0.5,1,generated,69,0,1.4791754484176636,1.4798604612765105,0.9996831546659055,0.02506372821179853,0.06851123672896538,70,False
aggregate-control-2-808--0.5-notebook-0.6-128,aggregate-control-2,808,-0.5,2,prompt,192,0,1.4791755676269531,1.4796224236488342,0.999707697580258,0.023925873853537876,0.06964641057250749,48,False
aggregate-control-2-808--0.5-notebook-0.6-128,aggregate-control-2,808,-0.5,2,generated,47,0,1.4791754484176636,1.4796036760857765,0.9996721326036656,0.025553779161356864,0.06615081247180066,48,False
aggregate-control-2-909-+0.0-notebook-0.6-128,aggregate-control-2,909,0.0,1,prompt,91,91,0.0,0.0,1.0,0.0,0.0,81,False
aggregate-control-2-909-+0.0-notebook-0.6-128,aggregate-control-2,909,0.0,1,generated,80,80,0.0,0.0,1.0,0.0,0.0,81,False
aggregate-control-2-909-+0.0-notebook-0.6-128,aggregate-control-2,909,0.0,2,prompt,203,203,0.0,0.0,1.0,0.0,0.0,89,False
aggregate-control-2-909-+0.0-notebook-0.6-128,aggregate-control-2,909,0.0,2,generated,88,88,0.0,0.0,1.0,0.0,0.0,89,False
aggregate-control-2-909-+0.5-notebook-0.6-128,aggregate-control-2,909,0.5,1,prompt,91,0,1.4791755676269531,1.4795331758457226,0.9997168379825551,0.023454079772908608,0.06926384807825293,81,False
aggregate-control-2-909-+0.5-notebook-0.6-128,aggregate-control-2,909,0.5,1,generated,80,0,1.4791754484176636,1.4799806743860244,0.9996698059141635,0.025640143896453083,0.06612874763086438,81,False
aggregate-control-2-909-+0.5-notebook-0.6-128,aggregate-control-2,909,0.5,2,prompt,203,0,1.4791755676269531,1.4796913509885665,0.9997017295489757,0.024189678245577318,0.06864424276548745,86,False
aggregate-control-2-909-+0.5-notebook-0.6-128,aggregate-control-2,909,0.5,2,generated,85,0,1.4791754484176636,1.4797458354164572,0.9996610311900869,0.02599061709993026,0.0652109864003518,86,False
aggregate-control-2-909--0.5-notebook-0.6-128,aggregate-control-2,909,-0.5,1,prompt,91,0,1.4791755676269531,1.4795353072030204,0.9997149712436801,0.023536171139842205,0.06926385633862363,97,False
aggregate-control-2-909--0.5-notebook-0.6-128,aggregate-control-2,909,-0.5,1,generated,96,0,1.4791754484176636,1.4798516494532425,0.9996554044385751,0.02620903039739157,0.06467681502302487,97,False
aggregate-control-2-909--0.5-notebook-0.6-128,aggregate-control-2,909,-0.5,2,prompt,219,0,1.4791755676269531,1.479653956683259,0.9996931438576685,0.024537387520891345,0.06822110765792225,123,False
aggregate-control-2-909--0.5-notebook-0.6-128,aggregate-control-2,909,-0.5,2,generated,122,0,1.4791754484176636,1.479698254436743,0.9996509669256992,0.026345810715536603,0.06429476800878517,123,False
aggregate-control-3-1001-+0.0-notebook-0.6-128,aggregate-control-3,1001,0.0,1,prompt,91,91,0.0,0.0,1.0,0.0,0.0,128,True
aggregate-control-3-1001-+0.0-notebook-0.6-128,aggregate-control-3,1001,0.0,1,generated,127,127,0.0,0.0,1.0,0.0,0.0,128,True
aggregate-control-3-1001-+0.0-notebook-0.6-128,aggregate-control-3,1001,0.0,2,prompt,250,250,0.0,0.0,1.0,0.0,0.0,89,False
aggregate-control-3-1001-+0.0-notebook-0.6-128,aggregate-control-3,1001,0.0,2,generated,88,88,0.0,0.0,1.0,0.0,0.0,89,False
aggregate-control-3-1001-+0.5-notebook-0.6-128,aggregate-control-3,1001,0.5,1,prompt,91,0,1.4730640649795532,1.4730106199180686,0.9996557242267734,0.023885823069856718,0.0689586934257442,128,True
aggregate-control-3-1001-+0.5-notebook-0.6-128,aggregate-control-3,1001,0.5,1,generated,127,0,1.4730640649795532,1.472836742250938,0.9997104598781256,0.02393736985079416,0.06801563630423207,128,True
aggregate-control-3-1001-+0.5-notebook-0.6-128,aggregate-control-3,1001,0.5,2,prompt,250,0,1.4730640649795532,1.472896432876587,0.9996966421604156,0.02364404593408108,0.06898958220565692,74,False
aggregate-control-3-1001-+0.5-notebook-0.6-128,aggregate-control-3,1001,0.5,2,generated,73,0,1.4730640649795532,1.473127935030689,0.9996815119704155,0.025157732047038535,0.0667358358735091,74,False
aggregate-control-3-1001--0.5-notebook-0.6-128,aggregate-control-3,1001,-0.5,1,prompt,91,0,1.4730640649795532,1.4729918935796718,0.999654620558351,0.02393791151161377,0.06895820338248305,128,True
aggregate-control-3-1001--0.5-notebook-0.6-128,aggregate-control-3,1001,-0.5,1,generated,127,0,1.4730640649795532,1.472922603915057,0.999712852511819,0.023844076525859945,0.0680194881664017,128,True
aggregate-control-3-1001--0.5-notebook-0.6-128,aggregate-control-3,1001,-0.5,2,prompt,250,0,1.4730640649795532,1.4729363765716552,0.9996973350048065,0.02362004416435957,0.06899159886036069,113,False
aggregate-control-3-1001--0.5-notebook-0.6-128,aggregate-control-3,1001,-0.5,2,generated,112,0,1.4730640649795532,1.4730931946209498,0.9996802040508815,0.025190332006396993,0.06632731153097536,113,False
aggregate-control-3-101-+0.0-notebook-0.6-128,aggregate-control-3,101,0.0,1,prompt,91,91,0.0,0.0,1.0,0.0,0.0,94,False
aggregate-control-3-101-+0.0-notebook-0.6-128,aggregate-control-3,101,0.0,1,generated,93,93,0.0,0.0,1.0,0.0,0.0,94,False
aggregate-control-3-101-+0.0-notebook-0.6-128,aggregate-control-3,101,0.0,2,prompt,216,216,0.0,0.0,1.0,0.0,0.0,60,False
aggregate-control-3-101-+0.0-notebook-0.6-128,aggregate-control-3,101,0.0,2,generated,59,59,0.0,0.0,1.0,0.0,0.0,60,False
aggregate-control-3-101-+0.5-notebook-0.6-128,aggregate-control-3,101,0.5,1,prompt,91,0,1.4730640649795532,1.4730106199180686,0.9996557242267734,0.023885823069856718,0.0689586934257442,94,False
aggregate-control-3-101-+0.5-notebook-0.6-128,aggregate-control-3,101,0.5,1,generated,93,0,1.4730640649795532,1.4728026428530294,0.9996927540789369,0.02465637037230115,0.06659155050593038,94,False
aggregate-control-3-101-+0.5-notebook-0.6-128,aggregate-control-3,101,0.5,2,prompt,216,0,1.4730640649795532,1.4728814755324964,0.9996882276954474,0.023850536702580197,0.0686263614964749,60,False
aggregate-control-3-101-+0.5-notebook-0.6-128,aggregate-control-3,101,0.5,2,generated,59,0,1.4730640649795532,1.4731631481041343,0.999675951771817,0.025409672819709374,0.06572327421883405,60,False
aggregate-control-3-101--0.5-notebook-0.6-128,aggregate-control-3,101,-0.5,1,prompt,91,0,1.4730640649795532,1.4729918935796718,0.999654620558351,0.02393791151161377,0.06895820338248305,94,False
aggregate-control-3-101--0.5-notebook-0.6-128,aggregate-control-3,101,-0.5,1,generated,93,0,1.4730640649795532,1.4727993588293753,0.9996963707349633,0.024519933347580253,0.06659156184202882,94,False
aggregate-control-3-101--0.5-notebook-0.6-128,aggregate-control-3,101,-0.5,2,prompt,216,0,1.4730640649795532,1.472864521874322,0.9996892514604109,0.023816882662854536,0.06862584455046561,87,False
aggregate-control-3-101--0.5-notebook-0.6-128,aggregate-control-3,101,-0.5,2,generated,86,0,1.4730640649795532,1.4732091565464818,0.9996706677037616,0.02562032304271016,0.06499806496986123,87,False
aggregate-control-3-202-+0.0-notebook-0.6-128,aggregate-control-3,202,0.0,1,prompt,91,91,0.0,0.0,1.0,0.0,0.0,65,False
aggregate-control-3-202-+0.0-notebook-0.6-128,aggregate-control-3,202,0.0,1,generated,64,64,0.0,0.0,1.0,0.0,0.0,65,False
aggregate-control-3-202-+0.0-notebook-0.6-128,aggregate-control-3,202,0.0,2,prompt,187,187,0.0,0.0,1.0,0.0,0.0,61,False
aggregate-control-3-202-+0.0-notebook-0.6-128,aggregate-control-3,202,0.0,2,generated,60,60,0.0,0.0,1.0,0.0,0.0,61,False
aggregate-control-3-202-+0.5-notebook-0.6-128,aggregate-control-3,202,0.5,1,prompt,91,0,1.4730640649795532,1.4730106199180686,0.9996557242267734,0.023885823069856718,0.0689586934257442,114,False
aggregate-control-3-202-+0.5-notebook-0.6-128,aggregate-control-3,202,0.5,1,generated,113,0,1.4730640649795532,1.4730072570058097,0.9996756847980803,0.02539546219055104,0.06436780612684984,114,False
aggregate-control-3-202-+0.5-notebook-0.6-128,aggregate-control-3,202,0.5,2,prompt,236,0,1.4730640649795532,1.472971400467016,0.999678774657896,0.02433815008518681,0.0672758869867243,53,False
aggregate-control-3-202-+0.5-notebook-0.6-128,aggregate-control-3,202,0.5,2,generated,52,0,1.4730640649795532,1.4728791071818426,0.9996452698340783,0.026556749398318622,0.06302773042653616,53,False
aggregate-control-3-202--0.5-notebook-0.6-128,aggregate-control-3,202,-0.5,1,prompt,91,0,1.4730640649795532,1.4729918935796718,0.999654620558351,0.02393791151161377,0.06895820338248305,65,False
aggregate-control-3-202--0.5-notebook-0.6-128,aggregate-control-3,202,-0.5,1,generated,64,0,1.4730640649795532,1.4728339724242687,0.9996853955090046,0.024980569287436083,0.06591357762226835,65,False
aggregate-control-3-202--0.5-notebook-0.6-128,aggregate-control-3,202,-0.5,2,prompt,187,0,1.4730640649795532,1.4729018893471375,0.9996835436412995,0.02390251003385068,0.06857550634384992,54,False
aggregate-control-3-202--0.5-notebook-0.6-128,aggregate-control-3,202,-0.5,2,generated,53,0,1.4730640649795532,1.4730995983447668,0.9996774668963451,0.025348298813936847,0.06592124883296355,54,False
aggregate-control-3-303-+0.0-notebook-0.6-128,aggregate-control-3,303,0.0,1,prompt,91,91,0.0,0.0,1.0,0.0,0.0,95,False
aggregate-control-3-303-+0.0-notebook-0.6-128,aggregate-control-3,303,0.0,1,generated,94,94,0.0,0.0,1.0,0.0,0.0,95,False
aggregate-control-3-303-+0.0-notebook-0.6-128,aggregate-control-3,303,0.0,2,prompt,217,217,0.0,0.0,1.0,0.0,0.0,107,False
aggregate-control-3-303-+0.0-notebook-0.6-128,aggregate-control-3,303,0.0,2,generated,106,106,0.0,0.0,1.0,0.0,0.0,107,False
aggregate-control-3-303-+0.5-notebook-0.6-128,aggregate-control-3,303,0.5,1,prompt,91,0,1.4730640649795532,1.4730106199180686,0.9996557242267734,0.023885823069856718,0.0689586934257442,128,True
aggregate-control-3-303-+0.5-notebook-0.6-128,aggregate-control-3,303,0.5,1,generated,127,0,1.4730640649795532,1.472964643493412,0.9996472972584521,0.026473574091013023,0.06215897120359376,128,True
aggregate-control-3-303-+0.5-notebook-0.6-128,aggregate-control-3,303,0.5,2,prompt,251,0,1.4730640649795532,1.4729665850263194,0.9996657715850618,0.024880341410013548,0.06627575258596381,96,False
aggregate-control-3-303-+0.5-notebook-0.6-128,aggregate-control-3,303,0.5,2,generated,95,0,1.4730640649795532,1.4727905612242849,0.9996323767461275,0.027010279795841165,0.06213810494855831,96,False
aggregate-control-3-303--0.5-notebook-0.6-128,aggregate-control-3,303,-0.5,1,prompt,91,0,1.4730640649795532,1.4729918935796718,0.999654620558351,0.02393791151161377,0.06895820338248305,128,True
aggregate-control-3-303--0.5-notebook-0.6-128,aggregate-control-3,303,-0.5,1,generated,127,0,1.4730640649795532,1.472893624793826,0.9997041530496492,0.024241311673632287,0.06684414869335693,128,True
aggregate-control-3-303--0.5-notebook-0.6-128,aggregate-control-3,303,-0.5,2,prompt,251,0,1.4730640649795532,1.4729106478482128,0.9996935050800977,0.023803823490244933,0.06841667734208959,128,True
aggregate-control-3-303--0.5-notebook-0.6-128,aggregate-control-3,303,-0.5,2,generated,127,0,1.4730640649795532,1.4729562509716965,0.9996718750225277,0.025563544718416657,0.06375060773153943,128,True
aggregate-control-3-404-+0.0-notebook-0.6-128,aggregate-control-3,404,0.0,1,prompt,91,91,0.0,0.0,1.0,0.0,0.0,63,False
aggregate-control-3-404-+0.0-notebook-0.6-128,aggregate-control-3,404,0.0,1,generated,62,62,0.0,0.0,1.0,0.0,0.0,63,False
aggregate-control-3-404-+0.0-notebook-0.6-128,aggregate-control-3,404,0.0,2,prompt,185,185,0.0,0.0,1.0,0.0,0.0,91,False
aggregate-control-3-404-+0.0-notebook-0.6-128,aggregate-control-3,404,0.0,2,generated,90,90,0.0,0.0,1.0,0.0,0.0,91,False
aggregate-control-3-404-+0.5-notebook-0.6-128,aggregate-control-3,404,0.5,1,prompt,91,0,1.4730640649795532,1.4730106199180686,0.9996557242267734,0.023885823069856718,0.0689586934257442,92,False
aggregate-control-3-404-+0.5-notebook-0.6-128,aggregate-control-3,404,0.5,1,generated,91,0,1.4730640649795532,1.4728907071627104,0.9996449449560144,0.026555657878026856,0.0625693213071797,92,False
aggregate-control-3-404-+0.5-notebook-0.6-128,aggregate-control-3,404,0.5,2,prompt,214,0,1.4730640649795532,1.4729252892119862,0.9996673041414992,0.024673229866774282,0.06701993966033404,68,False
aggregate-control-3-404-+0.5-notebook-0.6-128,aggregate-control-3,404,0.5,2,generated,67,0,1.4730640649795532,1.472845490299054,0.9996462224134758,0.026490989572076656,0.06323806507818734,68,False
aggregate-control-3-404--0.5-notebook-0.6-128,aggregate-control-3,404,-0.5,1,prompt,91,0,1.4730640649795532,1.4729918935796718,0.999654620558351,0.02393791151161377,0.06895820338248305,63,False
aggregate-control-3-404--0.5-notebook-0.6-128,aggregate-control-3,404,-0.5,1,generated,62,0,1.4730640649795532,1.4728594999159537,0.9996544911015418,0.02621532270624753,0.06278263020419306,63,False
aggregate-control-3-404--0.5-notebook-0.6-128,aggregate-control-3,404,-0.5,2,prompt,185,0,1.4730640649795532,1.472906082385295,0.999673359458511,0.024287062470574636,0.06792837437871542,91,False
aggregate-control-3-404--0.5-notebook-0.6-128,aggregate-control-3,404,-0.5,2,generated,90,0,1.4730640649795532,1.4730133162604437,0.9996362573570675,0.026903150272038247,0.06190590514904923,91,False
aggregate-control-3-505-+0.0-notebook-0.6-128,aggregate-control-3,505,0.0,1,prompt,91,91,0.0,0.0,1.0,0.0,0.0,89,False
aggregate-control-3-505-+0.0-notebook-0.6-128,aggregate-control-3,505,0.0,1,generated,88,88,0.0,0.0,1.0,0.0,0.0,89,False
aggregate-control-3-505-+0.0-notebook-0.6-128,aggregate-control-3,505,0.0,2,prompt,211,211,0.0,0.0,1.0,0.0,0.0,93,False
aggregate-control-3-505-+0.0-notebook-0.6-128,aggregate-control-3,505,0.0,2,generated,92,92,0.0,0.0,1.0,0.0,0.0,93,False
aggregate-control-3-505-+0.5-notebook-0.6-128,aggregate-control-3,505,0.5,1,prompt,91,0,1.4730640649795532,1.4730106199180686,0.9996557242267734,0.023885823069856718,0.0689586934257442,88,False
aggregate-control-3-505-+0.5-notebook-0.6-128,aggregate-control-3,505,0.5,1,generated,87,0,1.4730640649795532,1.47280338166774,0.9996869625716374,0.024902688606974036,0.06595162965956776,88,False
aggregate-control-3-505-+0.5-notebook-0.6-128,aggregate-control-3,505,0.5,2,prompt,210,0,1.4730640649795532,1.4728908311753046,0.9996841705980755,0.023994407798385336,0.0682963226993923,122,False
aggregate-control-3-505-+0.5-notebook-0.6-128,aggregate-control-3,505,0.5,2,generated,121,0,1.4730640649795532,1.4731159525469315,0.9996652898709636,0.025814603906401917,0.06490571184222363,122,False
aggregate-control-3-505--0.5-notebook-0.6-128,aggregate-control-3,505,-0.5,1,prompt,91,0,1.4730640649795532,1.4729918935796718,0.999654620558351,0.02393791151161377,0.06895820338248305,103,False
aggregate-control-3-505--0.5-notebook-0.6-128,aggregate-control-3,505,-0.5,1,generated,102,0,1.4730640649795532,1.4728609755927442,0.9996958006830776,0.024548746097613785,0.06586062681733393,103,False
aggregate-control-3-505--0.5-notebook-0.6-128,aggregate-control-3,505,-0.5,2,prompt,225,0,1.4730640649795532,1.4729080979029339,0.9996879702144199,0.02391114170352618,0.06813337566227548,108,False
aggregate-control-3-505--0.5-notebook-0.6-128,aggregate-control-3,505,-0.5,2,generated,107,0,1.4730640649795532,1.4730757898259386,0.9996623062641821,0.02591767981996603,0.06372093311815619,108,False
aggregate-control-3-606-+0.0-notebook-0.6-128,aggregate-control-3,606,0.0,1,prompt,91,91,0.0,0.0,1.0,0.0,0.0,92,False
aggregate-control-3-606-+0.0-notebook-0.6-128,aggregate-control-3,606,0.0,1,generated,91,91,0.0,0.0,1.0,0.0,0.0,92,False
aggregate-control-3-606-+0.0-notebook-0.6-128,aggregate-control-3,606,0.0,2,prompt,214,214,0.0,0.0,1.0,0.0,0.0,3,False
aggregate-control-3-606-+0.0-notebook-0.6-128,aggregate-control-3,606,0.0,2,generated,2,2,0.0,0.0,1.0,0.0,0.0,3,False
aggregate-control-3-606-+0.5-notebook-0.6-128,aggregate-control-3,606,0.5,1,prompt,91,0,1.4730640649795532,1.4730106199180686,0.9996557242267734,0.023885823069856718,0.0689586934257442,96,False
aggregate-control-3-606-+0.5-notebook-0.6-128,aggregate-control-3,606,0.5,1,generated,95,0,1.4730640649795532,1.4729238045843025,0.9996978245283428,0.024454283028056748,0.06635155975818634,96,False
aggregate-control-3-606-+0.5-notebook-0.6-128,aggregate-control-3,606,0.5,2,prompt,218,0,1.4730640649795532,1.4729130929763163,0.9996905575651641,0.023770357610298953,0.06848434021604598,3,False
aggregate-control-3-606-+0.5-notebook-0.6-128,aggregate-control-3,606,0.5,2,generated,2,0,1.4730640649795532,1.4722483158111572,0.9997253715991974,0.023433088324964046,0.07239507883787155,3,False
aggregate-control-3-606--0.5-notebook-0.6-128,aggregate-control-3,606,-0.5,1,prompt,91,0,1.4730640649795532,1.4729918935796718,0.999654620558351,0.02393791151161377,0.06895820338248305,121,False
aggregate-control-3-606--0.5-notebook-0.6-128,aggregate-control-3,606,-0.5,1,generated,120,0,1.4730640649795532,1.4727957606315614,0.9997007091840108,0.024360126179332534,0.06556355593105158,121,False
aggregate-control-3-606--0.5-notebook-0.6-128,aggregate-control-3,606,-0.5,2,prompt,243,0,1.4730640649795532,1.4728635054066348,0.999690884670603,0.023869536621611058,0.06776139866886469,3,False
aggregate-control-3-606--0.5-notebook-0.6-128,aggregate-control-3,606,-0.5,2,generated,2,0,1.4730640649795532,1.4729579091072083,0.999718427658081,0.023724757134914398,0.07149169594049454,3,False
aggregate-control-3-707-+0.0-notebook-0.6-128,aggregate-control-3,707,0.0,1,prompt,91,91,0.0,0.0,1.0,0.0,0.0,50,False
aggregate-control-3-707-+0.0-notebook-0.6-128,aggregate-control-3,707,0.0,1,generated,49,49,0.0,0.0,1.0,0.0,0.0,50,False
aggregate-control-3-707-+0.0-notebook-0.6-128,aggregate-control-3,707,0.0,2,prompt,172,172,0.0,0.0,1.0,0.0,0.0,82,False
aggregate-control-3-707-+0.0-notebook-0.6-128,aggregate-control-3,707,0.0,2,generated,81,81,0.0,0.0,1.0,0.0,0.0,82,False
aggregate-control-3-707-+0.5-notebook-0.6-128,aggregate-control-3,707,0.5,1,prompt,91,0,1.4730640649795532,1.4730106199180686,0.9996557242267734,0.023885823069856718,0.0689586934257442,50,False
aggregate-control-3-707-+0.5-notebook-0.6-128,aggregate-control-3,707,0.5,1,generated,49,0,1.4730640649795532,1.472758439122414,0.999665659301135,0.025777919331983645,0.06321585573712174,50,False
aggregate-control-3-707-+0.5-notebook-0.6-128,aggregate-control-3,707,0.5,2,prompt,172,0,1.4730640649795532,1.472891895576965,0.9996784790310749,0.024002731436603638,0.06806174054170612,81,False
aggregate-control-3-707-+0.5-notebook-0.6-128,aggregate-control-3,707,0.5,2,generated,80,0,1.4730640649795532,1.473106037080288,0.9996487818658352,0.026442596525885164,0.06279490161687136,81,False
aggregate-control-3-707--0.5-notebook-0.6-128,aggregate-control-3,707,-0.5,1,prompt,91,0,1.4730640649795532,1.4729918935796718,0.999654620558351,0.02393791151161377,0.06895820338248305,102,False
aggregate-control-3-707--0.5-notebook-0.6-128,aggregate-control-3,707,-0.5,1,generated,101,0,1.4730640649795532,1.4728942141674533,0.9996723662508596,0.025541597700650148,0.06333495444147894,102,False
aggregate-control-3-707--0.5-notebook-0.6-128,aggregate-control-3,707,-0.5,2,prompt,224,0,1.4730640649795532,1.4729115052946977,0.9996783288994006,0.024311177199706435,0.06703743568193334,67,False
aggregate-control-3-707--0.5-notebook-0.6-128,aggregate-control-3,707,-0.5,2,generated,66,0,1.4730640649795532,1.4730587619723696,0.9996671270240437,0.02575018358501521,0.06465714757866932,67,False
aggregate-control-3-808-+0.0-notebook-0.6-128,aggregate-control-3,808,0.0,1,prompt,91,91,0.0,0.0,1.0,0.0,0.0,81,False
aggregate-control-3-808-+0.0-notebook-0.6-128,aggregate-control-3,808,0.0,1,generated,80,80,0.0,0.0,1.0,0.0,0.0,81,False
aggregate-control-3-808-+0.0-notebook-0.6-128,aggregate-control-3,808,0.0,2,prompt,203,203,0.0,0.0,1.0,0.0,0.0,94,False
aggregate-control-3-808-+0.0-notebook-0.6-128,aggregate-control-3,808,0.0,2,generated,93,93,0.0,0.0,1.0,0.0,0.0,94,False
aggregate-control-3-808-+0.5-notebook-0.6-128,aggregate-control-3,808,0.5,1,prompt,91,0,1.4730640649795532,1.4730106199180686,0.9996557242267734,0.023885823069856718,0.0689586934257442,81,False
aggregate-control-3-808-+0.5-notebook-0.6-128,aggregate-control-3,808,0.5,1,generated,80,0,1.4730640649795532,1.4728228911757468,0.9996856465935707,0.024950866808649153,0.06580866491422058,81,False
aggregate-control-3-808-+0.5-notebook-0.6-128,aggregate-control-3,808,0.5,2,prompt,203,0,1.4730640649795532,1.4729087423221232,0.9996835518940329,0.02398326067171367,0.06832969641333601,104,False
aggregate-control-3-808-+0.5-notebook-0.6-128,aggregate-control-3,808,0.5,2,generated,103,0,1.4730640649795532,1.4730763771001576,0.9996682613798715,0.025685286077046857,0.0648793000185374,104,False
aggregate-control-3-808--0.5-notebook-0.6-128,aggregate-control-3,808,-0.5,1,prompt,91,0,1.4730640649795532,1.4729918935796718,0.999654620558351,0.02393791151161377,0.06895820338248305,84,False
aggregate-control-3-808--0.5-notebook-0.6-128,aggregate-control-3,808,-0.5,1,generated,83,0,1.4730640649795532,1.4729515974780163,0.9996877362929195,0.024873898981744986,0.06631331890821457,84,False
aggregate-control-3-808--0.5-notebook-0.6-128,aggregate-control-3,808,-0.5,2,prompt,206,0,1.4730640649795532,1.4729327212259606,0.9996841720585684,0.023977715060910555,0.06851627325155384,86,False
aggregate-control-3-808--0.5-notebook-0.6-128,aggregate-control-3,808,-0.5,2,generated,85,0,1.4730640649795532,1.4729472875595093,0.9996586890781627,0.02605424245052478,0.06376478790360339,86,False
aggregate-control-3-909-+0.0-notebook-0.6-128,aggregate-control-3,909,0.0,1,prompt,91,91,0.0,0.0,1.0,0.0,0.0,81,False
aggregate-control-3-909-+0.0-notebook-0.6-128,aggregate-control-3,909,0.0,1,generated,80,80,0.0,0.0,1.0,0.0,0.0,81,False
aggregate-control-3-909-+0.0-notebook-0.6-128,aggregate-control-3,909,0.0,2,prompt,203,203,0.0,0.0,1.0,0.0,0.0,89,False
aggregate-control-3-909-+0.0-notebook-0.6-128,aggregate-control-3,909,0.0,2,generated,88,88,0.0,0.0,1.0,0.0,0.0,89,False
aggregate-control-3-909-+0.5-notebook-0.6-128,aggregate-control-3,909,0.5,1,prompt,91,0,1.4730640649795532,1.4730106199180686,0.9996557242267734,0.023885823069856718,0.0689586934257442,97,False
aggregate-control-3-909-+0.5-notebook-0.6-128,aggregate-control-3,909,0.5,1,generated,96,0,1.4730640649795532,1.4727962749699752,0.9996765858183304,0.025349496863782406,0.06436823715921491,97,False
aggregate-control-3-909-+0.5-notebook-0.6-128,aggregate-control-3,909,0.5,2,prompt,219,0,1.4730640649795532,1.472880648695715,0.9996810054670185,0.024166399264308417,0.06790933160368591,107,False
aggregate-control-3-909-+0.5-notebook-0.6-128,aggregate-control-3,909,0.5,2,generated,106,0,1.4730640649795532,1.4730275835631028,0.9996565254229419,0.02614178462832604,0.0642288143764127,107,False
aggregate-control-3-909--0.5-notebook-0.6-128,aggregate-control-3,909,-0.5,1,prompt,91,0,1.4730640649795532,1.4729918935796718,0.999654620558351,0.02393791151161377,0.06895820338248305,128,True
aggregate-control-3-909--0.5-notebook-0.6-128,aggregate-control-3,909,-0.5,1,generated,127,0,1.4730640649795532,1.4728976919895083,0.9996865396424541,0.024944882854584634,0.06517299962794687,128,True
aggregate-control-3-909--0.5-notebook-0.6-128,aggregate-control-3,909,-0.5,2,prompt,251,0,1.4730640649795532,1.4729187498054657,0.9996854646272393,0.024117791843396498,0.06788410099531224,69,False
aggregate-control-3-909--0.5-notebook-0.6-128,aggregate-control-3,909,-0.5,2,generated,68,0,1.4730640649795532,1.4730783543165993,0.9996684535461313,0.025672257795710775,0.06521322676802382,69,False
aggregate-target-1001-+0.0-notebook-0.6-128,aggregate-target,1001,0.0,1,prompt,91,91,0.0,0.0,1.0,0.0,0.0,128,True
aggregate-target-1001-+0.0-notebook-0.6-128,aggregate-target,1001,0.0,1,generated,127,127,0.0,0.0,1.0,0.0,0.0,128,True
aggregate-target-1001-+0.0-notebook-0.6-128,aggregate-target,1001,0.0,2,prompt,250,250,0.0,0.0,1.0,0.0,0.0,89,False
aggregate-target-1001-+0.0-notebook-0.6-128,aggregate-target,1001,0.0,2,generated,88,88,0.0,0.0,1.0,0.0,0.0,89,False
aggregate-target-1001-+0.5-notebook-0.6-128,aggregate-target,1001,0.5,1,prompt,91,0,1.6841590404510498,1.6838027723542937,0.9997495301477202,0.021801684021049147,0.07882792530530183,66,False
aggregate-target-1001-+0.5-notebook-0.6-128,aggregate-target,1001,0.5,1,generated,65,0,1.6841591596603394,1.684321170586806,0.9997401430056645,0.022731493327480097,0.07462930060349977,66,False
aggregate-target-1001-+0.5-notebook-0.6-128,aggregate-target,1001,0.5,2,prompt,188,0,1.6841590404510498,1.6840292703598103,0.9997517168521881,0.02192612903866362,0.07813672203833158,56,False
aggregate-target-1001-+0.5-notebook-0.6-128,aggregate-target,1001,0.5,2,generated,55,0,1.6841591596603394,1.6845112150365655,0.9997334967960011,0.023047013682397928,0.0727623388171196,56,False
aggregate-target-1001--0.5-notebook-0.6-128,aggregate-target,1001,-0.5,1,prompt,91,0,1.6841590404510498,1.683853880389706,0.9997526073193812,0.021654893388296223,0.07883092818863607,128,True
aggregate-target-1001--0.5-notebook-0.6-128,aggregate-target,1001,-0.5,1,generated,127,0,1.6841591596603394,1.6842050768259003,0.9997579586787486,0.02192319829134256,0.07777676919079203,128,True
aggregate-target-1001--0.5-notebook-0.6-128,aggregate-target,1001,-0.5,2,prompt,250,0,1.6841590404510498,1.684057017326355,0.9997590475082397,0.021658184710890056,0.07888105960376561,89,False
aggregate-target-1001--0.5-notebook-0.6-128,aggregate-target,1001,-0.5,2,generated,88,0,1.6841591596603394,1.6844335916367443,0.9997555471279405,0.02204183470034464,0.07609470518813892,89,False
aggregate-target-101-+0.0-notebook-0.6-128,aggregate-target,101,0.0,1,prompt,91,91,0.0,0.0,1.0,0.0,0.0,94,False
aggregate-target-101-+0.0-notebook-0.6-128,aggregate-target,101,0.0,1,generated,93,93,0.0,0.0,1.0,0.0,0.0,94,False
aggregate-target-101-+0.0-notebook-0.6-128,aggregate-target,101,0.0,2,prompt,216,216,0.0,0.0,1.0,0.0,0.0,60,False
aggregate-target-101-+0.0-notebook-0.6-128,aggregate-target,101,0.0,2,generated,59,59,0.0,0.0,1.0,0.0,0.0,60,False
aggregate-target-101-+0.5-notebook-0.6-128,aggregate-target,101,0.5,1,prompt,91,0,1.6841590404510498,1.6838027723542937,0.9997495301477202,0.021801684021049147,0.07882792530530183,94,False
aggregate-target-101-+0.5-notebook-0.6-128,aggregate-target,101,0.5,1,generated,93,0,1.6841591596603394,1.6841889658281881,0.9997479370845261,0.022372450038630476,0.07614993872821972,94,False
aggregate-target-101-+0.5-notebook-0.6-128,aggregate-target,101,0.5,2,prompt,216,0,1.6841590404510498,1.6840002680266346,0.9997540083196428,0.021853269146824325,0.07846382604933481,128,True
aggregate-target-101-+0.5-notebook-0.6-128,aggregate-target,101,0.5,2,generated,127,0,1.6841591596603394,1.684498380488298,0.9997501110467385,0.022292241791453886,0.07522708086634246,128,True
aggregate-target-101--0.5-notebook-0.6-128,aggregate-target,101,-0.5,1,prompt,91,0,1.6841590404510498,1.683853880389706,0.9997526073193812,0.021654893388296223,0.07883092818863607,94,False
aggregate-target-101--0.5-notebook-0.6-128,aggregate-target,101,-0.5,1,generated,93,0,1.6841591596603394,1.6842935623661164,0.9997501930882854,0.022272628161215013,0.07615468026168885,94,False
aggregate-target-101--0.5-notebook-0.6-128,aggregate-target,101,-0.5,2,prompt,216,0,1.6841590404510498,1.684072107076645,0.9997567424067745,0.021724839004929417,0.07846748387587636,77,False
aggregate-target-101--0.5-notebook-0.6-128,aggregate-target,101,-0.5,2,generated,76,0,1.6841591596603394,1.684380851293865,0.9997448199673703,0.022555837089097815,0.07446768536771599,77,False
aggregate-target-202-+0.0-notebook-0.6-128,aggregate-target,202,0.0,1,prompt,91,91,0.0,0.0,1.0,0.0,0.0,65,False
aggregate-target-202-+0.0-notebook-0.6-128,aggregate-target,202,0.0,1,generated,64,64,0.0,0.0,1.0,0.0,0.0,65,False
aggregate-target-202-+0.0-notebook-0.6-128,aggregate-target,202,0.0,2,prompt,187,187,0.0,0.0,1.0,0.0,0.0,61,False
aggregate-target-202-+0.0-notebook-0.6-128,aggregate-target,202,0.0,2,generated,60,60,0.0,0.0,1.0,0.0,0.0,61,False
aggregate-target-202-+0.5-notebook-0.6-128,aggregate-target,202,0.5,1,prompt,91,0,1.6841590404510498,1.6838027723542937,0.9997495301477202,0.021801684021049147,0.07882792530530183,89,False
aggregate-target-202-+0.5-notebook-0.6-128,aggregate-target,202,0.5,1,generated,88,0,1.6841591596603394,1.6843344406648115,0.9997482455589555,0.022374614311212845,0.07598675762049177,89,False
aggregate-target-202-+0.5-notebook-0.6-128,aggregate-target,202,0.5,2,prompt,211,0,1.6841590404510498,1.684073904114312,0.9997540709531703,0.021849416924631708,0.07836190718490965,76,False
aggregate-target-202-+0.5-notebook-0.6-128,aggregate-target,202,0.5,2,generated,75,0,1.6841591596603394,1.6845224444071452,0.9997351392110189,0.022959332739313443,0.07330285916725794,76,False
aggregate-target-202--0.5-notebook-0.6-128,aggregate-target,202,-0.5,1,prompt,91,0,1.6841590404510498,1.683853880389706,0.9997526073193812,0.021654893388296223,0.07883092818863607,86,False
aggregate-target-202--0.5-notebook-0.6-128,aggregate-target,202,-0.5,1,generated,85,0,1.6841591596603394,1.6843716032364788,0.9997385151246014,0.022830097903223597,0.07413028110476101,86,False
aggregate-target-202--0.5-notebook-0.6-128,aggregate-target,202,-0.5,2,prompt,208,0,1.6841590404510498,1.6840997613393343,0.9997517635615972,0.02195251568292196,0.07766373405600181,69,False
aggregate-target-202--0.5-notebook-0.6-128,aggregate-target,202,-0.5,2,generated,68,0,1.6841591596603394,1.6844636517412521,0.9997355184134316,0.02294912895954707,0.07298063585425124,69,False
aggregate-target-303-+0.0-notebook-0.6-128,aggregate-target,303,0.0,1,prompt,91,91,0.0,0.0,1.0,0.0,0.0,95,False
aggregate-target-303-+0.0-notebook-0.6-128,aggregate-target,303,0.0,1,generated,94,94,0.0,0.0,1.0,0.0,0.0,95,False
aggregate-target-303-+0.0-notebook-0.6-128,aggregate-target,303,0.0,2,prompt,217,217,0.0,0.0,1.0,0.0,0.0,107,False
aggregate-target-303-+0.0-notebook-0.6-128,aggregate-target,303,0.0,2,generated,106,106,0.0,0.0,1.0,0.0,0.0,107,False
aggregate-target-303-+0.5-notebook-0.6-128,aggregate-target,303,0.5,1,prompt,91,0,1.6841590404510498,1.6838027723542937,0.9997495301477202,0.021801684021049147,0.07882792530530183,79,False
aggregate-target-303-+0.5-notebook-0.6-128,aggregate-target,303,0.5,1,generated,78,0,1.6841591596603394,1.6843603467329955,0.9997483637088385,0.022371746790714752,0.07595564721104427,79,False
aggregate-target-303-+0.5-notebook-0.6-128,aggregate-target,303,0.5,2,prompt,201,0,1.6841590404510498,1.6840594657024934,0.9997544350908764,0.021821325478046688,0.0784052238945585,104,False
aggregate-target-303-+0.5-notebook-0.6-128,aggregate-target,303,0.5,2,generated,103,0,1.6841591596603394,1.684699932348381,0.9997318022459456,0.023121652310913048,0.0727805891661968,104,False
aggregate-target-303--0.5-notebook-0.6-128,aggregate-target,303,-0.5,1,prompt,91,0,1.6841590404510498,1.683853880389706,0.9997526073193812,0.021654893388296223,0.07883092818863607,94,False
aggregate-target-303--0.5-notebook-0.6-128,aggregate-target,303,-0.5,1,generated,93,0,1.6841591596603394,1.6842935623661164,0.9997501930882854,0.022272628161215013,0.07615468026168885,94,False
aggregate-target-303--0.5-notebook-0.6-128,aggregate-target,303,-0.5,2,prompt,216,0,1.6841590404510498,1.684072107076645,0.9997567424067745,0.021724839004929417,0.07846748387587636,124,False
aggregate-target-303--0.5-notebook-0.6-128,aggregate-target,303,-0.5,2,generated,123,0,1.6841591596603394,1.6845157853956145,0.9997527972469485,0.022202249177224267,0.07523265838380752,124,False
aggregate-target-404-+0.0-notebook-0.6-128,aggregate-target,404,0.0,1,prompt,91,91,0.0,0.0,1.0,0.0,0.0,63,False
aggregate-target-404-+0.0-notebook-0.6-128,aggregate-target,404,0.0,1,generated,62,62,0.0,0.0,1.0,0.0,0.0,63,False
aggregate-target-404-+0.0-notebook-0.6-128,aggregate-target,404,0.0,2,prompt,185,185,0.0,0.0,1.0,0.0,0.0,91,False
aggregate-target-404-+0.0-notebook-0.6-128,aggregate-target,404,0.0,2,generated,90,90,0.0,0.0,1.0,0.0,0.0,91,False
aggregate-target-404-+0.5-notebook-0.6-128,aggregate-target,404,0.5,1,prompt,91,0,1.6841590404510498,1.6838027723542937,0.9997495301477202,0.021801684021049147,0.07882792530530183,92,False
aggregate-target-404-+0.5-notebook-0.6-128,aggregate-target,404,0.5,1,generated,91,0,1.6841591596603394,1.6844800212881068,0.9997173862142877,0.023698512771791153,0.07155829901387403,92,False
aggregate-target-404-+0.5-notebook-0.6-128,aggregate-target,404,0.5,2,prompt,214,0,1.6841590404510498,1.6841130323499163,0.9997419664792926,0.022382711521654487,0.07662929066731029,68,False
aggregate-target-404-+0.5-notebook-0.6-128,aggregate-target,404,0.5,2,generated,67,0,1.6841591596603394,1.6845582421146221,0.9997252261460717,0.023351873813280417,0.07232813108990442,68,False
aggregate-target-404--0.5-notebook-0.6-128,aggregate-target,404,-0.5,1,prompt,91,0,1.6841590404510498,1.683853880389706,0.9997526073193812,0.021654893388296223,0.07883092818863607,128,True
aggregate-target-404--0.5-notebook-0.6-128,aggregate-target,404,-0.5,1,generated,127,0,1.6841591596603394,1.684540293348117,0.9997159758890708,0.023766939381621485,0.0707964454814205,128,True
aggregate-target-404--0.5-notebook-0.6-128,aggregate-target,404,-0.5,2,prompt,251,0,1.6841590404510498,1.6842237425990314,0.9997393168301222,0.02251572407544609,0.0757045945935545,128,True
aggregate-target-404--0.5-notebook-0.6-128,aggregate-target,404,-0.5,2,generated,127,0,1.6841591596603394,1.6845977738147646,0.9997202876045947,0.023592336543315037,0.07089828186499791,128,True
aggregate-target-505-+0.0-notebook-0.6-128,aggregate-target,505,0.0,1,prompt,91,91,0.0,0.0,1.0,0.0,0.0,89,False
aggregate-target-505-+0.0-notebook-0.6-128,aggregate-target,505,0.0,1,generated,88,88,0.0,0.0,1.0,0.0,0.0,89,False
aggregate-target-505-+0.0-notebook-0.6-128,aggregate-target,505,0.0,2,prompt,211,211,0.0,0.0,1.0,0.0,0.0,93,False
aggregate-target-505-+0.0-notebook-0.6-128,aggregate-target,505,0.0,2,generated,92,92,0.0,0.0,1.0,0.0,0.0,93,False
aggregate-target-505-+0.5-notebook-0.6-128,aggregate-target,505,0.5,1,prompt,91,0,1.6841590404510498,1.6838027723542937,0.9997495301477202,0.021801684021049147,0.07882792530530183,89,False
aggregate-target-505-+0.5-notebook-0.6-128,aggregate-target,505,0.5,1,generated,88,0,1.6841591596603394,1.6842910146171397,0.999744641509923,0.02253162335943092,0.07544058324261145,89,False
aggregate-target-505-+0.5-notebook-0.6-128,aggregate-target,505,0.5,2,prompt,211,0,1.6841590404510498,1.6840488763782084,0.9997522421357756,0.021933251563724467,0.07810858899828982,93,False
aggregate-target-505-+0.5-notebook-0.6-128,aggregate-target,505,0.5,2,generated,92,0,1.6841591596603394,1.6845471366592075,0.9997423738241196,0.02265261714954091,0.0742611037162335,93,False
aggregate-target-505--0.5-notebook-0.6-128,aggregate-target,505,-0.5,1,prompt,91,0,1.6841590404510498,1.683853880389706,0.9997526073193812,0.021654893388296223,0.07883092818863607,128,True
aggregate-target-505--0.5-notebook-0.6-128,aggregate-target,505,-0.5,1,generated,127,0,1.6841591596603394,1.6841466013840802,0.9997643898791215,0.021628982365483374,0.07900966786024138,128,True
aggregate-target-505--0.5-notebook-0.6-128,aggregate-target,505,-0.5,2,prompt,251,0,1.6841590404510498,1.684040166942247,0.9997639781925308,0.021427796663812906,0.07977871445612425,3,False
aggregate-target-505--0.5-notebook-0.6-128,aggregate-target,505,-0.5,2,generated,2,0,1.6841591596603394,1.6838284730911255,0.9997971653938293,0.02013469487428665,0.08238589018583298,3,False
aggregate-target-606-+0.0-notebook-0.6-128,aggregate-target,606,0.0,1,prompt,91,91,0.0,0.0,1.0,0.0,0.0,92,False
aggregate-target-606-+0.0-notebook-0.6-128,aggregate-target,606,0.0,1,generated,91,91,0.0,0.0,1.0,0.0,0.0,92,False
aggregate-target-606-+0.0-notebook-0.6-128,aggregate-target,606,0.0,2,prompt,214,214,0.0,0.0,1.0,0.0,0.0,3,False
aggregate-target-606-+0.0-notebook-0.6-128,aggregate-target,606,0.0,2,generated,2,2,0.0,0.0,1.0,0.0,0.0,3,False
aggregate-target-606-+0.5-notebook-0.6-128,aggregate-target,606,0.5,1,prompt,91,0,1.6841590404510498,1.6838027723542937,0.9997495301477202,0.021801684021049147,0.07882792530530183,82,False
aggregate-target-606-+0.5-notebook-0.6-128,aggregate-target,606,0.5,1,generated,81,0,1.6841591596603394,1.6842457865491325,0.9997431304719713,0.022598166754584252,0.07518929758189637,82,False
aggregate-target-606-+0.5-notebook-0.6-128,aggregate-target,606,0.5,2,prompt,204,0,1.6841590404510498,1.6840084504847432,0.9997520265625972,0.02193325506888476,0.07809520771786314,81,False
aggregate-target-606-+0.5-notebook-0.6-128,aggregate-target,606,0.5,2,generated,80,0,1.6841591596603394,1.6844832986593246,0.9997448205947876,0.022544057597406207,0.07463593604043126,81,False
aggregate-target-606--0.5-notebook-0.6-128,aggregate-target,606,-0.5,1,prompt,91,0,1.6841590404510498,1.683853880389706,0.9997526073193812,0.021654893388296223,0.07883092818863607,87,False
aggregate-target-606--0.5-notebook-0.6-128,aggregate-target,606,-0.5,1,generated,86,0,1.6841591596603394,1.6842066659483799,0.9997316806815392,0.02311770117646733,0.0733498677091543,87,False
aggregate-target-606--0.5-notebook-0.6-128,aggregate-target,606,-0.5,2,prompt,209,0,1.6841590404510498,1.6840189860768295,0.9997484076536444,0.02209996455237626,0.07722771143023834,3,False
aggregate-target-606--0.5-notebook-0.6-128,aggregate-target,606,-0.5,2,generated,2,0,1.6841591596603394,1.6836958527565002,0.9997886717319489,0.020552266389131546,0.08074627816677094,3,False
aggregate-target-707-+0.0-notebook-0.6-128,aggregate-target,707,0.0,1,prompt,91,91,0.0,0.0,1.0,0.0,0.0,50,False
aggregate-target-707-+0.0-notebook-0.6-128,aggregate-target,707,0.0,1,generated,49,49,0.0,0.0,1.0,0.0,0.0,50,False
aggregate-target-707-+0.0-notebook-0.6-128,aggregate-target,707,0.0,2,prompt,172,172,0.0,0.0,1.0,0.0,0.0,82,False
aggregate-target-707-+0.0-notebook-0.6-128,aggregate-target,707,0.0,2,generated,81,81,0.0,0.0,1.0,0.0,0.0,82,False
aggregate-target-707-+0.5-notebook-0.6-128,aggregate-target,707,0.5,1,prompt,91,0,1.6841590404510498,1.6838027723542937,0.9997495301477202,0.021801684021049147,0.07882792530530183,50,False
aggregate-target-707-+0.5-notebook-0.6-128,aggregate-target,707,0.5,1,generated,49,0,1.6841591596603394,1.6842877572896529,0.999724763996747,0.02341614762435154,0.07229582950168727,50,False
aggregate-target-707-+0.5-notebook-0.6-128,aggregate-target,707,0.5,2,prompt,172,0,1.6841590404510498,1.6840082046597502,0.9997485467167788,0.022038137572709213,0.07781798125726583,78,False
aggregate-target-707-+0.5-notebook-0.6-128,aggregate-target,707,0.5,2,generated,77,0,1.6841591596603394,1.6844719524507399,0.9997352903539484,0.02292940090712789,0.07332876392386177,78,False
aggregate-target-707--0.5-notebook-0.6-128,aggregate-target,707,-0.5,1,prompt,91,0,1.6841590404510498,1.683853880389706,0.9997526073193812,0.021654893388296223,0.07883092818863607,50,False
aggregate-target-707--0.5-notebook-0.6-128,aggregate-target,707,-0.5,1,generated,49,0,1.6841591596603394,1.6842369644009336,0.9997260169107087,0.0233657212585819,0.0722937530704907,50,False
aggregate-target-707--0.5-notebook-0.6-128,aggregate-target,707,-0.5,2,prompt,172,0,1.6841590404510498,1.6840116416299067,0.9997510445672412,0.021922007284322104,0.07781860193638347,78,False
aggregate-target-707--0.5-notebook-0.6-128,aggregate-target,707,-0.5,2,generated,77,0,1.6841591596603394,1.6844594045118852,0.999726545501065,0.023338635464186793,0.071785294390344,78,False
aggregate-target-808-+0.0-notebook-0.6-128,aggregate-target,808,0.0,1,prompt,91,91,0.0,0.0,1.0,0.0,0.0,81,False
aggregate-target-808-+0.0-notebook-0.6-128,aggregate-target,808,0.0,1,generated,80,80,0.0,0.0,1.0,0.0,0.0,81,False
aggregate-target-808-+0.0-notebook-0.6-128,aggregate-target,808,0.0,2,prompt,203,203,0.0,0.0,1.0,0.0,0.0,94,False
aggregate-target-808-+0.0-notebook-0.6-128,aggregate-target,808,0.0,2,generated,93,93,0.0,0.0,1.0,0.0,0.0,94,False
aggregate-target-808-+0.5-notebook-0.6-128,aggregate-target,808,0.5,1,prompt,91,0,1.6841590404510498,1.6838027723542937,0.9997495301477202,0.021801684021049147,0.07882792530530183,63,False
aggregate-target-808-+0.5-notebook-0.6-128,aggregate-target,808,0.5,1,generated,62,0,1.6841591596603394,1.6842952716735102,0.9997317733303193,0.023125904882627148,0.0738603278033195,63,False
aggregate-target-808-+0.5-notebook-0.6-128,aggregate-target,808,0.5,2,prompt,185,0,1.6841590404510498,1.6840042565319988,0.9997493933986973,0.022032899359190786,0.07788734260468265,77,False
aggregate-target-808-+0.5-notebook-0.6-128,aggregate-target,808,0.5,2,generated,76,0,1.6841591596603394,1.6846655309200287,0.9997369317631972,0.02289385738243398,0.07330448464735558,77,False
aggregate-target-808--0.5-notebook-0.6-128,aggregate-target,808,-0.5,1,prompt,91,0,1.6841590404510498,1.683853880389706,0.9997526073193812,0.021654893388296223,0.07883092818863607,81,False
aggregate-target-808--0.5-notebook-0.6-128,aggregate-target,808,-0.5,1,generated,80,0,1.6841591596603394,1.684295217692852,0.9997447334229946,0.02252883983310312,0.07525825630873442,81,False
aggregate-target-808--0.5-notebook-0.6-128,aggregate-target,808,-0.5,2,prompt,203,0,1.6841590404510498,1.6840528631445222,0.9997541047082159,0.02183590397202029,0.07812597465201332,105,False
aggregate-target-808--0.5-notebook-0.6-128,aggregate-target,808,-0.5,2,generated,104,0,1.6841591596603394,1.6845214298138251,0.9997436587627118,0.022599721954275783,0.07392353772257383,105,False
aggregate-target-909-+0.0-notebook-0.6-128,aggregate-target,909,0.0,1,prompt,91,91,0.0,0.0,1.0,0.0,0.0,81,False
aggregate-target-909-+0.0-notebook-0.6-128,aggregate-target,909,0.0,1,generated,80,80,0.0,0.0,1.0,0.0,0.0,81,False
aggregate-target-909-+0.0-notebook-0.6-128,aggregate-target,909,0.0,2,prompt,203,203,0.0,0.0,1.0,0.0,0.0,89,False
aggregate-target-909-+0.0-notebook-0.6-128,aggregate-target,909,0.0,2,generated,88,88,0.0,0.0,1.0,0.0,0.0,89,False
aggregate-target-909-+0.5-notebook-0.6-128,aggregate-target,909,0.5,1,prompt,91,0,1.6841590404510498,1.6838027723542937,0.9997495301477202,0.021801684021049147,0.07882792530530183,78,False
aggregate-target-909-+0.5-notebook-0.6-128,aggregate-target,909,0.5,1,generated,77,0,1.6841591596603394,1.6843979900533503,0.9997439368978723,0.022565311062839124,0.07527252315700829,78,False
aggregate-target-909-+0.5-notebook-0.6-128,aggregate-target,909,0.5,2,prompt,200,0,1.6841590404510498,1.6840783494710923,0.9997524109482765,0.021909287860617042,0.07820372985326685,97,False
aggregate-target-909-+0.5-notebook-0.6-128,aggregate-target,909,0.5,2,generated,96,0,1.6841591596603394,1.684589543690284,0.9997540277739366,0.022130597829042625,0.07568216005650659,97,False
aggregate-target-909--0.5-notebook-0.6-128,aggregate-target,909,-0.5,1,prompt,91,0,1.6841590404510498,1.683853880389706,0.9997526073193812,0.021654893388296223,0.07883092818863607,54,False
aggregate-target-909--0.5-notebook-0.6-128,aggregate-target,909,-0.5,1,generated,53,0,1.6841591596603394,1.684389053650622,0.9997151089164446,0.02381636191792083,0.07080056152816089,54,False
aggregate-target-909--0.5-notebook-0.6-128,aggregate-target,909,-0.5,2,prompt,176,0,1.6841590404510498,1.6840699762105942,0.9997488300908696,0.022016122630289334,0.07775461602035318,70,False
aggregate-target-909--0.5-notebook-0.6-128,aggregate-target,909,-0.5,2,generated,69,0,1.6841591596603394,1.684491033139436,0.9997430435125378,0.022605952685293945,0.07408190874949745,70,False
baseline-bridge-1001-+0.0-notebook-0.5-128,baseline-bridge,1001,0.0,1,prompt,91,91,0.0,0.0,1.0,0.0,0.0,128,True
baseline-bridge-1001-+0.0-notebook-0.5-128,baseline-bridge,1001,0.0,1,generated,127,127,0.0,0.0,1.0,0.0,0.0,128,True
baseline-bridge-1001-+0.0-notebook-0.5-128,baseline-bridge,1001,0.0,2,prompt,250,250,0.0,0.0,1.0,0.0,0.0,94,False
baseline-bridge-1001-+0.0-notebook-0.5-128,baseline-bridge,1001,0.0,2,generated,93,93,0.0,0.0,1.0,0.0,0.0,94,False
baseline-bridge-1001-+0.0-notebook-0.5-256,baseline-bridge,1001,0.0,1,prompt,91,91,0.0,0.0,1.0,0.0,0.0,190,False
baseline-bridge-1001-+0.0-notebook-0.5-256,baseline-bridge,1001,0.0,1,generated,189,189,0.0,0.0,1.0,0.0,0.0,190,False
baseline-bridge-1001-+0.0-notebook-0.5-256,baseline-bridge,1001,0.0,2,prompt,312,312,0.0,0.0,1.0,0.0,0.0,96,False
baseline-bridge-1001-+0.0-notebook-0.5-256,baseline-bridge,1001,0.0,2,generated,95,95,0.0,0.0,1.0,0.0,0.0,96,False
baseline-bridge-1001-+0.0-notebook-0.6-256,baseline-bridge,1001,0.0,1,prompt,91,91,0.0,0.0,1.0,0.0,0.0,190,False
baseline-bridge-1001-+0.0-notebook-0.6-256,baseline-bridge,1001,0.0,1,generated,189,189,0.0,0.0,1.0,0.0,0.0,190,False
baseline-bridge-1001-+0.0-notebook-0.6-256,baseline-bridge,1001,0.0,2,prompt,312,312,0.0,0.0,1.0,0.0,0.0,96,False
baseline-bridge-1001-+0.0-notebook-0.6-256,baseline-bridge,1001,0.0,2,generated,95,95,0.0,0.0,1.0,0.0,0.0,96,False
baseline-bridge-1001-+0.0-paper-0.5-128,baseline-bridge,1001,0.0,1,prompt,95,95,0.0,0.0,1.0,0.0,0.0,118,False
baseline-bridge-1001-+0.0-paper-0.5-128,baseline-bridge,1001,0.0,1,generated,117,117,0.0,0.0,1.0,0.0,0.0,118,False
baseline-bridge-1001-+0.0-paper-0.5-128,baseline-bridge,1001,0.0,2,prompt,244,244,0.0,0.0,1.0,0.0,0.0,118,False
baseline-bridge-1001-+0.0-paper-0.5-128,baseline-bridge,1001,0.0,2,generated,117,117,0.0,0.0,1.0,0.0,0.0,118,False
baseline-bridge-1001-+0.0-paper-0.5-256,baseline-bridge,1001,0.0,1,prompt,95,95,0.0,0.0,1.0,0.0,0.0,118,False
baseline-bridge-1001-+0.0-paper-0.5-256,baseline-bridge,1001,0.0,1,generated,117,117,0.0,0.0,1.0,0.0,0.0,118,False
baseline-bridge-1001-+0.0-paper-0.5-256,baseline-bridge,1001,0.0,2,prompt,244,244,0.0,0.0,1.0,0.0,0.0,118,False
baseline-bridge-1001-+0.0-paper-0.5-256,baseline-bridge,1001,0.0,2,generated,117,117,0.0,0.0,1.0,0.0,0.0,118,False
baseline-bridge-1001-+0.0-paper-0.6-128,baseline-bridge,1001,0.0,1,prompt,95,95,0.0,0.0,1.0,0.0,0.0,128,True
baseline-bridge-1001-+0.0-paper-0.6-128,baseline-bridge,1001,0.0,1,generated,127,127,0.0,0.0,1.0,0.0,0.0,128,True
baseline-bridge-1001-+0.0-paper-0.6-128,baseline-bridge,1001,0.0,2,prompt,255,255,0.0,0.0,1.0,0.0,0.0,71,False
baseline-bridge-1001-+0.0-paper-0.6-128,baseline-bridge,1001,0.0,2,generated,70,70,0.0,0.0,1.0,0.0,0.0,71,False
baseline-bridge-1001-+0.0-paper-0.6-256,baseline-bridge,1001,0.0,1,prompt,95,95,0.0,0.0,1.0,0.0,0.0,140,False
baseline-bridge-1001-+0.0-paper-0.6-256,baseline-bridge,1001,0.0,1,generated,139,139,0.0,0.0,1.0,0.0,0.0,140,False
baseline-bridge-1001-+0.0-paper-0.6-256,baseline-bridge,1001,0.0,2,prompt,266,266,0.0,0.0,1.0,0.0,0.0,96,False
baseline-bridge-1001-+0.0-paper-0.6-256,baseline-bridge,1001,0.0,2,generated,95,95,0.0,0.0,1.0,0.0,0.0,96,False
baseline-bridge-101-+0.0-notebook-0.5-128,baseline-bridge,101,0.0,1,prompt,91,91,0.0,0.0,1.0,0.0,0.0,94,False
baseline-bridge-101-+0.0-notebook-0.5-128,baseline-bridge,101,0.0,1,generated,93,93,0.0,0.0,1.0,0.0,0.0,94,False
baseline-bridge-101-+0.0-notebook-0.5-128,baseline-bridge,101,0.0,2,prompt,216,216,0.0,0.0,1.0,0.0,0.0,95,False
baseline-bridge-101-+0.0-notebook-0.5-128,baseline-bridge,101,0.0,2,generated,94,94,0.0,0.0,1.0,0.0,0.0,95,False
baseline-bridge-101-+0.0-notebook-0.5-256,baseline-bridge,101,0.0,1,prompt,91,91,0.0,0.0,1.0,0.0,0.0,94,False
baseline-bridge-101-+0.0-notebook-0.5-256,baseline-bridge,101,0.0,1,generated,93,93,0.0,0.0,1.0,0.0,0.0,94,False
baseline-bridge-101-+0.0-notebook-0.5-256,baseline-bridge,101,0.0,2,prompt,216,216,0.0,0.0,1.0,0.0,0.0,95,False
baseline-bridge-101-+0.0-notebook-0.5-256,baseline-bridge,101,0.0,2,generated,94,94,0.0,0.0,1.0,0.0,0.0,95,False
baseline-bridge-101-+0.0-notebook-0.6-256,baseline-bridge,101,0.0,1,prompt,91,91,0.0,0.0,1.0,0.0,0.0,94,False
baseline-bridge-101-+0.0-notebook-0.6-256,baseline-bridge,101,0.0,1,generated,93,93,0.0,0.0,1.0,0.0,0.0,94,False
baseline-bridge-101-+0.0-notebook-0.6-256,baseline-bridge,101,0.0,2,prompt,216,216,0.0,0.0,1.0,0.0,0.0,60,False
baseline-bridge-101-+0.0-notebook-0.6-256,baseline-bridge,101,0.0,2,generated,59,59,0.0,0.0,1.0,0.0,0.0,60,False
baseline-bridge-101-+0.0-paper-0.5-128,baseline-bridge,101,0.0,1,prompt,95,95,0.0,0.0,1.0,0.0,0.0,128,True
baseline-bridge-101-+0.0-paper-0.5-128,baseline-bridge,101,0.0,1,generated,127,127,0.0,0.0,1.0,0.0,0.0,128,True
baseline-bridge-101-+0.0-paper-0.5-128,baseline-bridge,101,0.0,2,prompt,255,255,0.0,0.0,1.0,0.0,0.0,123,False
baseline-bridge-101-+0.0-paper-0.5-128,baseline-bridge,101,0.0,2,generated,122,122,0.0,0.0,1.0,0.0,0.0,123,False
baseline-bridge-101-+0.0-paper-0.5-256,baseline-bridge,101,0.0,1,prompt,95,95,0.0,0.0,1.0,0.0,0.0,256,True
baseline-bridge-101-+0.0-paper-0.5-256,baseline-bridge,101,0.0,1,generated,255,255,0.0,0.0,1.0,0.0,0.0,256,True
baseline-bridge-101-+0.0-paper-0.5-256,baseline-bridge,101,0.0,2,prompt,383,383,0.0,0.0,1.0,0.0,0.0,140,False
baseline-bridge-101-+0.0-paper-0.5-256,baseline-bridge,101,0.0,2,generated,139,139,0.0,0.0,1.0,0.0,0.0,140,False
baseline-bridge-101-+0.0-paper-0.6-128,baseline-bridge,101,0.0,1,prompt,95,95,0.0,0.0,1.0,0.0,0.0,128,True
baseline-bridge-101-+0.0-paper-0.6-128,baseline-bridge,101,0.0,1,generated,127,127,0.0,0.0,1.0,0.0,0.0,128,True
baseline-bridge-101-+0.0-paper-0.6-128,baseline-bridge,101,0.0,2,prompt,255,255,0.0,0.0,1.0,0.0,0.0,128,True
baseline-bridge-101-+0.0-paper-0.6-128,baseline-bridge,101,0.0,2,generated,127,127,0.0,0.0,1.0,0.0,0.0,128,True
baseline-bridge-101-+0.0-paper-0.6-256,baseline-bridge,101,0.0,1,prompt,95,95,0.0,0.0,1.0,0.0,0.0,256,True
baseline-bridge-101-+0.0-paper-0.6-256,baseline-bridge,101,0.0,1,generated,255,255,0.0,0.0,1.0,0.0,0.0,256,True
baseline-bridge-101-+0.0-paper-0.6-256,baseline-bridge,101,0.0,2,prompt,383,383,0.0,0.0,1.0,0.0,0.0,139,False
baseline-bridge-101-+0.0-paper-0.6-256,baseline-bridge,101,0.0,2,generated,138,138,0.0,0.0,1.0,0.0,0.0,139,False
baseline-bridge-202-+0.0-notebook-0.5-128,baseline-bridge,202,0.0,1,prompt,91,91,0.0,0.0,1.0,0.0,0.0,87,False
baseline-bridge-202-+0.0-notebook-0.5-128,baseline-bridge,202,0.0,1,generated,86,86,0.0,0.0,1.0,0.0,0.0,87,False
baseline-bridge-202-+0.0-notebook-0.5-128,baseline-bridge,202,0.0,2,prompt,209,209,0.0,0.0,1.0,0.0,0.0,61,False
baseline-bridge-202-+0.0-notebook-0.5-128,baseline-bridge,202,0.0,2,generated,60,60,0.0,0.0,1.0,0.0,0.0,61,False
baseline-bridge-202-+0.0-notebook-0.5-256,baseline-bridge,202,0.0,1,prompt,91,91,0.0,0.0,1.0,0.0,0.0,87,False
baseline-bridge-202-+0.0-notebook-0.5-256,baseline-bridge,202,0.0,1,generated,86,86,0.0,0.0,1.0,0.0,0.0,87,False
baseline-bridge-202-+0.0-notebook-0.5-256,baseline-bridge,202,0.0,2,prompt,209,209,0.0,0.0,1.0,0.0,0.0,61,False
baseline-bridge-202-+0.0-notebook-0.5-256,baseline-bridge,202,0.0,2,generated,60,60,0.0,0.0,1.0,0.0,0.0,61,False
baseline-bridge-202-+0.0-notebook-0.6-256,baseline-bridge,202,0.0,1,prompt,91,91,0.0,0.0,1.0,0.0,0.0,65,False
baseline-bridge-202-+0.0-notebook-0.6-256,baseline-bridge,202,0.0,1,generated,64,64,0.0,0.0,1.0,0.0,0.0,65,False
baseline-bridge-202-+0.0-notebook-0.6-256,baseline-bridge,202,0.0,2,prompt,187,187,0.0,0.0,1.0,0.0,0.0,61,False
baseline-bridge-202-+0.0-notebook-0.6-256,baseline-bridge,202,0.0,2,generated,60,60,0.0,0.0,1.0,0.0,0.0,61,False
baseline-bridge-202-+0.0-paper-0.5-128,baseline-bridge,202,0.0,1,prompt,95,95,0.0,0.0,1.0,0.0,0.0,112,False
baseline-bridge-202-+0.0-paper-0.5-128,baseline-bridge,202,0.0,1,generated,111,111,0.0,0.0,1.0,0.0,0.0,112,False
baseline-bridge-202-+0.0-paper-0.5-128,baseline-bridge,202,0.0,2,prompt,238,238,0.0,0.0,1.0,0.0,0.0,127,False
baseline-bridge-202-+0.0-paper-0.5-128,baseline-bridge,202,0.0,2,generated,126,126,0.0,0.0,1.0,0.0,0.0,127,False
baseline-bridge-202-+0.0-paper-0.5-256,baseline-bridge,202,0.0,1,prompt,95,95,0.0,0.0,1.0,0.0,0.0,112,False
baseline-bridge-202-+0.0-paper-0.5-256,baseline-bridge,202,0.0,1,generated,111,111,0.0,0.0,1.0,0.0,0.0,112,False
baseline-bridge-202-+0.0-paper-0.5-256,baseline-bridge,202,0.0,2,prompt,238,238,0.0,0.0,1.0,0.0,0.0,127,False
baseline-bridge-202-+0.0-paper-0.5-256,baseline-bridge,202,0.0,2,generated,126,126,0.0,0.0,1.0,0.0,0.0,127,False
baseline-bridge-202-+0.0-paper-0.6-128,baseline-bridge,202,0.0,1,prompt,95,95,0.0,0.0,1.0,0.0,0.0,128,True
baseline-bridge-202-+0.0-paper-0.6-128,baseline-bridge,202,0.0,1,generated,127,127,0.0,0.0,1.0,0.0,0.0,128,True
baseline-bridge-202-+0.0-paper-0.6-128,baseline-bridge,202,0.0,2,prompt,255,255,0.0,0.0,1.0,0.0,0.0,117,False
baseline-bridge-202-+0.0-paper-0.6-128,baseline-bridge,202,0.0,2,generated,116,116,0.0,0.0,1.0,0.0,0.0,117,False
baseline-bridge-202-+0.0-paper-0.6-256,baseline-bridge,202,0.0,1,prompt,95,95,0.0,0.0,1.0,0.0,0.0,161,False
baseline-bridge-202-+0.0-paper-0.6-256,baseline-bridge,202,0.0,1,generated,160,160,0.0,0.0,1.0,0.0,0.0,161,False
baseline-bridge-202-+0.0-paper-0.6-256,baseline-bridge,202,0.0,2,prompt,287,287,0.0,0.0,1.0,0.0,0.0,109,False
baseline-bridge-202-+0.0-paper-0.6-256,baseline-bridge,202,0.0,2,generated,108,108,0.0,0.0,1.0,0.0,0.0,109,False
baseline-bridge-303-+0.0-notebook-0.5-128,baseline-bridge,303,0.0,1,prompt,91,91,0.0,0.0,1.0,0.0,0.0,95,False
baseline-bridge-303-+0.0-notebook-0.5-128,baseline-bridge,303,0.0,1,generated,94,94,0.0,0.0,1.0,0.0,0.0,95,False
baseline-bridge-303-+0.0-notebook-0.5-128,baseline-bridge,303,0.0,2,prompt,217,217,0.0,0.0,1.0,0.0,0.0,107,False
baseline-bridge-303-+0.0-notebook-0.5-128,baseline-bridge,303,0.0,2,generated,106,106,0.0,0.0,1.0,0.0,0.0,107,False
baseline-bridge-303-+0.0-notebook-0.5-256,baseline-bridge,303,0.0,1,prompt,91,91,0.0,0.0,1.0,0.0,0.0,95,False
baseline-bridge-303-+0.0-notebook-0.5-256,baseline-bridge,303,0.0,1,generated,94,94,0.0,0.0,1.0,0.0,0.0,95,False
baseline-bridge-303-+0.0-notebook-0.5-256,baseline-bridge,303,0.0,2,prompt,217,217,0.0,0.0,1.0,0.0,0.0,107,False
baseline-bridge-303-+0.0-notebook-0.5-256,baseline-bridge,303,0.0,2,generated,106,106,0.0,0.0,1.0,0.0,0.0,107,False
baseline-bridge-303-+0.0-notebook-0.6-256,baseline-bridge,303,0.0,1,prompt,91,91,0.0,0.0,1.0,0.0,0.0,95,False
baseline-bridge-303-+0.0-notebook-0.6-256,baseline-bridge,303,0.0,1,generated,94,94,0.0,0.0,1.0,0.0,0.0,95,False
baseline-bridge-303-+0.0-notebook-0.6-256,baseline-bridge,303,0.0,2,prompt,217,217,0.0,0.0,1.0,0.0,0.0,107,False
baseline-bridge-303-+0.0-notebook-0.6-256,baseline-bridge,303,0.0,2,generated,106,106,0.0,0.0,1.0,0.0,0.0,107,False
baseline-bridge-303-+0.0-paper-0.5-128,baseline-bridge,303,0.0,1,prompt,95,95,0.0,0.0,1.0,0.0,0.0,128,True
baseline-bridge-303-+0.0-paper-0.5-128,baseline-bridge,303,0.0,1,generated,127,127,0.0,0.0,1.0,0.0,0.0,128,True
baseline-bridge-303-+0.0-paper-0.5-128,baseline-bridge,303,0.0,2,prompt,255,255,0.0,0.0,1.0,0.0,0.0,96,False
baseline-bridge-303-+0.0-paper-0.5-128,baseline-bridge,303,0.0,2,generated,95,95,0.0,0.0,1.0,0.0,0.0,96,False
baseline-bridge-303-+0.0-paper-0.5-256,baseline-bridge,303,0.0,1,prompt,95,95,0.0,0.0,1.0,0.0,0.0,164,False
baseline-bridge-303-+0.0-paper-0.5-256,baseline-bridge,303,0.0,1,generated,163,163,0.0,0.0,1.0,0.0,0.0,164,False
baseline-bridge-303-+0.0-paper-0.5-256,baseline-bridge,303,0.0,2,prompt,290,290,0.0,0.0,1.0,0.0,0.0,147,False
baseline-bridge-303-+0.0-paper-0.5-256,baseline-bridge,303,0.0,2,generated,146,146,0.0,0.0,1.0,0.0,0.0,147,False
baseline-bridge-303-+0.0-paper-0.6-128,baseline-bridge,303,0.0,1,prompt,95,95,0.0,0.0,1.0,0.0,0.0,109,False
baseline-bridge-303-+0.0-paper-0.6-128,baseline-bridge,303,0.0,1,generated,108,108,0.0,0.0,1.0,0.0,0.0,109,False
baseline-bridge-303-+0.0-paper-0.6-128,baseline-bridge,303,0.0,2,prompt,235,235,0.0,0.0,1.0,0.0,0.0,97,False
baseline-bridge-303-+0.0-paper-0.6-128,baseline-bridge,303,0.0,2,generated,96,96,0.0,0.0,1.0,0.0,0.0,97,False
baseline-bridge-303-+0.0-paper-0.6-256,baseline-bridge,303,0.0,1,prompt,95,95,0.0,0.0,1.0,0.0,0.0,109,False
baseline-bridge-303-+0.0-paper-0.6-256,baseline-bridge,303,0.0,1,generated,108,108,0.0,0.0,1.0,0.0,0.0,109,False
baseline-bridge-303-+0.0-paper-0.6-256,baseline-bridge,303,0.0,2,prompt,235,235,0.0,0.0,1.0,0.0,0.0,97,False
baseline-bridge-303-+0.0-paper-0.6-256,baseline-bridge,303,0.0,2,generated,96,96,0.0,0.0,1.0,0.0,0.0,97,False
baseline-bridge-404-+0.0-notebook-0.5-128,baseline-bridge,404,0.0,1,prompt,91,91,0.0,0.0,1.0,0.0,0.0,63,False
baseline-bridge-404-+0.0-notebook-0.5-128,baseline-bridge,404,0.0,1,generated,62,62,0.0,0.0,1.0,0.0,0.0,63,False
baseline-bridge-404-+0.0-notebook-0.5-128,baseline-bridge,404,0.0,2,prompt,185,185,0.0,0.0,1.0,0.0,0.0,74,False
baseline-bridge-404-+0.0-notebook-0.5-128,baseline-bridge,404,0.0,2,generated,73,73,0.0,0.0,1.0,0.0,0.0,74,False
baseline-bridge-404-+0.0-notebook-0.5-256,baseline-bridge,404,0.0,1,prompt,91,91,0.0,0.0,1.0,0.0,0.0,63,False
baseline-bridge-404-+0.0-notebook-0.5-256,baseline-bridge,404,0.0,1,generated,62,62,0.0,0.0,1.0,0.0,0.0,63,False
baseline-bridge-404-+0.0-notebook-0.5-256,baseline-bridge,404,0.0,2,prompt,185,185,0.0,0.0,1.0,0.0,0.0,74,False
baseline-bridge-404-+0.0-notebook-0.5-256,baseline-bridge,404,0.0,2,generated,73,73,0.0,0.0,1.0,0.0,0.0,74,False
baseline-bridge-404-+0.0-notebook-0.6-256,baseline-bridge,404,0.0,1,prompt,91,91,0.0,0.0,1.0,0.0,0.0,63,False
baseline-bridge-404-+0.0-notebook-0.6-256,baseline-bridge,404,0.0,1,generated,62,62,0.0,0.0,1.0,0.0,0.0,63,False
baseline-bridge-404-+0.0-notebook-0.6-256,baseline-bridge,404,0.0,2,prompt,185,185,0.0,0.0,1.0,0.0,0.0,91,False
baseline-bridge-404-+0.0-notebook-0.6-256,baseline-bridge,404,0.0,2,generated,90,90,0.0,0.0,1.0,0.0,0.0,91,False
baseline-bridge-404-+0.0-paper-0.5-128,baseline-bridge,404,0.0,1,prompt,95,95,0.0,0.0,1.0,0.0,0.0,126,False
baseline-bridge-404-+0.0-paper-0.5-128,baseline-bridge,404,0.0,1,generated,125,125,0.0,0.0,1.0,0.0,0.0,126,False
baseline-bridge-404-+0.0-paper-0.5-128,baseline-bridge,404,0.0,2,prompt,252,252,0.0,0.0,1.0,0.0,0.0,95,False
baseline-bridge-404-+0.0-paper-0.5-128,baseline-bridge,404,0.0,2,generated,94,94,0.0,0.0,1.0,0.0,0.0,95,False
baseline-bridge-404-+0.0-paper-0.5-256,baseline-bridge,404,0.0,1,prompt,95,95,0.0,0.0,1.0,0.0,0.0,126,False
baseline-bridge-404-+0.0-paper-0.5-256,baseline-bridge,404,0.0,1,generated,125,125,0.0,0.0,1.0,0.0,0.0,126,False
baseline-bridge-404-+0.0-paper-0.5-256,baseline-bridge,404,0.0,2,prompt,252,252,0.0,0.0,1.0,0.0,0.0,95,False
baseline-bridge-404-+0.0-paper-0.5-256,baseline-bridge,404,0.0,2,generated,94,94,0.0,0.0,1.0,0.0,0.0,95,False
baseline-bridge-404-+0.0-paper-0.6-128,baseline-bridge,404,0.0,1,prompt,95,95,0.0,0.0,1.0,0.0,0.0,128,True
baseline-bridge-404-+0.0-paper-0.6-128,baseline-bridge,404,0.0,1,generated,127,127,0.0,0.0,1.0,0.0,0.0,128,True
baseline-bridge-404-+0.0-paper-0.6-128,baseline-bridge,404,0.0,2,prompt,255,255,0.0,0.0,1.0,0.0,0.0,128,True
baseline-bridge-404-+0.0-paper-0.6-128,baseline-bridge,404,0.0,2,generated,127,127,0.0,0.0,1.0,0.0,0.0,128,True
baseline-bridge-404-+0.0-paper-0.6-256,baseline-bridge,404,0.0,1,prompt,95,95,0.0,0.0,1.0,0.0,0.0,150,False
baseline-bridge-404-+0.0-paper-0.6-256,baseline-bridge,404,0.0,1,generated,149,149,0.0,0.0,1.0,0.0,0.0,150,False
baseline-bridge-404-+0.0-paper-0.6-256,baseline-bridge,404,0.0,2,prompt,276,276,0.0,0.0,1.0,0.0,0.0,158,False
baseline-bridge-404-+0.0-paper-0.6-256,baseline-bridge,404,0.0,2,generated,157,157,0.0,0.0,1.0,0.0,0.0,158,False
baseline-bridge-505-+0.0-notebook-0.5-128,baseline-bridge,505,0.0,1,prompt,91,91,0.0,0.0,1.0,0.0,0.0,89,False
baseline-bridge-505-+0.0-notebook-0.5-128,baseline-bridge,505,0.0,1,generated,88,88,0.0,0.0,1.0,0.0,0.0,89,False
baseline-bridge-505-+0.0-notebook-0.5-128,baseline-bridge,505,0.0,2,prompt,211,211,0.0,0.0,1.0,0.0,0.0,93,False
baseline-bridge-505-+0.0-notebook-0.5-128,baseline-bridge,505,0.0,2,generated,92,92,0.0,0.0,1.0,0.0,0.0,93,False
baseline-bridge-505-+0.0-notebook-0.5-256,baseline-bridge,505,0.0,1,prompt,91,91,0.0,0.0,1.0,0.0,0.0,89,False
baseline-bridge-505-+0.0-notebook-0.5-256,baseline-bridge,505,0.0,1,generated,88,88,0.0,0.0,1.0,0.0,0.0,89,False
baseline-bridge-505-+0.0-notebook-0.5-256,baseline-bridge,505,0.0,2,prompt,211,211,0.0,0.0,1.0,0.0,0.0,93,False
baseline-bridge-505-+0.0-notebook-0.5-256,baseline-bridge,505,0.0,2,generated,92,92,0.0,0.0,1.0,0.0,0.0,93,False
baseline-bridge-505-+0.0-notebook-0.6-256,baseline-bridge,505,0.0,1,prompt,91,91,0.0,0.0,1.0,0.0,0.0,89,False
baseline-bridge-505-+0.0-notebook-0.6-256,baseline-bridge,505,0.0,1,generated,88,88,0.0,0.0,1.0,0.0,0.0,89,False
baseline-bridge-505-+0.0-notebook-0.6-256,baseline-bridge,505,0.0,2,prompt,211,211,0.0,0.0,1.0,0.0,0.0,93,False
baseline-bridge-505-+0.0-notebook-0.6-256,baseline-bridge,505,0.0,2,generated,92,92,0.0,0.0,1.0,0.0,0.0,93,False
baseline-bridge-505-+0.0-paper-0.5-128,baseline-bridge,505,0.0,1,prompt,95,95,0.0,0.0,1.0,0.0,0.0,114,False
baseline-bridge-505-+0.0-paper-0.5-128,baseline-bridge,505,0.0,1,generated,113,113,0.0,0.0,1.0,0.0,0.0,114,False
baseline-bridge-505-+0.0-paper-0.5-128,baseline-bridge,505,0.0,2,prompt,240,240,0.0,0.0,1.0,0.0,0.0,124,False
baseline-bridge-505-+0.0-paper-0.5-128,baseline-bridge,505,0.0,2,generated,123,123,0.0,0.0,1.0,0.0,0.0,124,False
baseline-bridge-505-+0.0-paper-0.5-256,baseline-bridge,505,0.0,1,prompt,95,95,0.0,0.0,1.0,0.0,0.0,114,False
baseline-bridge-505-+0.0-paper-0.5-256,baseline-bridge,505,0.0,1,generated,113,113,0.0,0.0,1.0,0.0,0.0,114,False
baseline-bridge-505-+0.0-paper-0.5-256,baseline-bridge,505,0.0,2,prompt,240,240,0.0,0.0,1.0,0.0,0.0,124,False
baseline-bridge-505-+0.0-paper-0.5-256,baseline-bridge,505,0.0,2,generated,123,123,0.0,0.0,1.0,0.0,0.0,124,False
baseline-bridge-505-+0.0-paper-0.6-128,baseline-bridge,505,0.0,1,prompt,95,95,0.0,0.0,1.0,0.0,0.0,128,True
baseline-bridge-505-+0.0-paper-0.6-128,baseline-bridge,505,0.0,1,generated,127,127,0.0,0.0,1.0,0.0,0.0,128,True
baseline-bridge-505-+0.0-paper-0.6-128,baseline-bridge,505,0.0,2,prompt,255,255,0.0,0.0,1.0,0.0,0.0,112,False
baseline-bridge-505-+0.0-paper-0.6-128,baseline-bridge,505,0.0,2,generated,111,111,0.0,0.0,1.0,0.0,0.0,112,False
baseline-bridge-505-+0.0-paper-0.6-256,baseline-bridge,505,0.0,1,prompt,95,95,0.0,0.0,1.0,0.0,0.0,182,False
baseline-bridge-505-+0.0-paper-0.6-256,baseline-bridge,505,0.0,1,generated,181,181,0.0,0.0,1.0,0.0,0.0,182,False
baseline-bridge-505-+0.0-paper-0.6-256,baseline-bridge,505,0.0,2,prompt,308,308,0.0,0.0,1.0,0.0,0.0,156,False
baseline-bridge-505-+0.0-paper-0.6-256,baseline-bridge,505,0.0,2,generated,155,155,0.0,0.0,1.0,0.0,0.0,156,False
baseline-bridge-606-+0.0-notebook-0.5-128,baseline-bridge,606,0.0,1,prompt,91,91,0.0,0.0,1.0,0.0,0.0,87,False
baseline-bridge-606-+0.0-notebook-0.5-128,baseline-bridge,606,0.0,1,generated,86,86,0.0,0.0,1.0,0.0,0.0,87,False
baseline-bridge-606-+0.0-notebook-0.5-128,baseline-bridge,606,0.0,2,prompt,209,209,0.0,0.0,1.0,0.0,0.0,3,False
baseline-bridge-606-+0.0-notebook-0.5-128,baseline-bridge,606,0.0,2,generated,2,2,0.0,0.0,1.0,0.0,0.0,3,False
baseline-bridge-606-+0.0-notebook-0.5-256,baseline-bridge,606,0.0,1,prompt,91,91,0.0,0.0,1.0,0.0,0.0,87,False
baseline-bridge-606-+0.0-notebook-0.5-256,baseline-bridge,606,0.0,1,generated,86,86,0.0,0.0,1.0,0.0,0.0,87,False
baseline-bridge-606-+0.0-notebook-0.5-256,baseline-bridge,606,0.0,2,prompt,209,209,0.0,0.0,1.0,0.0,0.0,3,False
baseline-bridge-606-+0.0-notebook-0.5-256,baseline-bridge,606,0.0,2,generated,2,2,0.0,0.0,1.0,0.0,0.0,3,False
baseline-bridge-606-+0.0-notebook-0.6-256,baseline-bridge,606,0.0,1,prompt,91,91,0.0,0.0,1.0,0.0,0.0,92,False
baseline-bridge-606-+0.0-notebook-0.6-256,baseline-bridge,606,0.0,1,generated,91,91,0.0,0.0,1.0,0.0,0.0,92,False
baseline-bridge-606-+0.0-notebook-0.6-256,baseline-bridge,606,0.0,2,prompt,214,214,0.0,0.0,1.0,0.0,0.0,3,False
baseline-bridge-606-+0.0-notebook-0.6-256,baseline-bridge,606,0.0,2,generated,2,2,0.0,0.0,1.0,0.0,0.0,3,False
baseline-bridge-606-+0.0-paper-0.5-128,baseline-bridge,606,0.0,1,prompt,95,95,0.0,0.0,1.0,0.0,0.0,128,True
baseline-bridge-606-+0.0-paper-0.5-128,baseline-bridge,606,0.0,1,generated,127,127,0.0,0.0,1.0,0.0,0.0,128,True
baseline-bridge-606-+0.0-paper-0.5-128,baseline-bridge,606,0.0,2,prompt,255,255,0.0,0.0,1.0,0.0,0.0,125,False
baseline-bridge-606-+0.0-paper-0.5-128,baseline-bridge,606,0.0,2,generated,124,124,0.0,0.0,1.0,0.0,0.0,125,False
baseline-bridge-606-+0.0-paper-0.5-256,baseline-bridge,606,0.0,1,prompt,95,95,0.0,0.0,1.0,0.0,0.0,181,False
baseline-bridge-606-+0.0-paper-0.5-256,baseline-bridge,606,0.0,1,generated,180,180,0.0,0.0,1.0,0.0,0.0,181,False
baseline-bridge-606-+0.0-paper-0.5-256,baseline-bridge,606,0.0,2,prompt,307,307,0.0,0.0,1.0,0.0,0.0,143,False
baseline-bridge-606-+0.0-paper-0.5-256,baseline-bridge,606,0.0,2,generated,142,142,0.0,0.0,1.0,0.0,0.0,143,False
baseline-bridge-606-+0.0-paper-0.6-128,baseline-bridge,606,0.0,1,prompt,95,95,0.0,0.0,1.0,0.0,0.0,115,False
baseline-bridge-606-+0.0-paper-0.6-128,baseline-bridge,606,0.0,1,generated,114,114,0.0,0.0,1.0,0.0,0.0,115,False
baseline-bridge-606-+0.0-paper-0.6-128,baseline-bridge,606,0.0,2,prompt,241,241,0.0,0.0,1.0,0.0,0.0,128,True
baseline-bridge-606-+0.0-paper-0.6-128,baseline-bridge,606,0.0,2,generated,127,127,0.0,0.0,1.0,0.0,0.0,128,True
baseline-bridge-606-+0.0-paper-0.6-256,baseline-bridge,606,0.0,1,prompt,95,95,0.0,0.0,1.0,0.0,0.0,115,False
baseline-bridge-606-+0.0-paper-0.6-256,baseline-bridge,606,0.0,1,generated,114,114,0.0,0.0,1.0,0.0,0.0,115,False
baseline-bridge-606-+0.0-paper-0.6-256,baseline-bridge,606,0.0,2,prompt,241,241,0.0,0.0,1.0,0.0,0.0,133,False
baseline-bridge-606-+0.0-paper-0.6-256,baseline-bridge,606,0.0,2,generated,132,132,0.0,0.0,1.0,0.0,0.0,133,False
baseline-bridge-707-+0.0-notebook-0.5-128,baseline-bridge,707,0.0,1,prompt,91,91,0.0,0.0,1.0,0.0,0.0,50,False
baseline-bridge-707-+0.0-notebook-0.5-128,baseline-bridge,707,0.0,1,generated,49,49,0.0,0.0,1.0,0.0,0.0,50,False
baseline-bridge-707-+0.0-notebook-0.5-128,baseline-bridge,707,0.0,2,prompt,172,172,0.0,0.0,1.0,0.0,0.0,81,False
baseline-bridge-707-+0.0-notebook-0.5-128,baseline-bridge,707,0.0,2,generated,80,80,0.0,0.0,1.0,0.0,0.0,81,False
baseline-bridge-707-+0.0-notebook-0.5-256,baseline-bridge,707,0.0,1,prompt,91,91,0.0,0.0,1.0,0.0,0.0,50,False
baseline-bridge-707-+0.0-notebook-0.5-256,baseline-bridge,707,0.0,1,generated,49,49,0.0,0.0,1.0,0.0,0.0,50,False
baseline-bridge-707-+0.0-notebook-0.5-256,baseline-bridge,707,0.0,2,prompt,172,172,0.0,0.0,1.0,0.0,0.0,81,False
baseline-bridge-707-+0.0-notebook-0.5-256,baseline-bridge,707,0.0,2,generated,80,80,0.0,0.0,1.0,0.0,0.0,81,False
baseline-bridge-707-+0.0-notebook-0.6-256,baseline-bridge,707,0.0,1,prompt,91,91,0.0,0.0,1.0,0.0,0.0,50,False
baseline-bridge-707-+0.0-notebook-0.6-256,baseline-bridge,707,0.0,1,generated,49,49,0.0,0.0,1.0,0.0,0.0,50,False
baseline-bridge-707-+0.0-notebook-0.6-256,baseline-bridge,707,0.0,2,prompt,172,172,0.0,0.0,1.0,0.0,0.0,82,False
baseline-bridge-707-+0.0-notebook-0.6-256,baseline-bridge,707,0.0,2,generated,81,81,0.0,0.0,1.0,0.0,0.0,82,False
baseline-bridge-707-+0.0-paper-0.5-128,baseline-bridge,707,0.0,1,prompt,95,95,0.0,0.0,1.0,0.0,0.0,118,False
baseline-bridge-707-+0.0-paper-0.5-128,baseline-bridge,707,0.0,1,generated,117,117,0.0,0.0,1.0,0.0,0.0,118,False
baseline-bridge-707-+0.0-paper-0.5-128,baseline-bridge,707,0.0,2,prompt,244,244,0.0,0.0,1.0,0.0,0.0,128,True
baseline-bridge-707-+0.0-paper-0.5-128,baseline-bridge,707,0.0,2,generated,127,127,0.0,0.0,1.0,0.0,0.0,128,True
baseline-bridge-707-+0.0-paper-0.5-256,baseline-bridge,707,0.0,1,prompt,95,95,0.0,0.0,1.0,0.0,0.0,118,False
baseline-bridge-707-+0.0-paper-0.5-256,baseline-bridge,707,0.0,1,generated,117,117,0.0,0.0,1.0,0.0,0.0,118,False
baseline-bridge-707-+0.0-paper-0.5-256,baseline-bridge,707,0.0,2,prompt,244,244,0.0,0.0,1.0,0.0,0.0,133,False
baseline-bridge-707-+0.0-paper-0.5-256,baseline-bridge,707,0.0,2,generated,132,132,0.0,0.0,1.0,0.0,0.0,133,False
baseline-bridge-707-+0.0-paper-0.6-128,baseline-bridge,707,0.0,1,prompt,95,95,0.0,0.0,1.0,0.0,0.0,106,False
baseline-bridge-707-+0.0-paper-0.6-128,baseline-bridge,707,0.0,1,generated,105,105,0.0,0.0,1.0,0.0,0.0,106,False
baseline-bridge-707-+0.0-paper-0.6-128,baseline-bridge,707,0.0,2,prompt,232,232,0.0,0.0,1.0,0.0,0.0,120,False
baseline-bridge-707-+0.0-paper-0.6-128,baseline-bridge,707,0.0,2,generated,119,119,0.0,0.0,1.0,0.0,0.0,120,False
baseline-bridge-707-+0.0-paper-0.6-256,baseline-bridge,707,0.0,1,prompt,95,95,0.0,0.0,1.0,0.0,0.0,106,False
baseline-bridge-707-+0.0-paper-0.6-256,baseline-bridge,707,0.0,1,generated,105,105,0.0,0.0,1.0,0.0,0.0,106,False
baseline-bridge-707-+0.0-paper-0.6-256,baseline-bridge,707,0.0,2,prompt,232,232,0.0,0.0,1.0,0.0,0.0,120,False
baseline-bridge-707-+0.0-paper-0.6-256,baseline-bridge,707,0.0,2,generated,119,119,0.0,0.0,1.0,0.0,0.0,120,False
baseline-bridge-808-+0.0-notebook-0.5-128,baseline-bridge,808,0.0,1,prompt,91,91,0.0,0.0,1.0,0.0,0.0,81,False
baseline-bridge-808-+0.0-notebook-0.5-128,baseline-bridge,808,0.0,1,generated,80,80,0.0,0.0,1.0,0.0,0.0,81,False
baseline-bridge-808-+0.0-notebook-0.5-128,baseline-bridge,808,0.0,2,prompt,203,203,0.0,0.0,1.0,0.0,0.0,94,False
baseline-bridge-808-+0.0-notebook-0.5-128,baseline-bridge,808,0.0,2,generated,93,93,0.0,0.0,1.0,0.0,0.0,94,False
baseline-bridge-808-+0.0-notebook-0.5-256,baseline-bridge,808,0.0,1,prompt,91,91,0.0,0.0,1.0,0.0,0.0,81,False
baseline-bridge-808-+0.0-notebook-0.5-256,baseline-bridge,808,0.0,1,generated,80,80,0.0,0.0,1.0,0.0,0.0,81,False
baseline-bridge-808-+0.0-notebook-0.5-256,baseline-bridge,808,0.0,2,prompt,203,203,0.0,0.0,1.0,0.0,0.0,94,False
baseline-bridge-808-+0.0-notebook-0.5-256,baseline-bridge,808,0.0,2,generated,93,93,0.0,0.0,1.0,0.0,0.0,94,False
baseline-bridge-808-+0.0-notebook-0.6-256,baseline-bridge,808,0.0,1,prompt,91,91,0.0,0.0,1.0,0.0,0.0,81,False
baseline-bridge-808-+0.0-notebook-0.6-256,baseline-bridge,808,0.0,1,generated,80,80,0.0,0.0,1.0,0.0,0.0,81,False
baseline-bridge-808-+0.0-notebook-0.6-256,baseline-bridge,808,0.0,2,prompt,203,203,0.0,0.0,1.0,0.0,0.0,94,False
baseline-bridge-808-+0.0-notebook-0.6-256,baseline-bridge,808,0.0,2,generated,93,93,0.0,0.0,1.0,0.0,0.0,94,False
baseline-bridge-808-+0.0-paper-0.5-128,baseline-bridge,808,0.0,1,prompt,95,95,0.0,0.0,1.0,0.0,0.0,128,True
baseline-bridge-808-+0.0-paper-0.5-128,baseline-bridge,808,0.0,1,generated,127,127,0.0,0.0,1.0,0.0,0.0,128,True
baseline-bridge-808-+0.0-paper-0.5-128,baseline-bridge,808,0.0,2,prompt,255,255,0.0,0.0,1.0,0.0,0.0,128,True
baseline-bridge-808-+0.0-paper-0.5-128,baseline-bridge,808,0.0,2,generated,127,127,0.0,0.0,1.0,0.0,0.0,128,True
baseline-bridge-808-+0.0-paper-0.5-256,baseline-bridge,808,0.0,1,prompt,95,95,0.0,0.0,1.0,0.0,0.0,256,True
baseline-bridge-808-+0.0-paper-0.5-256,baseline-bridge,808,0.0,1,generated,255,255,0.0,0.0,1.0,0.0,0.0,256,True
baseline-bridge-808-+0.0-paper-0.5-256,baseline-bridge,808,0.0,2,prompt,383,383,0.0,0.0,1.0,0.0,0.0,212,False
baseline-bridge-808-+0.0-paper-0.5-256,baseline-bridge,808,0.0,2,generated,211,211,0.0,0.0,1.0,0.0,0.0,212,False
baseline-bridge-808-+0.0-paper-0.6-128,baseline-bridge,808,0.0,1,prompt,95,95,0.0,0.0,1.0,0.0,0.0,128,True
baseline-bridge-808-+0.0-paper-0.6-128,baseline-bridge,808,0.0,1,generated,127,127,0.0,0.0,1.0,0.0,0.0,128,True
baseline-bridge-808-+0.0-paper-0.6-128,baseline-bridge,808,0.0,2,prompt,255,255,0.0,0.0,1.0,0.0,0.0,128,True
baseline-bridge-808-+0.0-paper-0.6-128,baseline-bridge,808,0.0,2,generated,127,127,0.0,0.0,1.0,0.0,0.0,128,True
baseline-bridge-808-+0.0-paper-0.6-256,baseline-bridge,808,0.0,1,prompt,95,95,0.0,0.0,1.0,0.0,0.0,256,True
baseline-bridge-808-+0.0-paper-0.6-256,baseline-bridge,808,0.0,1,generated,255,255,0.0,0.0,1.0,0.0,0.0,256,True
baseline-bridge-808-+0.0-paper-0.6-256,baseline-bridge,808,0.0,2,prompt,383,383,0.0,0.0,1.0,0.0,0.0,238,False
baseline-bridge-808-+0.0-paper-0.6-256,baseline-bridge,808,0.0,2,generated,237,237,0.0,0.0,1.0,0.0,0.0,238,False
baseline-bridge-909-+0.0-notebook-0.5-128,baseline-bridge,909,0.0,1,prompt,91,91,0.0,0.0,1.0,0.0,0.0,81,False
baseline-bridge-909-+0.0-notebook-0.5-128,baseline-bridge,909,0.0,1,generated,80,80,0.0,0.0,1.0,0.0,0.0,81,False
baseline-bridge-909-+0.0-notebook-0.5-128,baseline-bridge,909,0.0,2,prompt,203,203,0.0,0.0,1.0,0.0,0.0,89,False
baseline-bridge-909-+0.0-notebook-0.5-128,baseline-bridge,909,0.0,2,generated,88,88,0.0,0.0,1.0,0.0,0.0,89,False
baseline-bridge-909-+0.0-notebook-0.5-256,baseline-bridge,909,0.0,1,prompt,91,91,0.0,0.0,1.0,0.0,0.0,81,False
baseline-bridge-909-+0.0-notebook-0.5-256,baseline-bridge,909,0.0,1,generated,80,80,0.0,0.0,1.0,0.0,0.0,81,False
baseline-bridge-909-+0.0-notebook-0.5-256,baseline-bridge,909,0.0,2,prompt,203,203,0.0,0.0,1.0,0.0,0.0,89,False
baseline-bridge-909-+0.0-notebook-0.5-256,baseline-bridge,909,0.0,2,generated,88,88,0.0,0.0,1.0,0.0,0.0,89,False
baseline-bridge-909-+0.0-notebook-0.6-256,baseline-bridge,909,0.0,1,prompt,91,91,0.0,0.0,1.0,0.0,0.0,81,False
baseline-bridge-909-+0.0-notebook-0.6-256,baseline-bridge,909,0.0,1,generated,80,80,0.0,0.0,1.0,0.0,0.0,81,False
baseline-bridge-909-+0.0-notebook-0.6-256,baseline-bridge,909,0.0,2,prompt,203,203,0.0,0.0,1.0,0.0,0.0,89,False
baseline-bridge-909-+0.0-notebook-0.6-256,baseline-bridge,909,0.0,2,generated,88,88,0.0,0.0,1.0,0.0,0.0,89,False
baseline-bridge-909-+0.0-paper-0.5-128,baseline-bridge,909,0.0,1,prompt,95,95,0.0,0.0,1.0,0.0,0.0,128,True
baseline-bridge-909-+0.0-paper-0.5-128,baseline-bridge,909,0.0,1,generated,127,127,0.0,0.0,1.0,0.0,0.0,128,True
baseline-bridge-909-+0.0-paper-0.5-128,baseline-bridge,909,0.0,2,prompt,255,255,0.0,0.0,1.0,0.0,0.0,128,True
baseline-bridge-909-+0.0-paper-0.5-128,baseline-bridge,909,0.0,2,generated,127,127,0.0,0.0,1.0,0.0,0.0,128,True
baseline-bridge-909-+0.0-paper-0.5-256,baseline-bridge,909,0.0,1,prompt,95,95,0.0,0.0,1.0,0.0,0.0,152,False
baseline-bridge-909-+0.0-paper-0.5-256,baseline-bridge,909,0.0,1,generated,151,151,0.0,0.0,1.0,0.0,0.0,152,False
baseline-bridge-909-+0.0-paper-0.5-256,baseline-bridge,909,0.0,2,prompt,278,278,0.0,0.0,1.0,0.0,0.0,124,False
baseline-bridge-909-+0.0-paper-0.5-256,baseline-bridge,909,0.0,2,generated,123,123,0.0,0.0,1.0,0.0,0.0,124,False
baseline-bridge-909-+0.0-paper-0.6-128,baseline-bridge,909,0.0,1,prompt,95,95,0.0,0.0,1.0,0.0,0.0,128,True
baseline-bridge-909-+0.0-paper-0.6-128,baseline-bridge,909,0.0,1,generated,127,127,0.0,0.0,1.0,0.0,0.0,128,True
baseline-bridge-909-+0.0-paper-0.6-128,baseline-bridge,909,0.0,2,prompt,255,255,0.0,0.0,1.0,0.0,0.0,128,True
baseline-bridge-909-+0.0-paper-0.6-128,baseline-bridge,909,0.0,2,generated,127,127,0.0,0.0,1.0,0.0,0.0,128,True
baseline-bridge-909-+0.0-paper-0.6-256,baseline-bridge,909,0.0,1,prompt,95,95,0.0,0.0,1.0,0.0,0.0,256,True
baseline-bridge-909-+0.0-paper-0.6-256,baseline-bridge,909,0.0,1,generated,255,255,0.0,0.0,1.0,0.0,0.0,256,True
baseline-bridge-909-+0.0-paper-0.6-256,baseline-bridge,909,0.0,2,prompt,383,383,0.0,0.0,1.0,0.0,0.0,256,True
baseline-bridge-909-+0.0-paper-0.6-256,baseline-bridge,909,0.0,2,generated,255,255,0.0,0.0,1.0,0.0,0.0,256,True
feature-22004-1001-+0.0-notebook-0.6-128,feature-22004,1001,0.0,1,prompt,91,91,0.0,0.0,1.0,0.0,0.0,128,True
feature-22004-1001-+0.0-notebook-0.6-128,feature-22004,1001,0.0,1,generated,127,127,0.0,0.0,1.0,0.0,0.0,128,True
feature-22004-1001-+0.0-notebook-0.6-128,feature-22004,1001,0.0,2,prompt,250,250,0.0,0.0,1.0,0.0,0.0,89,False
feature-22004-1001-+0.0-notebook-0.6-128,feature-22004,1001,0.0,2,generated,88,88,0.0,0.0,1.0,0.0,0.0,89,False
feature-22004-1001-+0.1-notebook-0.6-128,feature-22004,1001,0.1,1,prompt,91,0,0.12245634943246841,0.1253100335597992,0.9667371819307516,0.26064692028276215,0.005866141086329123,128,True
feature-22004-1001-+0.1-notebook-0.6-128,feature-22004,1001,0.1,1,generated,127,0,0.12245634943246841,0.1255197451691928,0.9615212890106862,0.2809469229358388,0.005793868010409001,128,True
feature-22004-1001-+0.1-notebook-0.6-128,feature-22004,1001,0.1,2,prompt,250,0,0.12245634943246841,0.1254656384587288,0.9641662979125977,0.270682655274868,0.005874818403157405,89,False
feature-22004-1001-+0.1-notebook-0.6-128,feature-22004,1001,0.1,2,generated,88,0,0.12245634943246841,0.1265042922882871,0.9578392525965517,0.2959761236878959,0.005731325903484089,89,False
feature-22004-1001-+0.2-notebook-0.6-128,feature-22004,1001,0.2,1,prompt,91,0,0.24491269886493683,0.24647884496620723,0.9896549700380681,0.14333475880570465,0.011540932961097396,128,True
feature-22004-1001-+0.2-notebook-0.6-128,feature-22004,1001,0.2,1,generated,127,0,0.24491269886493683,0.2472595554871822,0.988738131804729,0.15069839094332824,0.011417224665913056,128,True
feature-22004-1001-+0.2-notebook-0.6-128,feature-22004,1001,0.2,2,prompt,250,0,0.24491269886493683,0.2468598622083664,0.989265298128128,0.14647743770480157,0.011562556343735196,89,False
feature-22004-1001-+0.2-notebook-0.6-128,feature-22004,1001,0.2,2,generated,88,0,0.24491269886493683,0.24753013913604346,0.9885446632450278,0.15189773758704012,0.011218452836725522,89,False
feature-22004-1001-+0.3-notebook-0.6-128,feature-22004,1001,0.3,1,prompt,91,0,0.36736905574798584,0.36815049851333703,0.9944693478909168,0.1035167565876311,0.017236984669740035,128,True
feature-22004-1001-+0.3-notebook-0.6-128,feature-22004,1001,0.3,1,generated,127,0,0.36736905574798584,0.3685195495293835,0.9946559737986467,0.10285753844760534,0.017017228184194547,128,True
feature-22004-1001-+0.3-notebook-0.6-128,feature-22004,1001,0.3,2,prompt,250,0,0.36736905574798584,0.36837081360816953,0.9946207962036133,0.10260135565698147,0.017254491983796468,89,False
feature-22004-1001-+0.3-notebook-0.6-128,feature-22004,1001,0.3,2,generated,88,0,0.36736905574798584,0.36937483433972707,0.9950496114113114,0.09943435374986041,0.016741410352882336,89,False
feature-22004-1001-+0.4-notebook-0.6-128,feature-22004,1001,0.4,1,prompt,91,0,0.48982539772987366,0.4922613102001148,0.996990985922761,0.07675665932206008,0.023039289150811774,70,False
feature-22004-1001-+0.4-notebook-0.6-128,feature-22004,1001,0.4,1,generated,69,0,0.48982539772987366,0.49154839869858563,0.9968949495882228,0.07864305015275444,0.021774967106572098,70,False
feature-22004-1001-+0.4-notebook-0.6-128,feature-22004,1001,0.4,2,prompt,192,0,0.48982539772987366,0.4919347550409536,0.9969982315475742,0.07687555158433194,0.022788801698273648,56,False
feature-22004-1001-+0.4-notebook-0.6-128,feature-22004,1001,0.4,2,generated,55,0,0.48982539772987366,0.491149042411284,0.9968826315619729,0.07894597148353404,0.02115424945950508,56,False
feature-22004-1001-+0.5-notebook-0.6-128,feature-22004,1001,0.5,1,prompt,91,0,0.6122817397117615,0.6135092004314884,0.998242587178618,0.05849160266282794,0.02871737050680587,70,False
feature-22004-1001-+0.5-notebook-0.6-128,feature-22004,1001,0.5,1,generated,69,0,0.6122817397117615,0.6126780959143154,0.9979503353436788,0.0639255295197169,0.02714106472937957,70,False
feature-22004-1001-+0.5-notebook-0.6-128,feature-22004,1001,0.5,2,prompt,192,0,0.6122817397117615,0.613182194220523,0.9981558645764986,0.06014847555585826,0.028408042294662057,56,False
feature-22004-1001-+0.5-notebook-0.6-128,feature-22004,1001,0.5,2,generated,55,0,0.6122817397117615,0.6129240068522367,0.9978931860490279,0.06483245566487313,0.026399022645571014,56,False
feature-22004-1001-+0.6-notebook-0.6-128,feature-22004,1001,0.6,1,prompt,91,0,0.7347381114959717,0.7356576775456523,0.9988914472716195,0.04595554939338139,0.03443757421273103,54,False
feature-22004-1001-+0.6-notebook-0.6-128,feature-22004,1001,0.6,1,generated,53,0,0.7347381114959717,0.7361546608636964,0.9987610409844596,0.049717278623918316,0.03227868489921093,54,False
feature-22004-1001-+0.6-notebook-0.6-128,feature-22004,1001,0.6,2,prompt,176,0,0.7347381114959717,0.7358303266492757,0.9988647320053794,0.046849357398142194,0.03413443314539935,54,False
feature-22004-1001-+0.6-notebook-0.6-128,feature-22004,1001,0.6,2,generated,53,0,0.7347381114959717,0.735977792514945,0.998677910498853,0.051404018236218756,0.03174850067018338,54,False
feature-22004-1001-+0.7-notebook-0.6-128,feature-22004,1001,0.7,1,prompt,91,0,0.8571944236755371,0.8578373383689712,0.9991732554121332,0.039489067415450954,0.04015571517603738,70,False
feature-22004-1001-+0.7-notebook-0.6-128,feature-22004,1001,0.7,1,generated,69,0,0.8571943640708923,0.8575429415357285,0.9991283649983613,0.04161467092732588,0.03798937937919644,70,False
feature-22004-1001-+0.7-notebook-0.6-128,feature-22004,1001,0.7,2,prompt,192,0,0.8571944236755371,0.8576851114630699,0.9991678049166998,0.04000016339705326,0.03973692067665979,56,False
feature-22004-1001-+0.7-notebook-0.6-128,feature-22004,1001,0.7,2,generated,55,0,0.8571943640708923,0.857714628089558,0.9990027091719887,0.044594922932711514,0.03694265769286589,56,False
feature-22004-1001--0.1-notebook-0.6-128,feature-22004,1001,-0.1,1,prompt,91,0,0.12245634943246841,0.1252920572738071,0.9667402256976118,0.2606029739746681,0.005865379127739049,128,True
feature-22004-1001--0.1-notebook-0.6-128,feature-22004,1001,-0.1,1,generated,127,0,0.12245634943246841,0.1255034057526138,0.9615246799048476,0.28091102204923557,0.0057931161140949705,128,True
feature-22004-1001--0.1-notebook-0.6-128,feature-22004,1001,-0.1,2,prompt,250,0,0.12245634943246841,0.12545020976662635,0.9641783349514007,0.2706139224767685,0.005874173155461904,89,False
feature-22004-1001--0.1-notebook-0.6-128,feature-22004,1001,-0.1,2,generated,88,0,0.12245634943246841,0.12648536561226303,0.9578283916820179,0.29598443582654,0.0057304550851271915,89,False
feature-22004-1001--0.2-notebook-0.6-128,feature-22004,1001,-0.2,1,prompt,91,0,0.24491269886493683,0.24648013776475255,0.9896849138396127,0.14314095413946842,0.011540937682634199,128,True
feature-22004-1001--0.2-notebook-0.6-128,feature-22004,1001,-0.2,1,generated,127,0,0.24491269886493683,0.24724769404553992,0.9887513720144437,0.15061364299434377,0.01141667302961894,128,True
feature-22004-1001--0.2-notebook-0.6-128,feature-22004,1001,-0.2,2,prompt,250,0,0.24491269886493683,0.24686535495519638,0.9892876691818238,0.1463375578224659,0.011562800616025925,89,False
feature-22004-1001--0.2-notebook-0.6-128,feature-22004,1001,-0.2,2,generated,88,0,0.24491269886493683,0.24756026538935574,0.9885538843545046,0.15184485793791033,0.011219858244823461,89,False
feature-22004-1001--0.3-notebook-0.6-128,feature-22004,1001,-0.3,1,prompt,91,0,0.36736905574798584,0.368177361540742,0.9945055600051042,0.10317547905903596,0.017238404899886758,128,True
feature-22004-1001--0.3-notebook-0.6-128,feature-22004,1001,-0.3,1,generated,127,0,0.36736905574798584,0.3684843785650148,0.9946612668788339,0.10280033717239935,0.017015659345651236,128,True
feature-22004-1001--0.3-notebook-0.6-128,feature-22004,1001,-0.3,2,prompt,250,0,0.36736905574798584,0.3683432706594467,0.9946350212097168,0.10246131838858127,0.01725330312596634,89,False
feature-22004-1001--0.3-notebook-0.6-128,feature-22004,1001,-0.3,2,generated,88,0,0.36736905574798584,0.36931765553626145,0.9950577562505548,0.09931667894124985,0.016738758443600753,89,False
feature-22004-1001--0.4-notebook-0.6-128,feature-22004,1001,-0.4,1,prompt,91,0,0.48982539772987366,0.4921931706287049,0.9970034007187728,0.07656853212105048,0.023036349478438703,128,True
feature-22004-1001--0.4-notebook-0.6-128,feature-22004,1001,-0.4,1,generated,127,0,0.48982539772987366,0.49167157627466157,0.9970389693740784,0.0767573016131018,0.022704836215794555,128,True
feature-22004-1001--0.4-notebook-0.6-128,feature-22004,1001,-0.4,2,prompt,250,0,0.48982539772987366,0.4918909113407135,0.9970441083908081,0.07632330828905105,0.02303682422474958,89,False
feature-22004-1001--0.4-notebook-0.6-128,feature-22004,1001,-0.4,2,generated,88,0,0.48982539772987366,0.49092190712690353,0.9971577498045835,0.07513513932512565,0.022251989650116724,89,False
feature-22004-1001--0.5-notebook-0.6-128,feature-22004,1001,-0.5,1,prompt,91,0,0.6122817397117615,0.6135123169029152,0.9982456243955172,0.058412580003777706,0.028717646968249067,128,True
feature-22004-1001--0.5-notebook-0.6-128,feature-22004,1001,-0.5,1,generated,127,0,0.6122817397117615,0.6127219880659749,0.9981104205912492,0.06131280366126008,0.028294924631949485,128,True
feature-22004-1001--0.5-notebook-0.6-128,feature-22004,1001,-0.5,2,prompt,250,0,0.6122817397117615,0.6131262149810791,0.9981867878437042,0.05970622444152832,0.02871606818935834,88,False
feature-22004-1001--0.5-notebook-0.6-128,feature-22004,1001,-0.5,2,generated,87,0,0.6122817397117615,0.6128631480808916,0.9980130284682087,0.06290275492202277,0.027480261550209988,88,False
feature-22004-1001--0.6-notebook-0.6-128,feature-22004,1001,-0.6,1,prompt,91,0,0.7347381114959717,0.7356605608384688,0.9988933618252094,0.04591737798118329,0.034437949561954034,128,True
feature-22004-1001--0.6-notebook-0.6-128,feature-22004,1001,-0.6,1,generated,127,0,0.7347381114959717,0.7359866978615288,0.9989028136561237,0.04667816173255913,0.03398722165271523,128,True
feature-22004-1001--0.6-notebook-0.6-128,feature-22004,1001,-0.6,2,prompt,250,0,0.7347381114959717,0.7358479480743408,0.9989086527824402,0.04608030050247908,0.03446551856677979,88,False
feature-22004-1001--0.6-notebook-0.6-128,feature-22004,1001,-0.6,2,generated,87,0,0.7347381114959717,0.7359242836634318,0.9987790057028847,0.04931492705283494,0.032999401976322305,88,False
feature-22004-1001--0.7-notebook-0.6-128,feature-22004,1001,-0.7,1,prompt,91,0,0.8571944236755371,0.857817156629248,0.9991745202095954,0.03945231924836452,0.04015521271855335,128,True
feature-22004-1001--0.7-notebook-0.6-128,feature-22004,1001,-0.7,1,generated,127,0,0.8571943640708923,0.857468460957835,0.9992096672846577,0.03955120292646209,0.03959800379248116,128,True
feature-22004-1001--0.7-notebook-0.6-128,feature-22004,1001,-0.7,2,prompt,250,0,0.8571944236755371,0.8576406021118164,0.9992022416591644,0.039273600496351715,0.04016936848545447,88,False
feature-22004-1001--0.7-notebook-0.6-128,feature-22004,1001,-0.7,2,generated,87,0,0.8571943640708923,0.8576390160911385,0.9990962147712708,0.04237780987616928,0.03845697718447652,88,False
feature-22004-101-+0.0-notebook-0.6-128,feature-22004,101,0.0,1,prompt,91,91,0.0,0.0,1.0,0.0,0.0,94,False
feature-22004-101-+0.0-notebook-0.6-128,feature-22004,101,0.0,1,generated,93,93,0.0,0.0,1.0,0.0,0.0,94,False
feature-22004-101-+0.0-notebook-0.6-128,feature-22004,101,0.0,2,prompt,216,216,0.0,0.0,1.0,0.0,0.0,60,False
feature-22004-101-+0.0-notebook-0.6-128,feature-22004,101,0.0,2,generated,59,59,0.0,0.0,1.0,0.0,0.0,60,False
feature-22004-101-+0.1-notebook-0.6-128,feature-22004,101,0.1,1,prompt,91,0,0.12245634943246841,0.1253100335597992,0.9667371819307516,0.26064692028276215,0.005866141086329123,94,False
feature-22004-101-+0.1-notebook-0.6-128,feature-22004,101,0.1,1,generated,93,0,0.12245634943246841,0.12581730465735158,0.9591136523472366,0.2902478995502636,0.005686112218886935,94,False
feature-22004-101-+0.1-notebook-0.6-128,feature-22004,101,0.1,2,prompt,216,0,0.12245634943246841,0.12555219577970328,0.9636576081867572,0.2725765097334429,0.005848226148103735,60,False
feature-22004-101-+0.1-notebook-0.6-128,feature-22004,101,0.1,2,generated,59,0,0.12245634943246841,0.12636903294567334,0.9571861523692891,0.2986550775624938,0.00563673701105734,60,False
feature-22004-101-+0.2-notebook-0.6-128,feature-22004,101,0.2,1,prompt,91,0,0.24491269886493683,0.24647884496620723,0.9896549700380681,0.14333475880570465,0.011540932961097396,94,False
feature-22004-101-+0.2-notebook-0.6-128,feature-22004,101,0.2,1,generated,93,0,0.24491269886493683,0.24743602224575575,0.9883972765297018,0.15300698482221173,0.011186679614888083,94,False
feature-22004-101-+0.2-notebook-0.6-128,feature-22004,101,0.2,2,prompt,216,0,0.24491269886493683,0.24686385118575008,0.9892094516091876,0.146768175755386,0.011501867990941887,101,False
feature-22004-101-+0.2-notebook-0.6-128,feature-22004,101,0.2,2,generated,100,0,0.24491269886493683,0.24766672685742377,0.9882415461540223,0.15433720916509627,0.011033857762813569,101,False
feature-22004-101-+0.3-notebook-0.6-128,feature-22004,101,0.3,1,prompt,91,0,0.36736905574798584,0.36815049851333703,0.9944693478909168,0.1035167565876311,0.017236984669740035,94,False
feature-22004-101-+0.3-notebook-0.6-128,feature-22004,101,0.3,1,generated,93,0,0.36736905574798584,0.3685890346445063,0.9945835375016735,0.10356268799433144,0.01666477410703577,94,False
feature-22004-101-+0.3-notebook-0.6-128,feature-22004,101,0.3,2,prompt,216,0,0.36736905574798584,0.3683766972411562,0.9945886336542942,0.10284991438190143,0.017164279485667875,93,False
feature-22004-101-+0.3-notebook-0.6-128,feature-22004,101,0.3,2,generated,92,0,0.36736905574798584,0.3692961390251699,0.9948373734951019,0.10173381419609422,0.016355744957842904,93,False
feature-22004-101-+0.4-notebook-0.6-128,feature-22004,101,0.4,1,prompt,91,0,0.48982539772987366,0.4922613102001148,0.996990985922761,0.07675665932206008,0.023039289150811774,94,False
feature-22004-101-+0.4-notebook-0.6-128,feature-22004,101,0.4,1,generated,93,0,0.48982539772987366,0.4913953238277025,0.9969739728076483,0.07754189473006033,0.022216948710622325,94,False
feature-22004-101-+0.4-notebook-0.6-128,feature-22004,101,0.4,2,prompt,216,0,0.48982539772987366,0.4918606791783262,0.997021985274774,0.07659221569904023,0.02291394447389326,60,False
feature-22004-101-+0.4-notebook-0.6-128,feature-22004,101,0.4,2,generated,59,0,0.48982539772987366,0.49116790294647217,0.9970534767134714,0.07674372789718337,0.021912707268434056,60,False
feature-22004-101-+0.5-notebook-0.6-128,feature-22004,101,0.5,1,prompt,91,0,0.6122817397117615,0.6135092004314884,0.998242587178618,0.05849160266282794,0.02871737050680587,94,False
feature-22004-101-+0.5-notebook-0.6-128,feature-22004,101,0.5,1,generated,93,0,0.6122817397117615,0.6127736068541004,0.9980397974291155,0.06248346972529606,0.027704704673059525,94,False
feature-22004-101-+0.5-notebook-0.6-128,feature-22004,101,0.5,2,prompt,216,0,0.6122817397117615,0.6131803845917737,0.9981760192248557,0.05986201664846805,0.028567680553317553,102,False
feature-22004-101-+0.5-notebook-0.6-128,feature-22004,101,0.5,2,generated,101,0,0.6122817397117615,0.6127238131985806,0.9979985627797571,0.06316426968072901,0.027333096554963895,102,False
feature-22004-101-+0.6-notebook-0.6-128,feature-22004,101,0.6,1,prompt,91,0,0.7347381114959717,0.7356576775456523,0.9988914472716195,0.04595554939338139,0.03443757421273103,94,False
feature-22004-101-+0.6-notebook-0.6-128,feature-22004,101,0.6,1,generated,93,0,0.7347381114959717,0.7360830012188163,0.9988185917177508,0.04843375964030143,0.033280682419576955,94,False
feature-22004-101-+0.6-notebook-0.6-128,feature-22004,101,0.6,2,prompt,216,0,0.7347381114959717,0.735843884172263,0.9988735555498688,0.04675324520751558,0.03428409155970224,101,False
feature-22004-101-+0.6-notebook-0.6-128,feature-22004,101,0.6,2,generated,100,0,0.7347381114959717,0.7358270627260208,0.9987482291460037,0.04997379422187805,0.03278386045247316,101,False
feature-22004-101-+0.7-notebook-0.6-128,feature-22004,101,0.7,1,prompt,91,0,0.8571944236755371,0.8578373383689712,0.9991732554121332,0.039489067415450954,0.04015571517603738,94,False
feature-22004-101-+0.7-notebook-0.6-128,feature-22004,101,0.7,1,generated,93,0,0.8571943640708923,0.857573297075046,0.9991468646193064,0.04107895353308288,0.038774185483494115,94,False
feature-22004-101-+0.7-notebook-0.6-128,feature-22004,101,0.7,2,prompt,216,0,0.8571944236755371,0.8577282158312974,0.9991746969796993,0.0398829267963905,0.039961642378734216,60,False
feature-22004-101-+0.7-notebook-0.6-128,feature-22004,101,0.7,2,generated,59,0,0.8571943640708923,0.857670447583926,0.9990718485945362,0.043014624171842965,0.038263367836253115,60,False
feature-22004-101--0.1-notebook-0.6-128,feature-22004,101,-0.1,1,prompt,91,0,0.12245634943246841,0.1252920572738071,0.9667402256976118,0.2606029739746681,0.005865379127739049,94,False
feature-22004-101--0.1-notebook-0.6-128,feature-22004,101,-0.1,1,generated,93,0,0.12245634943246841,0.1258053816454385,0.9590916300332675,0.290296902900101,0.0056855493595683445,94,False
feature-22004-101--0.1-notebook-0.6-128,feature-22004,101,-0.1,2,prompt,216,0,0.12245634943246841,0.12554475006267982,0.9636596157043068,0.2725556603184453,0.005847911819795694,123,False
feature-22004-101--0.1-notebook-0.6-128,feature-22004,101,-0.1,2,generated,122,0,0.12245634943246841,0.12649309775624118,0.9577342354860462,0.29676620869851505,0.005672547069271324,123,False
feature-22004-101--0.2-notebook-0.6-128,feature-22004,101,-0.2,1,prompt,91,0,0.24491269886493683,0.24648013776475255,0.9896849138396127,0.14314095413946842,0.011540937682634199,94,False
feature-22004-101--0.2-notebook-0.6-128,feature-22004,101,-0.2,1,generated,93,0,0.24491269886493683,0.24742163477405424,0.9884050642290423,0.1529453854246806,0.011186071311033541,94,False
feature-22004-101--0.2-notebook-0.6-128,feature-22004,101,-0.2,2,prompt,216,0,0.24491269886493683,0.24688370070523685,0.9892476214854805,0.14651669727431404,0.011502879648038221,60,False
feature-22004-101--0.2-notebook-0.6-128,feature-22004,101,-0.2,2,generated,59,0,0.24491269886493683,0.24764523011142925,0.9883743837728338,0.153509987107778,0.011047601210490123,60,False
feature-22004-101--0.3-notebook-0.6-128,feature-22004,101,-0.3,1,prompt,91,0,0.36736905574798584,0.368177361540742,0.9945055600051042,0.10317547905903596,0.017238404899886758,94,False
feature-22004-101--0.3-notebook-0.6-128,feature-22004,101,-0.3,1,generated,93,0,0.36736905574798584,0.3685813289816662,0.9945871317258446,0.10351922058610506,0.016664380638269326,94,False
feature-22004-101--0.3-notebook-0.6-128,feature-22004,101,-0.3,2,prompt,216,0,0.36736905574798584,0.3683717471581918,0.9946349431519155,0.10238627687579503,0.01716410481700829,60,False
feature-22004-101--0.3-notebook-0.6-128,feature-22004,101,-0.3,2,generated,59,0,0.36736905574798584,0.369178714893632,0.9949113767025834,0.10101130440578622,0.01646936189193847,60,False
feature-22004-101--0.4-notebook-0.6-128,feature-22004,101,-0.4,1,prompt,91,0,0.48982539772987366,0.4921931706287049,0.9970034007187728,0.07656853212105048,0.023036349478438703,94,False
feature-22004-101--0.4-notebook-0.6-128,feature-22004,101,-0.4,1,generated,93,0,0.48982539772987366,0.49144176834373066,0.996981817547993,0.07744918170795646,0.022218906170418187,94,False
feature-22004-101--0.4-notebook-0.6-128,feature-22004,101,-0.4,2,prompt,216,0,0.48982539772987366,0.4918087069635038,0.9970432550266937,0.07628714581261631,0.022911498575585602,60,False
feature-22004-101--0.4-notebook-0.6-128,feature-22004,101,-0.4,2,generated,59,0,0.48982539772987366,0.4911467003620277,0.9970536545171576,0.07674047350883484,0.021911777840074847,60,False
feature-22004-101--0.5-notebook-0.6-128,feature-22004,101,-0.5,1,prompt,91,0,0.6122817397117615,0.6135123169029152,0.9982456243955172,0.058412580003777706,0.028717646968249067,94,False
feature-22004-101--0.5-notebook-0.6-128,feature-22004,101,-0.5,1,generated,93,0,0.6122817397117615,0.6127671926252304,0.9980399627839366,0.062474397401655876,0.02770452726111617,94,False
feature-22004-101--0.5-notebook-0.6-128,feature-22004,101,-0.5,2,prompt,216,0,0.6122817397117615,0.6131560242286435,0.998179214420142,0.05979118791098396,0.028566603307101306,60,False
feature-22004-101--0.5-notebook-0.6-128,feature-22004,101,-0.5,2,generated,59,0,0.6122817397117615,0.6127078411942821,0.9980337852138584,0.06263113047106791,0.027334558256601884,60,False
feature-22004-101--0.6-notebook-0.6-128,feature-22004,101,-0.6,1,prompt,91,0,0.7347381114959717,0.7356605608384688,0.9988933618252094,0.04591737798118329,0.034437949561954034,94,False
feature-22004-101--0.6-notebook-0.6-128,feature-22004,101,-0.6,1,generated,93,0,0.7347381114959717,0.7360957995537789,0.9988292494127827,0.048231923051418796,0.033281302580269435,94,False
feature-22004-101--0.6-notebook-0.6-128,feature-22004,101,-0.6,2,prompt,216,0,0.7347381114959717,0.7358674189006841,0.9988796705449069,0.0466342993442797,0.03428527591556,123,False
feature-22004-101--0.6-notebook-0.6-128,feature-22004,101,-0.6,2,generated,122,0,0.7347381114959717,0.7357702685184166,0.9987463047269916,0.0500054056221833,0.03300346267699707,123,False
feature-22004-101--0.7-notebook-0.6-128,feature-22004,101,-0.7,1,prompt,91,0,0.8571944236755371,0.857817156629248,0.9991745202095954,0.03945231924836452,0.04015521271855335,94,False
feature-22004-101--0.7-notebook-0.6-128,feature-22004,101,-0.7,1,generated,93,0,0.8571943640708923,0.8575477920552735,0.9991547260233151,0.04091346766599404,0.03877330375134304,94,False
feature-22004-101--0.7-notebook-0.6-128,feature-22004,101,-0.7,2,prompt,216,0,0.8571944236755371,0.8576912405314269,0.9991797573036618,0.039765034457323725,0.039960217164695715,123,False
feature-22004-101--0.7-notebook-0.6-128,feature-22004,101,-0.7,2,generated,122,0,0.8571943640708923,0.857633401624492,0.9990658212880619,0.04312320673441301,0.03846950957276782,123,False
feature-22004-202-+0.0-notebook-0.6-128,feature-22004,202,0.0,1,prompt,91,91,0.0,0.0,1.0,0.0,0.0,65,False
feature-22004-202-+0.0-notebook-0.6-128,feature-22004,202,0.0,1,generated,64,64,0.0,0.0,1.0,0.0,0.0,65,False
feature-22004-202-+0.0-notebook-0.6-128,feature-22004,202,0.0,2,prompt,187,187,0.0,0.0,1.0,0.0,0.0,61,False
feature-22004-202-+0.0-notebook-0.6-128,feature-22004,202,0.0,2,generated,60,60,0.0,0.0,1.0,0.0,0.0,61,False
feature-22004-202-+0.1-notebook-0.6-128,feature-22004,202,0.1,1,prompt,91,0,0.12245634943246841,0.1253100335597992,0.9667371819307516,0.26064692028276215,0.005866141086329123,65,False
feature-22004-202-+0.1-notebook-0.6-128,feature-22004,202,0.1,1,generated,64,0,0.12245634943246841,0.12604646722320467,0.9579413430765271,0.2949025633279234,0.005638948387058917,65,False
feature-22004-202-+0.1-notebook-0.6-128,feature-22004,202,0.1,2,prompt,187,0,0.12245634943246841,0.1255846068980222,0.9638950528308032,0.2716716610811611,0.005845437972914716,61,False
feature-22004-202-+0.1-notebook-0.6-128,feature-22004,202,0.1,2,generated,60,0,0.12245634943246841,0.12656700573861598,0.957649651169777,0.29726511736710864,0.005668954753006498,61,False
feature-22004-202-+0.2-notebook-0.6-128,feature-22004,202,0.2,1,prompt,91,0,0.24491269886493683,0.24647884496620723,0.9896549700380681,0.14333475880570465,0.011540932961097396,65,False
feature-22004-202-+0.2-notebook-0.6-128,feature-22004,202,0.2,1,generated,64,0,0.24491269886493683,0.247586770914495,0.9880387960001826,0.15558287128806114,0.011078160372562706,65,False
feature-22004-202-+0.2-notebook-0.6-128,feature-22004,202,0.2,2,prompt,187,0,0.24491269886493683,0.24687388579156946,0.9891986588743281,0.1468033184581262,0.01149349002853001,61,False
feature-22004-202-+0.2-notebook-0.6-128,feature-22004,202,0.2,2,generated,60,0,0.24491269886493683,0.24746913239359855,0.9885298182566961,0.15229835212230683,0.01108397259376943,61,False
feature-22004-202-+0.3-notebook-0.6-128,feature-22004,202,0.3,1,prompt,91,0,0.36736905574798584,0.36815049851333703,0.9944693478909168,0.1035167565876311,0.017236984669740035,65,False
feature-22004-202-+0.3-notebook-0.6-128,feature-22004,202,0.3,1,generated,64,0,0.36736905574798584,0.36892661824822426,0.9945771619677544,0.10403045278508216,0.016508942397194915,65,False
feature-22004-202-+0.3-notebook-0.6-128,feature-22004,202,0.3,2,prompt,187,0,0.36736905574798584,0.3684581384301823,0.9946103650618364,0.10265992063889529,0.017154676698859193,61,False
feature-22004-202-+0.3-notebook-0.6-128,feature-22004,202,0.3,2,generated,60,0,0.36736905574798584,0.36923692425092064,0.9949759771426518,0.10036241672933102,0.01653921223866443,61,False
feature-22004-202-+0.4-notebook-0.6-128,feature-22004,202,0.4,1,prompt,91,0,0.48982539772987366,0.4922613102001148,0.996990985922761,0.07675665932206008,0.023039289150811774,65,False
feature-22004-202-+0.4-notebook-0.6-128,feature-22004,202,0.4,1,generated,64,0,0.48982539772987366,0.49132621195167303,0.9969319263473153,0.07825820927973837,0.021989089174894616,65,False
feature-22004-202-+0.4-notebook-0.6-128,feature-22004,202,0.4,2,prompt,187,0,0.48982539772987366,0.4918567579697798,0.9970224031152572,0.07656586038715699,0.022896600281757447,61,False
feature-22004-202-+0.4-notebook-0.6-128,feature-22004,202,0.4,2,generated,60,0,0.48982539772987366,0.49106516589721044,0.9970966974894205,0.07615222347279389,0.021996733794609705,61,False
feature-22004-202-+0.5-notebook-0.6-128,feature-22004,202,0.5,1,prompt,91,0,0.6122817397117615,0.6135092004314884,0.998242587178618,0.05849160266282794,0.02871737050680587,65,False
feature-22004-202-+0.5-notebook-0.6-128,feature-22004,202,0.5,1,generated,64,0,0.6122817397117615,0.6126310843974352,0.9979879343882203,0.06333905784413218,0.027417297940701246,65,False
feature-22004-202-+0.5-notebook-0.6-128,feature-22004,202,0.5,2,prompt,187,0,0.6122817397117615,0.6131519739003105,0.9981747970861548,0.05982399267707279,0.028544992989148286,61,False
feature-22004-202-+0.5-notebook-0.6-128,feature-22004,202,0.5,2,generated,60,0,0.6122817397117615,0.612965390086174,0.9980772733688354,0.06187584965179364,0.027457555166135232,61,False
feature-22004-202-+0.6-notebook-0.6-128,feature-22004,202,0.6,1,prompt,91,0,0.7347381114959717,0.7356576775456523,0.9988914472716195,0.04595554939338139,0.03443757421273103,87,False
feature-22004-202-+0.6-notebook-0.6-128,feature-22004,202,0.6,1,generated,86,0,0.7347381114959717,0.7359787301961765,0.998724312283272,0.050426712822775506,0.0322947291180838,87,False
feature-22004-202-+0.6-notebook-0.6-128,feature-22004,202,0.6,2,prompt,209,0,0.7347381114959717,0.7358143107172405,0.9988360390708777,0.04749504671962353,0.033965693765295374,61,False
feature-22004-202-+0.6-notebook-0.6-128,feature-22004,202,0.6,2,generated,60,0,0.7347381114959717,0.7358787149190903,0.9987021366755168,0.05088504968831937,0.03231478134791056,61,False
feature-22004-202-+0.7-notebook-0.6-128,feature-22004,202,0.7,1,prompt,91,0,0.8571944236755371,0.8578373383689712,0.9991732554121332,0.039489067415450954,0.04015571517603738,65,False
feature-22004-202-+0.7-notebook-0.6-128,feature-22004,202,0.7,1,generated,64,0,0.8571943640708923,0.8576999539509416,0.9991150433197618,0.041867655265377834,0.03838444489520043,65,False
feature-22004-202-+0.7-notebook-0.6-128,feature-22004,202,0.7,2,prompt,187,0,0.8571944236755371,0.8578046930027518,0.9991664523109395,0.040011065957300807,0.0399345602182781,61,False
feature-22004-202-+0.7-notebook-0.6-128,feature-22004,202,0.7,2,generated,60,0,0.8571943640708923,0.8576063891251882,0.9990715215603511,0.04301087098817031,0.03841601417710384,61,False
feature-22004-202--0.1-notebook-0.6-128,feature-22004,202,-0.1,1,prompt,91,0,0.12245634943246841,0.1252920572738071,0.9667402256976118,0.2606029739746681,0.005865379127739049,65,False
feature-22004-202--0.1-notebook-0.6-128,feature-22004,202,-0.1,1,generated,64,0,0.12245634943246841,0.12604744371492416,0.9580263923853636,0.2945811382960528,0.0056387447693850845,65,False
feature-22004-202--0.1-notebook-0.6-128,feature-22004,202,-0.1,2,prompt,187,0,0.12245634943246841,0.12558384582320636,0.9639239569398809,0.2715700687093531,0.005845424814325917,61,False
feature-22004-202--0.1-notebook-0.6-128,feature-22004,202,-0.1,2,generated,60,0,0.12245634943246841,0.1265626990546783,0.9576604962348938,0.2972186416387558,0.005668736613976459,61,False
feature-22004-202--0.2-notebook-0.6-128,feature-22004,202,-0.2,1,prompt,91,0,0.24491269886493683,0.24648013776475255,0.9896849138396127,0.14314095413946842,0.011540937682634199,65,False
feature-22004-202--0.2-notebook-0.6-128,feature-22004,202,-0.2,1,generated,64,0,0.24491269886493683,0.24756750441156328,0.9880524259060621,0.15548561047762632,0.011077480172389187,65,False
feature-22004-202--0.2-notebook-0.6-128,feature-22004,202,-0.2,2,prompt,187,0,0.24491269886493683,0.24686229866456222,0.9892302716479582,0.14658278370286054,0.01149304070196209,74,False
feature-22004-202--0.2-notebook-0.6-128,feature-22004,202,-0.2,2,generated,73,0,0.24491269886493683,0.2476121917979358,0.9882839444565447,0.15391775802390217,0.010993695881677,74,False
feature-22004-202--0.3-notebook-0.6-128,feature-22004,202,-0.3,1,prompt,91,0,0.36736905574798584,0.368177361540742,0.9945055600051042,0.10317547905903596,0.017238404899886758,65,False
feature-22004-202--0.3-notebook-0.6-128,feature-22004,202,-0.3,1,generated,64,0,0.36736905574798584,0.3688682224601507,0.9945791736245155,0.10400415118783712,0.01650618523126468,65,False
feature-22004-202--0.3-notebook-0.6-128,feature-22004,202,-0.3,2,prompt,187,0,0.36736905574798584,0.36845223422356466,0.9946438513975092,0.1023372658951716,0.017154476670722632,74,False
feature-22004-202--0.3-notebook-0.6-128,feature-22004,202,-0.3,2,generated,73,0,0.36736905574798584,0.3693060193159809,0.9949203305048485,0.1008889913967211,0.016398508675804693,74,False
feature-22004-202--0.4-notebook-0.6-128,feature-22004,202,-0.4,1,prompt,91,0,0.48982539772987366,0.4921931706287049,0.9970034007187728,0.07656853212105048,0.023036349478438703,65,False
feature-22004-202--0.4-notebook-0.6-128,feature-22004,202,-0.4,1,generated,64,0,0.48982539772987366,0.4913262128829956,0.9969321461394429,0.07825103658251464,0.02198895363835618,65,False
feature-22004-202--0.4-notebook-0.6-128,feature-22004,202,-0.4,2,prompt,187,0,0.48982539772987366,0.49180209477317527,0.9970347737883501,0.07637894593856552,0.022894085701467858,60,False
feature-22004-202--0.4-notebook-0.6-128,feature-22004,202,-0.4,2,generated,59,0,0.48982539772987366,0.49104368181551916,0.9970960172556215,0.07614090899794788,0.0219877508105868,60,False
feature-22004-202--0.5-notebook-0.6-128,feature-22004,202,-0.5,1,prompt,91,0,0.6122817397117615,0.6135123169029152,0.9982456243955172,0.058412580003777706,0.028717646968249067,65,False
feature-22004-202--0.5-notebook-0.6-128,feature-22004,202,-0.5,1,generated,64,0,0.6122817397117615,0.6125909173861146,0.9979908270761371,0.06328540027607232,0.027415431250119582,65,False
feature-22004-202--0.5-notebook-0.6-128,feature-22004,202,-0.5,2,prompt,187,0,0.6122817397117615,0.6131289390956655,0.9981785869215899,0.05974480161134572,0.02854414006793513,74,False
feature-22004-202--0.5-notebook-0.6-128,feature-22004,202,-0.5,2,generated,73,0,0.6122817397117615,0.612948966352907,0.9980319869028379,0.0625542778368682,0.02721851137913253,74,False
feature-22004-202--0.6-notebook-0.6-128,feature-22004,202,-0.6,1,prompt,91,0,0.7347381114959717,0.7356605608384688,0.9988933618252094,0.04591737798118329,0.034437949561954034,65,False
feature-22004-202--0.6-notebook-0.6-128,feature-22004,202,-0.6,1,generated,64,0,0.7347381114959717,0.7360635120421648,0.9987872866913676,0.04911833320511505,0.03294079579063691,65,False
feature-22004-202--0.6-notebook-0.6-128,feature-22004,202,-0.6,2,prompt,187,0,0.7347381114959717,0.7358339754017916,0.9988696957654494,0.04676935432309454,0.03425789936595063,74,False
feature-22004-202--0.6-notebook-0.6-128,feature-22004,202,-0.6,2,generated,73,0,0.7347381114959717,0.7359112582794608,0.9987300863004711,0.05034094513074992,0.032678606116200146,74,False
feature-22004-202--0.7-notebook-0.6-128,feature-22004,202,-0.7,1,prompt,91,0,0.8571944236755371,0.857817156629248,0.9991745202095954,0.03945231924836452,0.04015521271855335,65,False
feature-22004-202--0.7-notebook-0.6-128,feature-22004,202,-0.7,1,generated,64,0,0.8571943640708923,0.857645945623517,0.9991270499303937,0.04161532607395202,0.038382002676371485,65,False
feature-22004-202--0.7-notebook-0.6-128,feature-22004,202,-0.7,2,prompt,187,0,0.8571944236755371,0.8577561040613103,0.9991723809012755,0.039878107228859226,0.039932685274815055,81,False
feature-22004-202--0.7-notebook-0.6-128,feature-22004,202,-0.7,2,generated,80,0,0.8571943640708923,0.8575495459139347,0.9990759417414665,0.04290038240142167,0.038627856457605955,81,False
feature-22004-303-+0.0-notebook-0.6-128,feature-22004,303,0.0,1,prompt,91,91,0.0,0.0,1.0,0.0,0.0,95,False
feature-22004-303-+0.0-notebook-0.6-128,feature-22004,303,0.0,1,generated,94,94,0.0,0.0,1.0,0.0,0.0,95,False
feature-22004-303-+0.0-notebook-0.6-128,feature-22004,303,0.0,2,prompt,217,217,0.0,0.0,1.0,0.0,0.0,107,False
feature-22004-303-+0.0-notebook-0.6-128,feature-22004,303,0.0,2,generated,106,106,0.0,0.0,1.0,0.0,0.0,107,False
feature-22004-303-+0.1-notebook-0.6-128,feature-22004,303,0.1,1,prompt,91,0,0.12245634943246841,0.1253100335597992,0.9667371819307516,0.26064692028276215,0.005866141086329123,95,False
feature-22004-303-+0.1-notebook-0.6-128,feature-22004,303,0.1,1,generated,94,0,0.12245634943246841,0.12582318619527716,0.9591817348561389,0.2900273818918999,0.005688206178750446,95,False
feature-22004-303-+0.1-notebook-0.6-128,feature-22004,303,0.1,2,prompt,217,0,0.12245634943246841,0.12556517034906395,0.963655986544174,0.2726146473038581,0.005845557743643758,107,False
feature-22004-303-+0.1-notebook-0.6-128,feature-22004,303,0.1,2,generated,106,0,0.12245634943246841,0.12661182859315062,0.9559001725799633,0.30337616351415525,0.005550798037493566,107,False
feature-22004-303-+0.2-notebook-0.6-128,feature-22004,303,0.2,1,prompt,91,0,0.24491269886493683,0.24647884496620723,0.9896549700380681,0.14333475880570465,0.011540932961097396,95,False
feature-22004-303-+0.2-notebook-0.6-128,feature-22004,303,0.2,1,generated,94,0,0.24491269886493683,0.24743335075834963,0.9884563487894992,0.15260142967739004,0.011190260661409256,95,False
feature-22004-303-+0.2-notebook-0.6-128,feature-22004,303,0.2,2,prompt,217,0,0.24491269886493683,0.2468801854255562,0.9892447725419076,0.14653745784600208,0.01149627406963937,113,False
feature-22004-303-+0.2-notebook-0.6-128,feature-22004,303,0.2,2,generated,112,0,0.24491269886493683,0.24769251554140023,0.9878817179373333,0.15665679664484092,0.010857264835587037,113,False
feature-22004-303-+0.3-notebook-0.6-128,feature-22004,303,0.3,1,prompt,91,0,0.36736905574798584,0.36815049851333703,0.9944693478909168,0.1035167565876311,0.017236984669740035,95,False
feature-22004-303-+0.3-notebook-0.6-128,feature-22004,303,0.3,1,generated,94,0,0.36736905574798584,0.36862458320374186,0.9946298960675585,0.10311466312788903,0.016671970565902427,95,False
feature-22004-303-+0.3-notebook-0.6-128,feature-22004,303,0.3,2,prompt,217,0,0.36736905574798584,0.3683993028056237,0.994623118007238,0.10251636612593854,0.017155876665237716,106,False
feature-22004-303-+0.3-notebook-0.6-128,feature-22004,303,0.3,2,generated,105,0,0.36736905574798584,0.3693514307339986,0.9946441145170303,0.10353136679955892,0.016184613711777186,106,False
feature-22004-303-+0.4-notebook-0.6-128,feature-22004,303,0.4,1,prompt,91,0,0.48982539772987366,0.4922613102001148,0.996990985922761,0.07675665932206008,0.023039289150811774,95,False
feature-22004-303-+0.4-notebook-0.6-128,feature-22004,303,0.4,1,generated,94,0,0.48982539772987366,0.4913784452575318,0.9969961218377377,0.07725683837494951,0.02222341911352061,95,False
feature-22004-303-+0.4-notebook-0.6-128,feature-22004,303,0.4,2,prompt,217,0,0.48982539772987366,0.49183550600632,0.9970377159008782,0.07638494351080485,0.02290000535374988,65,False
feature-22004-303-+0.4-notebook-0.6-128,feature-22004,303,0.4,2,generated,64,0,0.48982539772987366,0.4911067560315132,0.9969634599983692,0.07787420554086566,0.021746044367318973,65,False
feature-22004-303-+0.5-notebook-0.6-128,feature-22004,303,0.5,1,prompt,91,0,0.6122817397117615,0.6135092004314884,0.998242587178618,0.05849160266282794,0.02871737050680587,95,False
feature-22004-303-+0.5-notebook-0.6-128,feature-22004,303,0.5,1,generated,94,0,0.6122817397117615,0.612740251612156,0.9980435567967435,0.062420563257121024,0.027712270875084908,95,False
feature-22004-303-+0.5-notebook-0.6-128,feature-22004,303,0.5,2,prompt,217,0,0.6122817397117615,0.613161551238205,0.9981777014270905,0.05983818070061745,0.02855098127679307,113,False
feature-22004-303-+0.5-notebook-0.6-128,feature-22004,303,0.5,2,generated,112,0,0.6122817397117615,0.6128808494125094,0.9979430298720088,0.0640537403523922,0.02686619376098471,113,False
feature-22004-303-+0.6-notebook-0.6-128,feature-22004,303,0.6,1,prompt,91,0,0.7347381114959717,0.7356576775456523,0.9988914472716195,0.04595554939338139,0.03443757421273103,95,False
feature-22004-303-+0.6-notebook-0.6-128,feature-22004,303,0.6,1,generated,94,0,0.7347381114959717,0.7361000053426052,0.9988205553369319,0.04839471307523707,0.03329238410484284,95,False
feature-22004-303-+0.6-notebook-0.6-128,feature-22004,303,0.6,2,prompt,217,0,0.7347381114959717,0.7358524557632236,0.9988741589032011,0.04675219799413385,0.034265318538613775,118,False
feature-22004-303-+0.6-notebook-0.6-128,feature-22004,303,0.6,2,generated,117,0,0.7347381114959717,0.7358123960658016,0.9987191267502613,0.05056248334610564,0.03263720290528403,118,False
feature-22004-303-+0.7-notebook-0.6-128,feature-22004,303,0.7,1,prompt,91,0,0.8571944236755371,0.8578373383689712,0.9991732554121332,0.039489067415450954,0.04015571517603738,111,False
feature-22004-303-+0.7-notebook-0.6-128,feature-22004,303,0.7,1,generated,110,0,0.8571943640708923,0.8576637262647803,0.999115876718001,0.04182347702709111,0.03856101439080455,111,False
feature-22004-303-+0.7-notebook-0.6-128,feature-22004,303,0.7,2,prompt,233,0,0.8571944236755371,0.8577779293571931,0.9991553223695878,0.04037406592122219,0.03970728243017657,93,False
feature-22004-303-+0.7-notebook-0.6-128,feature-22004,303,0.7,2,generated,92,0,0.8571943640708923,0.8577676311783169,0.9990104605322299,0.044384142302948494,0.03750688562412625,93,False
feature-22004-303--0.1-notebook-0.6-128,feature-22004,303,-0.1,1,prompt,91,0,0.12245634943246841,0.1252920572738071,0.9667402256976118,0.2606029739746681,0.005865379127739049,95,False
feature-22004-303--0.1-notebook-0.6-128,feature-22004,303,-0.1,1,generated,94,0,0.12245634943246841,0.12581153594432992,0.9591571022855475,0.29008983995052096,0.005687675666698116,95,False
feature-22004-303--0.1-notebook-0.6-128,feature-22004,303,-0.1,2,prompt,217,0,0.12245634943246841,0.12554744479980337,0.9636671479945907,0.27253947382973087,0.005844787856999008,106,False
feature-22004-303--0.1-notebook-0.6-128,feature-22004,303,-0.1,2,generated,105,0,0.12245634943246841,0.12658835415329253,0.9558555228369576,0.30347285724821543,0.005545637588061037,106,False
feature-22004-303--0.2-notebook-0.6-128,feature-22004,303,-0.2,1,prompt,91,0,0.24491269886493683,0.24648013776475255,0.9896849138396127,0.14314095413946842,0.011540937682634199,95,False
feature-22004-303--0.2-notebook-0.6-128,feature-22004,303,-0.2,1,generated,94,0,0.24491269886493683,0.24742572025415746,0.9884621240991227,0.15255262885004917,0.011190045615063702,95,False
feature-22004-303--0.2-notebook-0.6-128,feature-22004,303,-0.2,2,prompt,217,0,0.24491269886493683,0.2468771157176813,0.9892595976179096,0.1464388518152149,0.011496139349081138,107,False
feature-22004-303--0.2-notebook-0.6-128,feature-22004,303,-0.2,2,generated,106,0,0.24491269886493683,0.24769096231123186,0.9879027869341508,0.15647790356064742,0.010861147704692382,107,False
feature-22004-303--0.3-notebook-0.6-128,feature-22004,303,-0.3,1,prompt,91,0,0.36736905574798584,0.368177361540742,0.9945055600051042,0.10317547905903596,0.017238404899886758,95,False
feature-22004-303--0.3-notebook-0.6-128,feature-22004,303,-0.3,1,generated,94,0,0.36736905574798584,0.36861401193953575,0.9946288821545053,0.10312048575662552,0.01667149135089935,95,False
feature-22004-303--0.3-notebook-0.6-128,feature-22004,303,-0.3,2,prompt,217,0,0.36736905574798584,0.3683898495638975,0.9946398430156268,0.10235399012947412,0.01715550551133033,107,False
feature-22004-303--0.3-notebook-0.6-128,feature-22004,303,-0.3,2,generated,106,0,0.36736905574798584,0.36929943567177037,0.9946614278937286,0.10336024637492199,0.016194058221958157,107,False
feature-22004-303--0.4-notebook-0.6-128,feature-22004,303,-0.4,1,prompt,91,0,0.48982539772987366,0.4921931706287049,0.9970034007187728,0.07656853212105048,0.023036349478438703,95,False
feature-22004-303--0.4-notebook-0.6-128,feature-22004,303,-0.4,1,generated,94,0,0.48982539772987366,0.4913912428186295,0.9970035939774615,0.07716314986031106,0.02222381595601427,95,False
feature-22004-303--0.4-notebook-0.6-128,feature-22004,303,-0.4,2,prompt,217,0,0.48982539772987366,0.4918000562125087,0.9970450030493846,0.07627713505161522,0.02289842057802547,107,False
feature-22004-303--0.4-notebook-0.6-128,feature-22004,303,-0.4,2,generated,106,0,0.48982539772987366,0.4910071354429677,0.9969278978851607,0.07827103995489625,0.02153187350563283,107,False
feature-22004-303--0.5-notebook-0.6-128,feature-22004,303,-0.5,1,prompt,91,0,0.6122817397117615,0.6135123169029152,0.9982456243955172,0.058412580003777706,0.028717646968249067,95,False
feature-22004-303--0.5-notebook-0.6-128,feature-22004,303,-0.5,1,generated,94,0,0.6122817397117615,0.6127389333349593,0.9980428047636722,0.06242761959103828,0.027712299765900096,95,False
feature-22004-303--0.5-notebook-0.6-128,feature-22004,303,-0.5,2,prompt,217,0,0.6122817397117615,0.6131607403952954,0.9981809261207757,0.05977422867639823,0.028550986822615143,107,False
feature-22004-303--0.5-notebook-0.6-128,feature-22004,303,-0.5,2,generated,106,0,0.6122817397117615,0.6129916400279639,0.9979530049944824,0.06388900232202602,0.026880730136807234,107,False
feature-22004-303--0.6-notebook-0.6-128,feature-22004,303,-0.6,1,prompt,91,0,0.7347381114959717,0.7356605608384688,0.9988933618252094,0.04591737798118329,0.034437949561954034,95,False
feature-22004-303--0.6-notebook-0.6-128,feature-22004,303,-0.6,1,generated,94,0,0.7347381114959717,0.7361024129897991,0.9988306944674634,0.04820114738763647,0.03329256323582314,95,False
feature-22004-303--0.6-notebook-0.6-128,feature-22004,303,-0.6,2,prompt,217,0,0.7347381114959717,0.7358735489405794,0.9988800943721824,0.04663756088898753,0.034266402853721505,118,False
feature-22004-303--0.6-notebook-0.6-128,feature-22004,303,-0.6,2,generated,117,0,0.7347381114959717,0.7358400984707042,0.9987240611997426,0.050465897107735656,0.03263845794603356,118,False
feature-22004-303--0.7-notebook-0.6-128,feature-22004,303,-0.7,1,prompt,91,0,0.8571944236755371,0.857817156629248,0.9991745202095954,0.03945231924836452,0.04015521271855335,95,False
feature-22004-303--0.7-notebook-0.6-128,feature-22004,303,-0.7,1,generated,94,0,0.8571943640708923,0.8575283682092707,0.9991565023330932,0.040868968306545246,0.03878511496363802,95,False
feature-22004-303--0.7-notebook-0.6-128,feature-22004,303,-0.7,2,prompt,217,0,0.8571944236755371,0.8576843447399579,0.9991796016693115,0.03977657411642338,0.03993769168847322,128,True
feature-22004-303--0.7-notebook-0.6-128,feature-22004,303,-0.7,2,generated,127,0,0.8571943640708923,0.8576516771879722,0.9990516962028864,0.0434638043557565,0.03799010939368113,128,True
feature-22004-404-+0.0-notebook-0.6-128,feature-22004,404,0.0,1,prompt,91,91,0.0,0.0,1.0,0.0,0.0,63,False
feature-22004-404-+0.0-notebook-0.6-128,feature-22004,404,0.0,1,generated,62,62,0.0,0.0,1.0,0.0,0.0,63,False
feature-22004-404-+0.0-notebook-0.6-128,feature-22004,404,0.0,2,prompt,185,185,0.0,0.0,1.0,0.0,0.0,91,False
feature-22004-404-+0.0-notebook-0.6-128,feature-22004,404,0.0,2,generated,90,90,0.0,0.0,1.0,0.0,0.0,91,False
feature-22004-404-+0.1-notebook-0.6-128,feature-22004,404,0.1,1,prompt,91,0,0.12245634943246841,0.1253100335597992,0.9667371819307516,0.26064692028276215,0.005866141086329123,63,False
feature-22004-404-+0.1-notebook-0.6-128,feature-22004,404,0.1,1,generated,62,0,0.12245634943246841,0.1264425654324793,0.9543617002425655,0.30815625094598337,0.0053887451668420145,63,False
feature-22004-404-+0.1-notebook-0.6-128,feature-22004,404,0.1,2,prompt,185,0,0.12245634943246841,0.1257303933034072,0.9627533413268424,0.27584396818199675,0.005795639004350665,57,False
feature-22004-404-+0.1-notebook-0.6-128,feature-22004,404,0.1,2,generated,56,0,0.12245634943246841,0.1268128759360739,0.9530186142240252,0.3131685443222523,0.005399516500931766,57,False
feature-22004-404-+0.2-notebook-0.6-128,feature-22004,404,0.2,1,prompt,91,0,0.24491269886493683,0.24647884496620723,0.9896549700380681,0.14333475880570465,0.011540932961097396,63,False
feature-22004-404-+0.2-notebook-0.6-128,feature-22004,404,0.2,1,generated,62,0,0.24491269886493683,0.2477715013007964,0.9870118767984452,0.1622342606706004,0.01056060525438478,63,False
feature-22004-404-+0.2-notebook-0.6-128,feature-22004,404,0.2,2,prompt,185,0,0.24491269886493683,0.24691770012314254,0.9888916685774519,0.14871049595845712,0.011386633478891657,91,False
feature-22004-404-+0.2-notebook-0.6-128,feature-22004,404,0.2,2,generated,90,0,0.24491269886493683,0.2480041604903009,0.98679082526101,0.1636394951078627,0.010421647152139082,91,False
feature-22004-404-+0.3-notebook-0.6-128,feature-22004,404,0.3,1,prompt,91,0,0.36736905574798584,0.36815049851333703,0.9944693478909168,0.1035167565876311,0.017236984669740035,63,False
feature-22004-404-+0.3-notebook-0.6-128,feature-22004,404,0.3,1,generated,62,0,0.36736905574798584,0.3692924173608903,0.9942222035700276,0.10741871535297363,0.015740967295583216,63,False
feature-22004-404-+0.3-notebook-0.6-128,feature-22004,404,0.3,2,prompt,185,0,0.36736905574798584,0.3685734217231338,0.9945030495927141,0.10362076102881818,0.016997556215800295,57,False
feature-22004-404-+0.3-notebook-0.6-128,feature-22004,404,0.3,2,generated,56,0,0.36736905574798584,0.3694953290479524,0.9944033505661147,0.10585375343050275,0.01573494652153126,57,False
feature-22004-404-+0.4-notebook-0.6-128,feature-22004,404,0.4,1,prompt,91,0,0.48982539772987366,0.4922613102001148,0.996990985922761,0.07675665932206008,0.023039289150811774,63,False
feature-22004-404-+0.4-notebook-0.6-128,feature-22004,404,0.4,1,generated,62,0,0.48982539772987366,0.49124048698333,0.9967195516632449,0.08088773873544508,0.020939204331126907,63,False
feature-22004-404-+0.4-notebook-0.6-128,feature-22004,404,0.4,2,prompt,185,0,0.48982539772987366,0.4918494160110886,0.996964492991164,0.07723666302658416,0.022679551592335808,57,False
feature-22004-404-+0.4-notebook-0.6-128,feature-22004,404,0.4,2,generated,56,0,0.48982539772987366,0.49101973325014114,0.9967702776193619,0.08020843299371856,0.020910998340696096,57,False
feature-22004-404-+0.5-notebook-0.6-128,feature-22004,404,0.5,1,prompt,91,0,0.6122817397117615,0.6135092004314884,0.998242587178618,0.05849160266282794,0.02871737050680587,63,False
feature-22004-404-+0.5-notebook-0.6-128,feature-22004,404,0.5,1,generated,62,0,0.6122817397117615,0.6128441797148797,0.9978286777773211,0.06581564337736176,0.026122554896339294,63,False
feature-22004-404-+0.5-notebook-0.6-128,feature-22004,404,0.5,2,prompt,185,0,0.6122817397117615,0.6132514834403991,0.9981400641235145,0.060362322588224666,0.028279433362941083,57,False
feature-22004-404-+0.5-notebook-0.6-128,feature-22004,404,0.5,2,generated,56,0,0.6122817397117615,0.6128398712192263,0.9978260099887848,0.06574348659653749,0.0260991295799613,57,False
feature-22004-404-+0.6-notebook-0.6-128,feature-22004,404,0.6,1,prompt,91,0,0.7347381114959717,0.7356576775456523,0.9988914472716195,0.04595554939338139,0.03443757421273103,63,False
feature-22004-404-+0.6-notebook-0.6-128,feature-22004,404,0.6,1,generated,62,0,0.7347381114959717,0.7360583707209556,0.9986507258107585,0.05189002683806804,0.03137519237615408,63,False
feature-22004-404-+0.6-notebook-0.6-128,feature-22004,404,0.6,2,prompt,185,0,0.7347381114959717,0.7358333265459215,0.9988401145548433,0.04743154604692717,0.03393395954485026,57,False
feature-22004-404-+0.6-notebook-0.6-128,feature-22004,404,0.6,2,generated,56,0,0.7347381114959717,0.7358126108135495,0.9985961658614022,0.05288905956383262,0.031336431890459995,57,False
feature-22004-404-+0.7-notebook-0.6-128,feature-22004,404,0.7,1,prompt,91,0,0.8571944236755371,0.8578373383689712,0.9991732554121332,0.039489067415450954,0.04015571517603738,63,False
feature-22004-404-+0.7-notebook-0.6-128,feature-22004,404,0.7,1,generated,62,0,0.8571943640708923,0.8577377392399695,0.9990238970325839,0.0440837694031577,0.036562071932900335,63,False
feature-22004-404-+0.7-notebook-0.6-128,feature-22004,404,0.7,2,prompt,185,0,0.8571944236755371,0.8577627513859724,0.9991499601183711,0.0404722635105655,0.03955665798606099,57,False
feature-22004-404-+0.7-notebook-0.6-128,feature-22004,404,0.7,2,generated,56,0,0.8571943640708923,0.8577871982540403,0.9989596105047635,0.04549895539613707,0.036530894227325916,57,False
feature-22004-404--0.1-notebook-0.6-128,feature-22004,404,-0.1,1,prompt,91,0,0.12245634943246841,0.1252920572738071,0.9667402256976118,0.2606029739746681,0.005865379127739049,63,False
feature-22004-404--0.1-notebook-0.6-128,feature-22004,404,-0.1,1,generated,62,0,0.12245634943246841,0.12644367364625778,0.9543720589530084,0.3081254194821081,0.005388794331661155,63,False
feature-22004-404--0.1-notebook-0.6-128,feature-22004,404,-0.1,2,prompt,185,0,0.12245634943246841,0.12571964634431376,0.9627527178944768,0.2758321687981889,0.0057951222619866145,91,False
feature-22004-404--0.1-notebook-0.6-128,feature-22004,404,-0.1,2,generated,90,0,0.12245634943246841,0.12672626251975697,0.9524383929040697,0.3150951421923108,0.005325017755644189,91,False
feature-22004-404--0.2-notebook-0.6-128,feature-22004,404,-0.2,1,prompt,91,0,0.24491269886493683,0.24648013776475255,0.9896849138396127,0.14314095413946842,0.011540937682634199,63,False
feature-22004-404--0.2-notebook-0.6-128,feature-22004,404,-0.2,1,generated,62,0,0.24491269886493683,0.24778688795143558,0.9870561601654175,0.16197207786383166,0.010561244021500311,63,False
feature-22004-404--0.2-notebook-0.6-128,feature-22004,404,-0.2,2,prompt,185,0,0.24491269886493683,0.24691563401673292,0.9889258539354479,0.14849195697823087,0.011386517508307823,74,False
feature-22004-404--0.2-notebook-0.6-128,feature-22004,404,-0.2,2,generated,73,0,0.24491269886493683,0.24797414590234626,0.986977463715697,0.16249325075378157,0.010482503815668903,74,False
feature-22004-404--0.3-notebook-0.6-128,feature-22004,404,-0.3,1,prompt,91,0,0.36736905574798584,0.368177361540742,0.9945055600051042,0.10317547905903596,0.017238404899886758,63,False
feature-22004-404--0.3-notebook-0.6-128,feature-22004,404,-0.3,1,generated,62,0,0.36736905574798584,0.36926830055252197,0.9942776060873463,0.10693272539684849,0.015739851526074832,63,False
feature-22004-404--0.3-notebook-0.6-128,feature-22004,404,-0.3,2,prompt,185,0,0.36736905574798584,0.36857360198691086,0.9945384038461221,0.10329107716679573,0.016997715232365235,91,False
feature-22004-404--0.3-notebook-0.6-128,feature-22004,404,-0.3,2,generated,90,0,0.36736905574798584,0.36948539316654205,0.9942881219916874,0.10699868806534343,0.015527542897810538,91,False
feature-22004-404--0.4-notebook-0.6-128,feature-22004,404,-0.4,1,prompt,91,0,0.48982539772987366,0.4921931706287049,0.9970034007187728,0.07656853212105048,0.023036349478438703,63,False
feature-22004-404--0.4-notebook-0.6-128,feature-22004,404,-0.4,1,generated,62,0,0.48982539772987366,0.49118850644557704,0.9967494895381313,0.08053245563660899,0.020937036001874555,63,False
feature-22004-404--0.4-notebook-0.6-128,feature-22004,404,-0.4,2,prompt,185,0,0.48982539772987366,0.4918000392011694,0.9969831550443494,0.07699293588867058,0.022677393799106514,74,False
feature-22004-404--0.4-notebook-0.6-128,feature-22004,404,-0.4,2,generated,73,0,0.48982539772987366,0.4909617627320224,0.996737779819802,0.08067242484794904,0.02075616701518836,74,False
feature-22004-404--0.5-notebook-0.6-128,feature-22004,404,-0.5,1,prompt,91,0,0.6122817397117615,0.6135123169029152,0.9982456243955172,0.058412580003777706,0.028717646968249067,128,True
feature-22004-404--0.5-notebook-0.6-128,feature-22004,404,-0.5,1,generated,127,0,0.6122817397117615,0.6132152512317567,0.9977369866971895,0.06715953804728553,0.025589411036940072,128,True
feature-22004-404--0.5-notebook-0.6-128,feature-22004,404,-0.5,2,prompt,251,0,0.6122817397117615,0.6133556458579592,0.998014236588877,0.062422667158789844,0.027465176668186927,128,True
feature-22004-404--0.5-notebook-0.6-128,feature-22004,404,-0.5,2,generated,127,0,0.6122817397117615,0.613167893229507,0.9977658217347513,0.06674358459908193,0.025660588413359612,128,True
feature-22004-404--0.6-notebook-0.6-128,feature-22004,404,-0.6,1,prompt,91,0,0.7347381114959717,0.7356605608384688,0.9988933618252094,0.04591737798118329,0.034437949561954034,63,False
feature-22004-404--0.6-notebook-0.6-128,feature-22004,404,-0.6,1,generated,62,0,0.7347381114959717,0.736019883425005,0.9986563324928284,0.0517812940862871,0.03137374395925191,63,False
feature-22004-404--0.6-notebook-0.6-128,feature-22004,404,-0.6,2,prompt,185,0,0.7347381114959717,0.7358222800332147,0.9988430345380629,0.04737385690614984,0.033933687656866135,74,False
feature-22004-404--0.6-notebook-0.6-128,feature-22004,404,-0.6,2,generated,73,0,0.7347381114959717,0.7358686719855217,0.9985886632579647,0.05306538250552465,0.031110622575634145,74,False
feature-22004-404--0.7-notebook-0.6-128,feature-22004,404,-0.7,1,prompt,91,0,0.8571944236755371,0.857817156629248,0.9991745202095954,0.03945231924836452,0.04015521271855335,128,True
feature-22004-404--0.7-notebook-0.6-128,feature-22004,404,-0.7,1,generated,127,0,0.8571943640708923,0.8578126754347734,0.9989813622527235,0.04498243920035719,0.035798912897236704,128,True
feature-22004-404--0.7-notebook-0.6-128,feature-22004,404,-0.7,2,prompt,251,0,0.8571944236755371,0.8577838867784021,0.999096061129019,0.041854966802901,0.03841287360213089,128,True
feature-22004-404--0.7-notebook-0.6-128,feature-22004,404,-0.7,2,generated,127,0,0.8571943640708923,0.8577932044277041,0.9989521282864368,0.04568097699345566,0.036000620485760096,128,True
feature-22004-505-+0.0-notebook-0.6-128,feature-22004,505,0.0,1,prompt,91,91,0.0,0.0,1.0,0.0,0.0,89,False
feature-22004-505-+0.0-notebook-0.6-128,feature-22004,505,0.0,1,generated,88,88,0.0,0.0,1.0,0.0,0.0,89,False
feature-22004-505-+0.0-notebook-0.6-128,feature-22004,505,0.0,2,prompt,211,211,0.0,0.0,1.0,0.0,0.0,93,False
feature-22004-505-+0.0-notebook-0.6-128,feature-22004,505,0.0,2,generated,92,92,0.0,0.0,1.0,0.0,0.0,93,False
feature-22004-505-+0.1-notebook-0.6-128,feature-22004,505,0.1,1,prompt,91,0,0.12245634943246841,0.1253100335597992,0.9667371819307516,0.26064692028276215,0.005866141086329123,89,False
feature-22004-505-+0.1-notebook-0.6-128,feature-22004,505,0.1,1,generated,88,0,0.12245634943246841,0.12587933098389345,0.9586270309307359,0.2921758070588112,0.005635974775280126,89,False
feature-22004-505-+0.1-notebook-0.6-128,feature-22004,505,0.1,2,prompt,211,0,0.12245634943246841,0.12558257149011604,0.9634603711101116,0.27338682256321206,0.005823031167021922,93,False
feature-22004-505-+0.1-notebook-0.6-128,feature-22004,505,0.1,2,generated,92,0,0.12245634943246841,0.12667404787371989,0.9562665386044461,0.3023899178142133,0.005583008432396404,93,False
feature-22004-505-+0.2-notebook-0.6-128,feature-22004,505,0.2,1,prompt,91,0,0.24491269886493683,0.24647884496620723,0.9896549700380681,0.14333475880570465,0.011540932961097396,89,False
feature-22004-505-+0.2-notebook-0.6-128,feature-22004,505,0.2,1,generated,88,0,0.24491269886493683,0.2474591594866731,0.9882484877651388,0.1540812597694722,0.011082760598087176,89,False
feature-22004-505-+0.2-notebook-0.6-128,feature-22004,505,0.2,2,prompt,211,0,0.24491269886493683,0.2468838978435191,0.9891502040822359,0.14719726053459384,0.011450411968834708,93,False
feature-22004-505-+0.2-notebook-0.6-128,feature-22004,505,0.2,2,generated,92,0,0.24491269886493683,0.24761116780016734,0.9880359172821045,0.155638978695092,0.010914904966383525,93,False
feature-22004-505-+0.3-notebook-0.6-128,feature-22004,505,0.3,1,prompt,91,0,0.36736905574798584,0.36815049851333703,0.9944693478909168,0.1035167565876311,0.017236984669740035,89,False
feature-22004-505-+0.3-notebook-0.6-128,feature-22004,505,0.3,1,generated,88,0,0.36736905574798584,0.3686241155320948,0.9944779093969952,0.10467520660974762,0.016510133049450815,89,False
feature-22004-505-+0.3-notebook-0.6-128,feature-22004,505,0.3,2,prompt,211,0,0.36736905574798584,0.3683762307415641,0.9945398772497313,0.1033317325592606,0.017086277511583252,93,False
feature-22004-505-+0.3-notebook-0.6-128,feature-22004,505,0.3,2,generated,92,0,0.36736905574798584,0.3694001523696858,0.9947806428308072,0.1022758113787226,0.016283807678796027,93,False
feature-22004-505-+0.4-notebook-0.6-128,feature-22004,505,0.4,1,prompt,91,0,0.48982539772987366,0.4922613102001148,0.996990985922761,0.07675665932206008,0.023039289150811774,89,False
feature-22004-505-+0.4-notebook-0.6-128,feature-22004,505,0.4,1,generated,88,0,0.48982539772987366,0.49148124016144057,0.9969249726696447,0.07825872420587322,0.022012808444825085,89,False
feature-22004-505-+0.4-notebook-0.6-128,feature-22004,505,0.4,2,prompt,211,0,0.48982539772987366,0.4918901238113783,0.9969922083813997,0.07696514696730257,0.02281116496223153,93,False
feature-22004-505-+0.4-notebook-0.6-128,feature-22004,505,0.4,2,generated,92,0,0.48982539772987366,0.4910031949048457,0.9969873564398807,0.07751518828065498,0.021644748322179785,93,False
feature-22004-505-+0.5-notebook-0.6-128,feature-22004,505,0.5,1,prompt,91,0,0.6122817397117615,0.6135092004314884,0.998242587178618,0.05849160266282794,0.02871737050680587,89,False
feature-22004-505-+0.5-notebook-0.6-128,feature-22004,505,0.5,1,generated,88,0,0.6122817397117615,0.612848202613267,0.9980115341869268,0.06296479672362859,0.02744871337728744,89,False
feature-22004-505-+0.5-notebook-0.6-128,feature-22004,505,0.5,2,prompt,211,0,0.6122817397117615,0.6132090492836108,0.9981582040470358,0.060128994162472506,0.028438745864327132,93,False
feature-22004-505-+0.5-notebook-0.6-128,feature-22004,505,0.5,2,generated,92,0,0.6122817397117615,0.6129253156807112,0.9979945460091466,0.06324436296911343,0.027019155596423407,93,False
feature-22004-505-+0.6-notebook-0.6-128,feature-22004,505,0.6,1,prompt,91,0,0.7347381114959717,0.7356576775456523,0.9988914472716195,0.04595554939338139,0.03443757421273103,89,False
feature-22004-505-+0.6-notebook-0.6-128,feature-22004,505,0.6,1,generated,88,0,0.7347381114959717,0.7361187840049918,0.9988017698580568,0.04881113843823021,0.03297034320844845,89,False
feature-22004-505-+0.6-notebook-0.6-128,feature-22004,505,0.6,2,prompt,211,0,0.7347381114959717,0.735881990731045,0.9988640719115451,0.04694657014479852,0.03412943662302039,93,False
feature-22004-505-+0.6-notebook-0.6-128,feature-22004,505,0.6,2,generated,92,0,0.7347381114959717,0.7357908416053524,0.9987075801776804,0.050799811663834946,0.03243597777074446,93,False
feature-22004-505-+0.7-notebook-0.6-128,feature-22004,505,0.7,1,prompt,91,0,0.8571944236755371,0.8578373383689712,0.9991732554121332,0.039489067415450954,0.04015571517603738,89,False
feature-22004-505-+0.7-notebook-0.6-128,feature-22004,505,0.7,1,generated,88,0,0.8571943640708923,0.8576212240891024,0.9991342581131242,0.041407927235757765,0.03841298090463335,89,False
feature-22004-505-+0.7-notebook-0.6-128,feature-22004,505,0.7,2,prompt,211,0,0.8571944236755371,0.857749134725869,0.9991686315898082,0.04002495382810938,0.039780614685743905,93,False
feature-22004-505-+0.7-notebook-0.6-128,feature-22004,505,0.7,2,generated,92,0,0.8571943640708923,0.8577489768681319,0.9990359007016473,0.04383502771025118,0.03781227435430755,93,False
feature-22004-505--0.1-notebook-0.6-128,feature-22004,505,-0.1,1,prompt,91,0,0.12245634943246841,0.1252920572738071,0.9667402256976118,0.2606029739746681,0.005865379127739049,89,False
feature-22004-505--0.1-notebook-0.6-128,feature-22004,505,-0.1,1,generated,88,0,0.12245634943246841,0.12586622532795777,0.9585912498560819,0.2922720414671031,0.005635383724108,89,False
feature-22004-505--0.1-notebook-0.6-128,feature-22004,505,-0.1,2,prompt,211,0,0.12245634943246841,0.12556617685827598,0.9634656685788484,0.27333467358379004,0.005822329527532386,93,False
feature-22004-505--0.1-notebook-0.6-128,feature-22004,505,-0.1,2,generated,92,0,0.12245634943246841,0.12667584257281345,0.9563062378893727,0.302255447468032,0.005583069464394256,93,False
feature-22004-505--0.2-notebook-0.6-128,feature-22004,505,-0.2,1,prompt,91,0,0.24491269886493683,0.24648013776475255,0.9896849138396127,0.14314095413946842,0.011540937682634199,89,False
feature-22004-505--0.2-notebook-0.6-128,feature-22004,505,-0.2,1,generated,88,0,0.24491269886493683,0.2474535026333549,0.9882563914765011,0.15401979586617512,0.011082605924457312,89,False
feature-22004-505--0.2-notebook-0.6-128,feature-22004,505,-0.2,2,prompt,211,0,0.24491269886493683,0.2468778923930715,0.9891644069368806,0.14710667443360198,0.011450140580305414,113,False
feature-22004-505--0.2-notebook-0.6-128,feature-22004,505,-0.2,2,generated,112,0,0.24491269886493683,0.24758264515548944,0.9880968300359589,0.15524954880986894,0.010890231060329825,113,False
feature-22004-505--0.3-notebook-0.6-128,feature-22004,505,-0.3,1,prompt,91,0,0.36736905574798584,0.368177361540742,0.9945055600051042,0.10317547905903596,0.017238404899886758,89,False
feature-22004-505--0.3-notebook-0.6-128,feature-22004,505,-0.3,1,generated,88,0,0.36736905574798584,0.36860332841222937,0.9944825890389356,0.10461636065420779,0.01650917426344346,89,False
feature-22004-505--0.3-notebook-0.6-128,feature-22004,505,-0.3,2,prompt,211,0,0.36736905574798584,0.36837645828441423,0.9945670592276405,0.10308319031839122,0.017086166235777193,128,False
feature-22004-505--0.3-notebook-0.6-128,feature-22004,505,-0.3,2,generated,127,0,0.36736905574798584,0.3693726015841867,0.9947959076701187,0.1021758162482517,0.016231772731842956,128,False
feature-22004-505--0.4-notebook-0.6-128,feature-22004,505,-0.4,1,prompt,91,0,0.48982539772987366,0.4921931706287049,0.9970034007187728,0.07656853212105048,0.023036349478438703,103,False
feature-22004-505--0.4-notebook-0.6-128,feature-22004,505,-0.4,1,generated,102,0,0.48982539772987366,0.491565224294569,0.9969322827516818,0.07823297512881897,0.02198092966322221,103,False
feature-22004-505--0.4-notebook-0.6-128,feature-22004,505,-0.4,2,prompt,225,0,0.48982539772987366,0.4918620211548275,0.9970048485861884,0.07682098357213868,0.022749601770451086,71,False
feature-22004-505--0.4-notebook-0.6-128,feature-22004,505,-0.4,2,generated,70,0,0.48982539772987366,0.49094818234443666,0.9970197004931314,0.07713463476725987,0.021571829249816283,71,False
feature-22004-505--0.5-notebook-0.6-128,feature-22004,505,-0.5,1,prompt,91,0,0.6122817397117615,0.6135123169029152,0.9982456243955172,0.058412580003777706,0.028717646968249067,89,False
feature-22004-505--0.5-notebook-0.6-128,feature-22004,505,-0.5,1,generated,88,0,0.6122817397117615,0.612823261456056,0.9980124567042697,0.06294350012798201,0.027447721497579056,89,False
feature-22004-505--0.5-notebook-0.6-128,feature-22004,505,-0.5,2,prompt,211,0,0.6122817397117615,0.6131810523322409,0.9981651241180456,0.06002407923552662,0.02843790172496634,114,False
feature-22004-505--0.5-notebook-0.6-128,feature-22004,505,-0.5,2,generated,113,0,0.6122817397117615,0.6128425872431392,0.9979977655199777,0.06314909471347269,0.02706398945136935,114,False
feature-22004-505--0.6-notebook-0.6-128,feature-22004,505,-0.6,1,prompt,91,0,0.7347381114959717,0.7356605608384688,0.9988933618252094,0.04591737798118329,0.034437949561954034,89,False
feature-22004-505--0.6-notebook-0.6-128,feature-22004,505,-0.6,1,generated,88,0,0.7347381114959717,0.7361412955956026,0.9988127472725782,0.04860506621612744,0.03297144614837386,89,False
feature-22004-505--0.6-notebook-0.6-128,feature-22004,505,-0.6,2,prompt,211,0,0.7347381114959717,0.7358779701011441,0.9988702411335226,0.04683269225767156,0.03412964167978209,114,False
feature-22004-505--0.6-notebook-0.6-128,feature-22004,505,-0.6,2,generated,113,0,0.7347381114959717,0.7357874808058275,0.9987147766931922,0.05062699598153081,0.03249379565560185,114,False
feature-22004-505--0.7-notebook-0.6-128,feature-22004,505,-0.7,1,prompt,91,0,0.8571944236755371,0.857817156629248,0.9991745202095954,0.03945231924836452,0.04015521271855335,103,False
feature-22004-505--0.7-notebook-0.6-128,feature-22004,505,-0.7,1,generated,102,0,0.8571943640708923,0.8574156807918175,0.9991566497905582,0.04087464113299753,0.03834021664863708,103,False
feature-22004-505--0.7-notebook-0.6-128,feature-22004,505,-0.7,2,prompt,225,0,0.8571944236755371,0.857636382844713,0.9991775764359369,0.03983512087000741,0.03967007957657592,71,False
feature-22004-505--0.7-notebook-0.6-128,feature-22004,505,-0.7,2,generated,70,0,0.8571943640708923,0.8575073846748897,0.9990477587495531,0.043557166787130494,0.03767797382814544,71,False
feature-22004-606-+0.0-notebook-0.6-128,feature-22004,606,0.0,1,prompt,91,91,0.0,0.0,1.0,0.0,0.0,92,False
feature-22004-606-+0.0-notebook-0.6-128,feature-22004,606,0.0,1,generated,91,91,0.0,0.0,1.0,0.0,0.0,92,False
feature-22004-606-+0.0-notebook-0.6-128,feature-22004,606,0.0,2,prompt,214,214,0.0,0.0,1.0,0.0,0.0,3,False
feature-22004-606-+0.0-notebook-0.6-128,feature-22004,606,0.0,2,generated,2,2,0.0,0.0,1.0,0.0,0.0,3,False
feature-22004-606-+0.1-notebook-0.6-128,feature-22004,606,0.1,1,prompt,91,0,0.12245634943246841,0.1253100335597992,0.9667371819307516,0.26064692028276215,0.005866141086329123,87,False
feature-22004-606-+0.1-notebook-0.6-128,feature-22004,606,0.1,1,generated,86,0,0.12245634943246841,0.12586557224046352,0.9573715537093407,0.2967528440924578,0.00548003496450567,87,False
feature-22004-606-+0.1-notebook-0.6-128,feature-22004,606,0.1,2,prompt,209,0,0.12245634943246841,0.12557938420458845,0.9629625341538607,0.27521243712833626,0.005757190327078737,3,False
feature-22004-606-+0.1-notebook-0.6-128,feature-22004,606,0.1,2,generated,2,0,0.12245634943246841,0.12686631083488464,0.9628494381904602,0.27973343431949615,0.006084205815568566,3,False
feature-22004-606-+0.2-notebook-0.6-128,feature-22004,606,0.2,1,prompt,91,0,0.24491269886493683,0.24647884496620723,0.9896549700380681,0.14333475880570465,0.011540932961097396,92,False
feature-22004-606-+0.2-notebook-0.6-128,feature-22004,606,0.2,1,generated,91,0,0.24491269886493683,0.24747234697525317,0.987685155082535,0.15784065687394405,0.010794857394073036,92,False
feature-22004-606-+0.2-notebook-0.6-128,feature-22004,606,0.2,2,prompt,214,0,0.24491269886493683,0.24690878683718565,0.9889034216649064,0.14886080835745713,0.01131376733409924,3,False
feature-22004-606-+0.2-notebook-0.6-128,feature-22004,606,0.2,2,generated,2,0,0.24491269886493683,0.2472849190235138,0.9903821647167206,0.13964582234621048,0.011843649670481682,3,False
feature-22004-606-+0.3-notebook-0.6-128,feature-22004,606,0.3,1,prompt,91,0,0.36736905574798584,0.36815049851333703,0.9944693478909168,0.1035167565876311,0.017236984669740035,84,False
feature-22004-606-+0.3-notebook-0.6-128,feature-22004,606,0.3,1,generated,83,0,0.36736905574798584,0.3686621289655387,0.9940396238522358,0.10898577969476402,0.015918639510959745,84,False
feature-22004-606-+0.3-notebook-0.6-128,feature-22004,606,0.3,2,prompt,206,0,0.36736905574798584,0.3683961104710125,0.9944073841409776,0.10456267718985243,0.01696175860692589,58,False
feature-22004-606-+0.3-notebook-0.6-128,feature-22004,606,0.3,2,generated,57,0,0.36736905574798584,0.3694204248880085,0.99436676920506,0.10623510103476674,0.015689416200314697,58,False
feature-22004-606-+0.4-notebook-0.6-128,feature-22004,606,0.4,1,prompt,91,0,0.48982539772987366,0.4922613102001148,0.996990985922761,0.07675665932206008,0.023039289150811774,84,False
feature-22004-606-+0.4-notebook-0.6-128,feature-22004,606,0.4,1,generated,83,0,0.48982539772987366,0.49178120098918315,0.9966822955981794,0.08145375038126865,0.02123653347862054,84,False
feature-22004-606-+0.4-notebook-0.6-128,feature-22004,606,0.4,2,prompt,206,0,0.48982539772987366,0.4920028566735462,0.9969310705522889,0.07774849834589703,0.022649037174471354,58,False
feature-22004-606-+0.4-notebook-0.6-128,feature-22004,606,0.4,2,generated,57,0,0.48982539772987366,0.49120109593659117,0.9967648752948695,0.08035718832622495,0.02086240873394305,58,False
feature-22004-606-+0.5-notebook-0.6-128,feature-22004,606,0.5,1,prompt,91,0,0.6122817397117615,0.6135092004314884,0.998242587178618,0.05849160266282794,0.02871737050680587,92,False
feature-22004-606-+0.5-notebook-0.6-128,feature-22004,606,0.5,1,generated,91,0,0.6122817397117615,0.612986996278658,0.9979389329533,0.06416056292888882,0.02673932787153747,92,False
feature-22004-606-+0.5-notebook-0.6-128,feature-22004,606,0.5,2,prompt,214,0,0.6122817397117615,0.6132605407282571,0.9981273462839215,0.06067466072598907,0.028099085238031066,3,False
feature-22004-606-+0.5-notebook-0.6-128,feature-22004,606,0.5,2,generated,2,0,0.6122817397117615,0.6124875247478485,0.9984302818775177,0.05604362301528454,0.029334867373108864,3,False
feature-22004-606-+0.6-notebook-0.6-128,feature-22004,606,0.6,1,prompt,91,0,0.7347381114959717,0.7356576775456523,0.9988914472716195,0.04595554939338139,0.03443757421273103,84,False
feature-22004-606-+0.6-notebook-0.6-128,feature-22004,606,0.6,1,generated,83,0,0.7347381114959717,0.7360272113099156,0.9987496884472399,0.049873464931565595,0.03178237010556531,84,False
feature-22004-606-+0.6-notebook-0.6-128,feature-22004,606,0.6,2,prompt,206,0,0.7347381114959717,0.7358392465461805,0.9988614450959326,0.04704824308819563,0.033877713945682966,58,False
feature-22004-606-+0.6-notebook-0.6-128,feature-22004,606,0.6,2,generated,57,0,0.7347381114959717,0.7358995540100232,0.9986094748764708,0.05267519543045446,0.03125575076984732,58,False
feature-22004-606-+0.7-notebook-0.6-128,feature-22004,606,0.7,1,prompt,91,0,0.8571944236755371,0.8578373383689712,0.9991732554121332,0.039489067415450954,0.04015571517603738,84,False
feature-22004-606-+0.7-notebook-0.6-128,feature-22004,606,0.7,1,generated,83,0,0.8571943640708923,0.8576572027551123,0.9990847979683474,0.04263324537370578,0.03703510563775717,84,False
feature-22004-606-+0.7-notebook-0.6-128,feature-22004,606,0.7,2,prompt,206,0,0.8571944236755371,0.8577433257427031,0.9991602984446923,0.04028178527227883,0.039490205262905184,58,False
feature-22004-606-+0.7-notebook-0.6-128,feature-22004,606,0.7,2,generated,57,0,0.8571943640708923,0.8577793104606762,0.9989679581240604,0.045349571265672385,0.03643207297774784,58,False
feature-22004-606--0.1-notebook-0.6-128,feature-22004,606,-0.1,1,prompt,91,0,0.12245634943246841,0.1252920572738071,0.9667402256976118,0.2606029739746681,0.005865379127739049,84,False
feature-22004-606--0.1-notebook-0.6-128,feature-22004,606,-0.1,1,generated,83,0,0.12245634943246841,0.12599964224430452,0.9565621413380266,0.2996872415743678,0.005438988573894084,84,False
feature-22004-606--0.1-notebook-0.6-128,feature-22004,606,-0.1,2,prompt,206,0,0.12245634943246841,0.12562240862730636,0.9628420877225191,0.27550976007308775,0.005781295512013422,58,False
feature-22004-606--0.1-notebook-0.6-128,feature-22004,606,-0.1,2,generated,57,0,0.12245634943246841,0.1266765331751422,0.9530829923194751,0.31285588783130314,0.005379400224212492,58,False
feature-22004-606--0.2-notebook-0.6-128,feature-22004,606,-0.2,1,prompt,91,0,0.24491269886493683,0.24648013776475255,0.9896849138396127,0.14314095413946842,0.011540937682634199,87,False
feature-22004-606--0.2-notebook-0.6-128,feature-22004,606,-0.2,1,generated,86,0,0.24491269886493683,0.24749074373827423,0.9876080536565115,0.15833545458871265,0.010778154874610346,87,False
feature-22004-606--0.2-notebook-0.6-128,feature-22004,606,-0.2,2,prompt,209,0,0.24491269886493683,0.24689803418645448,0.988908576052725,0.14879896438292908,0.011322111499598294,3,False
feature-22004-606--0.2-notebook-0.6-128,feature-22004,606,-0.2,2,generated,2,0,0.24491269886493683,0.2474379688501358,0.990461528301239,0.13915341347455978,0.011866252403706312,3,False
feature-22004-606--0.3-notebook-0.6-128,feature-22004,606,-0.3,1,prompt,91,0,0.36736905574798584,0.368177361540742,0.9945055600051042,0.10317547905903596,0.017238404899886758,92,False
feature-22004-606--0.3-notebook-0.6-128,feature-22004,606,-0.3,1,generated,91,0,0.36736905574798584,0.36859101679298906,0.9941391414338416,0.1079159758084423,0.01607821078377438,92,False
feature-22004-606--0.3-notebook-0.6-128,feature-22004,606,-0.3,2,prompt,214,0,0.36736905574798584,0.3683966001339048,0.9944422796507862,0.10428770020534502,0.016881320421544783,3,False
feature-22004-606--0.3-notebook-0.6-128,feature-22004,606,-0.3,2,generated,2,0,0.36736905574798584,0.3685886114835739,0.9955761432647705,0.09425060078501701,0.01765323057770729,3,False
feature-22004-606--0.4-notebook-0.6-128,feature-22004,606,-0.4,1,prompt,91,0,0.48982539772987366,0.4921931706287049,0.9970034007187728,0.07656853212105048,0.023036349478438703,87,False
feature-22004-606--0.4-notebook-0.6-128,feature-22004,606,-0.4,1,generated,86,0,0.48982539772987366,0.4917981375095456,0.9967452585697174,0.08062292210931002,0.02141790224109278,87,False
feature-22004-606--0.4-notebook-0.6-128,feature-22004,606,-0.4,2,prompt,209,0,0.48982539772987366,0.4919652060458535,0.9969228272232713,0.07785186451374058,0.022557715174873497,3,False
feature-22004-606--0.4-notebook-0.6-128,feature-22004,606,-0.4,2,generated,2,0,0.48982539772987366,0.49053554236888885,0.9975420236587524,0.070156779140234,0.02352499682456255,3,False
feature-22004-606--0.5-notebook-0.6-128,feature-22004,606,-0.5,1,prompt,91,0,0.6122817397117615,0.6135123169029152,0.9982456243955172,0.058412580003777706,0.028717646968249067,92,False
feature-22004-606--0.5-notebook-0.6-128,feature-22004,606,-0.5,1,generated,91,0,0.6122817397117615,0.612859417448987,0.997941683281909,0.06411055782502824,0.02673374208529572,92,False
feature-22004-606--0.5-notebook-0.6-128,feature-22004,606,-0.5,2,prompt,214,0,0.6122817397117615,0.6132087679666893,0.9981305824819012,0.06060593228822,0.02809682769987027,3,False
feature-22004-606--0.5-notebook-0.6-128,feature-22004,606,-0.5,2,generated,2,0,0.6122817397117615,0.6124547719955444,0.9984291791915894,0.05606585554778576,0.02933313325047493,3,False
feature-22004-606--0.6-notebook-0.6-128,feature-22004,606,-0.6,1,prompt,91,0,0.7347381114959717,0.7356605608384688,0.9988933618252094,0.04591737798118329,0.034437949561954034,92,False
feature-22004-606--0.6-notebook-0.6-128,feature-22004,606,-0.6,1,generated,91,0,0.7347381114959717,0.736064925298586,0.9987929148988409,0.049035361261813196,0.03210833414897814,92,False
feature-22004-606--0.6-notebook-0.6-128,feature-22004,606,-0.6,2,prompt,214,0,0.7347381114959717,0.735866893117673,0.9988616679873422,0.04702850791547343,0.033718068582423585,3,False
feature-22004-606--0.6-notebook-0.6-128,feature-22004,606,-0.6,2,generated,2,0,0.7347381114959717,0.7363520264625549,0.9989150762557983,0.046672528609633446,0.03526849113404751,3,False
feature-22004-606--0.7-notebook-0.6-128,feature-22004,606,-0.7,1,prompt,91,0,0.8571944236755371,0.857817156629248,0.9991745202095954,0.03945231924836452,0.04015521271855335,92,False
feature-22004-606--0.7-notebook-0.6-128,feature-22004,606,-0.7,1,generated,91,0,0.8571943640708923,0.8573797849508432,0.9991185049434285,0.04185630168233599,0.037400477207623996,92,False
feature-22004-606--0.7-notebook-0.6-128,feature-22004,606,-0.7,2,prompt,214,0,0.8571944236755371,0.8576223373970139,0.9991623597724415,0.0402137423195293,0.039296258887750415,3,False
feature-22004-606--0.7-notebook-0.6-128,feature-22004,606,-0.7,2,generated,2,0,0.8571943640708923,0.8571816682815552,0.9991955459117889,0.04010297916829586,0.041055260226130486,3,False
feature-22004-707-+0.0-notebook-0.6-128,feature-22004,707,0.0,1,prompt,91,91,0.0,0.0,1.0,0.0,0.0,50,False
feature-22004-707-+0.0-notebook-0.6-128,feature-22004,707,0.0,1,generated,49,49,0.0,0.0,1.0,0.0,0.0,50,False
feature-22004-707-+0.0-notebook-0.6-128,feature-22004,707,0.0,2,prompt,172,172,0.0,0.0,1.0,0.0,0.0,82,False
feature-22004-707-+0.0-notebook-0.6-128,feature-22004,707,0.0,2,generated,81,81,0.0,0.0,1.0,0.0,0.0,82,False
feature-22004-707-+0.1-notebook-0.6-128,feature-22004,707,0.1,1,prompt,91,0,0.12245634943246841,0.1253100335597992,0.9667371819307516,0.26064692028276215,0.005866141086329123,50,False
feature-22004-707-+0.1-notebook-0.6-128,feature-22004,707,0.1,1,generated,49,0,0.12245634943246841,0.12620100105295376,0.955532971693545,0.30384597364737065,0.005415242079797448,50,False
feature-22004-707-+0.1-notebook-0.6-128,feature-22004,707,0.1,2,prompt,172,0,0.12245634943246841,0.12558051891798197,0.9636913915706236,0.2723415339755457,0.005801337501568839,81,False
feature-22004-707-+0.1-notebook-0.6-128,feature-22004,707,0.1,2,generated,80,0,0.12245634943246841,0.12658520517870783,0.9532933436334133,0.31198115833103657,0.005395003105513751,81,False
feature-22004-707-+0.2-notebook-0.6-128,feature-22004,707,0.2,1,prompt,91,0,0.24491269886493683,0.24647884496620723,0.9896549700380681,0.14333475880570465,0.011540932961097396,50,False
feature-22004-707-+0.2-notebook-0.6-128,feature-22004,707,0.2,1,generated,49,0,0.24491269886493683,0.24779133711542403,0.9872139522007534,0.16103057928231299,0.010635652199235499,50,False
feature-22004-707-+0.2-notebook-0.6-128,feature-22004,707,0.2,2,prompt,172,0,0.24491269886493683,0.246870755889388,0.9890628380830898,0.14760539996935879,0.011407468013964908,81,False
feature-22004-707-+0.2-notebook-0.6-128,feature-22004,707,0.2,2,generated,80,0,0.24491269886493683,0.24797627050429583,0.987130043655634,0.1615915263071656,0.010569021198898554,81,False
feature-22004-707-+0.3-notebook-0.6-128,feature-22004,707,0.3,1,prompt,91,0,0.36736905574798584,0.36815049851333703,0.9944693478909168,0.1035167565876311,0.017236984669740035,50,False
feature-22004-707-+0.3-notebook-0.6-128,feature-22004,707,0.3,1,generated,49,0,0.36736905574798584,0.36887713901850644,0.9940898029171691,0.10855494120291301,0.01583266642172726,50,False
feature-22004-707-+0.3-notebook-0.6-128,feature-22004,707,0.3,2,prompt,172,0,0.36736905574798584,0.3683924683651259,0.9944736014964969,0.10384823888713537,0.017023531940520666,81,False
feature-22004-707-+0.3-notebook-0.6-128,feature-22004,707,0.3,2,generated,80,0,0.36736905574798584,0.369306730479002,0.9943840935826301,0.10608853474259376,0.01574177691945806,81,False
feature-22004-707-+0.4-notebook-0.6-128,feature-22004,707,0.4,1,prompt,91,0,0.48982539772987366,0.4922613102001148,0.996990985922761,0.07675665932206008,0.023039289150811774,50,False
feature-22004-707-+0.4-notebook-0.6-128,feature-22004,707,0.4,1,generated,49,0,0.48982539772987366,0.4916156718925554,0.9967068567567942,0.08109117071239316,0.021101493236361717,50,False
feature-22004-707-+0.4-notebook-0.6-128,feature-22004,707,0.4,2,prompt,172,0,0.48982539772987366,0.49200535825518676,0.9969641808853593,0.07725723744045164,0.022731513025572112,52,False
feature-22004-707-+0.4-notebook-0.6-128,feature-22004,707,0.4,2,generated,51,0,0.48982539772987366,0.4911165184834424,0.9968279050845726,0.0795193069851866,0.021001177785151145,52,False
feature-22004-707-+0.5-notebook-0.6-128,feature-22004,707,0.5,1,prompt,91,0,0.6122817397117615,0.6135092004314884,0.998242587178618,0.05849160266282794,0.02871737050680587,50,False
feature-22004-707-+0.5-notebook-0.6-128,feature-22004,707,0.5,1,generated,49,0,0.6122817397117615,0.6128826104864782,0.9978524896563316,0.06549241644691448,0.026306233577886407,50,False
feature-22004-707-+0.5-notebook-0.6-128,feature-22004,707,0.5,2,prompt,172,0,0.6122817397117615,0.6132751904254736,0.9981513775365297,0.06015609265413395,0.028336672971923944,78,False
feature-22004-707-+0.5-notebook-0.6-128,feature-22004,707,0.5,2,generated,77,0,0.6122817397117615,0.6128805202323121,0.9979107031574497,0.06449392670160764,0.026679132859428207,78,False
feature-22004-707-+0.6-notebook-0.6-128,feature-22004,707,0.6,1,prompt,91,0,0.7347381114959717,0.7356576775456523,0.9988914472716195,0.04595554939338139,0.03443757421273103,50,False
feature-22004-707-+0.6-notebook-0.6-128,feature-22004,707,0.6,1,generated,49,0,0.7347381114959717,0.7360901978551125,0.9987197944096157,0.05053340461181135,0.031595105533393064,50,False
feature-22004-707-+0.6-notebook-0.6-128,feature-22004,707,0.6,2,prompt,172,0,0.7347381114959717,0.7358098996933117,0.9988561438959699,0.04699654424519733,0.034000188335275475,81,False
feature-22004-707-+0.6-notebook-0.6-128,feature-22004,707,0.6,2,generated,80,0,0.7347381114959717,0.7359443873167038,0.9986716866493225,0.05143948714248836,0.03194857167545706,81,False
feature-22004-707-+0.7-notebook-0.6-128,feature-22004,707,0.7,1,prompt,91,0,0.8571944236755371,0.8578373383689712,0.9991732554121332,0.039489067415450954,0.04015571517603738,50,False
feature-22004-707-+0.7-notebook-0.6-128,feature-22004,707,0.7,1,generated,49,0,0.8571943640708923,0.8575648191023846,0.9990729555791739,0.04293993389119907,0.03680943393585633,50,False
feature-22004-707-+0.7-notebook-0.6-128,feature-22004,707,0.7,2,prompt,172,0,0.8571944236755371,0.8577547679806865,0.9991592446038889,0.04014749060449905,0.039633428753721854,90,False
feature-22004-707-+0.7-notebook-0.6-128,feature-22004,707,0.7,2,generated,89,0,0.8571943640708923,0.8576802852448453,0.9990334329980143,0.043781713425610845,0.03768302496062236,90,False
feature-22004-707--0.1-notebook-0.6-128,feature-22004,707,-0.1,1,prompt,91,0,0.12245634943246841,0.1252920572738071,0.9667402256976118,0.2606029739746681,0.005865379127739049,50,False
feature-22004-707--0.1-notebook-0.6-128,feature-22004,707,-0.1,1,generated,49,0,0.12245634943246841,0.12619281377719374,0.9555678915004341,0.30371185772273007,0.005414935180499237,50,False
feature-22004-707--0.1-notebook-0.6-128,feature-22004,707,-0.1,2,prompt,172,0,0.12245634943246841,0.12556872287288653,0.9636962836564973,0.27229697404559267,0.0058008869222418115,82,False
feature-22004-707--0.1-notebook-0.6-128,feature-22004,707,-0.1,2,generated,81,0,0.12245634943246841,0.1265412625155331,0.9534608699657299,0.3113365213812133,0.00540391064858363,82,False
feature-22004-707--0.2-notebook-0.6-128,feature-22004,707,-0.2,1,prompt,91,0,0.24491269886493683,0.24648013776475255,0.9896849138396127,0.14314095413946842,0.011540937682634199,50,False
feature-22004-707--0.2-notebook-0.6-128,feature-22004,707,-0.2,1,generated,49,0,0.24491269886493683,0.24779264507245044,0.9872218151481784,0.16098542207357835,0.010635650868774677,50,False
feature-22004-707--0.2-notebook-0.6-128,feature-22004,707,-0.2,2,prompt,172,0,0.24491269886493683,0.24688403403689696,0.9890891358602879,0.14744159683238628,0.011408082090404838,82,False
feature-22004-707--0.2-notebook-0.6-128,feature-22004,707,-0.2,2,generated,81,0,0.24491269886493683,0.24797782375488753,0.9872234301802553,0.16100472267027255,0.01059014077677771,82,False
feature-22004-707--0.3-notebook-0.6-128,feature-22004,707,-0.3,1,prompt,91,0,0.36736905574798584,0.368177361540742,0.9945055600051042,0.10317547905903596,0.017238404899886758,50,False
feature-22004-707--0.3-notebook-0.6-128,feature-22004,707,-0.3,1,generated,49,0,0.36736905574798584,0.36881802945720904,0.9940992277495715,0.1084525430080842,0.01583021312799989,50,False
feature-22004-707--0.3-notebook-0.6-128,feature-22004,707,-0.3,2,prompt,172,0,0.36736905574798584,0.36839347211427464,0.994512198276298,0.10347190419168667,0.01702372720099574,82,False
feature-22004-707--0.3-notebook-0.6-128,feature-22004,707,-0.3,2,generated,81,0,0.36736905574798584,0.36926173906267423,0.9944140116373698,0.10579201257155266,0.015771269545327,82,False
feature-22004-707--0.4-notebook-0.6-128,feature-22004,707,-0.4,1,prompt,91,0,0.48982539772987366,0.4921931706287049,0.9970034007187728,0.07656853212105048,0.023036349478438703,102,False
feature-22004-707--0.4-notebook-0.6-128,feature-22004,707,-0.4,1,generated,101,0,0.48982539772987366,0.4913738614851885,0.9967959422876339,0.08000052727685117,0.02112869309759376,102,False
feature-22004-707--0.4-notebook-0.6-128,feature-22004,707,-0.4,2,prompt,224,0,0.48982539772987366,0.4917918119047369,0.9969480447471142,0.07757107632434261,0.022380257909130057,78,False
feature-22004-707--0.4-notebook-0.6-128,feature-22004,707,-0.4,2,generated,77,0,0.48982539772987366,0.49081309662236794,0.9970850712293154,0.07621401379054243,0.021934885555854093,78,False
feature-22004-707--0.5-notebook-0.6-128,feature-22004,707,-0.5,1,prompt,91,0,0.6122817397117615,0.6135123169029152,0.9982456243955172,0.058412580003777706,0.028717646968249067,50,False
feature-22004-707--0.5-notebook-0.6-128,feature-22004,707,-0.5,1,generated,49,0,0.6122817397117615,0.6128578040064597,0.997853662286486,0.06547417217979626,0.026305136745985672,50,False
feature-22004-707--0.5-notebook-0.6-128,feature-22004,707,-0.5,2,prompt,172,0,0.6122817397117615,0.6132579560196677,0.9981539665266524,0.060096247078374375,0.02833600634090375,82,False
feature-22004-707--0.5-notebook-0.6-128,feature-22004,707,-0.5,2,generated,81,0,0.6122817397117615,0.6128921516147661,0.9978466239976295,0.06551813279037122,0.026177888897098142,82,False
feature-22004-707--0.6-notebook-0.6-128,feature-22004,707,-0.6,1,prompt,91,0,0.7347381114959717,0.7356605608384688,0.9988933618252094,0.04591737798118329,0.034437949561954034,102,False
feature-22004-707--0.6-notebook-0.6-128,feature-22004,707,-0.6,1,generated,101,0,0.7347381114959717,0.7360509811061444,0.998736036886083,0.0502527785478252,0.03165016391563533,102,False
feature-22004-707--0.6-notebook-0.6-128,feature-22004,707,-0.6,2,prompt,224,0,0.7347381114959717,0.7358655559697321,0.9988338755709785,0.04763262676507501,0.03349063599827267,78,False
feature-22004-707--0.6-notebook-0.6-128,feature-22004,707,-0.6,2,generated,77,0,0.7347381114959717,0.7359032445139699,0.9987283550299607,0.05034081260492275,0.03288881587130683,78,False
feature-22004-707--0.7-notebook-0.6-128,feature-22004,707,-0.7,1,prompt,91,0,0.8571944236755371,0.857817156629248,0.9991745202095954,0.03945231924836452,0.04015521271855335,102,False
feature-22004-707--0.7-notebook-0.6-128,feature-22004,707,-0.7,1,generated,101,0,0.8571943640708923,0.8575811291685199,0.9990819692611694,0.04277652686480248,0.03687613284086237,102,False
feature-22004-707--0.7-notebook-0.6-128,feature-22004,707,-0.7,2,prompt,224,0,0.8571944236755371,0.8577082654727357,0.9991440788975784,0.04068033686572952,0.039035120640619425,108,False
feature-22004-707--0.7-notebook-0.6-128,feature-22004,707,-0.7,2,generated,107,0,0.8571943640708923,0.857762521115419,0.999047036482909,0.04352134716845004,0.03807157995266335,108,False
feature-22004-808-+0.0-notebook-0.6-128,feature-22004,808,0.0,1,prompt,91,91,0.0,0.0,1.0,0.0,0.0,81,False
feature-22004-808-+0.0-notebook-0.6-128,feature-22004,808,0.0,1,generated,80,80,0.0,0.0,1.0,0.0,0.0,81,False
feature-22004-808-+0.0-notebook-0.6-128,feature-22004,808,0.0,2,prompt,203,203,0.0,0.0,1.0,0.0,0.0,94,False
feature-22004-808-+0.0-notebook-0.6-128,feature-22004,808,0.0,2,generated,93,93,0.0,0.0,1.0,0.0,0.0,94,False
feature-22004-808-+0.1-notebook-0.6-128,feature-22004,808,0.1,1,prompt,91,0,0.12245634943246841,0.1253100335597992,0.9667371819307516,0.26064692028276215,0.005866141086329123,81,False
feature-22004-808-+0.1-notebook-0.6-128,feature-22004,808,0.1,1,generated,80,0,0.12245634943246841,0.1259234351105988,0.9583105817437172,0.2933658231049776,0.005624294822337106,81,False
feature-22004-808-+0.1-notebook-0.6-128,feature-22004,808,0.1,2,prompt,203,0,0.12245634943246841,0.12558696587831517,0.963510572029452,0.2731661140331494,0.005824434602939354,94,False
feature-22004-808-+0.1-notebook-0.6-128,feature-22004,808,0.1,2,generated,93,0,0.12245634943246841,0.1264388332924535,0.9559665751713579,0.3028058904793955,0.005575060589058745,94,False
feature-22004-808-+0.2-notebook-0.6-128,feature-22004,808,0.2,1,prompt,91,0,0.24491269886493683,0.24647884496620723,0.9896549700380681,0.14333475880570465,0.011540932961097396,81,False
feature-22004-808-+0.2-notebook-0.6-128,feature-22004,808,0.2,1,generated,80,0,0.24491269886493683,0.24745734855532647,0.9881911903619767,0.15444883853197097,0.011055754125118255,81,False
feature-22004-808-+0.2-notebook-0.6-128,feature-22004,808,0.2,2,prompt,203,0,0.24491269886493683,0.24685980570433763,0.9891575877302385,0.14710441495984647,0.011451796643015025,94,False
feature-22004-808-+0.2-notebook-0.6-128,feature-22004,808,0.2,2,generated,93,0,0.24491269886493683,0.24776628773699524,0.9880565020345873,0.15556286339477826,0.010927510828340566,94,False
feature-22004-808-+0.3-notebook-0.6-128,feature-22004,808,0.3,1,prompt,91,0,0.36736905574798584,0.36815049851333703,0.9944693478909168,0.1035167565876311,0.017236984669740035,81,False
feature-22004-808-+0.3-notebook-0.6-128,feature-22004,808,0.3,1,generated,80,0,0.36736905574798584,0.368639100715518,0.9944711670279502,0.10476893689483405,0.016470781271345915,81,False
feature-22004-808-+0.3-notebook-0.6-128,feature-22004,808,0.3,2,prompt,203,0,0.36736905574798584,0.3683708313063448,0.9945367912353553,0.10334261211341825,0.017089670320847784,80,False
feature-22004-808-+0.3-notebook-0.6-128,feature-22004,808,0.3,2,generated,79,0,0.36736905574798584,0.36927392173417006,0.9947885229617734,0.10226229068976414,0.016341441122319878,80,False
feature-22004-808-+0.4-notebook-0.6-128,feature-22004,808,0.4,1,prompt,91,0,0.48982539772987366,0.4922613102001148,0.996990985922761,0.07675665932206008,0.023039289150811774,81,False
feature-22004-808-+0.4-notebook-0.6-128,feature-22004,808,0.4,1,generated,80,0,0.48982539772987366,0.4914311796426773,0.9969162754714489,0.0783787033520639,0.021957465750165283,81,False
feature-22004-808-+0.4-notebook-0.6-128,feature-22004,808,0.4,2,prompt,203,0,0.48982539772987366,0.4918769182536402,0.9969946069670428,0.07691429647172025,0.022815401209093943,94,False
feature-22004-808-+0.4-notebook-0.6-128,feature-22004,808,0.4,2,generated,93,0,0.48982539772987366,0.4909856341859346,0.9970148673621557,0.07716246225660847,0.021654997501642473,94,False
feature-22004-808-+0.5-notebook-0.6-128,feature-22004,808,0.5,1,prompt,91,0,0.6122817397117615,0.6135092004314884,0.998242587178618,0.05849160266282794,0.02871737050680587,81,False
feature-22004-808-+0.5-notebook-0.6-128,feature-22004,808,0.5,1,generated,80,0,0.6122817397117615,0.6128086470067501,0.9980057947337627,0.06305083674378693,0.027380743506364526,81,False
feature-22004-808-+0.5-notebook-0.6-128,feature-22004,808,0.5,2,prompt,203,0,0.6122817397117615,0.6132167072718954,0.9981614615529629,0.06005702953180069,0.02844521677548185,94,False
feature-22004-808-+0.5-notebook-0.6-128,feature-22004,808,0.5,2,generated,93,0,0.6122817397117615,0.6127606854643873,0.997972717208247,0.0635775261588635,0.02702568679727534,94,False
feature-22004-808-+0.6-notebook-0.6-128,feature-22004,808,0.6,1,prompt,91,0,0.7347381114959717,0.7356576775456523,0.9988914472716195,0.04595554939338139,0.03443757421273103,86,False
feature-22004-808-+0.6-notebook-0.6-128,feature-22004,808,0.6,1,generated,85,0,0.7347381114959717,0.7361444837906781,0.9987927927690394,0.049008707570679044,0.03270791795323877,86,False
feature-22004-808-+0.6-notebook-0.6-128,feature-22004,808,0.6,2,prompt,208,0,0.7347381114959717,0.7358810830001647,0.9988622522124877,0.0469758585632707,0.03406554120766277,102,False
feature-22004-808-+0.6-notebook-0.6-128,feature-22004,808,0.6,2,generated,101,0,0.7347381114959717,0.7358112382416678,0.9986589043447287,0.051739069753059065,0.03193106659051805,102,False
feature-22004-808-+0.7-notebook-0.6-128,feature-22004,808,0.7,1,prompt,91,0,0.8571944236755371,0.8578373383689712,0.9991732554121332,0.039489067415450954,0.04015571517603738,70,False
feature-22004-808-+0.7-notebook-0.6-128,feature-22004,808,0.7,1,generated,69,0,0.8571943640708923,0.857498994771985,0.999208687008291,0.03950381643422272,0.039776028444369636,70,False
feature-22004-808-+0.7-notebook-0.6-128,feature-22004,808,0.7,2,prompt,192,0,0.8571944236755371,0.8577247764915228,0.9991989970828096,0.039205234022423006,0.04039202124113217,87,False
feature-22004-808-+0.7-notebook-0.6-128,feature-22004,808,0.7,2,generated,86,0,0.8571943640708923,0.8576594750548518,0.9990459431049435,0.043606530485111615,0.037843198190594826,87,False
feature-22004-808--0.1-notebook-0.6-128,feature-22004,808,-0.1,1,prompt,91,0,0.12245634943246841,0.1252920572738071,0.9667402256976118,0.2606029739746681,0.005865379127739049,81,False
feature-22004-808--0.1-notebook-0.6-128,feature-22004,808,-0.1,1,generated,80,0,0.12245634943246841,0.12589822746813298,0.9582813322544098,0.29341549053788185,0.005623135657515377,81,False
feature-22004-808--0.1-notebook-0.6-128,feature-22004,808,-0.1,2,prompt,203,0,0.12245634943246841,0.1255782329904035,0.9635189718800813,0.27311936644791385,0.0058240926717127,94,False
feature-22004-808--0.1-notebook-0.6-128,feature-22004,808,-0.1,2,generated,93,0,0.12245634943246841,0.12643739332755408,0.9560095796021082,0.302667585271661,0.0055749773508518615,94,False
feature-22004-808--0.2-notebook-0.6-128,feature-22004,808,-0.2,1,prompt,91,0,0.24491269886493683,0.24648013776475255,0.9896849138396127,0.14314095413946842,0.011540937682634199,81,False
feature-22004-808--0.2-notebook-0.6-128,feature-22004,808,-0.2,1,generated,80,0,0.24491269886493683,0.2474464002996683,0.9881960339844227,0.15440487787127494,0.011055373947601765,81,False
feature-22004-808--0.2-notebook-0.6-128,feature-22004,808,-0.2,2,prompt,203,0,0.24491269886493683,0.24685081494559208,0.9891710595544336,0.14701578322008912,0.011451364664608622,94,False
feature-22004-808--0.2-notebook-0.6-128,feature-22004,808,-0.2,2,generated,93,0,0.24491269886493683,0.2477494582373609,0.9880823281503492,0.15538475502242324,0.010926722288532283,94,False
feature-22004-808--0.3-notebook-0.6-128,feature-22004,808,-0.3,1,prompt,91,0,0.36736905574798584,0.368177361540742,0.9945055600051042,0.10317547905903596,0.017238404899886758,81,False
feature-22004-808--0.3-notebook-0.6-128,feature-22004,808,-0.3,1,generated,80,0,0.36736905574798584,0.3686190780252218,0.9944732785224915,0.10473442217335105,0.016469860973302275,81,False
feature-22004-808--0.3-notebook-0.6-128,feature-22004,808,-0.3,2,prompt,203,0,0.36736905574798584,0.36837555783722786,0.994557314905627,0.10314650576690147,0.017089956945262556,94,False
feature-22004-808--0.3-notebook-0.6-128,feature-22004,808,-0.3,2,generated,93,0,0.36736905574798584,0.3691856982887432,0.9947907719560849,0.10213243809118065,0.016282245406620606,94,False
feature-22004-808--0.4-notebook-0.6-128,feature-22004,808,-0.4,1,prompt,91,0,0.48982539772987366,0.4921931706287049,0.9970034007187728,0.07656853212105048,0.023036349478438703,81,False
feature-22004-808--0.4-notebook-0.6-128,feature-22004,808,-0.4,1,generated,80,0,0.48982539772987366,0.49146410301327703,0.9969230219721794,0.07829583282582461,0.02195875202305615,81,False
feature-22004-808--0.4-notebook-0.6-128,feature-22004,808,-0.4,2,prompt,203,0,0.48982539772987366,0.4918572195057799,0.9970015721955323,0.07681677646457856,0.022814581916481714,94,False
feature-22004-808--0.4-notebook-0.6-128,feature-22004,808,-0.4,2,generated,93,0,0.48982539772987366,0.4909889980029034,0.9970197703248711,0.07709411872170305,0.021655225465374607,94,False
feature-22004-808--0.5-notebook-0.6-128,feature-22004,808,-0.5,1,prompt,91,0,0.6122817397117615,0.6135123169029152,0.9982456243955172,0.058412580003777706,0.028717646968249067,81,False
feature-22004-808--0.5-notebook-0.6-128,feature-22004,808,-0.5,1,generated,80,0,0.6122817397117615,0.612817507982254,0.998005810379982,0.06304534301161765,0.027381305140443145,81,False
feature-22004-808--0.5-notebook-0.6-128,feature-22004,808,-0.5,2,prompt,203,0,0.6122817397117615,0.6132146040794297,0.9981642844054499,0.059996559628712136,0.028445419070615978,80,False
feature-22004-808--0.5-notebook-0.6-128,feature-22004,808,-0.5,2,generated,79,0,0.6122817397117615,0.6127617796765098,0.9980062216143065,0.06308471161542059,0.027117239217026325,80,False
feature-22004-808--0.6-notebook-0.6-128,feature-22004,808,-0.6,1,prompt,91,0,0.7347381114959717,0.7356605608384688,0.9988933618252094,0.04591737798118329,0.034437949561954034,81,False
feature-22004-808--0.6-notebook-0.6-128,feature-22004,808,-0.6,1,generated,80,0,0.7347381114959717,0.7361471749842167,0.9988026529550552,0.048810735391452906,0.032891950593329965,81,False
feature-22004-808--0.6-notebook-0.6-128,feature-22004,808,-0.6,2,prompt,203,0,0.7347381114959717,0.7358778609430848,0.9988683494441027,0.04684172602819985,0.034136759570290526,94,False
feature-22004-808--0.6-notebook-0.6-128,feature-22004,808,-0.6,2,generated,93,0,0.7347381114959717,0.73589680464037,0.9987176791314156,0.05057390154369416,0.03245744057079797,94,False
feature-22004-808--0.7-notebook-0.6-128,feature-22004,808,-0.7,1,prompt,91,0,0.8571944236755371,0.857817156629248,0.9991745202095954,0.03945231924836452,0.04015521271855335,81,False
feature-22004-808--0.7-notebook-0.6-128,feature-22004,808,-0.7,1,generated,80,0,0.8571943640708923,0.8575770013034344,0.9991337403655052,0.04144212428946048,0.03831841242499649,81,False
feature-22004-808--0.7-notebook-0.6-128,feature-22004,808,-0.7,2,prompt,203,0,0.8571944236755371,0.8577126197039787,0.9991698664397441,0.039981480898895284,0.039787780312853384,80,False
feature-22004-808--0.7-notebook-0.6-128,feature-22004,808,-0.7,2,generated,79,0,0.8571943640708923,0.8575051132636734,0.999057169956497,0.04334099076782601,0.037948843374659744,80,False
feature-22004-909-+0.0-notebook-0.6-128,feature-22004,909,0.0,1,prompt,91,91,0.0,0.0,1.0,0.0,0.0,81,False
feature-22004-909-+0.0-notebook-0.6-128,feature-22004,909,0.0,1,generated,80,80,0.0,0.0,1.0,0.0,0.0,81,False
feature-22004-909-+0.0-notebook-0.6-128,feature-22004,909,0.0,2,prompt,203,203,0.0,0.0,1.0,0.0,0.0,89,False
feature-22004-909-+0.0-notebook-0.6-128,feature-22004,909,0.0,2,generated,88,88,0.0,0.0,1.0,0.0,0.0,89,False
feature-22004-909-+0.1-notebook-0.6-128,feature-22004,909,0.1,1,prompt,91,0,0.12245634943246841,0.1253100335597992,0.9667371819307516,0.26064692028276215,0.005866141086329123,81,False
feature-22004-909-+0.1-notebook-0.6-128,feature-22004,909,0.1,1,generated,80,0,0.12245634943246841,0.1259234351105988,0.9583105817437172,0.2933658231049776,0.005624294822337106,81,False
feature-22004-909-+0.1-notebook-0.6-128,feature-22004,909,0.1,2,prompt,203,0,0.12245634943246841,0.12558696587831517,0.963510572029452,0.2731661140331494,0.005824434602939354,89,False
feature-22004-909-+0.1-notebook-0.6-128,feature-22004,909,0.1,2,generated,88,0,0.12245634943246841,0.12628848596730016,0.9568483226678588,0.2996388321573084,0.005554587765469809,89,False
feature-22004-909-+0.2-notebook-0.6-128,feature-22004,909,0.2,1,prompt,91,0,0.24491269886493683,0.24647884496620723,0.9896549700380681,0.14333475880570465,0.011540932961097396,81,False
feature-22004-909-+0.2-notebook-0.6-128,feature-22004,909,0.2,1,generated,80,0,0.24491269886493683,0.24745734855532647,0.9881911903619767,0.15444883853197097,0.011055754125118255,81,False
feature-22004-909-+0.2-notebook-0.6-128,feature-22004,909,0.2,2,prompt,203,0,0.24491269886493683,0.24685980570433763,0.9891575877302385,0.14710441495984647,0.011451796643015025,89,False
feature-22004-909-+0.2-notebook-0.6-128,feature-22004,909,0.2,2,generated,88,0,0.24491269886493683,0.24754565801810136,0.9880435006185011,0.15564010190692815,0.010890001632188532,89,False
feature-22004-909-+0.3-notebook-0.6-128,feature-22004,909,0.3,1,prompt,91,0,0.36736905574798584,0.36815049851333703,0.9944693478909168,0.1035167565876311,0.017236984669740035,128,True
feature-22004-909-+0.3-notebook-0.6-128,feature-22004,909,0.3,1,generated,127,0,0.36736905574798584,0.36876698413233117,0.9944845315978283,0.10464046279511113,0.016316731460392475,128,True
feature-22004-909-+0.3-notebook-0.6-128,feature-22004,909,0.3,2,prompt,251,0,0.36736905574798584,0.36850099746449533,0.994573434510554,0.10309442313781297,0.016983725764001145,72,False
feature-22004-909-+0.3-notebook-0.6-128,feature-22004,909,0.3,2,generated,71,0,0.36736905574798584,0.36927671373729976,0.99483881366085,0.10167264686503881,0.01634633185630533,72,False
feature-22004-909-+0.4-notebook-0.6-128,feature-22004,909,0.4,1,prompt,91,0,0.48982539772987366,0.4922613102001148,0.996990985922761,0.07675665932206008,0.023039289150811774,128,True
feature-22004-909-+0.4-notebook-0.6-128,feature-22004,909,0.4,1,generated,127,0,0.48982539772987366,0.49138186390944355,0.9968972839708403,0.07860113093702811,0.021741826087236404,128,True
feature-22004-909-+0.4-notebook-0.6-128,feature-22004,909,0.4,2,prompt,251,0,0.48982539772987366,0.4917330296628504,0.9969981395865817,0.07692896904223469,0.022659662912230552,72,False
feature-22004-909-+0.4-notebook-0.6-128,feature-22004,909,0.4,2,generated,71,0,0.48982539772987366,0.4910206652023423,0.9970265551352165,0.07702461703562401,0.021736024209940936,72,False
feature-22004-909-+0.5-notebook-0.6-128,feature-22004,909,0.5,1,prompt,91,0,0.6122817397117615,0.6135092004314884,0.998242587178618,0.05849160266282794,0.02871737050680587,128,True
feature-22004-909-+0.5-notebook-0.6-128,feature-22004,909,0.5,1,generated,127,0,0.6122817397117615,0.6127354990778946,0.9979712076074495,0.06359740968529634,0.027120779466441296,128,True
feature-22004-909-+0.5-notebook-0.6-128,feature-22004,909,0.5,2,prompt,251,0,0.6122817397117615,0.6131060904715641,0.998133049068223,0.060631170037733134,0.028258537423733875,72,False
feature-22004-909-+0.5-notebook-0.6-128,feature-22004,909,0.5,2,generated,71,0,0.6122817397117615,0.6129396566202943,0.9980390651125304,0.06249980586515346,0.02712583956374249,72,False
feature-22004-909-+0.6-notebook-0.6-128,feature-22004,909,0.6,1,prompt,91,0,0.7347381114959717,0.7356576775456523,0.9988914472716195,0.04595554939338139,0.03443757421273103,81,False
feature-22004-909-+0.6-notebook-0.6-128,feature-22004,909,0.6,1,generated,80,0,0.7347381114959717,0.7361310243606567,0.9987903892993927,0.049040713161230085,0.03289116723462939,81,False
feature-22004-909-+0.6-notebook-0.6-128,feature-22004,909,0.6,2,prompt,203,0,0.7347381114959717,0.7358748639745666,0.9988626902326575,0.04694903619000183,0.034136448538084535,89,False
feature-22004-909-+0.6-notebook-0.6-128,feature-22004,909,0.6,2,generated,88,0,0.7347381114959717,0.7358254444870082,0.9987360658970746,0.05023826273496856,0.03237063403833996,89,False
feature-22004-909-+0.7-notebook-0.6-128,feature-22004,909,0.7,1,prompt,91,0,0.8571944236755371,0.8578373383689712,0.9991732554121332,0.039489067415450954,0.04015571517603738,81,False
feature-22004-909-+0.7-notebook-0.6-128,feature-22004,909,0.7,1,generated,80,0,0.8571943640708923,0.8575910799205303,0.9991249598562717,0.04162563304416835,0.03831881773658097,81,False
feature-22004-909-+0.7-notebook-0.6-128,feature-22004,909,0.7,2,prompt,203,0,0.8571944236755371,0.8577560667921169,0.9991660972534142,0.04006434868782612,0.03978946394851349,89,False
feature-22004-909-+0.7-notebook-0.6-128,feature-22004,909,0.7,2,generated,88,0,0.8571943640708923,0.8577023541385477,0.9990645044229247,0.04318325357003645,0.037732097108594397,89,False
feature-22004-909--0.1-notebook-0.6-128,feature-22004,909,-0.1,1,prompt,91,0,0.12245634943246841,0.1252920572738071,0.9667402256976118,0.2606029739746681,0.005865379127739049,81,False
feature-22004-909--0.1-notebook-0.6-128,feature-22004,909,-0.1,1,generated,80,0,0.12245634943246841,0.12589822746813298,0.9582813322544098,0.29341549053788185,0.005623135657515377,81,False
feature-22004-909--0.1-notebook-0.6-128,feature-22004,909,-0.1,2,prompt,203,0,0.12245634943246841,0.1255782329904035,0.9635189718800813,0.27311936644791385,0.0058240926717127,89,False
feature-22004-909--0.1-notebook-0.6-128,feature-22004,909,-0.1,2,generated,88,0,0.12245634943246841,0.12628825576129285,0.9568208327347582,0.2997442754832181,0.005554576520808041,89,False
feature-22004-909--0.2-notebook-0.6-128,feature-22004,909,-0.2,1,prompt,91,0,0.24491269886493683,0.24648013776475255,0.9896849138396127,0.14314095413946842,0.011540937682634199,81,False
feature-22004-909--0.2-notebook-0.6-128,feature-22004,909,-0.2,1,generated,80,0,0.24491269886493683,0.2474464002996683,0.9881960339844227,0.15440487787127494,0.011055373947601765,81,False
feature-22004-909--0.2-notebook-0.6-128,feature-22004,909,-0.2,2,prompt,203,0,0.24491269886493683,0.24685081494559208,0.9891710595544336,0.14701578322008912,0.011451364664608622,89,False
feature-22004-909--0.2-notebook-0.6-128,feature-22004,909,-0.2,2,generated,88,0,0.24491269886493683,0.24755988083779812,0.9880647652528503,0.15549988113343716,0.010890613976781342,89,False
feature-22004-909--0.3-notebook-0.6-128,feature-22004,909,-0.3,1,prompt,91,0,0.36736905574798584,0.368177361540742,0.9945055600051042,0.10317547905903596,0.017238404899886758,81,False
feature-22004-909--0.3-notebook-0.6-128,feature-22004,909,-0.3,1,generated,80,0,0.36736905574798584,0.3686190780252218,0.9944732785224915,0.10473442217335105,0.016469860973302275,81,False
feature-22004-909--0.3-notebook-0.6-128,feature-22004,909,-0.3,2,prompt,203,0,0.36736905574798584,0.36837555783722786,0.994557314905627,0.10314650576690147,0.017089956945262556,89,False
feature-22004-909--0.3-notebook-0.6-128,feature-22004,909,-0.3,2,generated,88,0,0.36736905574798584,0.36904302815144713,0.9946466406637972,0.10343567273494872,0.016234396554698997,89,False
feature-22004-909--0.4-notebook-0.6-128,feature-22004,909,-0.4,1,prompt,91,0,0.48982539772987366,0.4921931706287049,0.9970034007187728,0.07656853212105048,0.023036349478438703,128,True
feature-22004-909--0.4-notebook-0.6-128,feature-22004,909,-0.4,1,generated,127,0,0.48982539772987366,0.49153221944185693,0.9967676715588006,0.08032797549770573,0.021514020420200244,128,True
feature-22004-909--0.4-notebook-0.6-128,feature-22004,909,-0.4,2,prompt,251,0,0.48982539772987366,0.49179592930463206,0.9969331985450836,0.07779370883546502,0.022537890449027157,92,False
feature-22004-909--0.4-notebook-0.6-128,feature-22004,909,-0.4,2,generated,91,0,0.48982539772987366,0.49090653363164966,0.9970416616607498,0.07682380538720351,0.021807035922512902,92,False
feature-22004-909--0.5-notebook-0.6-128,feature-22004,909,-0.5,1,prompt,91,0,0.6122817397117615,0.6135123169029152,0.9982456243955172,0.058412580003777706,0.028717646968249067,81,False
feature-22004-909--0.5-notebook-0.6-128,feature-22004,909,-0.5,1,generated,80,0,0.6122817397117615,0.612817507982254,0.998005810379982,0.06304534301161765,0.027381305140443145,81,False
feature-22004-909--0.5-notebook-0.6-128,feature-22004,909,-0.5,2,prompt,203,0,0.6122817397117615,0.6132146040794297,0.9981642844054499,0.059996559628712136,0.028445419070615978,83,False
feature-22004-909--0.5-notebook-0.6-128,feature-22004,909,-0.5,2,generated,82,0,0.6122817397117615,0.612843855852034,0.9980107545852661,0.06300527997678373,0.026980007498911242,83,False
feature-22004-909--0.6-notebook-0.6-128,feature-22004,909,-0.6,1,prompt,91,0,0.7347381114959717,0.7356605608384688,0.9988933618252094,0.04591737798118329,0.034437949561954034,97,False
feature-22004-909--0.6-notebook-0.6-128,feature-22004,909,-0.6,1,generated,96,0,0.7347381114959717,0.7362006660550833,0.9987610398481289,0.04971015139017254,0.03217502865785112,97,False
feature-22004-909--0.6-notebook-0.6-128,feature-22004,909,-0.6,2,prompt,219,0,0.7347381114959717,0.7359206447862598,0.9988630288812124,0.047075378899909044,0.03392907999536728,116,False
feature-22004-909--0.6-notebook-0.6-128,feature-22004,909,-0.6,2,generated,115,0,0.7347381114959717,0.7359660812046217,0.998666645132977,0.05154689381951871,0.03204444505922172,116,False
feature-22004-909--0.7-notebook-0.6-128,feature-22004,909,-0.7,1,prompt,91,0,0.8571944236755371,0.857817156629248,0.9991745202095954,0.03945231924836452,0.04015521271855335,97,False
feature-22004-909--0.7-notebook-0.6-128,feature-22004,909,-0.7,1,generated,96,0,0.8571943640708923,0.8575391918420792,0.9991029345740875,0.042234374986340605,0.03747839472877482,97,False
feature-22004-909--0.7-notebook-0.6-128,feature-22004,909,-0.7,2,prompt,219,0,0.8571944236755371,0.8576721900129971,0.9991672708563608,0.040162926752409435,0.039542638125285065,116,False
feature-22004-909--0.7-notebook-0.6-128,feature-22004,909,-0.7,2,generated,115,0,0.8571943640708923,0.8578035924745643,0.9990130906519683,0.04430646306794623,0.037349408492445946,116,False
feature-23893-1001-+0.0-notebook-0.6-128,feature-23893,1001,0.0,1,prompt,91,91,0.0,0.0,1.0,0.0,0.0,128,True
feature-23893-1001-+0.0-notebook-0.6-128,feature-23893,1001,0.0,1,generated,127,127,0.0,0.0,1.0,0.0,0.0,128,True
feature-23893-1001-+0.0-notebook-0.6-128,feature-23893,1001,0.0,2,prompt,250,250,0.0,0.0,1.0,0.0,0.0,89,False
feature-23893-1001-+0.0-notebook-0.6-128,feature-23893,1001,0.0,2,generated,88,88,0.0,0.0,1.0,0.0,0.0,89,False
feature-23893-1001-+0.1-notebook-0.6-128,feature-23893,1001,0.1,1,prompt,91,0,0.12894050776958466,0.13231975069412819,0.9711575475367871,0.24353747086210564,0.006194705867328794,128,True
feature-23893-1001-+0.1-notebook-0.6-128,feature-23893,1001,0.1,1,generated,127,0,0.12894050776958466,0.13256727452353229,0.9669010366980485,0.2612612018669684,0.006119836297795529,128,True
feature-23893-1001-+0.1-notebook-0.6-128,feature-23893,1001,0.1,2,prompt,250,0,0.12894050776958466,0.13244964826107025,0.9691068522930145,0.25200054627656937,0.0062019920180318875,89,False
feature-23893-1001-+0.1-notebook-0.6-128,feature-23893,1001,0.1,2,generated,88,0,0.12894050776958466,0.1330746994777159,0.9626829861239954,0.2782429477030581,0.00602908131391318,89,False
feature-23893-1001-+0.2-notebook-0.6-128,feature-23893,1001,0.2,1,prompt,91,0,0.2578810155391693,0.2598642988519354,0.9920111436110276,0.126332568025196,0.012163116745996176,128,True
feature-23893-1001-+0.2-notebook-0.6-128,feature-23893,1001,0.2,1,generated,127,0,0.2578810155391693,0.26036485888826566,0.99095522090206,0.13489258318670153,0.012021867815023802,128,True
feature-23893-1001-+0.2-notebook-0.6-128,feature-23893,1001,0.2,2,prompt,250,0,0.2578810155391693,0.26009930777549745,0.9915178365707398,0.13029978328943254,0.012180174043751322,89,False
feature-23893-1001-+0.2-notebook-0.6-128,feature-23893,1001,0.2,2,generated,88,0,0.2578810155391693,0.26035302064635535,0.9898283610289748,0.1429459031840617,0.011799170614474198,89,False
feature-23893-1001-+0.3-notebook-0.6-128,feature-23893,1001,0.3,1,prompt,91,0,0.38682153820991516,0.3881164517376449,0.996462765630785,0.08369271727381172,0.018169226726148645,128,True
feature-23893-1001-+0.3-notebook-0.6-128,feature-23893,1001,0.3,1,generated,127,0,0.38682153820991516,0.38831489715050527,0.9960331860489733,0.08887788870437878,0.01793143428920761,128,True
feature-23893-1001-+0.3-notebook-0.6-128,feature-23893,1001,0.3,2,prompt,250,0,0.38682153820991516,0.3882031500339508,0.9962642080783845,0.08609046426415444,0.018182213849388063,89,False
feature-23893-1001-+0.3-notebook-0.6-128,feature-23893,1001,0.3,2,generated,88,0,0.38682153820991516,0.38867247477173805,0.99548154798421,0.09490797702561725,0.01761569596022706,89,False
feature-23893-1001-+0.4-notebook-0.6-128,feature-23893,1001,0.4,1,prompt,91,0,0.5157620310783386,0.5164325905370188,0.9978273786031283,0.06542237102985382,0.024174540862696922,128,True
feature-23893-1001-+0.4-notebook-0.6-128,feature-23893,1001,0.4,1,generated,127,0,0.5157620310783386,0.5162687968081376,0.9975811013086574,0.0692971004686487,0.023840367588705905,128,True
feature-23893-1001-+0.4-notebook-0.6-128,feature-23893,1001,0.4,2,prompt,250,0,0.5157620310783386,0.5163623838424682,0.9977217378616333,0.06708528825640678,0.024184838014189153,89,False
feature-23893-1001-+0.4-notebook-0.6-128,feature-23893,1001,0.4,2,generated,88,0,0.5157620310783386,0.5166912525892258,0.9973894919861447,0.07202441562813791,0.023420021805742926,89,False
feature-23893-1001-+0.5-notebook-0.6-128,feature-23893,1001,0.5,1,prompt,91,0,0.6447024941444397,0.645559196288769,0.998531963799026,0.05378745676396967,0.030220939330679906,128,True
feature-23893-1001-+0.5-notebook-0.6-128,feature-23893,1001,0.5,1,generated,127,0,0.6447025537490845,0.6458777250267389,0.9983414101788378,0.05747501144376327,0.02982588789946451,128,True
feature-23893-1001-+0.5-notebook-0.6-128,feature-23893,1001,0.5,2,prompt,250,0,0.6447024941444397,0.6457130351066589,0.9984435241222381,0.05549459706246853,0.030244024147512392,94,False
feature-23893-1001-+0.5-notebook-0.6-128,feature-23893,1001,0.5,2,generated,93,0,0.6447025537490845,0.6457604906892264,0.9982342329076541,0.05925735522822667,0.029011947152915822,94,False
feature-23893-1001-+0.6-notebook-0.6-128,feature-23893,1001,0.6,1,prompt,91,0,0.7736430764198303,0.7744402878887051,0.9989813494158315,0.0447276952870927,0.036254426754837095,128,True
feature-23893-1001-+0.6-notebook-0.6-128,feature-23893,1001,0.6,1,generated,127,0,0.7736430764198303,0.7747660354366452,0.9988680965318455,0.04747459682540631,0.0357780699566828,128,True
feature-23893-1001-+0.6-notebook-0.6-128,feature-23893,1001,0.6,2,prompt,250,0,0.7736430764198303,0.7746022696495056,0.9989279294013977,0.04602198877185583,0.03628116196533665,89,False
feature-23893-1001-+0.6-notebook-0.6-128,feature-23893,1001,0.6,2,generated,88,0,0.7736430764198303,0.7748182585293596,0.9988204477862879,0.04841671401465481,0.035121072295375845,89,False
feature-23893-1001-+0.7-notebook-0.6-128,feature-23893,1001,0.7,1,prompt,91,0,0.9025835394859314,0.9030764017786298,0.9992080763146117,0.03934089380961198,0.04227948430567407,128,True
feature-23893-1001-+0.7-notebook-0.6-128,feature-23893,1001,0.7,1,generated,127,0,0.9025834798812866,0.9035474198071036,0.9991707135373213,0.04063273674449113,0.04172563007262748,128,True
feature-23893-1001-+0.7-notebook-0.6-128,feature-23893,1001,0.7,2,prompt,250,0,0.9025835394859314,0.9033124213218688,0.999193397283554,0.039881102725863454,0.04231105887237936,89,False
feature-23893-1001-+0.7-notebook-0.6-128,feature-23893,1001,0.7,2,generated,88,0,0.9025834798812866,0.9035427170720968,0.999143582853404,0.04123834213665263,0.040956034663725986,89,False
feature-23893-1001--0.1-notebook-0.6-128,feature-23893,1001,-0.1,1,prompt,91,0,0.12894050776958466,0.13231150609451336,0.9711889513246306,0.2433973030074612,0.006194291706388857,128,True
feature-23893-1001--0.1-notebook-0.6-128,feature-23893,1001,-0.1,1,generated,127,0,0.12894050776958466,0.13255342606484422,0.9669088805754353,0.2612072659993735,0.006119205832745381,128,True
feature-23893-1001--0.1-notebook-0.6-128,feature-23893,1001,-0.1,2,prompt,250,0,0.12894050776958466,0.13243932402133943,0.969135225057602,0.25186775642633435,0.006201527399360202,89,False
feature-23893-1001--0.1-notebook-0.6-128,feature-23893,1001,-0.1,2,generated,88,0,0.12894050776958466,0.1330462424931201,0.9627062712203373,0.27810247327116405,0.0060278659538281236,89,False
feature-23893-1001--0.2-notebook-0.6-128,feature-23893,1001,-0.2,1,prompt,91,0,0.2578810155391693,0.25983886830099334,0.9920268648273343,0.12621825630520725,0.01216195265834148,70,False
feature-23893-1001--0.2-notebook-0.6-128,feature-23893,1001,-0.2,1,generated,69,0,0.2578810155391693,0.26047993224600086,0.9901159172472747,0.14124296411224033,0.011537855666508709,70,False
feature-23893-1001--0.2-notebook-0.6-128,feature-23893,1001,-0.2,2,prompt,192,0,0.2578810155391693,0.2600168188412984,0.9914040490984917,0.13104912238971642,0.012044258054326443,30,False
feature-23893-1001--0.2-notebook-0.6-128,feature-23893,1001,-0.2,2,generated,29,0,0.2578810155391693,0.2604584138968895,0.9893301417087687,0.14696287646375852,0.011455300585206213,30,False
feature-23893-1001--0.3-notebook-0.6-128,feature-23893,1001,-0.3,1,prompt,91,0,0.38682153820991516,0.38808559618153415,0.9964740119137607,0.08356533121767935,0.018167746165040674,70,False
feature-23893-1001--0.3-notebook-0.6-128,feature-23893,1001,-0.3,1,generated,69,0,0.38682153820991516,0.38839313517446106,0.9956455446671748,0.09327515808568485,0.017205194313673004,70,False
feature-23893-1001--0.3-notebook-0.6-128,feature-23893,1001,-0.3,2,prompt,192,0,0.38682153820991516,0.38817949406802654,0.9962013671174645,0.08675664151087403,0.01798457179089989,60,False
feature-23893-1001--0.3-notebook-0.6-128,feature-23893,1001,-0.3,2,generated,59,0,0.38682153820991516,0.3886829195386272,0.9952408459226963,0.09774338024652611,0.01689702753861577,60,False
feature-23893-1001--0.4-notebook-0.6-128,feature-23893,1001,-0.4,1,prompt,91,0,0.5157620310783386,0.5164840503053351,0.9978292931567182,0.06540404460751094,0.02417740573950501,66,False
feature-23893-1001--0.4-notebook-0.6-128,feature-23893,1001,-0.4,1,generated,65,0,0.5157620310783386,0.5166115724123441,0.9973760164701022,0.07227871819184377,0.022889451052133854,66,False
feature-23893-1001--0.4-notebook-0.6-128,feature-23893,1001,-0.4,2,prompt,188,0,0.5157620310783386,0.5165456127613148,0.997699131039863,0.06737792955592592,0.023965614066060455,50,False
feature-23893-1001--0.4-notebook-0.6-128,feature-23893,1001,-0.4,2,generated,49,0,0.5157620310783386,0.5168417923304499,0.9972350621710018,0.07435558994813841,0.022480766802113885,50,False
feature-23893-1001--0.5-notebook-0.6-128,feature-23893,1001,-0.5,1,prompt,91,0,0.6447024941444397,0.6455605167608994,0.9985375031010135,0.053691166770327224,0.030221053403623115,70,False
feature-23893-1001--0.5-notebook-0.6-128,feature-23893,1001,-0.5,1,generated,69,0,0.6447025537490845,0.6459007565525995,0.9982111790905828,0.05976075608877168,0.028612843944110733,70,False
feature-23893-1001--0.5-notebook-0.6-128,feature-23893,1001,-0.5,2,prompt,192,0,0.6447024941444397,0.6457103161762158,0.9984351191669703,0.05559863349966084,0.029916295061108638,55,False
feature-23893-1001--0.5-notebook-0.6-128,feature-23893,1001,-0.5,2,generated,54,0,0.6447025537490845,0.6458528527507076,0.9981577926211886,0.0607047915044758,0.02800971452422716,55,False
feature-23893-1001--0.6-notebook-0.6-128,feature-23893,1001,-0.6,1,prompt,91,0,0.7736430764198303,0.7743858668830369,0.9989871631611834,0.04460823673058997,0.03625196539464274,70,False
feature-23893-1001--0.6-notebook-0.6-128,feature-23893,1001,-0.6,1,generated,69,0,0.7736430764198303,0.7749759770821834,0.9987706127374069,0.04954196318336155,0.03433167359427265,70,False
feature-23893-1001--0.6-notebook-0.6-128,feature-23893,1001,-0.6,2,prompt,192,0,0.7736430764198303,0.7746006026864052,0.9989181850105524,0.04619148875159832,0.035888148654218334,60,False
feature-23893-1001--0.6-notebook-0.6-128,feature-23893,1001,-0.6,2,generated,59,0,0.7736430764198303,0.774824036379992,0.9987442291389077,0.05008460979087878,0.03368384896193521,60,False
feature-23893-1001--0.7-notebook-0.6-128,feature-23893,1001,-0.7,1,prompt,91,0,0.9025835394859314,0.9030896674145709,0.9992121523553199,0.03924499808268233,0.042280187926275636,70,False
feature-23893-1001--0.7-notebook-0.6-128,feature-23893,1001,-0.7,1,generated,69,0,0.9025834798812866,0.903611641863118,0.9991111599880717,0.042103983137918556,0.040030070135126945,70,False
feature-23893-1001--0.7-notebook-0.6-128,feature-23893,1001,-0.7,2,prompt,192,0,0.9025835394859314,0.9032518612220883,0.9991843895986676,0.040064767245591305,0.041850695102160294,60,False
feature-23893-1001--0.7-notebook-0.6-128,feature-23893,1001,-0.7,2,generated,59,0,0.9025834798812866,0.9036958753052404,0.9990950792522754,0.042521820293139605,0.03928688610509291,60,False
feature-23893-101-+0.0-notebook-0.6-128,feature-23893,101,0.0,1,prompt,91,91,0.0,0.0,1.0,0.0,0.0,94,False
feature-23893-101-+0.0-notebook-0.6-128,feature-23893,101,0.0,1,generated,93,93,0.0,0.0,1.0,0.0,0.0,94,False
feature-23893-101-+0.0-notebook-0.6-128,feature-23893,101,0.0,2,prompt,216,216,0.0,0.0,1.0,0.0,0.0,60,False
feature-23893-101-+0.0-notebook-0.6-128,feature-23893,101,0.0,2,generated,59,59,0.0,0.0,1.0,0.0,0.0,60,False
feature-23893-101-+0.1-notebook-0.6-128,feature-23893,101,0.1,1,prompt,91,0,0.12894050776958466,0.13231975069412819,0.9711575475367871,0.24353747086210564,0.006194705867328794,94,False
feature-23893-101-+0.1-notebook-0.6-128,feature-23893,101,0.1,1,generated,93,0,0.12894050776958466,0.1328625209549422,0.9649456470243393,0.2694032533514884,0.0060053642098140975,94,False
feature-23893-101-+0.1-notebook-0.6-128,feature-23893,101,0.1,2,prompt,216,0,0.12894050776958466,0.13253913254097657,0.9686819091439247,0.2537574257563662,0.00617385990322132,60,False
feature-23893-101-+0.1-notebook-0.6-128,feature-23893,101,0.1,2,generated,59,0,0.12894050776958466,0.1330468540979644,0.9622901162858737,0.28034411092935985,0.005934870059965021,60,False
feature-23893-101-+0.2-notebook-0.6-128,feature-23893,101,0.2,1,prompt,91,0,0.2578810155391693,0.2598642988519354,0.9920111436110276,0.126332568025196,0.012163116745996176,94,False
feature-23893-101-+0.2-notebook-0.6-128,feature-23893,101,0.2,1,generated,93,0,0.2578810155391693,0.2604769564444019,0.9904069477511991,0.138992970108345,0.011775428088762427,94,False
feature-23893-101-+0.2-notebook-0.6-128,feature-23893,101,0.2,2,prompt,216,0,0.2578810155391693,0.2600947705407937,0.9914019107818604,0.13109394776876326,0.012115596513737089,101,False
feature-23893-101-+0.2-notebook-0.6-128,feature-23893,101,0.2,2,generated,100,0,0.2578810155391693,0.2605466577410698,0.9897939217090607,0.14367667846381665,0.011607409147545695,101,False
feature-23893-101-+0.3-notebook-0.6-128,feature-23893,101,0.3,1,prompt,91,0,0.38682153820991516,0.3881164517376449,0.996462765630785,0.08369271727381172,0.018169226726148645,94,False
feature-23893-101-+0.3-notebook-0.6-128,feature-23893,101,0.3,1,generated,93,0,0.38682153820991516,0.3884161935057691,0.9957972591923129,0.09151630135633612,0.017561411174635094,94,False
feature-23893-101-+0.3-notebook-0.6-128,feature-23893,101,0.3,2,prompt,216,0,0.38682153820991516,0.388225186754156,0.9962096917960379,0.08666861826484953,0.018087971355136553,123,False
feature-23893-101-+0.3-notebook-0.6-128,feature-23893,101,0.3,2,generated,122,0,0.38682153820991516,0.388705952978525,0.9954606353259478,0.09537622949383298,0.017434997636763774,123,False
feature-23893-101-+0.4-notebook-0.6-128,feature-23893,101,0.4,1,prompt,91,0,0.5157620310783386,0.5164325905370188,0.9978273786031283,0.06542237102985382,0.024174540862696922,94,False
feature-23893-101-+0.4-notebook-0.6-128,feature-23893,101,0.4,1,generated,93,0,0.5157620310783386,0.5164581050154984,0.9974726502613355,0.07086573172641057,0.023350211120741343,94,False
feature-23893-101-+0.4-notebook-0.6-128,feature-23893,101,0.4,2,prompt,216,0,0.5157620310783386,0.5164401186285196,0.9977020836538739,0.06734424013713444,0.02406110348345936,123,False
feature-23893-101-+0.4-notebook-0.6-128,feature-23893,101,0.4,2,generated,122,0,0.5157620310783386,0.5167375353516125,0.9973903894424438,0.07217277583406596,0.02317834378327014,123,False
feature-23893-101-+0.5-notebook-0.6-128,feature-23893,101,0.5,1,prompt,91,0,0.6447024941444397,0.645559196288769,0.998531963799026,0.05378745676396967,0.030220939330679906,94,False
feature-23893-101-+0.5-notebook-0.6-128,feature-23893,101,0.5,1,generated,93,0,0.6447025537490845,0.6459228466915828,0.9982711884283251,0.0587174855573203,0.029204444559190863,94,False
feature-23893-101-+0.5-notebook-0.6-128,feature-23893,101,0.5,2,prompt,216,0,0.6447024941444397,0.6457142940273991,0.9984366430176629,0.055596116826766066,0.030085087772426453,102,False
feature-23893-101-+0.5-notebook-0.6-128,feature-23893,101,0.5,2,generated,101,0,0.6447025537490845,0.6458385616245836,0.9982309937477112,0.05943656163197933,0.0288113444527187,102,False
feature-23893-101-+0.6-notebook-0.6-128,feature-23893,101,0.6,1,prompt,91,0,0.7736430764198303,0.7744402878887051,0.9989813494158315,0.0447276952870927,0.036254426754837095,94,False
feature-23893-101-+0.6-notebook-0.6-128,feature-23893,101,0.6,1,generated,93,0,0.7736430764198303,0.7749445374293994,0.9988184744311918,0.048528251869063226,0.035038372802157554,94,False
feature-23893-101-+0.6-notebook-0.6-128,feature-23893,101,0.6,2,prompt,216,0,0.7736430764198303,0.774635116259257,0.9989217599784886,0.046134779755784956,0.036091841086292535,101,False
feature-23893-101-+0.6-notebook-0.6-128,feature-23893,101,0.6,2,generated,100,0,0.7736430764198303,0.7747715193033219,0.9987912577390671,0.04911999221891165,0.03459094973281026,101,False
feature-23893-101-+0.7-notebook-0.6-128,feature-23893,101,0.7,1,prompt,91,0,0.9025835394859314,0.9030764017786298,0.9992080763146117,0.03934089380961198,0.04227948430567407,94,False
feature-23893-101-+0.7-notebook-0.6-128,feature-23893,101,0.7,1,generated,93,0,0.9025834798812866,0.9035390865418219,0.999137104839407,0.04144154016369132,0.04085278887582082,94,False
feature-23893-101-+0.7-notebook-0.6-128,feature-23893,101,0.7,2,prompt,216,0,0.9025835394859314,0.9032462277898082,0.9991866366730796,0.040023866282017144,0.04208592344528168,101,False
feature-23893-101-+0.7-notebook-0.6-128,feature-23893,101,0.7,2,generated,100,0,0.9025834798812866,0.9035353845357895,0.9991191214323044,0.04191960107535124,0.04033974651247263,101,False
feature-23893-101--0.1-notebook-0.6-128,feature-23893,101,-0.1,1,prompt,91,0,0.12894050776958466,0.13231150609451336,0.9711889513246306,0.2433973030074612,0.006194291706388857,94,False
feature-23893-101--0.1-notebook-0.6-128,feature-23893,101,-0.1,1,generated,93,0,0.12894050776958466,0.13286161246479197,0.9649658350534337,0.26931414008140564,0.006005316892618774,94,False
feature-23893-101--0.1-notebook-0.6-128,feature-23893,101,-0.1,2,prompt,216,0,0.12894050776958466,0.132543398136342,0.9686937988908203,0.2537142831004328,0.006174013296037662,60,False
feature-23893-101--0.1-notebook-0.6-128,feature-23893,101,-0.1,2,generated,59,0,0.12894050776958466,0.13305249557656756,0.9623201297501386,0.2802457243709241,0.0059351259211109855,60,False
feature-23893-101--0.2-notebook-0.6-128,feature-23893,101,-0.2,1,prompt,91,0,0.2578810155391693,0.25983886830099334,0.9920268648273343,0.12621825630520725,0.01216195265834148,94,False
feature-23893-101--0.2-notebook-0.6-128,feature-23893,101,-0.2,1,generated,93,0,0.2578810155391693,0.26047920155268844,0.9904153693106866,0.13893059753282097,0.011775603547932641,94,False
feature-23893-101--0.2-notebook-0.6-128,feature-23893,101,-0.2,2,prompt,216,0,0.2578810155391693,0.2600939558060081,0.9914134942271091,0.13101905808542613,0.012115623493661621,101,False
feature-23893-101--0.2-notebook-0.6-128,feature-23893,101,-0.2,2,generated,100,0,0.2578810155391693,0.2605482253432274,0.9898213225603104,0.14348077423870564,0.011607511434704065,101,False
feature-23893-101--0.3-notebook-0.6-128,feature-23893,101,-0.3,1,prompt,91,0,0.38682153820991516,0.38808559618153415,0.9964740119137607,0.08356533121767935,0.018167746165040674,94,False
feature-23893-101--0.3-notebook-0.6-128,feature-23893,101,-0.3,1,generated,93,0,0.38682153820991516,0.38845087507719633,0.9958100953409749,0.09138962670519787,0.017562972792294077,94,False
feature-23893-101--0.3-notebook-0.6-128,feature-23893,101,-0.3,2,prompt,216,0,0.38682153820991516,0.38823285202185315,0.9962213591293052,0.08654194884002209,0.018088280095576517,60,False
feature-23893-101--0.3-notebook-0.6-128,feature-23893,101,-0.3,2,generated,59,0,0.38682153820991516,0.38859503501552645,0.9954643926378024,0.09539929108094361,0.017336113741463523,60,False
feature-23893-101--0.4-notebook-0.6-128,feature-23893,101,-0.4,1,prompt,91,0,0.5157620310783386,0.5164840503053351,0.9978292931567182,0.06540404460751094,0.02417740573950501,94,False
feature-23893-101--0.4-notebook-0.6-128,feature-23893,101,-0.4,1,generated,93,0,0.5157620310783386,0.5164233638394263,0.9974770501095761,0.07080174141353177,0.023348569950108887,94,False
feature-23893-101--0.4-notebook-0.6-128,feature-23893,101,-0.4,2,prompt,216,0,0.5157620310783386,0.5164422103100352,0.9977063580795571,0.06728614592510793,0.024061462502113835,60,False
feature-23893-101--0.4-notebook-0.6-128,feature-23893,101,-0.4,2,generated,59,0,0.5157620310783386,0.5166927939754421,0.9973873192981139,0.07226856646396346,0.02305112119322106,60,False
feature-23893-101--0.5-notebook-0.6-128,feature-23893,101,-0.5,1,prompt,91,0,0.6447024941444397,0.6455605167608994,0.9985375031010135,0.053691166770327224,0.030221053403623115,94,False
feature-23893-101--0.5-notebook-0.6-128,feature-23893,101,-0.5,1,generated,93,0,0.6447025537490845,0.6459318610929674,0.9982794100238431,0.0585774147222119,0.02920466709521509,94,False
feature-23893-101--0.5-notebook-0.6-128,feature-23893,101,-0.5,2,prompt,216,0,0.6447024941444397,0.6457157700701996,0.9984435673665117,0.05547347409581697,0.030085163240275707,60,False
feature-23893-101--0.5-notebook-0.6-128,feature-23893,101,-0.5,2,generated,59,0,0.6447025537490845,0.6457803158436791,0.9982518735578505,0.05912267555624752,0.028810548169885652,60,False
feature-23893-101--0.6-notebook-0.6-128,feature-23893,101,-0.6,1,prompt,91,0,0.7736430764198303,0.7743858668830369,0.9989871631611834,0.04460823673058997,0.03625196539464274,94,False
feature-23893-101--0.6-notebook-0.6-128,feature-23893,101,-0.6,1,generated,93,0,0.7736430764198303,0.7749470997882145,0.9988236267079589,0.04842258505122636,0.035038637998764235,94,False
feature-23893-101--0.6-notebook-0.6-128,feature-23893,101,-0.6,2,prompt,216,0,0.7736430764198303,0.7746237441897392,0.9989273870984713,0.04602035928379606,0.036091462724639485,60,False
feature-23893-101--0.6-notebook-0.6-128,feature-23893,101,-0.6,2,generated,59,0,0.7736430764198303,0.7748587171910173,0.9988029589087276,0.04890943508026963,0.03456904713885259,60,False
feature-23893-101--0.7-notebook-0.6-128,feature-23893,101,-0.7,1,prompt,91,0,0.9025835394859314,0.9030896674145709,0.9992121523553199,0.03924499808268233,0.042280187926275636,94,False
feature-23893-101--0.7-notebook-0.6-128,feature-23893,101,-0.7,1,generated,93,0,0.9025834798812866,0.9035212891076201,0.9991389295106293,0.0413974571412289,0.04085194295452487,94,False
feature-23893-101--0.7-notebook-0.6-128,feature-23893,101,-0.7,2,prompt,216,0,0.9025835394859314,0.903258889913559,0.9991909251720817,0.03991745799538438,0.042086476483274494,60,False
feature-23893-101--0.7-notebook-0.6-128,feature-23893,101,-0.7,2,generated,59,0,0.9025834798812866,0.9037040573055461,0.9991321846590204,0.041635784620450714,0.04031763099512811,60,False
feature-23893-202-+0.0-notebook-0.6-128,feature-23893,202,0.0,1,prompt,91,91,0.0,0.0,1.0,0.0,0.0,65,False
feature-23893-202-+0.0-notebook-0.6-128,feature-23893,202,0.0,1,generated,64,64,0.0,0.0,1.0,0.0,0.0,65,False
feature-23893-202-+0.0-notebook-0.6-128,feature-23893,202,0.0,2,prompt,187,187,0.0,0.0,1.0,0.0,0.0,61,False
feature-23893-202-+0.0-notebook-0.6-128,feature-23893,202,0.0,2,generated,60,60,0.0,0.0,1.0,0.0,0.0,61,False
feature-23893-202-+0.1-notebook-0.6-128,feature-23893,202,0.1,1,prompt,91,0,0.12894050776958466,0.13231975069412819,0.9711575475367871,0.24353747086210564,0.006194705867328794,65,False
feature-23893-202-+0.1-notebook-0.6-128,feature-23893,202,0.1,1,generated,64,0,0.12894050776958466,0.13289116066880524,0.963491128757596,0.2750422777608037,0.005945891898591071,65,False
feature-23893-202-+0.1-notebook-0.6-128,feature-23893,202,0.1,2,prompt,187,0,0.12894050776958466,0.1325322320276403,0.9686933488131845,0.2535859626085363,0.006169122590074554,61,False
feature-23893-202-+0.1-notebook-0.6-128,feature-23893,202,0.1,2,generated,60,0,0.12894050776958466,0.1331105465690295,0.9621874392032623,0.2808200443784396,0.005961550135786335,61,False
feature-23893-202-+0.2-notebook-0.6-128,feature-23893,202,0.2,1,prompt,91,0,0.2578810155391693,0.2598642988519354,0.9920111436110276,0.126332568025196,0.012163116745996176,65,False
feature-23893-202-+0.2-notebook-0.6-128,feature-23893,202,0.2,1,generated,64,0,0.2578810155391693,0.2606574771925807,0.9900763938203454,0.14152096316684037,0.011663853394566104,65,False
feature-23893-202-+0.2-notebook-0.6-128,feature-23893,202,0.2,2,prompt,187,0,0.2578810155391693,0.2600961657450161,0.9914173464724086,0.13093546176339216,0.012106416461071657,60,False
feature-23893-202-+0.2-notebook-0.6-128,feature-23893,202,0.2,2,generated,59,0,0.2578810155391693,0.26045396772481627,0.9896807589773404,0.1444223496620938,0.011661630471126509,60,False
feature-23893-202-+0.3-notebook-0.6-128,feature-23893,202,0.3,1,prompt,91,0,0.38682153820991516,0.3881164517376449,0.996462765630785,0.08369271727381172,0.018169226726148645,65,False
feature-23893-202-+0.3-notebook-0.6-128,feature-23893,202,0.3,1,generated,64,0,0.38682153820991516,0.3883694102987647,0.9956586407497525,0.09306314389687032,0.017380340228555724,65,False
feature-23893-202-+0.3-notebook-0.6-128,feature-23893,202,0.3,2,prompt,187,0,0.38682153820991516,0.38816462401400276,0.9962109687494084,0.08662046219177424,0.018071439748450636,61,False
feature-23893-202-+0.3-notebook-0.6-128,feature-23893,202,0.3,2,generated,60,0,0.38682153820991516,0.3886705776055654,0.9954292853673299,0.09576966774960359,0.017409815127030014,61,False
feature-23893-202-+0.4-notebook-0.6-128,feature-23893,202,0.4,1,prompt,91,0,0.5157620310783386,0.5164325905370188,0.9978273786031283,0.06542237102985382,0.024174540862696922,65,False
feature-23893-202-+0.4-notebook-0.6-128,feature-23893,202,0.4,1,generated,64,0,0.5157620310783386,0.5163578484207392,0.9973871661350131,0.07209848589263856,0.023107304703444242,65,False
feature-23893-202-+0.4-notebook-0.6-128,feature-23893,202,0.4,2,prompt,187,0,0.5157620310783386,0.5164252095681461,0.9977027923665582,0.06731447003741953,0.0240420561643656,61,False
feature-23893-202-+0.4-notebook-0.6-128,feature-23893,202,0.4,2,generated,60,0,0.5157620310783386,0.5167077948649724,0.9973988910516103,0.07207127840568622,0.023145290743559598,61,False
feature-23893-202-+0.5-notebook-0.6-128,feature-23893,202,0.5,1,prompt,91,0,0.6447024941444397,0.645559196288769,0.998531963799026,0.05378745676396967,0.030220939330679906,65,False
feature-23893-202-+0.5-notebook-0.6-128,feature-23893,202,0.5,1,generated,64,0,0.6447025537490845,0.6458546575158834,0.9982237033545971,0.05953836138360202,0.028903587255626917,65,False
feature-23893-202-+0.5-notebook-0.6-128,feature-23893,202,0.5,2,prompt,187,0,0.6447024941444397,0.6456817914457882,0.9984402044571657,0.0555017542313127,0.030060926359209088,63,False
feature-23893-202-+0.5-notebook-0.6-128,feature-23893,202,0.5,2,generated,62,0,0.6447025537490845,0.6458692079590213,0.9982688878813097,0.05876852247503496,0.028842565092828967,63,False
feature-23893-202-+0.6-notebook-0.6-128,feature-23893,202,0.6,1,prompt,91,0,0.7736430764198303,0.7744402878887051,0.9989813494158315,0.0447276952870927,0.036254426754837095,128,True
feature-23893-202-+0.6-notebook-0.6-128,feature-23893,202,0.6,1,generated,127,0,0.7736430764198303,0.7750639934239425,0.9987521256048848,0.0498474466167097,0.034050222896919474,128,True
feature-23893-202-+0.6-notebook-0.6-128,feature-23893,202,0.6,2,prompt,251,0,0.7736430764198303,0.7747421934310184,0.99887486235554,0.04709244067539494,0.03559053830377594,128,False
feature-23893-202-+0.6-notebook-0.6-128,feature-23893,202,0.6,2,generated,127,0,0.7736430764198303,0.7748995911417984,0.9986672917688926,0.051538637157265595,0.03296416518315086,128,False
feature-23893-202-+0.7-notebook-0.6-128,feature-23893,202,0.7,1,prompt,91,0,0.9025835394859314,0.9030764017786298,0.9992080763146117,0.03934089380961198,0.04227948430567407,128,True
feature-23893-202-+0.7-notebook-0.6-128,feature-23893,202,0.7,1,generated,127,0,0.9025834798812866,0.903512604593292,0.9991056745446573,0.042150943019376025,0.04011867254033802,128,True
feature-23893-202-+0.7-notebook-0.6-128,feature-23893,202,0.7,2,prompt,251,0,0.9025835394859314,0.9032818926758025,0.9991660804387583,0.040508178073868334,0.04170275230305752,122,False
feature-23893-202-+0.7-notebook-0.6-128,feature-23893,202,0.7,2,generated,121,0,0.9025834798812866,0.9035430924951537,0.9990509472602656,0.04349739058328069,0.03902610523764752,122,False
feature-23893-202--0.1-notebook-0.6-128,feature-23893,202,-0.1,1,prompt,91,0,0.12894050776958466,0.13231150609451336,0.9711889513246306,0.2433973030074612,0.006194291706388857,65,False
feature-23893-202--0.1-notebook-0.6-128,feature-23893,202,-0.1,1,generated,64,0,0.12894050776958466,0.1328823179937899,0.9635013751685619,0.274969732388854,0.005945455974142533,65,False
feature-23893-202--0.1-notebook-0.6-128,feature-23893,202,-0.1,2,prompt,187,0,0.12894050776958466,0.1325167203172643,0.9687113165855408,0.2534775333927277,0.006168288519116676,60,False
feature-23893-202--0.1-notebook-0.6-128,feature-23893,202,-0.1,2,generated,59,0,0.12894050776958466,0.13311417905961054,0.9621559553227182,0.280920423188452,0.005959645032061864,60,False
feature-23893-202--0.2-notebook-0.6-128,feature-23893,202,-0.2,1,prompt,91,0,0.2578810155391693,0.25983886830099334,0.9920268648273343,0.12621825630520725,0.01216195265834148,65,False
feature-23893-202--0.2-notebook-0.6-128,feature-23893,202,-0.2,1,generated,64,0,0.2578810155391693,0.260656108148396,0.9900861280038953,0.14143182465340942,0.01166380665381439,65,False
feature-23893-202--0.2-notebook-0.6-128,feature-23893,202,-0.2,2,prompt,187,0,0.2578810155391693,0.260078575999979,0.991429179428733,0.13084344653522267,0.012105678168329644,61,False
feature-23893-202--0.2-notebook-0.6-128,feature-23893,202,-0.2,2,generated,60,0,0.2578810155391693,0.26048963020245236,0.9897037774324418,0.14428239800035952,0.01166747532164057,61,False
feature-23893-202--0.3-notebook-0.6-128,feature-23893,202,-0.3,1,prompt,91,0,0.38682153820991516,0.38808559618153415,0.9964740119137607,0.08356533121767935,0.018167746165040674,65,False
feature-23893-202--0.3-notebook-0.6-128,feature-23893,202,-0.3,1,generated,64,0,0.38682153820991516,0.3884041728451848,0.9956632032990456,0.09302569355349988,0.017381887897499837,65,False
feature-23893-202--0.3-notebook-0.6-128,feature-23893,202,-0.3,2,prompt,187,0,0.38682153820991516,0.38815192535599286,0.9962231140723203,0.08648219887904304,0.018070859403130326,61,False
feature-23893-202--0.3-notebook-0.6-128,feature-23893,202,-0.3,2,generated,60,0,0.38682153820991516,0.3886618713537852,0.9954455008109411,0.09559798290332158,0.017409359803423285,61,False
feature-23893-202--0.4-notebook-0.6-128,feature-23893,202,-0.4,1,prompt,91,0,0.5157620310783386,0.5164840503053351,0.9978292931567182,0.06540404460751094,0.02417740573950501,65,False
feature-23893-202--0.4-notebook-0.6-128,feature-23893,202,-0.4,1,generated,64,0,0.5157620310783386,0.5163675947114825,0.9973946297541261,0.07199224311625585,0.023107510234694928,65,False
feature-23893-202--0.4-notebook-0.6-128,feature-23893,202,-0.4,2,prompt,187,0,0.5157620310783386,0.5164737216929064,0.9977064234687683,0.06726501372089998,0.024044541842217014,60,False
feature-23893-202--0.4-notebook-0.6-128,feature-23893,202,-0.4,2,generated,59,0,0.5157620310783386,0.5167840597993236,0.9974083860041731,0.07195298171649545,0.023140293814368166,60,False
feature-23893-202--0.5-notebook-0.6-128,feature-23893,202,-0.5,1,prompt,91,0,0.6447024941444397,0.6455605167608994,0.9985375031010135,0.053691166770327224,0.030221053403623115,65,False
feature-23893-202--0.5-notebook-0.6-128,feature-23893,202,-0.5,1,generated,64,0,0.6447025537490845,0.6458697831258178,0.9982296079397202,0.059436428418848664,0.02890427631791681,65,False
feature-23893-202--0.5-notebook-0.6-128,feature-23893,202,-0.5,2,prompt,187,0,0.6447024941444397,0.6456962540187937,0.9984462391883931,0.055399728291493686,0.030061486283912357,61,False
feature-23893-202--0.5-notebook-0.6-128,feature-23893,202,-0.5,2,generated,60,0,0.6447025537490845,0.6459080944458644,0.9982918083667756,0.05839233032117287,0.02893344561258952,61,False
feature-23893-202--0.6-notebook-0.6-128,feature-23893,202,-0.6,1,prompt,91,0,0.7736430764198303,0.7743858668830369,0.9989871631611834,0.04460823673058997,0.03625196539464274,65,False
feature-23893-202--0.6-notebook-0.6-128,feature-23893,202,-0.6,1,generated,64,0,0.7736430764198303,0.7750351633876562,0.9987830109894276,0.04927631246391684,0.034684562764596194,65,False
feature-23893-202--0.6-notebook-0.6-128,feature-23893,202,-0.6,2,prompt,187,0,0.7736430764198303,0.7746156715454264,0.9989254850754763,0.0460291169085764,0.036063527248246983,54,False
feature-23893-202--0.6-notebook-0.6-128,feature-23893,202,-0.6,2,generated,53,0,0.7736430764198303,0.7747289752060512,0.998826486884423,0.04838781480519277,0.03466869830944628,54,False
feature-23893-202--0.7-notebook-0.6-128,feature-23893,202,-0.7,1,prompt,91,0,0.9025835394859314,0.9030896674145709,0.9992121523553199,0.03924499808268233,0.042280187926275636,65,False
feature-23893-202--0.7-notebook-0.6-128,feature-23893,202,-0.7,1,generated,64,0,0.9025834798812866,0.9034931315109134,0.999116132967174,0.04197902715532109,0.04043359565548599,65,False
feature-23893-202--0.7-notebook-0.6-128,feature-23893,202,-0.7,2,prompt,187,0,0.9025835394859314,0.9032093477759132,0.9991887084303055,0.03994916435231499,0.042052555537314455,60,False
feature-23893-202--0.7-notebook-0.6-128,feature-23893,202,-0.7,2,generated,59,0,0.9025834798812866,0.9034459510092008,0.9991420962042727,0.041364572563413846,0.04045463113461511,60,False
feature-23893-303-+0.0-notebook-0.6-128,feature-23893,303,0.0,1,prompt,91,91,0.0,0.0,1.0,0.0,0.0,95,False
feature-23893-303-+0.0-notebook-0.6-128,feature-23893,303,0.0,1,generated,94,94,0.0,0.0,1.0,0.0,0.0,95,False
feature-23893-303-+0.0-notebook-0.6-128,feature-23893,303,0.0,2,prompt,217,217,0.0,0.0,1.0,0.0,0.0,107,False
feature-23893-303-+0.0-notebook-0.6-128,feature-23893,303,0.0,2,generated,106,106,0.0,0.0,1.0,0.0,0.0,107,False
feature-23893-303-+0.1-notebook-0.6-128,feature-23893,303,0.1,1,prompt,91,0,0.12894050776958466,0.13231975069412819,0.9711575475367871,0.24353747086210564,0.006194705867328794,100,False
feature-23893-303-+0.1-notebook-0.6-128,feature-23893,303,0.1,1,generated,99,0,0.12894050776958466,0.13295513346339716,0.9634958234700289,0.2749562118992661,0.005944183345583051,100,False
feature-23893-303-+0.1-notebook-0.6-128,feature-23893,303,0.1,2,prompt,222,0,0.12894050776958466,0.13260925567901885,0.9678901235262553,0.2568332275023332,0.0061404762352000805,100,False
feature-23893-303-+0.1-notebook-0.6-128,feature-23893,303,0.1,2,generated,99,0,0.12894050776958466,0.13315213629693695,0.9619127319316672,0.28185246960081234,0.005881783533653226,100,False
feature-23893-303-+0.2-notebook-0.6-128,feature-23893,303,0.2,1,prompt,91,0,0.2578810155391693,0.2598642988519354,0.9920111436110276,0.126332568025196,0.012163116745996176,82,False
feature-23893-303-+0.2-notebook-0.6-128,feature-23893,303,0.2,1,generated,81,0,0.2578810155391693,0.26062682933277553,0.990041250799909,0.14156893557972378,0.011710176646801424,82,False
feature-23893-303-+0.2-notebook-0.6-128,feature-23893,303,0.2,2,prompt,204,0,0.2578810155391693,0.26014868958907966,0.9912861243766897,0.13188477455839223,0.012096063321080817,81,False
feature-23893-303-+0.2-notebook-0.6-128,feature-23893,303,0.2,2,generated,80,0,0.2578810155391693,0.26043856181204317,0.9894135124981404,0.1463192954659462,0.011505727923940867,81,False
feature-23893-303-+0.3-notebook-0.6-128,feature-23893,303,0.3,1,prompt,91,0,0.38682153820991516,0.3881164517376449,0.996462765630785,0.08369271727381172,0.018169226726148645,95,False
feature-23893-303-+0.3-notebook-0.6-128,feature-23893,303,0.3,1,generated,94,0,0.38682153820991516,0.38838210511714855,0.9958053281966676,0.09141648005931935,0.017565616852346252,95,False
feature-23893-303-+0.3-notebook-0.6-128,feature-23893,303,0.3,2,prompt,217,0,0.38682153820991516,0.3882051700820571,0.9962096472489669,0.08666794369434981,0.01807692281640036,97,False
feature-23893-303-+0.3-notebook-0.6-128,feature-23893,303,0.3,2,generated,96,0,0.38682153820991516,0.3885703831911087,0.9954594237109026,0.09538721743350227,0.017271771571055677,97,False
feature-23893-303-+0.4-notebook-0.6-128,feature-23893,303,0.4,1,prompt,91,0,0.5157620310783386,0.5164325905370188,0.9978273786031283,0.06542237102985382,0.024174540862696922,82,False
feature-23893-303-+0.4-notebook-0.6-128,feature-23893,303,0.4,1,generated,81,0,0.5157620310783386,0.5164213416017132,0.9973971622961538,0.07186408961812656,0.023206673953452227,82,False
feature-23893-303-+0.4-notebook-0.6-128,feature-23893,303,0.4,2,prompt,204,0,0.5157620310783386,0.5164380225480771,0.9976808104444953,0.06759902340013023,0.02401790150963957,70,False
feature-23893-303-+0.4-notebook-0.6-128,feature-23893,303,0.4,2,generated,69,0,0.5157620310783386,0.5167838049971539,0.997236506662507,0.07433553666308307,0.02252293604871501,70,False
feature-23893-303-+0.5-notebook-0.6-128,feature-23893,303,0.5,1,prompt,91,0,0.6447024941444397,0.645559196288769,0.998531963799026,0.05378745676396967,0.030220939330679906,82,False
feature-23893-303-+0.5-notebook-0.6-128,feature-23893,303,0.5,1,generated,81,0,0.6447025537490845,0.6458248849268313,0.9982409823087999,0.05917317737583761,0.029022462206122316,82,False
feature-23893-303-+0.5-notebook-0.6-128,feature-23893,303,0.5,2,prompt,204,0,0.6447024941444397,0.6456595162550608,0.9984274778295966,0.05570764578513655,0.03002850314763183,70,False
feature-23893-303-+0.5-notebook-0.6-128,feature-23893,303,0.5,2,generated,69,0,0.6447025537490845,0.6459293339563452,0.998167942399564,0.06050908992039985,0.028151916366988335,70,False
feature-23893-303-+0.6-notebook-0.6-128,feature-23893,303,0.6,1,prompt,91,0,0.7736430764198303,0.7744402878887051,0.9989813494158315,0.0447276952870927,0.036254426754837095,82,False
feature-23893-303-+0.6-notebook-0.6-128,feature-23893,303,0.6,1,generated,81,0,0.7736430764198303,0.7750444581479202,0.9987821880682015,0.04923540735502302,0.03482916856897466,82,False
feature-23893-303-+0.6-notebook-0.6-128,feature-23893,303,0.6,2,prompt,204,0,0.7736430764198303,0.7746833428448322,0.9989081074794134,0.04637663796836255,0.036028980379627436,70,False
feature-23893-303-+0.6-notebook-0.6-128,feature-23893,303,0.6,2,generated,69,0,0.7736430764198303,0.7747370894404425,0.9987412475157476,0.050132408414198006,0.03376585161448389,70,False
feature-23893-303-+0.7-notebook-0.6-128,feature-23893,303,0.7,1,prompt,91,0,0.9025835394859314,0.9030764017786298,0.9992080763146117,0.03934089380961198,0.04227948430567407,97,False
feature-23893-303-+0.7-notebook-0.6-128,feature-23893,303,0.7,1,generated,96,0,0.9025834798812866,0.9035639446228743,0.9990978470693032,0.042414495488628745,0.0398924780699114,97,False
feature-23893-303-+0.7-notebook-0.6-128,feature-23893,303,0.7,2,prompt,219,0,0.9025835394859314,0.9032860251322185,0.9991654674756473,0.04053632012615193,0.04162027645265028,77,False
feature-23893-303-+0.7-notebook-0.6-128,feature-23893,303,0.7,2,generated,76,0,0.9025834798812866,0.9036683361781271,0.9990983079922827,0.04243209502218585,0.03950355407830916,77,False
feature-23893-303--0.1-notebook-0.6-128,feature-23893,303,-0.1,1,prompt,91,0,0.12894050776958466,0.13231150609451336,0.9711889513246306,0.2433973030074612,0.006194291706388857,95,False
feature-23893-303--0.1-notebook-0.6-128,feature-23893,303,-0.1,1,generated,94,0,0.12894050776958466,0.13285498162533374,0.9650220985108233,0.2691005398618414,0.006006943606870606,95,False
feature-23893-303--0.1-notebook-0.6-128,feature-23893,303,-0.1,2,prompt,217,0,0.12894050776958466,0.13255316025925123,0.9687146871320663,0.25365246049544776,0.0061710385184827335,107,False
feature-23893-303--0.1-notebook-0.6-128,feature-23893,303,-0.1,2,generated,106,0,0.12894050776958466,0.13304790770107844,0.9610742324928068,0.28458734840716954,0.0058334886781730745,107,False
feature-23893-303--0.2-notebook-0.6-128,feature-23893,303,-0.2,1,prompt,91,0,0.2578810155391693,0.25983886830099334,0.9920268648273343,0.12621825630520725,0.01216195265834148,95,False
feature-23893-303--0.2-notebook-0.6-128,feature-23893,303,-0.2,1,generated,94,0,0.2578810155391693,0.26048844577150143,0.9904373110608852,0.13877995978010463,0.011779795024306216,95,False
feature-23893-303--0.2-notebook-0.6-128,feature-23893,303,-0.2,2,prompt,217,0,0.2578810155391693,0.26008988044778325,0.9914185481686746,0.1309806559629704,0.01210879257661269,118,False
feature-23893-303--0.2-notebook-0.6-128,feature-23893,303,-0.2,2,generated,117,0,0.2578810155391693,0.2605022319361695,0.9895879483630514,0.14510069163436565,0.011553720754181217,118,False
feature-23893-303--0.3-notebook-0.6-128,feature-23893,303,-0.3,1,prompt,91,0,0.38682153820991516,0.38808559618153415,0.9964740119137607,0.08356533121767935,0.018167746165040674,95,False
feature-23893-303--0.3-notebook-0.6-128,feature-23893,303,-0.3,1,generated,94,0,0.38682153820991516,0.38841985514823424,0.9958212071276725,0.09125443028801299,0.017567270841608022,95,False
feature-23893-303--0.3-notebook-0.6-128,feature-23893,303,-0.3,2,prompt,217,0,0.38682153820991516,0.388212503376095,0.9962256388730167,0.08649264217659075,0.01807725372614794,97,False
feature-23893-303--0.3-notebook-0.6-128,feature-23893,303,-0.3,2,generated,96,0,0.38682153820991516,0.38853735849261284,0.9955352575828632,0.0945312490997215,0.017378097283653915,97,False
feature-23893-303--0.4-notebook-0.6-128,feature-23893,303,-0.4,1,prompt,91,0,0.5157620310783386,0.5164840503053351,0.9978292931567182,0.06540404460751094,0.02417740573950501,95,False
feature-23893-303--0.4-notebook-0.6-128,feature-23893,303,-0.4,1,generated,94,0,0.5157620310783386,0.5164382876233852,0.9974842610511374,0.07069956709412818,0.023357055942587395,95,False
feature-23893-303--0.4-notebook-0.6-128,feature-23893,303,-0.4,2,prompt,217,0,0.5157620310783386,0.5164623175348554,0.997709633018564,0.06724300046670272,0.02404907732973442,118,False
feature-23893-303--0.4-notebook-0.6-128,feature-23893,303,-0.4,2,generated,117,0,0.5157620310783386,0.5166745664726975,0.9973372338164566,0.07291373543632336,0.022917199832124587,118,False
feature-23893-303--0.5-notebook-0.6-128,feature-23893,303,-0.5,1,prompt,91,0,0.6447024941444397,0.6455605167608994,0.9985375031010135,0.053691166770327224,0.030221053403623115,95,False
feature-23893-303--0.5-notebook-0.6-128,feature-23893,303,-0.5,1,generated,94,0,0.6447025537490845,0.6458824549583678,0.9982865833221598,0.05845048524280812,0.029211788497706677,95,False
feature-23893-303--0.5-notebook-0.6-128,feature-23893,303,-0.5,2,prompt,217,0,0.6447024941444397,0.6457138668556917,0.998446742510466,0.055420849832796285,0.030068361661493487,97,False
feature-23893-303--0.5-notebook-0.6-128,feature-23893,303,-0.5,2,generated,96,0,0.6447025537490845,0.64579160263141,0.9982608618835608,0.05891985861429324,0.028885187193130452,97,False
feature-23893-303--0.6-notebook-0.6-128,feature-23893,303,-0.6,1,prompt,91,0,0.7736430764198303,0.7743858668830369,0.9989871631611834,0.04460823673058997,0.03625196539464274,95,False
feature-23893-303--0.6-notebook-0.6-128,feature-23893,303,-0.6,1,generated,94,0,0.7736430764198303,0.774968536610299,0.9988265658946748,0.04836364863242241,0.03505113053115758,95,False
feature-23893-303--0.6-notebook-0.6-128,feature-23893,303,-0.6,2,prompt,217,0,0.7736430764198303,0.7746355511625791,0.998928217019903,0.04600603649315471,0.03607186181352727,128,True
feature-23893-303--0.6-notebook-0.6-128,feature-23893,303,-0.6,2,generated,127,0,0.7736430764198303,0.7747523728318102,0.9988383782191539,0.04812496384297769,0.03506335118917499,128,True
feature-23893-303--0.7-notebook-0.6-128,feature-23893,303,-0.7,1,prompt,91,0,0.9025835394859314,0.9030896674145709,0.9992121523553199,0.03924499808268233,0.042280187926275636,81,False
feature-23893-303--0.7-notebook-0.6-128,feature-23893,303,-0.7,1,generated,80,0,0.9025834798812866,0.903537818044424,0.9990583159029484,0.04336889255791902,0.038813458662480115,81,False
feature-23893-303--0.7-notebook-0.6-128,feature-23893,303,-0.7,2,prompt,203,0,0.9025835394859314,0.9032473866575457,0.9991612610558571,0.040626219166396874,0.04132451648018759,85,False
feature-23893-303--0.7-notebook-0.6-128,feature-23893,303,-0.7,2,generated,84,0,0.9025834798812866,0.9037481482539859,0.9990683425040472,0.04311317759787753,0.03884140925393218,85,False
feature-23893-404-+0.0-notebook-0.6-128,feature-23893,404,0.0,1,prompt,91,91,0.0,0.0,1.0,0.0,0.0,63,False
feature-23893-404-+0.0-notebook-0.6-128,feature-23893,404,0.0,1,generated,62,62,0.0,0.0,1.0,0.0,0.0,63,False
feature-23893-404-+0.0-notebook-0.6-128,feature-23893,404,0.0,2,prompt,185,185,0.0,0.0,1.0,0.0,0.0,91,False
feature-23893-404-+0.0-notebook-0.6-128,feature-23893,404,0.0,2,generated,90,90,0.0,0.0,1.0,0.0,0.0,91,False
feature-23893-404-+0.1-notebook-0.6-128,feature-23893,404,0.1,1,prompt,91,0,0.12894050776958466,0.13231975069412819,0.9711575475367871,0.24353747086210564,0.006194705867328794,63,False
feature-23893-404-+0.1-notebook-0.6-128,feature-23893,404,0.1,1,generated,62,0,0.12894050776958466,0.1332064559382777,0.9604323987037905,0.2872476955094645,0.005677391129035142,63,False
feature-23893-404-+0.1-notebook-0.6-128,feature-23893,404,0.1,2,prompt,185,0,0.12894050776958466,0.13262926235392286,0.9677022676210145,0.2574273960815894,0.006114276240397295,91,False
feature-23893-404-+0.1-notebook-0.6-128,feature-23893,404,0.1,2,generated,90,0,0.12894050776958466,0.1334330273999108,0.957394587331348,0.2983652154604594,0.005606753611937165,91,False
feature-23893-404-+0.2-notebook-0.6-128,feature-23893,404,0.2,1,prompt,91,0,0.2578810155391693,0.2598642988519354,0.9920111436110276,0.126332568025196,0.012163116745996176,63,False
feature-23893-404-+0.2-notebook-0.6-128,feature-23893,404,0.2,1,generated,62,0,0.2578810155391693,0.2606762878356441,0.9891249864332138,0.14832189354685046,0.011110655422652922,63,False
feature-23893-404-+0.2-notebook-0.6-128,feature-23893,404,0.2,2,prompt,185,0,0.2578810155391693,0.260077813187161,0.9911127747716131,0.13304293574513615,0.011990693184339466,91,False
feature-23893-404-+0.2-notebook-0.6-128,feature-23893,404,0.2,2,generated,90,0,0.2578810155391693,0.260809153980679,0.9883448051081763,0.1536309250526958,0.01095953370547957,91,False
feature-23893-404-+0.3-notebook-0.6-128,feature-23893,404,0.3,1,prompt,91,0,0.38682153820991516,0.3881164517376449,0.996462765630785,0.08369271727381172,0.018169226726148645,63,False
feature-23893-404-+0.3-notebook-0.6-128,feature-23893,404,0.3,1,generated,62,0,0.38682153820991516,0.38856923099487056,0.9951676322567847,0.09838933089087086,0.016562603128653382,63,False
feature-23893-404-+0.3-notebook-0.6-128,feature-23893,404,0.3,2,prompt,185,0,0.38682153820991516,0.3882292637953887,0.9960601845303098,0.08820693653983039,0.01790298585326889,57,False
feature-23893-404-+0.3-notebook-0.6-128,feature-23893,404,0.3,2,generated,56,0,0.38682153820991516,0.38885877813611713,0.9948782633457866,0.10127143960978303,0.01655987638514489,57,False
feature-23893-404-+0.4-notebook-0.6-128,feature-23893,404,0.4,1,prompt,91,0,0.5157620310783386,0.5164325905370188,0.9978273786031283,0.06542237102985382,0.024174540862696922,63,False
feature-23893-404-+0.4-notebook-0.6-128,feature-23893,404,0.4,1,generated,62,0,0.5157620310783386,0.5168570078188374,0.9971355574746286,0.0756408838975814,0.022031193298678243,63,False
feature-23893-404-+0.4-notebook-0.6-128,feature-23893,404,0.4,2,prompt,185,0,0.5157620310783386,0.5166107303387409,0.9976239616806443,0.06838787504144617,0.023823614769011132,57,False
feature-23893-404-+0.4-notebook-0.6-128,feature-23893,404,0.4,2,generated,56,0,0.5157620310783386,0.516877681016922,0.9970721996256283,0.0764080582718764,0.022012306610122323,57,False
feature-23893-404-+0.5-notebook-0.6-128,feature-23893,404,0.5,1,prompt,91,0,0.6447024941444397,0.645559196288769,0.998531963799026,0.05378745676396967,0.030220939330679906,63,False
feature-23893-404-+0.5-notebook-0.6-128,feature-23893,404,0.5,1,generated,62,0,0.6447025537490845,0.6458155762764716,0.99809092667795,0.06174914815252827,0.027528587458354813,63,False
feature-23893-404-+0.5-notebook-0.6-128,feature-23893,404,0.5,2,prompt,185,0,0.6447024941444397,0.6456732952916945,0.9983999416634843,0.056147740841717336,0.02977676060006677,91,False
feature-23893-404-+0.5-notebook-0.6-128,feature-23893,404,0.5,2,generated,90,0,0.6447025537490845,0.6459778043958876,0.9980112426810794,0.06300694752070639,0.02714810650795698,91,False
feature-23893-404-+0.6-notebook-0.6-128,feature-23893,404,0.6,1,prompt,91,0,0.7736430764198303,0.7744402878887051,0.9989813494158315,0.0447276952870927,0.036254426754837095,63,False
feature-23893-404-+0.6-notebook-0.6-128,feature-23893,404,0.6,1,generated,62,0,0.7736430764198303,0.7750843532623783,0.9986788380530572,0.05137144455746297,0.033038933250692584,63,False
feature-23893-404-+0.6-notebook-0.6-128,feature-23893,404,0.6,2,prompt,185,0,0.7736430764198303,0.774663016924987,0.9988915391870448,0.04669151117874158,0.03572491385432816,57,False
feature-23893-404-+0.6-notebook-0.6-128,feature-23893,404,0.6,2,generated,56,0,0.7736430764198303,0.7748054191470146,0.9986528307199478,0.051797018852084875,0.03299667666267071,57,False
feature-23893-404-+0.7-notebook-0.6-128,feature-23893,404,0.7,1,prompt,91,0,0.9025835394859314,0.9030764017786298,0.9992080763146117,0.03934089380961198,0.04227948430567407,63,False
feature-23893-404-+0.7-notebook-0.6-128,feature-23893,404,0.7,1,generated,62,0,0.9025834798812866,0.9035831103401799,0.9990347816098121,0.04388037113653075,0.03851678114264242,63,False
feature-23893-404-+0.7-notebook-0.6-128,feature-23893,404,0.7,2,prompt,185,0,0.9025835394859314,0.9032162279696078,0.9991608352274508,0.04058071999131022,0.04165553368149778,57,False
feature-23893-404-+0.7-notebook-0.6-128,feature-23893,404,0.7,2,generated,56,0,0.9025834798812866,0.9035163117306573,0.999028640133994,0.04398070927709341,0.03847935310165797,57,False
feature-23893-404--0.1-notebook-0.6-128,feature-23893,404,-0.1,1,prompt,91,0,0.12894050776958466,0.13231150609451336,0.9711889513246306,0.2433973030074612,0.006194291706388857,63,False
feature-23893-404--0.1-notebook-0.6-128,feature-23893,404,-0.1,1,generated,62,0,0.12894050776958466,0.13321269495833304,0.9604507242479632,0.2871920305394357,0.005677623922125467,63,False
feature-23893-404--0.1-notebook-0.6-128,feature-23893,404,-0.1,2,prompt,185,0,0.12894050776958466,0.13262615469661918,0.9677377272296597,0.25728347398139334,0.006114010240196728,91,False
feature-23893-404--0.1-notebook-0.6-128,feature-23893,404,-0.1,2,generated,90,0,0.12894050776958466,0.1334185399942928,0.957413113117218,0.29827176647053827,0.005606150958273146,91,False
feature-23893-404--0.2-notebook-0.6-128,feature-23893,404,-0.2,1,prompt,91,0,0.2578810155391693,0.25983886830099334,0.9920268648273343,0.12621825630520725,0.01216195265834148,128,True
feature-23893-404--0.2-notebook-0.6-128,feature-23893,404,-0.2,1,generated,127,0,0.2578810155391693,0.26067721257059595,0.9886971726192264,0.15103993248047792,0.010877084558990996,128,True
feature-23893-404--0.2-notebook-0.6-128,feature-23893,404,-0.2,2,prompt,251,0,0.2578810155391693,0.2602285185895593,0.9903733649576802,0.13843315848672533,0.011650034708835452,128,True
feature-23893-404--0.2-notebook-0.6-128,feature-23893,404,-0.2,2,generated,127,0,0.2578810155391693,0.26073458837711905,0.9885276790678971,0.15242119432668985,0.010908146586826466,128,True
feature-23893-404--0.3-notebook-0.6-128,feature-23893,404,-0.3,1,prompt,91,0,0.38682153820991516,0.38808559618153415,0.9964740119137607,0.08356533121767935,0.018167746165040674,128,True
feature-23893-404--0.3-notebook-0.6-128,feature-23893,404,-0.3,1,generated,127,0,0.38682153820991516,0.3886600089824106,0.9951645708459569,0.09839791305891173,0.01637625314412624,128,True
feature-23893-404--0.3-notebook-0.6-128,feature-23893,404,-0.3,2,prompt,251,0,0.38682153820991516,0.38837674438240993,0.9958347946524145,0.09077467206880391,0.017466747719122922,128,True
feature-23893-404--0.3-notebook-0.6-128,feature-23893,404,-0.3,2,generated,127,0,0.38682153820991516,0.3887940722657001,0.9951048596637455,0.09888425129135762,0.016710668288933948,128,True
feature-23893-404--0.4-notebook-0.6-128,feature-23893,404,-0.4,1,prompt,91,0,0.5157620310783386,0.5164840503053351,0.9978292931567182,0.06540404460751094,0.02417740573950501,128,True
feature-23893-404--0.4-notebook-0.6-128,feature-23893,404,-0.4,1,generated,127,0,0.5157620310783386,0.5168361518326707,0.9971162704970893,0.07585719515254179,0.021777752698875788,128,True
feature-23893-404--0.4-notebook-0.6-128,feature-23893,404,-0.4,2,prompt,251,0,0.5157620310783386,0.5166686234246212,0.9974927667127662,0.07030396386090502,0.02323739376894024,128,True
feature-23893-404--0.4-notebook-0.6-128,feature-23893,404,-0.4,2,generated,127,0,0.5157620310783386,0.5169144760905289,0.9971507900343166,0.07529750111417507,0.022218742767187553,128,True
feature-23893-404--0.5-notebook-0.6-128,feature-23893,404,-0.5,1,prompt,91,0,0.6447024941444397,0.6455605167608994,0.9985375031010135,0.053691166770327224,0.030221053403623115,63,False
feature-23893-404--0.5-notebook-0.6-128,feature-23893,404,-0.5,1,generated,62,0,0.6447025537490845,0.6458020777471604,0.9980969457857071,0.06165046647431389,0.027527925017620285,63,False
feature-23893-404--0.5-notebook-0.6-128,feature-23893,404,-0.5,2,prompt,185,0,0.6447024941444397,0.6456621466456233,0.9984070510477633,0.05602300076468571,0.02977610406358852,91,False
feature-23893-404--0.5-notebook-0.6-128,feature-23893,404,-0.5,2,generated,90,0,0.6447025537490845,0.6460026197963291,0.9980228576395247,0.06282575747205152,0.02714894569168488,91,False
feature-23893-404--0.6-notebook-0.6-128,feature-23893,404,-0.6,1,prompt,91,0,0.7736430764198303,0.7743858668830369,0.9989871631611834,0.04460823673058997,0.03625196539464274,128,True
feature-23893-404--0.6-notebook-0.6-128,feature-23893,404,-0.6,1,generated,127,0,0.7736430764198303,0.7750424202971571,0.9986557031240989,0.051802446728381586,0.032658272019521456,128,True
feature-23893-404--0.6-notebook-0.6-128,feature-23893,404,-0.6,2,prompt,251,0,0.7736430764198303,0.7747019716942928,0.9988283434237142,0.048046906660515,0.034843564395740836,96,False
feature-23893-404--0.6-notebook-0.6-128,feature-23893,404,-0.6,2,generated,95,0,0.7736430764198303,0.7749729545492875,0.9986706758800306,0.05150725390566023,0.032877926430419875,96,False
feature-23893-404--0.7-notebook-0.6-128,feature-23893,404,-0.7,1,prompt,91,0,0.9025835394859314,0.9030896674145709,0.9992121523553199,0.03924499808268233,0.042280187926275636,128,True
feature-23893-404--0.7-notebook-0.6-128,feature-23893,404,-0.7,1,generated,127,0,0.9025834798812866,0.9036387463254253,0.9990179083478732,0.044253181988798726,0.038077178521184474,128,True
feature-23893-404--0.7-notebook-0.6-128,feature-23893,404,-0.7,2,prompt,251,0,0.9025835394859314,0.9033616087826125,0.9991230608457589,0.04154109901403526,0.040631900446404114,68,False
feature-23893-404--0.7-notebook-0.6-128,feature-23893,404,-0.7,2,generated,67,0,0.9025834798812866,0.903505647360389,0.9990457723389811,0.043604944234908516,0.03878229945453245,68,False
feature-23893-505-+0.0-notebook-0.6-128,feature-23893,505,0.0,1,prompt,91,91,0.0,0.0,1.0,0.0,0.0,89,False
feature-23893-505-+0.0-notebook-0.6-128,feature-23893,505,0.0,1,generated,88,88,0.0,0.0,1.0,0.0,0.0,89,False
feature-23893-505-+0.0-notebook-0.6-128,feature-23893,505,0.0,2,prompt,211,211,0.0,0.0,1.0,0.0,0.0,93,False
feature-23893-505-+0.0-notebook-0.6-128,feature-23893,505,0.0,2,generated,92,92,0.0,0.0,1.0,0.0,0.0,93,False
feature-23893-505-+0.1-notebook-0.6-128,feature-23893,505,0.1,1,prompt,91,0,0.12894050776958466,0.13231975069412819,0.9711575475367871,0.24353747086210564,0.006194705867328794,89,False
feature-23893-505-+0.1-notebook-0.6-128,feature-23893,505,0.1,1,generated,88,0,0.12894050776958466,0.13292109898545526,0.9644639803604647,0.27149853245778516,0.005951909025580707,89,False
feature-23893-505-+0.1-notebook-0.6-128,feature-23893,505,0.1,2,prompt,211,0,0.12894050776958466,0.13258137430342454,0.968485951423645,0.2546639796964365,0.006147638402335231,93,False
feature-23893-505-+0.1-notebook-0.6-128,feature-23893,505,0.1,2,generated,92,0,0.12894050776958466,0.13320612000382465,0.9614879897107249,0.28355335347030475,0.005871371244606765,93,False
feature-23893-505-+0.2-notebook-0.6-128,feature-23893,505,0.2,1,prompt,91,0,0.2578810155391693,0.2598642988519354,0.9920111436110276,0.126332568025196,0.012163116745996176,89,False
feature-23893-505-+0.2-notebook-0.6-128,feature-23893,505,0.2,1,generated,88,0,0.2578810155391693,0.26048535481095314,0.9902749041264708,0.14001789164136758,0.011665486550720578,89,False
feature-23893-505-+0.2-notebook-0.6-128,feature-23893,505,0.2,2,prompt,211,0,0.2578810155391693,0.2600890896614129,0.9913397024593082,0.13158536755360697,0.01206030305383961,93,False
feature-23893-505-+0.2-notebook-0.6-128,feature-23893,505,0.2,2,generated,92,0,0.2578810155391693,0.2604901631889136,0.9894444527833358,0.14610395288985709,0.011482324724531045,93,False
feature-23893-505-+0.3-notebook-0.6-128,feature-23893,505,0.3,1,prompt,91,0,0.38682153820991516,0.3881164517376449,0.996462765630785,0.08369271727381172,0.018169226726148645,89,False
feature-23893-505-+0.3-notebook-0.6-128,feature-23893,505,0.3,1,generated,88,0,0.38682153820991516,0.3883916356346824,0.9957436871799555,0.09213634173978459,0.017395623652687806,89,False
feature-23893-505-+0.3-notebook-0.6-128,feature-23893,505,0.3,2,prompt,211,0,0.38682153820991516,0.38820636738533093,0.9961866818333124,0.08693520053868045,0.018004623218549867,93,False
feature-23893-505-+0.3-notebook-0.6-128,feature-23893,505,0.3,2,generated,92,0,0.38682153820991516,0.3888217738789061,0.9953233048967693,0.09690542737750904,0.017140036843636113,93,False
feature-23893-505-+0.4-notebook-0.6-128,feature-23893,505,0.4,1,prompt,91,0,0.5157620310783386,0.5164325905370188,0.9978273786031283,0.06542237102985382,0.024174540862696922,103,False
feature-23893-505-+0.4-notebook-0.6-128,feature-23893,505,0.4,1,generated,102,0,0.5157620310783386,0.5164434366366443,0.9974474264126197,0.07121342340228605,0.02309264675440157,103,False
feature-23893-505-+0.4-notebook-0.6-128,feature-23893,505,0.4,2,prompt,225,0,0.5157620310783386,0.5164376266797384,0.9976756000518798,0.06772258104549514,0.023887998720941443,71,False
feature-23893-505-+0.4-notebook-0.6-128,feature-23893,505,0.4,2,generated,70,0,0.5157620310783386,0.5167142978736332,0.997296256678445,0.07348218123827661,0.02270382690642561,71,False
feature-23893-505-+0.5-notebook-0.6-128,feature-23893,505,0.5,1,prompt,91,0,0.6447024941444397,0.645559196288769,0.998531963799026,0.05378745676396967,0.030220939330679906,103,False
feature-23893-505-+0.5-notebook-0.6-128,feature-23893,505,0.5,1,generated,102,0,0.6447025537490845,0.6459381294016745,0.9982461175497841,0.05914767510166355,0.028883293544983164,103,False
feature-23893-505-+0.5-notebook-0.6-128,feature-23893,505,0.5,2,prompt,225,0,0.6447024941444397,0.6457238136397467,0.9984112326304118,0.056041762381792065,0.02986874115265285,71,False
feature-23893-505-+0.5-notebook-0.6-128,feature-23893,505,0.5,2,generated,70,0,0.6447025537490845,0.6458044614110674,0.9981907112257821,0.06011098277355943,0.028376259095966815,71,False
feature-23893-505-+0.6-notebook-0.6-128,feature-23893,505,0.6,1,prompt,91,0,0.7736430764198303,0.7744402878887051,0.9989813494158315,0.0447276952870927,0.036254426754837095,103,False
feature-23893-505-+0.6-notebook-0.6-128,feature-23893,505,0.6,1,generated,102,0,0.7736430764198303,0.77489020485504,0.9988028541499493,0.04884805479178242,0.0346497437350598,103,False
feature-23893-505-+0.6-notebook-0.6-128,feature-23893,505,0.6,2,prompt,225,0,0.7736430764198303,0.7746506881713867,0.9989055864016215,0.04647394114898311,0.03583260802086443,108,False
feature-23893-505-+0.6-notebook-0.6-128,feature-23893,505,0.6,2,generated,107,0,0.7736430764198303,0.7748678187343562,0.9987140542992922,0.05066389879472902,0.033518192541097926,108,False
feature-23893-505-+0.7-notebook-0.6-128,feature-23893,505,0.7,1,prompt,91,0,0.9025835394859314,0.9030764017786298,0.9992080763146117,0.03934089380961198,0.04227948430567407,103,False
feature-23893-505-+0.7-notebook-0.6-128,feature-23893,505,0.7,1,generated,102,0,0.9025834798812866,0.9035079070166046,0.9991280471577364,0.04168219135745483,0.04040105410796754,103,False
feature-23893-505-+0.7-notebook-0.6-128,feature-23893,505,0.7,2,prompt,225,0,0.9025835394859314,0.9032592222425673,0.9991778296894497,0.04024190564950307,0.04178293916189836,71,False
feature-23893-505-+0.7-notebook-0.6-128,feature-23893,505,0.7,2,generated,70,0,0.9025834798812866,0.9035871846335275,0.9991005028997149,0.04236629882029125,0.039703250410301344,71,False
feature-23893-505--0.1-notebook-0.6-128,feature-23893,505,-0.1,1,prompt,91,0,0.12894050776958466,0.13231150609451336,0.9711889513246306,0.2433973030074612,0.006194291706388857,89,False
feature-23893-505--0.1-notebook-0.6-128,feature-23893,505,-0.1,1,generated,88,0,0.12894050776958466,0.13291583667424592,0.9644968238743868,0.27135400694202294,0.005951679867311296,89,False
feature-23893-505--0.1-notebook-0.6-128,feature-23893,505,-0.1,2,prompt,211,0,0.12894050776958466,0.13258564175587695,0.9685170133531941,0.2545446027511669,0.006147841414656287,93,False
feature-23893-505--0.1-notebook-0.6-128,feature-23893,505,-0.1,2,generated,92,0,0.12894050776958466,0.1331949898082277,0.9615183537421019,0.2834317807270133,0.005870851915856095,93,False
feature-23893-505--0.2-notebook-0.6-128,feature-23893,505,-0.2,1,prompt,91,0,0.2578810155391693,0.25983886830099334,0.9920268648273343,0.12621825630520725,0.01216195265834148,89,False
feature-23893-505--0.2-notebook-0.6-128,feature-23893,505,-0.2,1,generated,88,0,0.2578810155391693,0.26047614826397464,0.9902838671749289,0.13994862444021486,0.011665146057070657,89,False
feature-23893-505--0.2-notebook-0.6-128,feature-23893,505,-0.2,2,prompt,211,0,0.2578810155391693,0.26007732014520474,0.9913571776371997,0.13145803208175993,0.012059830890535885,113,False
feature-23893-505--0.2-notebook-0.6-128,feature-23893,505,-0.2,2,generated,112,0,0.2578810155391693,0.26044625230133533,0.9894197120198182,0.1462936457246542,0.011456063324918173,113,False
feature-23893-505--0.3-notebook-0.6-128,feature-23893,505,-0.3,1,prompt,91,0,0.38682153820991516,0.38808559618153415,0.9964740119137607,0.08356533121767935,0.018167746165040674,89,False
feature-23893-505--0.3-notebook-0.6-128,feature-23893,505,-0.3,1,generated,88,0,0.38682153820991516,0.3884355053305626,0.9957536641847003,0.09204418665136803,0.017397661195983263,89,False
feature-23893-505--0.3-notebook-0.6-128,feature-23893,505,-0.3,2,prompt,211,0,0.38682153820991516,0.38821146372370247,0.9961999640645574,0.08678879899577507,0.018004805279423382,93,False
feature-23893-505--0.3-notebook-0.6-128,feature-23893,505,-0.3,2,generated,92,0,0.38682153820991516,0.38884873072738235,0.9953393424334733,0.09675247473237307,0.017141118392591245,93,False
feature-23893-505--0.4-notebook-0.6-128,feature-23893,505,-0.4,1,prompt,91,0,0.5157620310783386,0.5164840503053351,0.9978292931567182,0.06540404460751094,0.02417740573950501,89,False
feature-23893-505--0.4-notebook-0.6-128,feature-23893,505,-0.4,1,generated,88,0,0.5157620310783386,0.5164844075387175,0.9974484660408713,0.07124778632582589,0.02313271795653484,89,False
feature-23893-505--0.4-notebook-0.6-128,feature-23893,505,-0.4,2,prompt,211,0,0.5157620310783386,0.5164867091517877,0.9976929027887317,0.0674993056115381,0.02395401481109764,93,False
feature-23893-505--0.4-notebook-0.6-128,feature-23893,505,-0.4,2,generated,92,0,0.5157620310783386,0.5167255492314048,0.9973197708959165,0.07317972665085741,0.022778639023232718,93,False
feature-23893-505--0.5-notebook-0.6-128,feature-23893,505,-0.5,1,prompt,91,0,0.6447024941444397,0.6455605167608994,0.9985375031010135,0.053691166770327224,0.030221053403623115,89,False
feature-23893-505--0.5-notebook-0.6-128,feature-23893,505,-0.5,1,generated,88,0,0.6447025537490845,0.6459220857782797,0.9982605014335025,0.05892129691148346,0.028930457499386233,89,False
feature-23893-505--0.5-notebook-0.6-128,feature-23893,505,-0.5,2,prompt,211,0,0.6447024941444397,0.6457081696998451,0.9984344760953533,0.05564313037629941,0.02994769984846317,113,False
feature-23893-505--0.5-notebook-0.6-128,feature-23893,505,-0.5,2,generated,112,0,0.6447025537490845,0.645710576325655,0.9982164326523032,0.05967969131389899,0.028404573411015526,113,False
feature-23893-505--0.6-notebook-0.6-128,feature-23893,505,-0.6,1,prompt,91,0,0.7736430764198303,0.7743858668830369,0.9989871631611834,0.04460823673058997,0.03625196539464274,89,False
feature-23893-505--0.6-notebook-0.6-128,feature-23893,505,-0.6,1,generated,88,0,0.7736430764198303,0.774983212351799,0.9988071234388785,0.048785490534183656,0.034711771327155555,89,False
feature-23893-505--0.6-notebook-0.6-128,feature-23893,505,-0.6,2,prompt,211,0,0.7736430764198303,0.7746378595795111,0.9989197889775462,0.04618908042061668,0.03592763321035016,113,False
feature-23893-505--0.6-notebook-0.6-128,feature-23893,505,-0.6,2,generated,112,0,0.7736430764198303,0.774761746504477,0.9987728281744889,0.04950035656137126,0.03408129350282252,113,False
feature-23893-505--0.7-notebook-0.6-128,feature-23893,505,-0.7,1,prompt,91,0,0.9025835394859314,0.9030896674145709,0.9992121523553199,0.03924499808268233,0.042280187926275636,89,False
feature-23893-505--0.7-notebook-0.6-128,feature-23893,505,-0.7,1,generated,88,0,0.9025834798812866,0.9034866853193804,0.9991261031139981,0.041732839033515615,0.0404673250476745,89,False
feature-23893-505--0.7-notebook-0.6-128,feature-23893,505,-0.7,2,prompt,211,0,0.9025835394859314,0.9032437487801105,0.9991833886829032,0.0401118043280467,0.04189413551724476,113,False
feature-23893-505--0.7-notebook-0.6-128,feature-23893,505,-0.7,2,generated,112,0,0.9025834798812866,0.9035877612020288,0.999107268771955,0.042218738834240606,0.03974868496879935,113,False
feature-23893-606-+0.0-notebook-0.6-128,feature-23893,606,0.0,1,prompt,91,91,0.0,0.0,1.0,0.0,0.0,92,False
feature-23893-606-+0.0-notebook-0.6-128,feature-23893,606,0.0,1,generated,91,91,0.0,0.0,1.0,0.0,0.0,92,False
feature-23893-606-+0.0-notebook-0.6-128,feature-23893,606,0.0,2,prompt,214,214,0.0,0.0,1.0,0.0,0.0,3,False
feature-23893-606-+0.0-notebook-0.6-128,feature-23893,606,0.0,2,generated,2,2,0.0,0.0,1.0,0.0,0.0,3,False
feature-23893-606-+0.1-notebook-0.6-128,feature-23893,606,0.1,1,prompt,91,0,0.12894050776958466,0.13231975069412819,0.9711575475367871,0.24353747086210564,0.006194705867328794,84,False
feature-23893-606-+0.1-notebook-0.6-128,feature-23893,606,0.1,1,generated,83,0,0.12894050776958466,0.1328816790896726,0.9626664059707918,0.278117912900017,0.005736697027571948,84,False
feature-23893-606-+0.1-notebook-0.6-128,feature-23893,606,0.1,2,prompt,206,0,0.12894050776958466,0.13253648174040525,0.9679165725569123,0.2565288178405715,0.00609974088291389,58,False
feature-23893-606-+0.1-notebook-0.6-128,feature-23893,606,0.1,2,generated,57,0,0.12894050776958466,0.13353449080074042,0.9593512635481986,0.29181994942196626,0.005714287041898882,58,False
feature-23893-606-+0.2-notebook-0.6-128,feature-23893,606,0.2,1,prompt,91,0,0.2578810155391693,0.2598642988519354,0.9920111436110276,0.126332568025196,0.012163116745996176,92,False
feature-23893-606-+0.2-notebook-0.6-128,feature-23893,606,0.2,1,generated,91,0,0.2578810155391693,0.260500383246076,0.9901064398524525,0.14129422858848675,0.011362713475066882,92,False
feature-23893-606-+0.2-notebook-0.6-128,feature-23893,606,0.2,2,prompt,214,0,0.2578810155391693,0.2601148693639541,0.9912487040056246,0.13228913574157475,0.011916378757097132,3,False
feature-23893-606-+0.2-notebook-0.6-128,feature-23893,606,0.2,2,generated,2,0,0.2578810155391693,0.2599911391735077,0.9907523393630981,0.13679125905036926,0.012452356051653624,3,False
feature-23893-606-+0.3-notebook-0.6-128,feature-23893,606,0.3,1,prompt,91,0,0.38682153820991516,0.3881164517376449,0.996462765630785,0.08369271727381172,0.018169226726148645,92,False
feature-23893-606-+0.3-notebook-0.6-128,feature-23893,606,0.3,1,generated,91,0,0.38682153820991516,0.38835481169459585,0.9956610923285013,0.09307417887580263,0.01694007533100935,92,False
feature-23893-606-+0.3-notebook-0.6-128,feature-23893,606,0.3,2,prompt,214,0,0.38682153820991516,0.3882022947072983,0.9961441713515843,0.08742019633336046,0.017787524406519657,3,False
feature-23893-606-+0.3-notebook-0.6-128,feature-23893,606,0.3,2,generated,2,0,0.38682153820991516,0.38849015533924103,0.9958068132400513,0.09183770790696144,0.01860701385885477,3,False
feature-23893-606-+0.4-notebook-0.6-128,feature-23893,606,0.4,1,prompt,91,0,0.5157620310783386,0.5164325905370188,0.9978273786031283,0.06542237102985382,0.024174540862696922,92,False
feature-23893-606-+0.4-notebook-0.6-128,feature-23893,606,0.4,1,generated,91,0,0.5157620310783386,0.5164845264874972,0.9973835519381932,0.07217898768383069,0.02252948904348599,92,False
feature-23893-606-+0.4-notebook-0.6-128,feature-23893,606,0.4,2,prompt,214,0,0.5157620310783386,0.5164406664460619,0.9976591102987806,0.0679812866532914,0.023663293612167832,3,False
feature-23893-606-+0.4-notebook-0.6-128,feature-23893,606,0.4,2,generated,2,0,0.5157620310783386,0.5170019567012787,0.9977074563503265,0.06783189252018929,0.024762501008808613,3,False
feature-23893-606-+0.5-notebook-0.6-128,feature-23893,606,0.5,1,prompt,91,0,0.6447024941444397,0.645559196288769,0.998531963799026,0.05378745676396967,0.030220939330679906,92,False
feature-23893-606-+0.5-notebook-0.6-128,feature-23893,606,0.5,1,generated,91,0,0.6447025537490845,0.6458947750238272,0.9982099388981913,0.05978471548347683,0.028174919987117852,92,False
feature-23893-606-+0.5-notebook-0.6-128,feature-23893,606,0.5,2,prompt,214,0,0.6447024941444397,0.6456993417205098,0.9984054682410766,0.056145463469568814,0.029586650167045696,3,False
feature-23893-606-+0.5-notebook-0.6-128,feature-23893,606,0.5,2,generated,2,0,0.6447025537490845,0.6457961797714233,0.9984803199768066,0.05520221032202244,0.03093152493238449,3,False
feature-23893-606-+0.6-notebook-0.6-128,feature-23893,606,0.6,1,prompt,91,0,0.7736430764198303,0.7744402878887051,0.9989813494158315,0.0447276952870927,0.036254426754837095,92,False
feature-23893-606-+0.6-notebook-0.6-128,feature-23893,606,0.6,1,generated,91,0,0.7736430764198303,0.7749410441943577,0.9987693140794943,0.049577706217110815,0.03380450426222204,92,False
feature-23893-606-+0.6-notebook-0.6-128,feature-23893,606,0.6,2,prompt,214,0,0.7736430764198303,0.7746674332106225,0.9988980956166704,0.0466466413671586,0.035496245401097616,3,False
feature-23893-606-+0.6-notebook-0.6-128,feature-23893,606,0.6,2,generated,2,0,0.7736430764198303,0.7744985222816467,0.998999297618866,0.044765811413526535,0.037094755098223686,3,False
feature-23893-606-+0.7-notebook-0.6-128,feature-23893,606,0.7,1,prompt,91,0,0.9025835394859314,0.9030764017786298,0.9992080763146117,0.03934089380961198,0.04227948430567407,92,False
feature-23893-606-+0.7-notebook-0.6-128,feature-23893,606,0.7,1,generated,91,0,0.9025834798812866,0.9034242905103244,0.9990879205557016,0.04266483934371026,0.03940920949309737,92,False
feature-23893-606-+0.7-notebook-0.6-128,feature-23893,606,0.7,2,prompt,214,0,0.9025835394859314,0.9032036823647045,0.9991641158812514,0.04058264423092114,0.04138764753942073,3,False
feature-23893-606-+0.7-notebook-0.6-128,feature-23893,606,0.7,2,generated,2,0,0.9025834798812866,0.9036171138286591,0.9992716610431671,0.03819408640265465,0.043279560282826424,3,False
feature-23893-606--0.1-notebook-0.6-128,feature-23893,606,-0.1,1,prompt,91,0,0.12894050776958466,0.13231150609451336,0.9711889513246306,0.2433973030074612,0.006194291706388857,84,False
feature-23893-606--0.1-notebook-0.6-128,feature-23893,606,-0.1,1,generated,83,0,0.12894050776958466,0.13286105731883682,0.9627023777329778,0.2779376016682889,0.0057358310378369795,84,False
feature-23893-606--0.1-notebook-0.6-128,feature-23893,606,-0.1,2,prompt,206,0,0.12894050776958466,0.13252827141759466,0.9679553013982125,0.2563639313561245,0.0060993918522602416,58,False
feature-23893-606--0.1-notebook-0.6-128,feature-23893,606,-0.1,2,generated,57,0,0.12894050776958466,0.13352964530911363,0.9594348470369974,0.29152231153688934,0.0057140577404776165,58,False
feature-23893-606--0.2-notebook-0.6-128,feature-23893,606,-0.2,1,prompt,91,0,0.2578810155391693,0.25983886830099334,0.9920268648273343,0.12621825630520725,0.01216195265834148,92,False
feature-23893-606--0.2-notebook-0.6-128,feature-23893,606,-0.2,1,generated,91,0,0.2578810155391693,0.260531505385598,0.9901223045129043,0.1412058615913758,0.011364089417179207,92,False
feature-23893-606--0.2-notebook-0.6-128,feature-23893,606,-0.2,2,prompt,214,0,0.2578810155391693,0.2601245368752524,0.9912655389754572,0.1321800604253729,0.011916763012114669,3,False
feature-23893-606--0.2-notebook-0.6-128,feature-23893,606,-0.2,2,generated,2,0,0.2578810155391693,0.25984542071819305,0.9907703995704651,0.1365858018398285,0.012445334810763597,3,False
feature-23893-606--0.3-notebook-0.6-128,feature-23893,606,-0.3,1,prompt,91,0,0.38682153820991516,0.38808559618153415,0.9964740119137607,0.08356533121767935,0.018167746165040674,87,False
feature-23893-606--0.3-notebook-0.6-128,feature-23893,606,-0.3,1,generated,86,0,0.38682153820991516,0.38838463432567066,0.995636580295341,0.09334897561821827,0.01691383022685037,87,False
feature-23893-606--0.3-notebook-0.6-128,feature-23893,606,-0.3,2,prompt,209,0,0.38682153820991516,0.3881908178899847,0.9961549645405637,0.0872848058859127,0.01780101216373671,3,False
feature-23893-606--0.3-notebook-0.6-128,feature-23893,606,-0.3,2,generated,2,0,0.38682153820991516,0.3884047865867615,0.9958338737487793,0.09153497964143753,0.018626634031534195,3,False
feature-23893-606--0.4-notebook-0.6-128,feature-23893,606,-0.4,1,prompt,91,0,0.5157620310783386,0.5164840503053351,0.9978292931567182,0.06540404460751094,0.02417740573950501,84,False
feature-23893-606--0.4-notebook-0.6-128,feature-23893,606,-0.4,1,generated,83,0,0.5157620310783386,0.5167302209210684,0.9973124165132822,0.07317418789109552,0.02231285887130772,84,False
feature-23893-606--0.4-notebook-0.6-128,feature-23893,606,-0.4,2,prompt,206,0,0.5157620310783386,0.5166073325768258,0.9976527256873048,0.06802992924179846,0.023784232317657635,58,False
feature-23893-606--0.4-notebook-0.6-128,feature-23893,606,-0.4,2,generated,57,0,0.5157620310783386,0.5168688684179071,0.9971620628708288,0.075299679579442,0.02212115971927057,58,False
feature-23893-606--0.5-notebook-0.6-128,feature-23893,606,-0.5,1,prompt,91,0,0.6447024941444397,0.6455605167608994,0.9985375031010135,0.053691166770327224,0.030221053403623115,87,False
feature-23893-606--0.5-notebook-0.6-128,feature-23893,606,-0.5,1,generated,86,0,0.6447025537490845,0.6458495113738748,0.9982029511484989,0.059901332612647566,0.028127207853939643,87,False
feature-23893-606--0.5-notebook-0.6-128,feature-23893,606,-0.5,2,prompt,209,0,0.6447024941444397,0.6456564576431895,0.9984090234103956,0.05606902536878175,0.02960812068476373,3,False
feature-23893-606--0.5-notebook-0.6-128,feature-23893,606,-0.5,2,generated,2,0,0.6447025537490845,0.6452164351940155,0.9984862208366394,0.0550482589751482,0.030942846089601517,3,False
feature-23893-606--0.6-notebook-0.6-128,feature-23893,606,-0.6,1,prompt,91,0,0.7736430764198303,0.7743858668830369,0.9989871631611834,0.04460823673058997,0.03625196539464274,84,False
feature-23893-606--0.6-notebook-0.6-128,feature-23893,606,-0.6,1,generated,83,0,0.7736430764198303,0.7749737493963127,0.9987484310046736,0.04999196058116764,0.03346472116838019,84,False
feature-23893-606--0.6-notebook-0.6-128,feature-23893,606,-0.6,2,prompt,206,0,0.7736430764198303,0.7746268808841705,0.9989025086453818,0.04651706981318958,0.03566412477430806,58,False
feature-23893-606--0.6-notebook-0.6-128,feature-23893,606,-0.6,2,generated,57,0,0.7736430764198303,0.7748244572104069,0.998697232781795,0.0509901302294773,0.03316065077588223,58,False
feature-23893-606--0.7-notebook-0.6-128,feature-23893,606,-0.7,1,prompt,91,0,0.9025835394859314,0.9030896674145709,0.9992121523553199,0.03924499808268233,0.042280187926275636,87,False
feature-23893-606--0.7-notebook-0.6-128,feature-23893,606,-0.7,1,generated,86,0,0.9025834798812866,0.9035420861355093,0.9990849688995717,0.04273815782264222,0.03935048031772292,87,False
feature-23893-606--0.7-notebook-0.6-128,feature-23893,606,-0.7,2,prompt,209,0,0.9025835394859314,0.9032398396701904,0.9991637659415104,0.04057346140012216,0.04142180654391842,3,False
feature-23893-606--0.7-notebook-0.6-128,feature-23893,606,-0.7,2,generated,2,0,0.9025834798812866,0.9030453860759735,0.9992779493331909,0.03800419345498085,0.0433080680668354,3,False
feature-23893-707-+0.0-notebook-0.6-128,feature-23893,707,0.0,1,prompt,91,91,0.0,0.0,1.0,0.0,0.0,50,False
feature-23893-707-+0.0-notebook-0.6-128,feature-23893,707,0.0,1,generated,49,49,0.0,0.0,1.0,0.0,0.0,50,False
feature-23893-707-+0.0-notebook-0.6-128,feature-23893,707,0.0,2,prompt,172,172,0.0,0.0,1.0,0.0,0.0,82,False
feature-23893-707-+0.0-notebook-0.6-128,feature-23893,707,0.0,2,generated,81,81,0.0,0.0,1.0,0.0,0.0,82,False
feature-23893-707-+0.1-notebook-0.6-128,feature-23893,707,0.1,1,prompt,91,0,0.12894050776958466,0.13231975069412819,0.9711575475367871,0.24353747086210564,0.006194705867328794,50,False
feature-23893-707-+0.1-notebook-0.6-128,feature-23893,707,0.1,1,generated,49,0,0.12894050776958466,0.1330102934521072,0.9616653201531391,0.28235024700359423,0.005708503555886599,50,False
feature-23893-707-+0.1-notebook-0.6-128,feature-23893,707,0.1,2,prompt,172,0,0.12894050776958466,0.13253904064727384,0.9685903409885805,0.2539508297692898,0.0061228620644786045,82,False
feature-23893-707-+0.1-notebook-0.6-128,feature-23893,707,0.1,2,generated,81,0,0.12894050776958466,0.133401972828088,0.9595219904993787,0.2908955231124972,0.00569655228820112,82,False
feature-23893-707-+0.2-notebook-0.6-128,feature-23893,707,0.2,1,prompt,91,0,0.2578810155391693,0.2598642988519354,0.9920111436110276,0.126332568025196,0.012163116745996176,50,False
feature-23893-707-+0.2-notebook-0.6-128,feature-23893,707,0.2,1,generated,49,0,0.2578810155391693,0.26063511505418896,0.9895630113932551,0.14525661906417536,0.011186300567826447,50,False
feature-23893-707-+0.2-notebook-0.6-128,feature-23893,707,0.2,2,prompt,172,0,0.2578810155391693,0.2600401655532593,0.9913802736027296,0.13114054644003856,0.012013164676995244,82,False
feature-23893-707-+0.2-notebook-0.6-128,feature-23893,707,0.2,2,generated,81,0,0.2578810155391693,0.2606754821759683,0.9888754295714107,0.15001759889685076,0.011133488681581285,82,False
feature-23893-707-+0.3-notebook-0.6-128,feature-23893,707,0.3,1,prompt,91,0,0.38682153820991516,0.3881164517376449,0.996462765630785,0.08369271727381172,0.018169226726148645,50,False
feature-23893-707-+0.3-notebook-0.6-128,feature-23893,707,0.3,1,generated,49,0,0.38682153820991516,0.38846708438834365,0.9953757317698732,0.09616000600615326,0.01667347896311964,50,False
feature-23893-707-+0.3-notebook-0.6-128,feature-23893,707,0.3,2,prompt,172,0,0.38682153820991516,0.3881826892841694,0.9961807665436767,0.08691225683879714,0.01793665877343047,82,False
feature-23893-707-+0.3-notebook-0.6-128,feature-23893,707,0.3,2,generated,81,0,0.38682153820991516,0.38875798053211635,0.9950588161562696,0.09954692717687583,0.016604169513340348,82,False
feature-23893-707-+0.4-notebook-0.6-128,feature-23893,707,0.4,1,prompt,91,0,0.5157620310783386,0.5164325905370188,0.9978273786031283,0.06542237102985382,0.024174540862696922,50,False
feature-23893-707-+0.4-notebook-0.6-128,feature-23893,707,0.4,1,generated,49,0,0.5157620310783386,0.5167048816778221,0.9972266883266215,0.07438933651666252,0.022178591932265127,50,False
feature-23893-707-+0.4-notebook-0.6-128,feature-23893,707,0.4,2,prompt,172,0,0.5157620310783386,0.5165250866219054,0.9976843224708424,0.06754865369564572,0.02386694440826622,82,False
feature-23893-707-+0.4-notebook-0.6-128,feature-23893,707,0.4,2,generated,81,0,0.5157620310783386,0.516614266383795,0.9971415076726748,0.07551796504376847,0.022064998814905132,82,False
feature-23893-707-+0.5-notebook-0.6-128,feature-23893,707,0.5,1,prompt,91,0,0.6447024941444397,0.645559196288769,0.998531963799026,0.05378745676396967,0.030220939330679906,105,False
feature-23893-707-+0.5-notebook-0.6-128,feature-23893,707,0.5,1,generated,104,0,0.6447025537490845,0.6458539842413022,0.9981285803593122,0.06114718934091238,0.027793496256121077,105,False
feature-23893-707-+0.5-notebook-0.6-128,feature-23893,707,0.5,2,prompt,227,0,0.6447024941444397,0.6457001887229046,0.9983606855774766,0.05689766788075674,0.029386034298181485,107,False
feature-23893-707-+0.5-notebook-0.6-128,feature-23893,707,0.5,2,generated,106,0,0.6447025537490845,0.6458153651570374,0.9981969572463125,0.059894301840719186,0.028499796652709537,107,False
feature-23893-707-+0.6-notebook-0.6-128,feature-23893,707,0.6,1,prompt,91,0,0.7736430764198303,0.7744402878887051,0.9989813494158315,0.0447276952870927,0.036254426754837095,105,False
feature-23893-707-+0.6-notebook-0.6-128,feature-23893,707,0.6,1,generated,104,0,0.7736430764198303,0.775091371857203,0.9987271336408762,0.05044116022495123,0.033355048642708704,105,False
feature-23893-707-+0.6-notebook-0.6-128,feature-23893,707,0.6,2,prompt,227,0,0.7736430764198303,0.7747310061286724,0.9988739348718249,0.047143159729596804,0.035257896303305905,107,False
feature-23893-707-+0.6-notebook-0.6-128,feature-23893,707,0.6,2,generated,106,0,0.7736430764198303,0.7747812895280011,0.9987598713838829,0.04964277390742077,0.03419121247628387,107,False
feature-23893-707-+0.7-notebook-0.6-128,feature-23893,707,0.7,1,prompt,91,0,0.9025835394859314,0.9030764017786298,0.9992080763146117,0.03934089380961198,0.04227948430567407,76,False
feature-23893-707-+0.7-notebook-0.6-128,feature-23893,707,0.7,1,generated,75,0,0.9025834798812866,0.9035726404190063,0.9990691184997559,0.043133299052715304,0.038833047101895016,76,False
feature-23893-707-+0.7-notebook-0.6-128,feature-23893,707,0.7,2,prompt,198,0,0.9025835394859314,0.9032206119913043,0.999164674318198,0.04053793696103373,0.041428293478957406,78,False
feature-23893-707-+0.7-notebook-0.6-128,feature-23893,707,0.7,2,generated,77,0,0.9025834798812866,0.9035638601748974,0.9990420666607943,0.043711250768853474,0.0386453593609395,78,False
feature-23893-707--0.1-notebook-0.6-128,feature-23893,707,-0.1,1,prompt,91,0,0.12894050776958466,0.13231150609451336,0.9711889513246306,0.2433973030074612,0.006194291706388857,50,False
feature-23893-707--0.1-notebook-0.6-128,feature-23893,707,-0.1,1,generated,49,0,0.12894050776958466,0.1330049180862855,0.9616512717032919,0.2823863585992735,0.005708372705064866,50,False
feature-23893-707--0.1-notebook-0.6-128,feature-23893,707,-0.1,2,prompt,172,0,0.12894050776958466,0.13253418052958887,0.9686085387717845,0.2538703349960405,0.006122647706645292,82,False
feature-23893-707--0.1-notebook-0.6-128,feature-23893,707,-0.1,2,generated,81,0,0.12894050776958466,0.1334485766696341,0.9595947295059393,0.29073832432429,0.005698496343590963,82,False
feature-23893-707--0.2-notebook-0.6-128,feature-23893,707,-0.2,1,prompt,91,0,0.2578810155391693,0.25983886830099334,0.9920268648273343,0.12621825630520725,0.01216195265834148,50,False
feature-23893-707--0.2-notebook-0.6-128,feature-23893,707,-0.2,1,generated,49,0,0.2578810155391693,0.26065084885577766,0.9895681215792286,0.1452257990532992,0.011186920410516311,50,False
feature-23893-707--0.2-notebook-0.6-128,feature-23893,707,-0.2,2,prompt,172,0,0.2578810155391693,0.2600206455519033,0.9913929780555326,0.1310483797258416,0.012012247291263626,81,False
feature-23893-707--0.2-notebook-0.6-128,feature-23893,707,-0.2,2,generated,80,0,0.2578810155391693,0.2606309805065393,0.9888643123209476,0.1500657882541418,0.011109281226526945,81,False
feature-23893-707--0.3-notebook-0.6-128,feature-23893,707,-0.3,1,prompt,91,0,0.38682153820991516,0.38808559618153415,0.9964740119137607,0.08356533121767935,0.018167746165040674,50,False
feature-23893-707--0.3-notebook-0.6-128,feature-23893,707,-0.3,1,generated,49,0,0.38682153820991516,0.3884481684285767,0.9953774092148762,0.09613419324159622,0.016672746335365335,50,False
feature-23893-707--0.3-notebook-0.6-128,feature-23893,707,-0.3,2,prompt,172,0,0.38682153820991516,0.38815867623617484,0.9961894719406615,0.08681271641060363,0.017935580018295927,78,False
feature-23893-707--0.3-notebook-0.6-128,feature-23893,707,-0.3,2,generated,77,0,0.38682153820991516,0.3887541313450058,0.9950508854605935,0.09962453635095002,0.01656660032398128,78,False
feature-23893-707--0.4-notebook-0.6-128,feature-23893,707,-0.4,1,prompt,91,0,0.5157620310783386,0.5164840503053351,0.9978292931567182,0.06540404460751094,0.02417740573950501,50,False
feature-23893-707--0.4-notebook-0.6-128,feature-23893,707,-0.4,1,generated,49,0,0.5157620310783386,0.5167517126822958,0.997224963441187,0.07441125171525138,0.02218052729660151,50,False
feature-23893-707--0.4-notebook-0.6-128,feature-23893,707,-0.4,2,prompt,172,0,0.5157620310783386,0.5165933256232461,0.9976856646149658,0.06753397447078727,0.023870310741733913,81,False
feature-23893-707--0.4-notebook-0.6-128,feature-23893,707,-0.4,2,generated,80,0,0.5157620310783386,0.5167336031794548,0.9971380017697811,0.0755808069370687,0.02202625749632716,81,False
feature-23893-707--0.5-notebook-0.6-128,feature-23893,707,-0.5,1,prompt,91,0,0.6447024941444397,0.6455605167608994,0.9985375031010135,0.053691166770327224,0.030221053403623115,50,False
feature-23893-707--0.5-notebook-0.6-128,feature-23893,707,-0.5,1,generated,49,0,0.6447025537490845,0.6458522872048982,0.9981289566779623,0.06114275943563909,0.02772190482640753,50,False
feature-23893-707--0.5-notebook-0.6-128,feature-23893,707,-0.5,2,prompt,172,0,0.6447024941444397,0.6456600309804429,0.9984354078769684,0.055553038907778816,0.029834681918484506,81,False
feature-23893-707--0.5-notebook-0.6-128,feature-23893,707,-0.5,2,generated,80,0,0.6447025537490845,0.6457826122641563,0.9980714499950409,0.06203512344509363,0.027527754148468375,81,False
feature-23893-707--0.6-notebook-0.6-128,feature-23893,707,-0.6,1,prompt,91,0,0.7736430764198303,0.7743858668830369,0.9989871631611834,0.04460823673058997,0.03625196539464274,50,False
feature-23893-707--0.6-notebook-0.6-128,feature-23893,707,-0.6,1,generated,49,0,0.7736430764198303,0.775083163563086,0.9987038495589275,0.05090075411966869,0.03326928577556902,50,False
feature-23893-707--0.6-notebook-0.6-128,feature-23893,707,-0.6,2,prompt,172,0,0.7736430764198303,0.7745891133713168,0.998915872255037,0.04620104353485066,0.035792258728517566,81,False
feature-23893-707--0.6-notebook-0.6-128,feature-23893,707,-0.6,2,generated,80,0,0.7736430764198303,0.7749311529099941,0.9986857540905476,0.05119924838654697,0.03303275175858289,81,False
feature-23893-707--0.7-notebook-0.6-128,feature-23893,707,-0.7,1,prompt,91,0,0.9025835394859314,0.9030896674145709,0.9992121523553199,0.03924499808268233,0.042280187926275636,50,False
feature-23893-707--0.7-notebook-0.6-128,feature-23893,707,-0.7,1,generated,49,0,0.9025834798812866,0.9037168184105231,0.9990528773288337,0.04350549917744131,0.03879078568852678,50,False
feature-23893-707--0.7-notebook-0.6-128,feature-23893,707,-0.7,2,prompt,172,0,0.9025835394859314,0.9032481416713359,0.9991759179636489,0.04023667122778851,0.041739667026017425,81,False
feature-23893-707--0.7-notebook-0.6-128,feature-23893,707,-0.7,2,generated,80,0,0.9025834798812866,0.9037329077720642,0.99904530569911,0.043647985672578216,0.03852323489263654,81,False
feature-23893-808-+0.0-notebook-0.6-128,feature-23893,808,0.0,1,prompt,91,91,0.0,0.0,1.0,0.0,0.0,81,False
feature-23893-808-+0.0-notebook-0.6-128,feature-23893,808,0.0,1,generated,80,80,0.0,0.0,1.0,0.0,0.0,81,False
feature-23893-808-+0.0-notebook-0.6-128,feature-23893,808,0.0,2,prompt,203,203,0.0,0.0,1.0,0.0,0.0,94,False
feature-23893-808-+0.0-notebook-0.6-128,feature-23893,808,0.0,2,generated,93,93,0.0,0.0,1.0,0.0,0.0,94,False
feature-23893-808-+0.1-notebook-0.6-128,feature-23893,808,0.1,1,prompt,91,0,0.12894050776958466,0.13231975069412819,0.9711575475367871,0.24353747086210564,0.006194705867328794,63,False
feature-23893-808-+0.1-notebook-0.6-128,feature-23893,808,0.1,1,generated,62,0,0.12894050776958466,0.13284855432087375,0.9624836002626727,0.27908979019811075,0.00582480906779247,63,False
feature-23893-808-+0.1-notebook-0.6-128,feature-23893,808,0.1,2,prompt,185,0,0.12894050776958466,0.1325260579586029,0.9683671261813189,0.2549262178910745,0.006128330327211754,78,False
feature-23893-808-+0.1-notebook-0.6-128,feature-23893,808,0.1,2,generated,77,0,0.12894050776958466,0.13345771815095628,0.9602775821438083,0.2883118563271188,0.00582294814385377,78,False
feature-23893-808-+0.2-notebook-0.6-128,feature-23893,808,0.2,1,prompt,91,0,0.2578810155391693,0.2598642988519354,0.9920111436110276,0.126332568025196,0.012163116745996176,84,False
feature-23893-808-+0.2-notebook-0.6-128,feature-23893,808,0.2,1,generated,83,0,0.2578810155391693,0.2605497352330081,0.9900930811123676,0.14127691126013375,0.011728347660637045,84,False
feature-23893-808-+0.2-notebook-0.6-128,feature-23893,808,0.2,2,prompt,206,0,0.2578810155391693,0.2601195265656536,0.991297189761134,0.1318460836717226,0.012096987804821782,76,False
feature-23893-808-+0.2-notebook-0.6-128,feature-23893,808,0.2,2,generated,75,0,0.2578810155391693,0.26047340631484983,0.9892616709073384,0.14731280326843263,0.011401756579677264,76,False
feature-23893-808-+0.3-notebook-0.6-128,feature-23893,808,0.3,1,prompt,91,0,0.38682153820991516,0.3881164517376449,0.996462765630785,0.08369271727381172,0.018169226726148645,81,False
feature-23893-808-+0.3-notebook-0.6-128,feature-23893,808,0.3,1,generated,80,0,0.38682153820991516,0.3883878018707037,0.9957033462822438,0.09256219416856766,0.017353414662647993,81,False
feature-23893-808-+0.3-notebook-0.6-128,feature-23893,808,0.3,2,prompt,203,0,0.38682153820991516,0.3882007140831407,0.9961889770817874,0.08688726173392658,0.018008236937325797,80,False
feature-23893-808-+0.3-notebook-0.6-128,feature-23893,808,0.3,2,generated,79,0,0.38682153820991516,0.38868504800373993,0.9953704378272914,0.09637439439568339,0.017200738333071335,80,False
feature-23893-808-+0.4-notebook-0.6-128,feature-23893,808,0.4,1,prompt,91,0,0.5157620310783386,0.5164325905370188,0.9978273786031283,0.06542237102985382,0.024174540862696922,84,False
feature-23893-808-+0.4-notebook-0.6-128,feature-23893,808,0.4,1,generated,83,0,0.5157620310783386,0.5163950446140335,0.9974062227341066,0.0717967577188848,0.023247478642018444,84,False
feature-23893-808-+0.4-notebook-0.6-128,feature-23893,808,0.4,2,prompt,206,0,0.5157620310783386,0.5164198658420044,0.997681371795321,0.06762103128780439,0.024020905925743102,75,False
feature-23893-808-+0.4-notebook-0.6-128,feature-23893,808,0.4,2,generated,74,0,0.5157620310783386,0.516703836821221,0.9972700790779011,0.07382166979683412,0.022618596593069064,75,False
feature-23893-808-+0.5-notebook-0.6-128,feature-23893,808,0.5,1,prompt,91,0,0.6447024941444397,0.645559196288769,0.998531963799026,0.05378745676396967,0.030220939330679906,84,False
feature-23893-808-+0.5-notebook-0.6-128,feature-23893,808,0.5,1,generated,83,0,0.6447025537490845,0.6459511180958116,0.9982309944658394,0.0594018139842763,0.02908057043979685,84,False
feature-23893-808-+0.5-notebook-0.6-128,feature-23893,808,0.5,2,prompt,206,0,0.6447024941444397,0.6457332256928231,0.9984204242530378,0.05586090038340647,0.03003681523107146,76,False
feature-23893-808-+0.5-notebook-0.6-128,feature-23893,808,0.5,2,generated,75,0,0.6447025537490845,0.6459356967608134,0.9981927879651388,0.06005637427171071,0.02827710159122944,76,False
feature-23893-808-+0.6-notebook-0.6-128,feature-23893,808,0.6,1,prompt,91,0,0.7736430764198303,0.7744402878887051,0.9989813494158315,0.0447276952870927,0.036254426754837095,84,False
feature-23893-808-+0.6-notebook-0.6-128,feature-23893,808,0.6,1,generated,83,0,0.7736430764198303,0.775095981287669,0.9987867689994444,0.04918224126639136,0.03489456521010542,84,False
feature-23893-808-+0.6-notebook-0.6-128,feature-23893,808,0.6,2,prompt,206,0,0.7736430764198303,0.7747090091404406,0.9989079529220618,0.04640248846443533,0.03603606587174141,76,False
feature-23893-808-+0.6-notebook-0.6-128,feature-23893,808,0.6,2,generated,75,0,0.7736430764198303,0.7747832679748535,0.9987446562449137,0.05002635225653648,0.03391788678864638,76,False
feature-23893-808-+0.7-notebook-0.6-128,feature-23893,808,0.7,1,prompt,91,0,0.9025835394859314,0.9030764017786298,0.9992080763146117,0.03934089380961198,0.04227948430567407,84,False
feature-23893-808-+0.7-notebook-0.6-128,feature-23893,808,0.7,1,generated,83,0,0.9025834798812866,0.9034865814519216,0.9991285154618412,0.041646972949425855,0.040675384138362955,84,False
feature-23893-808-+0.7-notebook-0.6-128,feature-23893,808,0.7,2,prompt,206,0,0.9025835394859314,0.9032400999833079,0.999182064845724,0.04010866515483092,0.0420164085881676,76,False
feature-23893-808-+0.7-notebook-0.6-128,feature-23893,808,0.7,2,generated,75,0,0.9025834798812866,0.9034298181533813,0.999088826974233,0.04261858060956001,0.03955021038651466,76,False
feature-23893-808--0.1-notebook-0.6-128,feature-23893,808,-0.1,1,prompt,91,0,0.12894050776958466,0.13231150609451336,0.9711889513246306,0.2433973030074612,0.006194291706388857,81,False
feature-23893-808--0.1-notebook-0.6-128,feature-23893,808,-0.1,1,generated,80,0,0.12894050776958466,0.13289385978132487,0.9641499668359756,0.27259104829281566,0.005936290282988921,81,False
feature-23893-808--0.1-notebook-0.6-128,feature-23893,808,-0.1,2,prompt,203,0,0.12894050776958466,0.13255240412181235,0.9685347332743001,0.254357953083339,0.0061475924183809535,94,False
feature-23893-808--0.1-notebook-0.6-128,feature-23893,808,-0.1,2,generated,93,0,0.12894050776958466,0.13331030501473334,0.9615906643611128,0.28324997793602685,0.005878364226670676,94,False
feature-23893-808--0.2-notebook-0.6-128,feature-23893,808,-0.2,1,prompt,91,0,0.2578810155391693,0.25983886830099334,0.9920268648273343,0.12621825630520725,0.01216195265834148,81,False
feature-23893-808--0.2-notebook-0.6-128,feature-23893,808,-0.2,1,generated,80,0,0.2578810155391693,0.2605153854936361,0.9902011901140213,0.14054603017866613,0.011638656887225807,81,False
feature-23893-808--0.2-notebook-0.6-128,feature-23893,808,-0.2,2,prompt,203,0,0.2578810155391693,0.26008044234637556,0.9913605533797165,0.13140589494276517,0.012062390355549275,94,False
feature-23893-808--0.2-notebook-0.6-128,feature-23893,808,-0.2,2,generated,93,0,0.2578810155391693,0.2604488252952535,0.9894502746161594,0.14595147198246372,0.011486276844015686,94,False
feature-23893-808--0.3-notebook-0.6-128,feature-23893,808,-0.3,1,prompt,91,0,0.38682153820991516,0.38808559618153415,0.9964740119137607,0.08356533121767935,0.018167746165040674,81,False
feature-23893-808--0.3-notebook-0.6-128,feature-23893,808,-0.3,1,generated,80,0,0.38682153820991516,0.38840995728969574,0.9957169577479362,0.09242399823851884,0.01735440787160769,81,False
feature-23893-808--0.3-notebook-0.6-128,feature-23893,808,-0.3,2,prompt,203,0,0.38682153820991516,0.3881972994416805,0.996200495752795,0.08676284074489707,0.018008099182444656,94,False
feature-23893-808--0.3-notebook-0.6-128,feature-23893,808,-0.3,2,generated,93,0,0.38682153820991516,0.38875803639811857,0.9953492399184934,0.0965733719609117,0.017145668216530355,94,False
feature-23893-808--0.4-notebook-0.6-128,feature-23893,808,-0.4,1,prompt,91,0,0.5157620310783386,0.5164840503053351,0.9978292931567182,0.06540404460751094,0.02417740573950501,81,False
feature-23893-808--0.4-notebook-0.6-128,feature-23893,808,-0.4,1,generated,80,0,0.5157620310783386,0.516495630890131,0.9974274419248104,0.07153598894365132,0.02307719534728676,81,False
feature-23893-808--0.4-notebook-0.6-128,feature-23893,808,-0.4,2,prompt,203,0,0.5157620310783386,0.516484723889769,0.9976929449682752,0.06748049979653264,0.023959133807016912,94,False
feature-23893-808--0.4-notebook-0.6-128,feature-23893,808,-0.4,2,generated,93,0,0.5157620310783386,0.5166740654617228,0.9973288024625471,0.07302803430025295,0.02278797650930061,94,False
feature-23893-808--0.5-notebook-0.6-128,feature-23893,808,-0.5,1,prompt,91,0,0.6447024941444397,0.6455605167608994,0.9985375031010135,0.053691166770327224,0.030221053403623115,86,False
feature-23893-808--0.5-notebook-0.6-128,feature-23893,808,-0.5,1,generated,85,0,0.6447025537490845,0.645887870648328,0.9982384576516993,0.05930400569649304,0.0286976542104693,86,False
feature-23893-808--0.5-notebook-0.6-128,feature-23893,808,-0.5,2,prompt,208,0,0.6447024941444397,0.6456953439001853,0.9984285971866205,0.055728714214637876,0.029891253012185467,104,False
feature-23893-808--0.5-notebook-0.6-128,feature-23893,808,-0.5,2,generated,103,0,0.6447025537490845,0.6457840082714859,0.9981991845427207,0.059921498329026025,0.028322101326532734,104,False
feature-23893-808--0.6-notebook-0.6-128,feature-23893,808,-0.6,1,prompt,91,0,0.7736430764198303,0.7743858668830369,0.9989871631611834,0.04460823673058997,0.03625196539464274,86,False
feature-23893-808--0.6-notebook-0.6-128,feature-23893,808,-0.6,1,generated,85,0,0.7736430764198303,0.7749771012979395,0.9987888511489419,0.04915701755706002,0.03443370229181121,86,False
feature-23893-808--0.6-notebook-0.6-128,feature-23893,808,-0.6,2,prompt,208,0,0.7736430764198303,0.774614101419082,0.9989117538699737,0.046333374500346296,0.03585927935077612,128,True
feature-23893-808--0.6-notebook-0.6-128,feature-23893,808,-0.6,2,generated,127,0,0.7736430764198303,0.7747199061348682,0.9988218297169903,0.048431244099468695,0.03487054485915683,128,True
feature-23893-808--0.7-notebook-0.6-128,feature-23893,808,-0.7,1,prompt,91,0,0.9025835394859314,0.9030896674145709,0.9992121523553199,0.03924499808268233,0.042280187926275636,86,False
feature-23893-808--0.7-notebook-0.6-128,feature-23893,808,-0.7,1,generated,85,0,0.9025834798812866,0.9034597999909345,0.9991134910022511,0.042016181656542945,0.04014286569812719,86,False
feature-23893-808--0.7-notebook-0.6-128,feature-23893,808,-0.7,2,prompt,208,0,0.9025835394859314,0.9032360478662528,0.9991774152104671,0.04022660113584537,0.04181552236584069,104,False
feature-23893-808--0.7-notebook-0.6-128,feature-23893,808,-0.7,2,generated,103,0,0.9025834798812866,0.9036011846320143,0.9990939052359572,0.0424936149377846,0.03962969356804218,104,False
feature-23893-909-+0.0-notebook-0.6-128,feature-23893,909,0.0,1,prompt,91,91,0.0,0.0,1.0,0.0,0.0,81,False
feature-23893-909-+0.0-notebook-0.6-128,feature-23893,909,0.0,1,generated,80,80,0.0,0.0,1.0,0.0,0.0,81,False
feature-23893-909-+0.0-notebook-0.6-128,feature-23893,909,0.0,2,prompt,203,203,0.0,0.0,1.0,0.0,0.0,89,False
feature-23893-909-+0.0-notebook-0.6-128,feature-23893,909,0.0,2,generated,88,88,0.0,0.0,1.0,0.0,0.0,89,False
feature-23893-909-+0.1-notebook-0.6-128,feature-23893,909,0.1,1,prompt,91,0,0.12894050776958466,0.13231975069412819,0.9711575475367871,0.24353747086210564,0.006194705867328794,81,False
feature-23893-909-+0.1-notebook-0.6-128,feature-23893,909,0.1,1,generated,80,0,0.12894050776958466,0.13290150538086892,0.964130661636591,0.2726890504360199,0.005936642253072932,81,False
feature-23893-909-+0.1-notebook-0.6-128,feature-23893,909,0.1,2,prompt,203,0,0.12894050776958466,0.13254997904958396,0.9685071524728108,0.25446455613732927,0.006147484309837139,89,False
feature-23893-909-+0.1-notebook-0.6-128,feature-23893,909,0.1,2,generated,88,0,0.12894050776958466,0.13307917541400952,0.9621389758857813,0.28093129074708983,0.005853881964206018,89,False
feature-23893-909-+0.2-notebook-0.6-128,feature-23893,909,0.2,1,prompt,91,0,0.2578810155391693,0.2598642988519354,0.9920111436110276,0.126332568025196,0.012163116745996176,81,False
feature-23893-909-+0.2-notebook-0.6-128,feature-23893,909,0.2,1,generated,80,0,0.2578810155391693,0.2605322331190109,0.9901910945773125,0.14062876319512724,0.01163936440134421,81,False
feature-23893-909-+0.2-notebook-0.6-128,feature-23893,909,0.2,2,prompt,203,0,0.2578810155391693,0.2600940856440314,0.9913448192215906,0.13152002414752698,0.012063006210236081,89,False
feature-23893-909-+0.2-notebook-0.6-128,feature-23893,909,0.2,2,generated,88,0,0.2578810155391693,0.26051147519187495,0.9896562377160246,0.1446593121032823,0.011459592750973323,89,False
feature-23893-909-+0.3-notebook-0.6-128,feature-23893,909,0.3,1,prompt,91,0,0.38682153820991516,0.3881164517376449,0.996462765630785,0.08369271727381172,0.018169226726148645,81,False
feature-23893-909-+0.3-notebook-0.6-128,feature-23893,909,0.3,1,generated,80,0,0.38682153820991516,0.3883878018707037,0.9957033462822438,0.09256219416856766,0.017353414662647993,81,False
feature-23893-909-+0.3-notebook-0.6-128,feature-23893,909,0.3,2,prompt,203,0,0.38682153820991516,0.3882007140831407,0.9961889770817874,0.08688726173392658,0.018008236937325797,89,False
feature-23893-909-+0.3-notebook-0.6-128,feature-23893,909,0.3,2,generated,88,0,0.38682153820991516,0.38859682699496095,0.9954214644702998,0.09581836456940933,0.017094671832058917,89,False
feature-23893-909-+0.4-notebook-0.6-128,feature-23893,909,0.4,1,prompt,91,0,0.5157620310783386,0.5164325905370188,0.9978273786031283,0.06542237102985382,0.024174540862696922,81,False
feature-23893-909-+0.4-notebook-0.6-128,feature-23893,909,0.4,1,generated,80,0,0.5157620310783386,0.5165037207305432,0.997424440830946,0.07157576521858573,0.023077585990540682,81,False
feature-23893-909-+0.4-notebook-0.6-128,feature-23893,909,0.4,2,prompt,203,0,0.5157620310783386,0.5164655273771052,0.9976887943709425,0.06753612467514471,0.023957936426399852,81,False
feature-23893-909-+0.4-notebook-0.6-128,feature-23893,909,0.4,2,generated,80,0,0.5157620310783386,0.5167089246213437,0.9973220959305763,0.07316457615233958,0.022800881089642643,81,False
feature-23893-909-+0.5-notebook-0.6-128,feature-23893,909,0.5,1,prompt,91,0,0.6447024941444397,0.645559196288769,0.998531963799026,0.05378745676396967,0.030220939330679906,81,False
feature-23893-909-+0.5-notebook-0.6-128,feature-23893,909,0.5,1,generated,80,0,0.6447025537490845,0.6459567129611969,0.9982472732663155,0.059138927655294535,0.028862118348479272,81,False
feature-23893-909-+0.5-notebook-0.6-128,feature-23893,909,0.5,2,prompt,203,0,0.6447024941444397,0.6457182254110064,0.9984292279323334,0.055716362070714315,0.029954740049585864,81,False
feature-23893-909-+0.5-notebook-0.6-128,feature-23893,909,0.5,2,generated,80,0,0.6447025537490845,0.6457333452999592,0.9982139311730862,0.0597443126142025,0.028494462161324917,81,False
feature-23893-909-+0.6-notebook-0.6-128,feature-23893,909,0.6,1,prompt,91,0,0.7736430764198303,0.7744402878887051,0.9989813494158315,0.0447276952870927,0.036254426754837095,85,False
feature-23893-909-+0.6-notebook-0.6-128,feature-23893,909,0.6,1,generated,84,0,0.7736430764198303,0.7750215303330195,0.998769407471021,0.04947950908293327,0.03467741799319074,85,False
feature-23893-909-+0.6-notebook-0.6-128,feature-23893,909,0.6,2,prompt,207,0,0.7736430764198303,0.7746836358798299,0.9989057335876612,0.04643056619966376,0.03600462435369024,75,False
feature-23893-909-+0.6-notebook-0.6-128,feature-23893,909,0.6,2,generated,74,0,0.7736430764198303,0.7747336231373452,0.9987992056318231,0.04890440067125333,0.03471085396469445,75,False
feature-23893-909-+0.7-notebook-0.6-128,feature-23893,909,0.7,1,prompt,91,0,0.9025835394859314,0.9030764017786298,0.9992080763146117,0.03934089380961198,0.04227948430567407,116,False
feature-23893-909-+0.7-notebook-0.6-128,feature-23893,909,0.7,1,generated,115,0,0.9025834798812866,0.9036478457243546,0.9990972047266753,0.04245433080131593,0.03954477941860323,116,False
feature-23893-909-+0.7-notebook-0.6-128,feature-23893,909,0.7,2,prompt,238,0,0.9025835394859314,0.9033302111285073,0.9991607728625546,0.04066966302661585,0.041392288946530964,98,False
feature-23893-909-+0.7-notebook-0.6-128,feature-23893,909,0.7,2,generated,97,0,0.9025834798812866,0.9036294209588435,0.9990569525158283,0.043326132383543194,0.03893761711252719,98,False
feature-23893-909--0.1-notebook-0.6-128,feature-23893,909,-0.1,1,prompt,91,0,0.12894050776958466,0.13231150609451336,0.9711889513246306,0.2433973030074612,0.006194291706388857,81,False
feature-23893-909--0.1-notebook-0.6-128,feature-23893,909,-0.1,1,generated,80,0,0.12894050776958466,0.13289385978132487,0.9641499668359756,0.27259104829281566,0.005936290282988921,81,False
feature-23893-909--0.1-notebook-0.6-128,feature-23893,909,-0.1,2,prompt,203,0,0.12894050776958466,0.13255240412181235,0.9685347332743001,0.254357953083339,0.0061475924183809535,89,False
feature-23893-909--0.1-notebook-0.6-128,feature-23893,909,-0.1,2,generated,88,0,0.12894050776958466,0.1330757009034807,0.9621740301901643,0.28079393709247763,0.005853709256784482,89,False
feature-23893-909--0.2-notebook-0.6-128,feature-23893,909,-0.2,1,prompt,91,0,0.2578810155391693,0.25983886830099334,0.9920268648273343,0.12621825630520725,0.01216195265834148,128,True
feature-23893-909--0.2-notebook-0.6-128,feature-23893,909,-0.2,1,generated,127,0,0.2578810155391693,0.2605508744247316,0.9900880338638787,0.1414724567861069,0.011531840437861878,128,True
feature-23893-909--0.2-notebook-0.6-128,feature-23893,909,-0.2,2,prompt,251,0,0.2578810155391693,0.26017486871001255,0.9911100745676048,0.1333743305023448,0.011989800589700856,72,False
feature-23893-909--0.2-notebook-0.6-128,feature-23893,909,-0.2,2,generated,71,0,0.2578810155391693,0.2604812899945487,0.9893781584753117,0.14647518696499542,0.01152658587137998,72,False
feature-23893-909--0.3-notebook-0.6-128,feature-23893,909,-0.3,1,prompt,91,0,0.38682153820991516,0.38808559618153415,0.9964740119137607,0.08356533121767935,0.018167746165040674,54,False
feature-23893-909--0.3-notebook-0.6-128,feature-23893,909,-0.3,1,generated,53,0,0.38682153820991516,0.38852096110020046,0.9950612805924326,0.0993951124683866,0.01632996316436889,54,False
feature-23893-909--0.3-notebook-0.6-128,feature-23893,909,-0.3,2,prompt,176,0,0.38682153820991516,0.38818127441812644,0.9960907291282307,0.08780895819125528,0.01792075556097023,61,False
feature-23893-909--0.3-notebook-0.6-128,feature-23893,909,-0.3,2,generated,60,0,0.38682153820991516,0.3886885091662407,0.9951006829738617,0.09914248175919056,0.016859238346417744,61,False
feature-23893-909--0.4-notebook-0.6-128,feature-23893,909,-0.4,1,prompt,91,0,0.5157620310783386,0.5164840503053351,0.9978292931567182,0.06540404460751094,0.02417740573950501,54,False
feature-23893-909--0.4-notebook-0.6-128,feature-23893,909,-0.4,1,generated,53,0,0.5157620310783386,0.5168982271878224,0.9970924989232477,0.07618513829865546,0.021725956702007436,54,False
feature-23893-909--0.4-notebook-0.6-128,feature-23893,909,-0.4,2,prompt,176,0,0.5157620310783386,0.5166242671283808,0.9976435638964176,0.06808596034534276,0.023850690743777457,61,False
feature-23893-909--0.4-notebook-0.6-128,feature-23893,909,-0.4,2,generated,60,0,0.5157620310783386,0.5169400771458944,0.997210309902827,0.07466960263748963,0.022422393038868903,61,False
feature-23893-909--0.5-notebook-0.6-128,feature-23893,909,-0.5,1,prompt,91,0,0.6447024941444397,0.6455605167608994,0.9985375031010135,0.053691166770327224,0.030221053403623115,128,True
feature-23893-909--0.5-notebook-0.6-128,feature-23893,909,-0.5,1,generated,127,0,0.6447025537490845,0.6458590823834337,0.9982366153574366,0.059341306057501965,0.02858806552556087,128,True
feature-23893-909--0.5-notebook-0.6-128,feature-23893,909,-0.5,2,prompt,251,0,0.6447024941444397,0.6456927431532111,0.9984007252165046,0.05624935744827487,0.029762029935155004,118,False
feature-23893-909--0.5-notebook-0.6-128,feature-23893,909,-0.5,2,generated,117,0,0.6447025537490845,0.6458253814623907,0.9981880386670431,0.06011041056396615,0.02819895035881772,118,False
feature-23893-909--0.6-notebook-0.6-128,feature-23893,909,-0.6,1,prompt,91,0,0.7736430764198303,0.7743858668830369,0.9989871631611834,0.04460823673058997,0.03625196539464274,54,False
feature-23893-909--0.6-notebook-0.6-128,feature-23893,909,-0.6,1,generated,53,0,0.7736430764198303,0.7749489343391275,0.9986511682564357,0.051898652582236054,0.03257316547744679,54,False
feature-23893-909--0.6-notebook-0.6-128,feature-23893,909,-0.6,2,prompt,176,0,0.7736430764198303,0.7745563079687682,0.998898250812834,0.046530219091271814,0.03575995147283803,44,False
feature-23893-909--0.6-notebook-0.6-128,feature-23893,909,-0.6,2,generated,43,0,0.7736430764198303,0.7750451135080915,0.9986877732498701,0.051195186671129496,0.0329843619188597,44,False
feature-23893-909--0.7-notebook-0.6-128,feature-23893,909,-0.7,1,prompt,91,0,0.9025835394859314,0.9030896674145709,0.9992121523553199,0.03924499808268233,0.042280187926275636,54,False
feature-23893-909--0.7-notebook-0.6-128,feature-23893,909,-0.7,1,generated,53,0,0.9025834798812866,0.9035745026930323,0.9990145609063922,0.04433536522512166,0.03798016223986194,54,False
feature-23893-909--0.7-notebook-0.6-128,feature-23893,909,-0.7,2,prompt,176,0,0.9025835394859314,0.9032212136821314,0.9991651682013815,0.040459116571582854,0.041702145368617494,61,False
feature-23893-909--0.7-notebook-0.6-128,feature-23893,909,-0.7,2,generated,60,0,0.9025834798812866,0.9036394973595937,0.9990786135196685,0.04287895150482655,0.03918989406277736,61,False
feature-30032-1001-+0.0-notebook-0.6-128,feature-30032,1001,0.0,1,prompt,91,91,0.0,0.0,1.0,0.0,0.0,128,True
feature-30032-1001-+0.0-notebook-0.6-128,feature-30032,1001,0.0,1,generated,127,127,0.0,0.0,1.0,0.0,0.0,128,True
feature-30032-1001-+0.0-notebook-0.6-128,feature-30032,1001,0.0,2,prompt,250,250,0.0,0.0,1.0,0.0,0.0,89,False
feature-30032-1001-+0.0-notebook-0.6-128,feature-30032,1001,0.0,2,generated,88,88,0.0,0.0,1.0,0.0,0.0,89,False
feature-30032-1001-+0.1-notebook-0.6-128,feature-30032,1001,0.1,1,prompt,91,0,0.12431458383798599,0.12721214459820107,0.970433852829776,0.2456034677369254,0.005954945116472727,128,True
feature-30032-1001-+0.1-notebook-0.6-128,feature-30032,1001,0.1,1,generated,127,0,0.12431458383798599,0.1275970218923148,0.9660949538073201,0.2638771146770537,0.005890234916170281,128,True
feature-30032-1001-+0.1-notebook-0.6-128,feature-30032,1001,0.1,2,prompt,250,0,0.12431458383798599,0.12739800754189493,0.9683242475986481,0.25445063853263855,0.0059654402590822424,89,False
feature-30032-1001-+0.1-notebook-0.6-128,feature-30032,1001,0.1,2,generated,88,0,0.12431458383798599,0.12802157720381563,0.9615399221127684,0.28173568709330127,0.005800223036203533,89,False
feature-30032-1001-+0.2-notebook-0.6-128,feature-30032,1001,0.2,1,prompt,91,0,0.24862916767597198,0.2503671952328839,0.9919785365953551,0.12659488569249164,0.011719881553729935,128,True
feature-30032-1001-+0.2-notebook-0.6-128,feature-30032,1001,0.2,1,generated,127,0,0.24862916767597198,0.2504927267239788,0.9910127684825988,0.13401605124314,0.01156631897489621,128,True
feature-30032-1001-+0.2-notebook-0.6-128,feature-30032,1001,0.2,2,prompt,250,0,0.24862916767597198,0.25042191994190216,0.9915195772647858,0.13005622109770776,0.011728070839075372,89,False
feature-30032-1001-+0.2-notebook-0.6-128,feature-30032,1001,0.2,2,generated,88,0,0.24862916767597198,0.2509052629836581,0.9895171665332534,0.14498221713372253,0.011371000923893669,89,False
feature-30032-1001-+0.3-notebook-0.6-128,feature-30032,1001,0.3,1,prompt,91,0,0.3729437589645386,0.3743548553723555,0.99632063802782,0.08557762336599958,0.01752535078020838,128,True
feature-30032-1001-+0.3-notebook-0.6-128,feature-30032,1001,0.3,1,generated,127,0,0.3729437589645386,0.37444212211398625,0.9957846008886503,0.09160241173712287,0.01729036192959688,128,True
feature-30032-1001-+0.3-notebook-0.6-128,feature-30032,1001,0.3,2,prompt,250,0,0.3729437589645386,0.3744027137756348,0.9960655024051667,0.08841197995841503,0.01753579833090771,94,False
feature-30032-1001-+0.3-notebook-0.6-128,feature-30032,1001,0.3,2,generated,93,0,0.3729437589645386,0.37484502503948824,0.9951427502016867,0.0984180143443487,0.016839276929135606,94,False
feature-30032-1001-+0.4-notebook-0.6-128,feature-30032,1001,0.4,1,prompt,91,0,0.49725833535194397,0.4981286722225147,0.9979055222574171,0.06441046870671786,0.023319905043635927,128,True
feature-30032-1001-+0.4-notebook-0.6-128,feature-30032,1001,0.4,1,generated,127,0,0.49725833535194397,0.4983241337490833,0.9976335196044501,0.06854576784677392,0.023011989671531626,128,True
feature-30032-1001-+0.4-notebook-0.6-128,feature-30032,1001,0.4,2,prompt,250,0,0.49725833535194397,0.49822678685188293,0.9977755773067475,0.06637378092110156,0.023336063605966045,94,False
feature-30032-1001-+0.4-notebook-0.6-128,feature-30032,1001,0.4,2,generated,93,0,0.49725833535194397,0.4984577801278842,0.997211842767654,0.0743925487722761,0.02239374630153179,94,False
feature-30032-1001-+0.5-notebook-0.6-128,feature-30032,1001,0.5,1,prompt,91,0,0.6215729117393494,0.6223350252423968,0.9986146013815325,0.052335967360944535,0.02913397672435187,128,True
feature-30032-1001-+0.5-notebook-0.6-128,feature-30032,1001,0.5,1,generated,127,0,0.6215729117393494,0.6221689032757376,0.9984228371635196,0.05596707520757135,0.02873120182670477,128,True
feature-30032-1001-+0.5-notebook-0.6-128,feature-30032,1001,0.5,2,prompt,250,0,0.6215729117393494,0.6222598805427552,0.9985227575302124,0.05406809729337692,0.029145905059063806,94,False
feature-30032-1001-+0.5-notebook-0.6-128,feature-30032,1001,0.5,2,generated,93,0,0.6215729117393494,0.6225735141384986,0.9981989995125802,0.059787188366215716,0.02796962500740123,94,False
feature-30032-1001-+0.6-notebook-0.6-128,feature-30032,1001,0.6,1,prompt,91,0,0.7458875179290771,0.7464311679640969,0.9990094245135129,0.04422902367026596,0.034943541192710606,128,True
feature-30032-1001-+0.6-notebook-0.6-128,feature-30032,1001,0.6,1,generated,127,0,0.7458875179290771,0.746540558619762,0.9988532831349711,0.04772425879995654,0.034474988475324604,128,True
feature-30032-1001-+0.6-notebook-0.6-128,feature-30032,1001,0.6,2,prompt,250,0,0.7458875179290771,0.7464763536453247,0.9989364902973175,0.045854038327932355,0.03496414038841612,94,False
feature-30032-1001-+0.6-notebook-0.6-128,feature-30032,1001,0.6,2,generated,93,0,0.7458875179290771,0.7467255368027635,0.9987294641874169,0.05020781930896544,0.033547949226152514,94,False
feature-30032-1001-+0.7-notebook-0.6-128,feature-30032,1001,0.7,1,prompt,91,0,0.8702020645141602,0.8705128817767888,0.9992390825198247,0.03872904539681398,0.04075223241886636,128,True
feature-30032-1001-+0.7-notebook-0.6-128,feature-30032,1001,0.7,1,generated,127,0,0.8702020645141602,0.8704603727408281,0.9991330401165279,0.04149278658112203,0.04019747577666297,128,True
feature-30032-1001-+0.7-notebook-0.6-128,feature-30032,1001,0.7,2,prompt,250,0,0.8702020645141602,0.870468549489975,0.9991911406517029,0.03997464323788881,0.04077180283376947,94,False
feature-30032-1001-+0.7-notebook-0.6-128,feature-30032,1001,0.7,2,generated,93,0,0.8702020645141602,0.8706484078079142,0.9990679224332174,0.042994642690304785,0.039116095070556925,94,False
feature-30032-1001--0.1-notebook-0.6-128,feature-30032,1001,-0.1,1,prompt,91,0,0.12431458383798599,0.1272117324419074,0.9704410263470241,0.24558270534316262,0.005955020355951082,128,True
feature-30032-1001--0.1-notebook-0.6-128,feature-30032,1001,-0.1,1,generated,127,0,0.12431458383798599,0.127604471064928,0.9660879950823746,0.263902267367821,0.005890549505202789,128,True
feature-30032-1001--0.1-notebook-0.6-128,feature-30032,1001,-0.1,2,prompt,250,0,0.12431458383798599,0.12739551654458045,0.968333615064621,0.2544126700758934,0.00596532827662304,89,False
feature-30032-1001--0.1-notebook-0.6-128,feature-30032,1001,-0.1,2,generated,88,0,0.12431458383798599,0.1280171698467298,0.9615808081897822,0.28158899142660876,0.005800080692014572,89,False
feature-30032-1001--0.2-notebook-0.6-128,feature-30032,1001,-0.2,1,prompt,91,0,0.24862916767597198,0.25034106154363234,0.9919760083104228,0.1266003159376291,0.011718647586499023,128,True
feature-30032-1001--0.2-notebook-0.6-128,feature-30032,1001,-0.2,1,generated,127,0,0.24862916767597198,0.25049816259718316,0.9910151770734411,0.13399398127409418,0.011566607824226064,128,True
feature-30032-1001--0.2-notebook-0.6-128,feature-30032,1001,-0.2,2,prompt,250,0,0.24862916767597198,0.2504218485951424,0.9915202231407165,0.13005024307966231,0.011728071623016149,89,False
feature-30032-1001--0.2-notebook-0.6-128,feature-30032,1001,-0.2,2,generated,88,0,0.24862916767597198,0.2509107523682443,0.9895003112879667,0.14509404670785775,0.011371310472234407,89,False
feature-30032-1001--0.3-notebook-0.6-128,feature-30032,1001,-0.3,1,prompt,91,0,0.3729437589645386,0.3743621143665943,0.9963214155081864,0.08557233464095619,0.01752553636350178,128,True
feature-30032-1001--0.3-notebook-0.6-128,feature-30032,1001,-0.3,1,generated,127,0,0.3729437589645386,0.3744955902963173,0.9957894621871588,0.09155292732743767,0.017292864877349278,128,True
feature-30032-1001--0.3-notebook-0.6-128,feature-30032,1001,-0.3,2,prompt,250,0,0.3729437589645386,0.37442394804954526,0.9960666882991791,0.08839991128444671,0.017536691791261546,89,False
feature-30032-1001--0.3-notebook-0.6-128,feature-30032,1001,-0.3,2,generated,88,0,0.3729437589645386,0.37480938840996136,0.9952198795296929,0.09763819182460959,0.01698792737443,89,False
feature-30032-1001--0.4-notebook-0.6-128,feature-30032,1001,-0.4,1,prompt,91,0,0.49725833535194397,0.4981444949632163,0.9979057940807972,0.0644040846644522,0.023320700349618813,128,True
feature-30032-1001--0.4-notebook-0.6-128,feature-30032,1001,-0.4,1,generated,127,0,0.49725833535194397,0.4983001938016396,0.9976322505417772,0.06855915621744366,0.023010869737802527,128,True
feature-30032-1001--0.4-notebook-0.6-128,feature-30032,1001,-0.4,2,prompt,250,0,0.49725833535194397,0.4982299473285675,0.9977754347324371,0.06637491078674793,0.023336304899537936,89,False
feature-30032-1001--0.4-notebook-0.6-128,feature-30032,1001,-0.4,2,generated,88,0,0.49725833535194397,0.4984376115555113,0.9972594475204294,0.07375405525619333,0.022592491322112353,89,False
feature-30032-1001--0.5-notebook-0.6-128,feature-30032,1001,-0.5,1,prompt,91,0,0.6215729117393494,0.622289899286333,0.9986158609390259,0.05229961949881617,0.029131949098862627,70,False
feature-30032-1001--0.5-notebook-0.6-128,feature-30032,1001,-0.5,1,generated,69,0,0.6215729117393494,0.6222697816033295,0.9982692763425302,0.058712972840969116,0.027566249711789947,70,False
feature-30032-1001--0.5-notebook-0.6-128,feature-30032,1001,-0.5,2,prompt,192,0,0.6215729117393494,0.622294674317042,0.9985006221880516,0.05442603039167201,0.028832016666759348,56,False
feature-30032-1001--0.5-notebook-0.6-128,feature-30032,1001,-0.5,2,generated,55,0,0.6215729117393494,0.6225975426760587,0.9980998570268804,0.06160150800238956,0.026816018230535768,56,False
feature-30032-1001--0.6-notebook-0.6-128,feature-30032,1001,-0.6,1,prompt,91,0,0.7458875179290771,0.7464036771229335,0.9990101751390394,0.04420390197045201,0.03494256166843595,128,True
feature-30032-1001--0.6-notebook-0.6-128,feature-30032,1001,-0.6,1,generated,127,0,0.7458875179290771,0.7464868618747381,0.9988531981866191,0.04772290379160971,0.034472443911386284,128,True
feature-30032-1001--0.6-notebook-0.6-128,feature-30032,1001,-0.6,2,prompt,250,0,0.7458875179290771,0.746455501794815,0.9989358730316162,0.045864657923579216,0.03496316239610314,89,False
feature-30032-1001--0.6-notebook-0.6-128,feature-30032,1001,-0.6,2,generated,88,0,0.7458875179290771,0.7467640320008452,0.9987515366890214,0.04977387858724052,0.033848963656716725,89,False
feature-30032-1001--0.7-notebook-0.6-128,feature-30032,1001,-0.7,1,prompt,91,0,0.8702020645141602,0.870511823958093,0.9992394624175606,0.03872217354620551,0.040752264782325825,128,True
feature-30032-1001--0.7-notebook-0.6-128,feature-30032,1001,-0.7,1,generated,127,0,0.8702020645141602,0.8704896498852828,0.9991336019020381,0.04147935534028087,0.04019886234731186,128,True
feature-30032-1001--0.7-notebook-0.6-128,feature-30032,1001,-0.7,2,prompt,250,0,0.8702020645141602,0.8705031132698059,0.9991920680999756,0.039953268840909,0.04077343057049438,89,False
feature-30032-1001--0.7-notebook-0.6-128,feature-30032,1001,-0.7,2,generated,88,0,0.8702020645141602,0.8706282539801165,0.9990860846909609,0.042570566864345565,0.03946426206014373,89,False
feature-30032-101-+0.0-notebook-0.6-128,feature-30032,101,0.0,1,prompt,91,91,0.0,0.0,1.0,0.0,0.0,94,False
feature-30032-101-+0.0-notebook-0.6-128,feature-30032,101,0.0,1,generated,93,93,0.0,0.0,1.0,0.0,0.0,94,False
feature-30032-101-+0.0-notebook-0.6-128,feature-30032,101,0.0,2,prompt,216,216,0.0,0.0,1.0,0.0,0.0,60,False
feature-30032-101-+0.0-notebook-0.6-128,feature-30032,101,0.0,2,generated,59,59,0.0,0.0,1.0,0.0,0.0,60,False
feature-30032-101-+0.1-notebook-0.6-128,feature-30032,101,0.1,1,prompt,91,0,0.12431458383798599,0.12721214459820107,0.970433852829776,0.2456034677369254,0.005954945116472727,94,False
feature-30032-101-+0.1-notebook-0.6-128,feature-30032,101,0.1,1,generated,93,0,0.12431458383798599,0.1278570382505335,0.963991286934063,0.27240270344159934,0.005778771559757891,94,False
feature-30032-101-+0.1-notebook-0.6-128,feature-30032,101,0.1,2,prompt,216,0,0.12431458383798599,0.1274825793656486,0.9678658647117792,0.2562474297290599,0.00593802951253666,60,False
feature-30032-101-+0.1-notebook-0.6-128,feature-30032,101,0.1,2,generated,59,0,0.12431458383798599,0.12820526780718464,0.9609416965710915,0.2850337235604302,0.005718488190954519,60,False
feature-30032-101-+0.2-notebook-0.6-128,feature-30032,101,0.2,1,prompt,91,0,0.24862916767597198,0.2503671952328839,0.9919785365953551,0.12659488569249164,0.011719881553729935,94,False
feature-30032-101-+0.2-notebook-0.6-128,feature-30032,101,0.2,1,generated,93,0,0.24862916767597198,0.2505939524340373,0.9904409954624791,0.13823687533537546,0.011328905610547911,94,False
feature-30032-101-+0.2-notebook-0.6-128,feature-30032,101,0.2,2,prompt,216,0,0.24862916767597198,0.25044178238345516,0.9913877922075766,0.13098911834121854,0.011667287348784696,60,False
feature-30032-101-+0.2-notebook-0.6-128,feature-30032,101,0.2,2,generated,59,0,0.24862916767597198,0.2508883468680463,0.9895102775703042,0.14548210105148413,0.01119220714574143,60,False
feature-30032-101-+0.3-notebook-0.6-128,feature-30032,101,0.3,1,prompt,91,0,0.3729437589645386,0.3743548553723555,0.99632063802782,0.08557762336599958,0.01752535078020838,94,False
feature-30032-101-+0.3-notebook-0.6-128,feature-30032,101,0.3,1,generated,93,0,0.3729437589645386,0.37461749840808173,0.9955176813628084,0.09450939602108412,0.01693649605036743,94,False
feature-30032-101-+0.3-notebook-0.6-128,feature-30032,101,0.3,2,prompt,216,0,0.3729437589645386,0.37445815928556303,0.9960039332509041,0.08906231458402342,0.017446180358362012,60,False
feature-30032-101-+0.3-notebook-0.6-128,feature-30032,101,0.3,2,generated,59,0,0.3729437589645386,0.37496180200980883,0.9951659653146389,0.09853318384138204,0.0167277361881935,60,False
feature-30032-101-+0.4-notebook-0.6-128,feature-30032,101,0.4,1,prompt,91,0,0.49725833535194397,0.4981286722225147,0.9979055222574171,0.06441046870671786,0.023319905043635927,94,False
feature-30032-101-+0.4-notebook-0.6-128,feature-30032,101,0.4,1,generated,93,0,0.49725833535194397,0.4983422073625749,0.9974670051246561,0.07094861607077302,0.02253180890474268,94,False
feature-30032-101-+0.4-notebook-0.6-128,feature-30032,101,0.4,2,prompt,216,0,0.49725833535194397,0.49821724839232584,0.9977318964622639,0.06698560212842292,0.023213057836174913,60,False
feature-30032-101-+0.4-notebook-0.6-128,feature-30032,101,0.4,2,generated,59,0,0.49725833535194397,0.4985354153786675,0.9972532149088584,0.07408800847449545,0.02224146325330613,60,False
feature-30032-101-+0.5-notebook-0.6-128,feature-30032,101,0.5,1,prompt,91,0,0.6215729117393494,0.6223350252423968,0.9986146013815325,0.052335967360944535,0.02913397672435187,94,False
feature-30032-101-+0.5-notebook-0.6-128,feature-30032,101,0.5,1,generated,93,0,0.6215729117393494,0.6223070576626767,0.9983217229125321,0.05775207313158179,0.02813653041037821,94,False
feature-30032-101-+0.5-notebook-0.6-128,feature-30032,101,0.5,2,prompt,216,0,0.6215729117393494,0.6223137621526365,0.9984996837598307,0.05445433723636799,0.028995170055606177,93,False
feature-30032-101-+0.5-notebook-0.6-128,feature-30032,101,0.5,2,generated,92,0,0.6215729117393494,0.6226325371991033,0.9982022448726322,0.059936331706526486,0.027576242371097855,93,False
feature-30032-101-+0.6-notebook-0.6-128,feature-30032,101,0.6,1,prompt,91,0,0.7458875179290771,0.7464311679640969,0.9990094245135129,0.04422902367026596,0.034943541192710606,94,False
feature-30032-101-+0.6-notebook-0.6-128,feature-30032,101,0.6,1,generated,93,0,0.7458875179290771,0.7465496076050625,0.9987950010966229,0.048928887092618535,0.03375463454072834,94,False
feature-30032-101-+0.6-notebook-0.6-128,feature-30032,101,0.6,2,prompt,216,0,0.7458875179290771,0.7464724423156844,0.998926493856642,0.04603861358568624,0.03478021232796083,114,False
feature-30032-101-+0.6-notebook-0.6-128,feature-30032,101,0.6,2,generated,113,0,0.7458875179290771,0.7467286549838243,0.9987424770287708,0.05011181909162386,0.033243826087729064,114,False
feature-30032-101-+0.7-notebook-0.6-128,feature-30032,101,0.7,1,prompt,91,0,0.8702020645141602,0.8705128817767888,0.9992390825198247,0.03872904539681398,0.04075223241886636,94,False
feature-30032-101-+0.7-notebook-0.6-128,feature-30032,101,0.7,1,generated,93,0,0.8702020645141602,0.870586230549761,0.9990908042077096,0.04250374093892113,0.039362749705712,94,False
feature-30032-101-+0.7-notebook-0.6-128,feature-30032,101,0.7,2,prompt,216,0,0.8702020645141602,0.8705354760642405,0.9991835239860747,0.04013761685712746,0.04056068795088558,60,False
feature-30032-101-+0.7-notebook-0.6-128,feature-30032,101,0.7,2,generated,59,0,0.8702020645141602,0.870734588574555,0.9990702402793755,0.04306718302985369,0.038846635022910976,60,False
feature-30032-101--0.1-notebook-0.6-128,feature-30032,101,-0.1,1,prompt,91,0,0.12431458383798599,0.1272117324419074,0.9704410263470241,0.24558270534316262,0.005955020355951082,94,False
feature-30032-101--0.1-notebook-0.6-128,feature-30032,101,-0.1,1,generated,93,0,0.12431458383798599,0.12785321297825022,0.9640105764071146,0.2723233598855234,0.0057786233893405365,94,False
feature-30032-101--0.1-notebook-0.6-128,feature-30032,101,-0.1,2,prompt,216,0,0.12431458383798599,0.12748463931320994,0.9678903343500914,0.2561588864773512,0.0059381739933828444,123,False
feature-30032-101--0.1-notebook-0.6-128,feature-30032,101,-0.1,2,generated,122,0,0.12431458383798599,0.12813947154361693,0.9607920172761698,0.2853543027991154,0.00574639840738573,123,False
feature-30032-101--0.2-notebook-0.6-128,feature-30032,101,-0.2,1,prompt,91,0,0.24862916767597198,0.25034106154363234,0.9919760083104228,0.1266003159376291,0.011718647586499023,94,False
feature-30032-101--0.2-notebook-0.6-128,feature-30032,101,-0.2,1,generated,93,0,0.24862916767597198,0.2505668597195738,0.9904289886515628,0.13830331432563003,0.011327743099661924,94,False
feature-30032-101--0.2-notebook-0.6-128,feature-30032,101,-0.2,2,prompt,216,0,0.24862916767597198,0.25042790077902655,0.9913774234829126,0.13105602289929433,0.011666643231162906,101,False
feature-30032-101--0.2-notebook-0.6-128,feature-30032,101,-0.2,2,generated,100,0,0.24862916767597198,0.25087801724672315,0.9896160930395126,0.14468458943068982,0.011176632503047585,101,False
feature-30032-101--0.3-notebook-0.6-128,feature-30032,101,-0.3,1,prompt,91,0,0.3729437589645386,0.3743621143665943,0.9963214155081864,0.08557233464095619,0.01752553636350178,94,False
feature-30032-101--0.3-notebook-0.6-128,feature-30032,101,-0.3,1,generated,93,0,0.3729437589645386,0.374639605963102,0.9955232957358001,0.09445172207810545,0.016937574762250145,94,False
feature-30032-101--0.3-notebook-0.6-128,feature-30032,101,-0.3,2,prompt,216,0,0.3729437589645386,0.3744759802465086,0.9960052500720378,0.08905344777223137,0.017446990748862003,101,False
feature-30032-101--0.3-notebook-0.6-128,feature-30032,101,-0.3,2,generated,100,0,0.3729437589645386,0.3748609098792076,0.9952140402793884,0.09798703230917453,0.01670091942884028,101,False
feature-30032-101--0.4-notebook-0.6-128,feature-30032,101,-0.4,1,prompt,91,0,0.49725833535194397,0.4981444949632163,0.9979057940807972,0.0644040846644522,0.023320700349618813,94,False
feature-30032-101--0.4-notebook-0.6-128,feature-30032,101,-0.4,1,generated,93,0,0.49725833535194397,0.4983676524572475,0.9974712479499078,0.07089222879499517,0.022532935624801985,94,False
feature-30032-101--0.4-notebook-0.6-128,feature-30032,101,-0.4,2,prompt,216,0,0.49725833535194397,0.4982344156338109,0.9977333661582735,0.06696421647858289,0.02321399866923457,101,False
feature-30032-101--0.4-notebook-0.6-128,feature-30032,101,-0.4,2,generated,100,0,0.49725833535194397,0.4983182367682457,0.9972679966688156,0.07383535467088223,0.022202068343758583,101,False
feature-30032-101--0.5-notebook-0.6-128,feature-30032,101,-0.5,1,prompt,91,0,0.6215729117393494,0.622289899286333,0.9986158609390259,0.05229961949881617,0.029131949098862627,94,False
feature-30032-101--0.5-notebook-0.6-128,feature-30032,101,-0.5,1,generated,93,0,0.6215729117393494,0.6222705635973202,0.9983276192859937,0.057642612245775035,0.028134855591962413,94,False
feature-30032-101--0.5-notebook-0.6-128,feature-30032,101,-0.5,2,prompt,216,0,0.6215729117393494,0.622280556846548,0.9985017503301302,0.05441060296639248,0.02899364509546474,101,False
feature-30032-101--0.5-notebook-0.6-128,feature-30032,101,-0.5,2,generated,100,0,0.6215729117393494,0.6224716079235076,0.9982301932573319,0.05941023051738739,0.027790813501924277,101,False
feature-30032-101--0.6-notebook-0.6-128,feature-30032,101,-0.6,1,prompt,91,0,0.7458875179290771,0.7464036771229335,0.9990101751390394,0.04420390197045201,0.03494256166843595,94,False
feature-30032-101--0.6-notebook-0.6-128,feature-30032,101,-0.6,1,generated,93,0,0.7458875179290771,0.7465129206257481,0.9987955913748793,0.04891254083924396,0.03375287730527181,94,False
feature-30032-101--0.6-notebook-0.6-128,feature-30032,101,-0.6,2,prompt,216,0,0.7458875179290771,0.7464353375964694,0.9989265697421851,0.046031402691301924,0.034778514881273384,101,False
feature-30032-101--0.6-notebook-0.6-128,feature-30032,101,-0.6,2,generated,100,0,0.7458875179290771,0.7467504125833512,0.9987336868047714,0.050251438803970816,0.033270697612315416,101,False
feature-30032-101--0.7-notebook-0.6-128,feature-30032,101,-0.7,1,prompt,91,0,0.8702020645141602,0.870511823958093,0.9992394624175606,0.03872217354620551,0.040752264782325825,94,False
feature-30032-101--0.7-notebook-0.6-128,feature-30032,101,-0.7,1,generated,93,0,0.8702020645141602,0.8706124815889584,0.9990925519697128,0.042462225442612044,0.03936402343453899,94,False
feature-30032-101--0.7-notebook-0.6-128,feature-30032,101,-0.7,2,prompt,216,0,0.8702020645141602,0.8705522398705836,0.9991840703619851,0.040126547415706294,0.04056156344692378,101,False
feature-30032-101--0.7-notebook-0.6-128,feature-30032,101,-0.7,2,generated,100,0,0.8702020645141602,0.8706639391183854,0.9990674704313278,0.043110760264098644,0.03879166036844253,101,False
feature-30032-202-+0.0-notebook-0.6-128,feature-30032,202,0.0,1,prompt,91,91,0.0,0.0,1.0,0.0,0.0,65,False
feature-30032-202-+0.0-notebook-0.6-128,feature-30032,202,0.0,1,generated,64,64,0.0,0.0,1.0,0.0,0.0,65,False
feature-30032-202-+0.0-notebook-0.6-128,feature-30032,202,0.0,2,prompt,187,187,0.0,0.0,1.0,0.0,0.0,61,False
feature-30032-202-+0.0-notebook-0.6-128,feature-30032,202,0.0,2,generated,60,60,0.0,0.0,1.0,0.0,0.0,61,False
feature-30032-202-+0.1-notebook-0.6-128,feature-30032,202,0.1,1,prompt,91,0,0.12431458383798599,0.12721214459820107,0.970433852829776,0.2456034677369254,0.005954945116472727,65,False
feature-30032-202-+0.1-notebook-0.6-128,feature-30032,202,0.1,1,generated,64,0,0.12431458383798599,0.1279619133565575,0.9623327609151602,0.278903397731483,0.00572459874820197,65,False
feature-30032-202-+0.1-notebook-0.6-128,feature-30032,202,0.1,2,prompt,187,0,0.12431458383798599,0.1274661379941007,0.9678110646054069,0.2563180862104191,0.005932692675863736,61,False
feature-30032-202-+0.1-notebook-0.6-128,feature-30032,202,0.1,2,generated,60,0,0.12431458383798599,0.12827347914377848,0.9605829070011774,0.2864924075702826,0.005744803968506555,61,False
feature-30032-202-+0.2-notebook-0.6-128,feature-30032,202,0.2,1,prompt,91,0,0.24862916767597198,0.2503671952328839,0.9919785365953551,0.12659488569249164,0.011719881553729935,65,False
feature-30032-202-+0.2-notebook-0.6-128,feature-30032,202,0.2,1,generated,64,0,0.24862916767597198,0.2506331072654575,0.9900179905816913,0.14142426243051887,0.011215196660486981,65,False
feature-30032-202-+0.2-notebook-0.6-128,feature-30032,202,0.2,2,prompt,187,0,0.24862916767597198,0.25042690320767186,0.9913570788454882,0.131195567548275,0.01165786451619009,60,False
feature-30032-202-+0.2-notebook-0.6-128,feature-30032,202,0.2,2,generated,59,0,0.24862916767597198,0.2509910191519786,0.9893972580715761,0.1463214648982226,0.011238021949716544,60,False
feature-30032-202-+0.3-notebook-0.6-128,feature-30032,202,0.3,1,prompt,91,0,0.3729437589645386,0.3743548553723555,0.99632063802782,0.08557762336599958,0.01752535078020838,65,False
feature-30032-202-+0.3-notebook-0.6-128,feature-30032,202,0.3,1,generated,64,0,0.3729437589645386,0.3747354089282453,0.995298090390861,0.096892278525047,0.016769074616604485,65,False
feature-30032-202-+0.3-notebook-0.6-128,feature-30032,202,0.3,2,prompt,187,0,0.3729437589645386,0.3744752693941249,0.9959906224898476,0.08918529565640312,0.017433839761882394,60,False
feature-30032-202-+0.3-notebook-0.6-128,feature-30032,202,0.3,2,generated,59,0,0.3729437589645386,0.37498941916530415,0.9951719601275557,0.09847717391232312,0.016790991491180355,60,False
feature-30032-202-+0.4-notebook-0.6-128,feature-30032,202,0.4,1,prompt,91,0,0.49725833535194397,0.4981286722225147,0.9979055222574171,0.06441046870671786,0.023319905043635927,65,False
feature-30032-202-+0.4-notebook-0.6-128,feature-30032,202,0.4,1,generated,64,0,0.49725833535194397,0.4984551970846951,0.9973783353343606,0.07222756429109722,0.022306557424599305,65,False
feature-30032-202-+0.4-notebook-0.6-128,feature-30032,202,0.4,2,prompt,187,0,0.49725833535194397,0.49823507778147325,0.9977360648267409,0.0669030065444064,0.023196192848294436,61,False
feature-30032-202-+0.4-notebook-0.6-128,feature-30032,202,0.4,2,generated,60,0,0.49725833535194397,0.4984392752250036,0.9972299446662267,0.07439151083429654,0.022327323568363984,61,False
feature-30032-202-+0.5-notebook-0.6-128,feature-30032,202,0.5,1,prompt,91,0,0.6215729117393494,0.6223350252423968,0.9986146013815325,0.052335967360944535,0.02913397672435187,65,False
feature-30032-202-+0.5-notebook-0.6-128,feature-30032,202,0.5,1,generated,64,0,0.6215729117393494,0.6224539913237095,0.9982652300968766,0.05875456251669675,0.027855819498654455,65,False
feature-30032-202-+0.5-notebook-0.6-128,feature-30032,202,0.5,2,prompt,187,0,0.6215729117393494,0.6223803956240894,0.9985034625160503,0.05436743925360435,0.02897621151389813,61,False
feature-30032-202-+0.5-notebook-0.6-128,feature-30032,202,0.5,2,generated,60,0,0.6215729117393494,0.6226607243220011,0.9982316533724467,0.05942065604031086,0.027891836408525706,61,False
feature-30032-202-+0.6-notebook-0.6-128,feature-30032,202,0.6,1,prompt,91,0,0.7458875179290771,0.7464311679640969,0.9990094245135129,0.04422902367026596,0.034943541192710606,81,False
feature-30032-202-+0.6-notebook-0.6-128,feature-30032,202,0.6,1,generated,80,0,0.7458875179290771,0.7466281324625015,0.9987094208598137,0.05071442020125687,0.03278488977812231,81,False
feature-30032-202-+0.6-notebook-0.6-128,feature-30032,202,0.6,2,prompt,203,0,0.7458875179290771,0.7465133731588355,0.9988985284795902,0.046606348735725354,0.03443048460772628,60,False
feature-30032-202-+0.6-notebook-0.6-128,feature-30032,202,0.6,2,generated,59,0,0.7458875179290771,0.7468351873300844,0.9986950573274644,0.05100569406808433,0.03275643753171977,60,False
feature-30032-202-+0.7-notebook-0.6-128,feature-30032,202,0.7,1,prompt,91,0,0.8702020645141602,0.8705128817767888,0.9992390825198247,0.03872904539681398,0.04075223241886636,65,False
feature-30032-202-+0.7-notebook-0.6-128,feature-30032,202,0.7,1,generated,64,0,0.8702020645141602,0.8706463221460581,0.9990490563213825,0.04346095095388591,0.03876211144961417,65,False
feature-30032-202-+0.7-notebook-0.6-128,feature-30032,202,0.7,2,prompt,187,0,0.8702020645141602,0.8705417532971836,0.9991804115912494,0.040177196702536416,0.040482556734378526,63,False
feature-30032-202-+0.7-notebook-0.6-128,feature-30032,202,0.7,2,generated,62,0,0.8702020645141602,0.8708071804815724,0.9990772499192145,0.042876317736602595,0.03889862249695485,63,False
feature-30032-202--0.1-notebook-0.6-128,feature-30032,202,-0.1,1,prompt,91,0,0.12431458383798599,0.1272117324419074,0.9704410263470241,0.24558270534316262,0.005955020355951082,65,False
feature-30032-202--0.1-notebook-0.6-128,feature-30032,202,-0.1,1,generated,64,0,0.12431458383798599,0.12796070659533143,0.9623748799785972,0.27872865623794496,0.005724552262108773,65,False
feature-30032-202--0.1-notebook-0.6-128,feature-30032,202,-0.1,2,prompt,187,0,0.12431458383798599,0.12746860696510834,0.9678178327606324,0.25630746837605767,0.005932862077899437,74,False
feature-30032-202--0.1-notebook-0.6-128,feature-30032,202,-0.1,2,generated,73,0,0.12431458383798599,0.12827893336341806,0.9603102362319215,0.2873796994147235,0.005694878408812905,74,False
feature-30032-202--0.2-notebook-0.6-128,feature-30032,202,-0.2,1,prompt,91,0,0.24862916767597198,0.25034106154363234,0.9919760083104228,0.1266003159376291,0.011718647586499023,65,False
feature-30032-202--0.2-notebook-0.6-128,feature-30032,202,-0.2,1,generated,64,0,0.24862916767597198,0.25063887308351696,0.989997741766274,0.14155702653806657,0.011215340375201777,65,False
feature-30032-202--0.2-notebook-0.6-128,feature-30032,202,-0.2,2,prompt,187,0,0.24862916767597198,0.25041915516164853,0.9913576586361237,0.13118517892883425,0.011657470073376627,61,False
feature-30032-202--0.2-notebook-0.6-128,feature-30032,202,-0.2,2,generated,60,0,0.24862916767597198,0.250978106011947,0.9894051204125086,0.14627373640735944,0.011241514002904296,61,False
feature-30032-202--0.3-notebook-0.6-128,feature-30032,202,-0.3,1,prompt,91,0,0.3729437589645386,0.3743621143665943,0.9963214155081864,0.08557233464095619,0.01752553636350178,65,False
feature-30032-202--0.3-notebook-0.6-128,feature-30032,202,-0.3,1,generated,64,0,0.3729437589645386,0.3747417237609625,0.9953053472563624,0.09681679040659219,0.016769348192610778,65,False
feature-30032-202--0.3-notebook-0.6-128,feature-30032,202,-0.3,2,prompt,187,0,0.3729437589645386,0.37448700672802443,0.9959934197645136,0.08916204956604197,0.01743422932583555,61,False
feature-30032-202--0.3-notebook-0.6-128,feature-30032,202,-0.3,2,generated,60,0,0.3729437589645386,0.37494801779588066,0.9951749732096989,0.09844696298241615,0.01679516974836588,61,False
feature-30032-202--0.4-notebook-0.6-128,feature-30032,202,-0.4,1,prompt,91,0,0.49725833535194397,0.4981444949632163,0.9979057940807972,0.0644040846644522,0.023320700349618813,65,False
feature-30032-202--0.4-notebook-0.6-128,feature-30032,202,-0.4,1,generated,64,0,0.49725833535194397,0.49847307056188583,0.9973813407123089,0.07219219743274152,0.022307454026304185,65,False
feature-30032-202--0.4-notebook-0.6-128,feature-30032,202,-0.4,2,prompt,187,0,0.49725833535194397,0.4982600124443279,0.9977370988238942,0.06689146784617302,0.023197424369254076,74,False
feature-30032-202--0.4-notebook-0.6-128,feature-30032,202,-0.4,2,generated,73,0,0.49725833535194397,0.4985061549160579,0.9971892384633626,0.07489653988039657,0.02213632346016087,74,False
feature-30032-202--0.5-notebook-0.6-128,feature-30032,202,-0.5,1,prompt,91,0,0.6215729117393494,0.622289899286333,0.9986158609390259,0.05229961949881617,0.029131949098862627,128,True
feature-30032-202--0.5-notebook-0.6-128,feature-30032,202,-0.5,1,generated,127,0,0.6215729117393494,0.6224215889540244,0.9982363469018711,0.05917136931395906,0.027318435948430083,128,True
feature-30032-202--0.5-notebook-0.6-128,feature-30032,202,-0.5,2,prompt,251,0,0.6215729117393494,0.6223489350056743,0.9984308832670113,0.05560928118596989,0.028535634452714568,62,False
feature-30032-202--0.5-notebook-0.6-128,feature-30032,202,-0.5,2,generated,61,0,0.6215729117393494,0.6226696469744698,0.9981505098890086,0.06074393943685,0.027272491334158867,62,False
feature-30032-202--0.6-notebook-0.6-128,feature-30032,202,-0.6,1,prompt,91,0,0.7458875179290771,0.7464036771229335,0.9990101751390394,0.04420390197045201,0.03494256166843595,128,True
feature-30032-202--0.6-notebook-0.6-128,feature-30032,202,-0.6,1,generated,127,0,0.7458875179290771,0.746580173180798,0.9987336894658607,0.05018842346438273,0.032743758353309366,128,True
feature-30032-202--0.6-notebook-0.6-128,feature-30032,202,-0.6,2,prompt,250,0,0.7458875179290771,0.7465062947273254,0.9988781690597535,0.04703825666755438,0.034214480485767126,70,False
feature-30032-202--0.6-notebook-0.6-128,feature-30032,202,-0.6,2,generated,69,0,0.7458875179290771,0.7467236268347588,0.9987280455188475,0.05035141882473144,0.03322920524447724,70,False
feature-30032-202--0.7-notebook-0.6-128,feature-30032,202,-0.7,1,prompt,91,0,0.8702020645141602,0.870511823958093,0.9992394624175606,0.03872217354620551,0.040752264782325825,128,True
feature-30032-202--0.7-notebook-0.6-128,feature-30032,202,-0.7,1,generated,127,0,0.8702020645141602,0.8706512756235018,0.9990613549713074,0.04314591075609049,0.038659046924724355,128,True
feature-30032-202--0.7-notebook-0.6-128,feature-30032,202,-0.7,2,prompt,251,0,0.8702020645141602,0.8705616139795676,0.999155715167285,0.04078364928078604,0.04019101315773504,94,False
feature-30032-202--0.7-notebook-0.6-128,feature-30032,202,-0.7,2,generated,93,0,0.8702020645141602,0.8709268973719689,0.9990122081131063,0.0443685091230818,0.03767039202233796,94,False
feature-30032-303-+0.0-notebook-0.6-128,feature-30032,303,0.0,1,prompt,91,91,0.0,0.0,1.0,0.0,0.0,95,False
feature-30032-303-+0.0-notebook-0.6-128,feature-30032,303,0.0,1,generated,94,94,0.0,0.0,1.0,0.0,0.0,95,False
feature-30032-303-+0.0-notebook-0.6-128,feature-30032,303,0.0,2,prompt,217,217,0.0,0.0,1.0,0.0,0.0,107,False
feature-30032-303-+0.0-notebook-0.6-128,feature-30032,303,0.0,2,generated,106,106,0.0,0.0,1.0,0.0,0.0,107,False
feature-30032-303-+0.1-notebook-0.6-128,feature-30032,303,0.1,1,prompt,91,0,0.12431458383798599,0.12721214459820107,0.970433852829776,0.2456034677369254,0.005954945116472727,95,False
feature-30032-303-+0.1-notebook-0.6-128,feature-30032,303,0.1,1,generated,94,0,0.12431458383798599,0.12786110189366848,0.9640566915907758,0.2721500287347652,0.005780875593661628,95,False
feature-30032-303-+0.1-notebook-0.6-128,feature-30032,303,0.1,2,prompt,217,0,0.12431458383798599,0.1274896282960193,0.9678742352718582,0.25621553143048614,0.00593511022124139,107,False
feature-30032-303-+0.1-notebook-0.6-128,feature-30032,303,0.1,2,generated,106,0,0.12431458383798599,0.12822406500015618,0.9597858938406099,0.28909282822091625,0.005621634366623354,107,False
feature-30032-303-+0.2-notebook-0.6-128,feature-30032,303,0.2,1,prompt,91,0,0.24862916767597198,0.2503671952328839,0.9919785365953551,0.12659488569249164,0.011719881553729935,95,False
feature-30032-303-+0.2-notebook-0.6-128,feature-30032,303,0.2,1,generated,94,0,0.24862916767597198,0.25055874646344084,0.9904533675376405,0.13812956951083022,0.011331035834836198,95,False
feature-30032-303-+0.2-notebook-0.6-128,feature-30032,303,0.2,2,prompt,217,0,0.24862916767597198,0.2504366611555425,0.9913869541361585,0.13098830475647877,0.011660586137803108,118,False
feature-30032-303-+0.2-notebook-0.6-128,feature-30032,303,0.2,2,generated,117,0,0.24862916767597198,0.2509493203754099,0.9893317090140449,0.14672490031036556,0.011129996245806543,118,False
feature-30032-303-+0.3-notebook-0.6-128,feature-30032,303,0.3,1,prompt,91,0,0.3729437589645386,0.3743548553723555,0.99632063802782,0.08557762336599958,0.01752535078020838,82,False
feature-30032-303-+0.3-notebook-0.6-128,feature-30032,303,0.3,1,generated,81,0,0.3729437589645386,0.3747934780003112,0.9952936400601893,0.09680888240720019,0.016840692931487235,82,False
feature-30032-303-+0.3-notebook-0.6-128,feature-30032,303,0.3,2,prompt,204,0,0.3729437589645386,0.37450845875576433,0.9959299251729367,0.08979793132154965,0.0174166501521683,81,False
feature-30032-303-+0.3-notebook-0.6-128,feature-30032,303,0.3,2,generated,80,0,0.3729437589645386,0.3750159215182066,0.9950101241469383,0.10013511814177037,0.01656803914811462,81,False
feature-30032-303-+0.4-notebook-0.6-128,feature-30032,303,0.4,1,prompt,91,0,0.49725833535194397,0.4981286722225147,0.9979055222574171,0.06441046870671786,0.023319905043635927,82,False
feature-30032-303-+0.4-notebook-0.6-128,feature-30032,303,0.4,1,generated,81,0,0.49725833535194397,0.4984123636910945,0.9973658647066281,0.07229360399974717,0.02239750624622828,82,False
feature-30032-303-+0.4-notebook-0.6-128,feature-30032,303,0.4,2,prompt,204,0,0.49725833535194397,0.4982239262146108,0.9977007262847003,0.06737552440780051,0.02317140150190943,69,False
feature-30032-303-+0.4-notebook-0.6-128,feature-30032,303,0.4,2,generated,68,0,0.49725833535194397,0.49842844158411026,0.9971376166624182,0.0756380652241847,0.021846950245911583,69,False
feature-30032-303-+0.5-notebook-0.6-128,feature-30032,303,0.5,1,prompt,91,0,0.6215729117393494,0.6223350252423968,0.9986146013815325,0.052335967360944535,0.02913397672435187,82,False
feature-30032-303-+0.5-notebook-0.6-128,feature-30032,303,0.5,1,generated,81,0,0.6215729117393494,0.6223463452892539,0.9982560041510029,0.05882952937189444,0.027966752786327292,82,False
feature-30032-303-+0.5-notebook-0.6-128,feature-30032,303,0.5,2,prompt,204,0,0.6215729117393494,0.6223148534110948,0.9984795556348913,0.05476306528583461,0.02894293212396887,81,False
feature-30032-303-+0.5-notebook-0.6-128,feature-30032,303,0.5,2,generated,80,0,0.6215729117393494,0.6226352393627167,0.9981786787509919,0.060309752263128756,0.027508467342704533,81,False
feature-30032-303-+0.6-notebook-0.6-128,feature-30032,303,0.6,1,prompt,91,0,0.7458875179290771,0.7464311679640969,0.9990094245135129,0.04422902367026596,0.034943541192710606,82,False
feature-30032-303-+0.6-notebook-0.6-128,feature-30032,303,0.6,1,generated,81,0,0.7458875179290771,0.7465887408197662,0.9987471331784754,0.04986473315475899,0.03355094636388031,82,False
feature-30032-303-+0.6-notebook-0.6-128,feature-30032,303,0.6,2,prompt,204,0,0.7458875179290771,0.7464868040645823,0.9989135782508289,0.04626984798404224,0.03471814488961279,81,False
feature-30032-303-+0.6-notebook-0.6-128,feature-30032,303,0.6,2,generated,80,0,0.7458875179290771,0.7467023871839047,0.9987145595252513,0.05063876430504024,0.03298984274733811,81,False
feature-30032-303-+0.7-notebook-0.6-128,feature-30032,303,0.7,1,prompt,91,0,0.8702020645141602,0.8705128817767888,0.9992390825198247,0.03872904539681398,0.04075223241886636,82,False
feature-30032-303-+0.7-notebook-0.6-128,feature-30032,303,0.7,1,generated,81,0,0.8702020645141602,0.8706443979416365,0.9990582024609601,0.04323373755647077,0.03912543822769766,82,False
feature-30032-303-+0.7-notebook-0.6-128,feature-30032,303,0.7,2,prompt,204,0,0.8702020645141602,0.870543883711684,0.9991748587173575,0.040313663572876475,0.04048774553766456,81,False
feature-30032-303-+0.7-notebook-0.6-128,feature-30032,303,0.7,2,generated,80,0,0.8702020645141602,0.8708566933870315,0.9990532696247101,0.04344495674595237,0.03847539266571402,81,False
feature-30032-303--0.1-notebook-0.6-128,feature-30032,303,-0.1,1,prompt,91,0,0.12431458383798599,0.1272117324419074,0.9704410263470241,0.24558270534316262,0.005955020355951082,95,False
feature-30032-303--0.1-notebook-0.6-128,feature-30032,303,-0.1,1,generated,94,0,0.12431458383798599,0.12784973658779833,0.9640755723131463,0.27205686556532027,0.005780397859857755,95,False
feature-30032-303--0.1-notebook-0.6-128,feature-30032,303,-0.1,2,prompt,217,0,0.12431458383798599,0.12748972889602458,0.9679027087128107,0.25610778896215325,0.0059352051386231995,107,False
feature-30032-303--0.1-notebook-0.6-128,feature-30032,303,-0.1,2,generated,106,0,0.12431458383798599,0.12820563929260903,0.9597461982718054,0.2891947014151879,0.0056208031831906655,107,False
feature-30032-303--0.2-notebook-0.6-128,feature-30032,303,-0.2,1,prompt,91,0,0.24862916767597198,0.25034106154363234,0.9919760083104228,0.1266003159376291,0.011718647586499023,95,False
feature-30032-303--0.2-notebook-0.6-128,feature-30032,303,-0.2,1,generated,94,0,0.24862916767597198,0.2505527715733711,0.9904510607110694,0.1381383051580571,0.011330792442598242,95,False
feature-30032-303--0.2-notebook-0.6-128,feature-30032,303,-0.2,2,prompt,217,0,0.24862916767597198,0.25041753651084986,0.9913855379078246,0.13098472037485667,0.01165962123155405,128,True
feature-30032-303--0.2-notebook-0.6-128,feature-30032,303,-0.2,2,generated,127,0,0.24862916767597198,0.25104858673463654,0.9888753876911374,0.14981260033339028,0.010874059381271442,128,True
feature-30032-303--0.3-notebook-0.6-128,feature-30032,303,-0.3,1,prompt,91,0,0.3729437589645386,0.3743621143665943,0.9963214155081864,0.08557233464095619,0.01752553636350178,95,False
feature-30032-303--0.3-notebook-0.6-128,feature-30032,303,-0.3,1,generated,94,0,0.3729437589645386,0.37464236800974987,0.9955322355666059,0.09435291822127839,0.016943388489728914,95,False
feature-30032-303--0.3-notebook-0.6-128,feature-30032,303,-0.3,2,prompt,217,0,0.3729437589645386,0.37446782885608587,0.9960068321447768,0.08903123611747395,0.017436979775084183,113,False
feature-30032-303--0.3-notebook-0.6-128,feature-30032,303,-0.3,2,generated,112,0,0.3729437589645386,0.37488459715885775,0.9950098666761603,0.10007367116798248,0.01643332647758403,113,False
feature-30032-303--0.4-notebook-0.6-128,feature-30032,303,-0.4,1,prompt,91,0,0.49725833535194397,0.4981444949632163,0.9979057940807972,0.0644040846644522,0.023320700349618813,95,False
feature-30032-303--0.4-notebook-0.6-128,feature-30032,303,-0.4,1,generated,94,0,0.49725833535194397,0.4983599696387636,0.9974738809656589,0.07085720917328875,0.02253994684507872,95,False
feature-30032-303--0.4-notebook-0.6-128,feature-30032,303,-0.4,2,prompt,217,0,0.49725833535194397,0.4982273154269715,0.9977327999980768,0.06697454332687339,0.023200639004525105,128,True
feature-30032-303--0.4-notebook-0.6-128,feature-30032,303,-0.4,2,generated,127,0,0.49725833535194397,0.4984073904086286,0.9972074548090537,0.07468688793069735,0.02206344081191566,128,True
feature-30032-303--0.5-notebook-0.6-128,feature-30032,303,-0.5,1,prompt,91,0,0.6215729117393494,0.622289899286333,0.9986158609390259,0.05229961949881617,0.029131949098862627,95,False
feature-30032-303--0.5-notebook-0.6-128,feature-30032,303,-0.5,1,generated,94,0,0.6215729117393494,0.6222941254047637,0.9983292634182788,0.057618173711160396,0.028145274920190904,95,False
feature-30032-303--0.5-notebook-0.6-128,feature-30032,303,-0.5,2,prompt,217,0,0.6215729117393494,0.6222890038644114,0.998502047380544,0.0544064971468141,0.028977873433630244,128,True
feature-30032-303--0.5-notebook-0.6-128,feature-30032,303,-0.5,2,generated,127,0,0.6215729117393494,0.6225893356668668,0.9981066096486069,0.06143584360522548,0.026969819586342713,128,True
feature-30032-303--0.6-notebook-0.6-128,feature-30032,303,-0.6,1,prompt,91,0,0.7458875179290771,0.7464036771229335,0.9990101751390394,0.04420390197045201,0.03494256166843595,95,False
feature-30032-303--0.6-notebook-0.6-128,feature-30032,303,-0.6,1,generated,94,0,0.7458875179290771,0.7465386435072473,0.9987984134795818,0.048859703295091365,0.03376510673935743,95,False
feature-30032-303--0.6-notebook-0.6-128,feature-30032,303,-0.6,2,prompt,217,0,0.7458875179290771,0.7464362987175516,0.9989267128953186,0.04603001302803442,0.03475919986049288,118,False
feature-30032-303--0.6-notebook-0.6-128,feature-30032,303,-0.6,2,generated,117,0,0.7458875179290771,0.746765240135356,0.9987168612643185,0.05058919240394209,0.03312332490379484,118,False
feature-30032-303--0.7-notebook-0.6-128,feature-30032,303,-0.7,1,prompt,91,0,0.8702020645141602,0.870511823958093,0.9992394624175606,0.03872217354620551,0.040752264782325825,95,False
feature-30032-303--0.7-notebook-0.6-128,feature-30032,303,-0.7,1,generated,94,0,0.8702020645141602,0.8705974608025653,0.999093732935317,0.04243526964428577,0.039376129772751886,95,False
feature-30032-303--0.7-notebook-0.6-128,feature-30032,303,-0.7,2,prompt,217,0,0.8702020645141602,0.870548062335511,0.9991843859720889,0.040119882372598496,0.04053880116303584,118,False
feature-30032-303--0.7-notebook-0.6-128,feature-30032,303,-0.7,2,generated,117,0,0.8702020645141602,0.8707079016245328,0.9990555323087252,0.04338026747234866,0.03862099085226018,118,False
feature-30032-404-+0.0-notebook-0.6-128,feature-30032,404,0.0,1,prompt,91,91,0.0,0.0,1.0,0.0,0.0,63,False
feature-30032-404-+0.0-notebook-0.6-128,feature-30032,404,0.0,1,generated,62,62,0.0,0.0,1.0,0.0,0.0,63,False
feature-30032-404-+0.0-notebook-0.6-128,feature-30032,404,0.0,2,prompt,185,185,0.0,0.0,1.0,0.0,0.0,91,False
feature-30032-404-+0.0-notebook-0.6-128,feature-30032,404,0.0,2,generated,90,90,0.0,0.0,1.0,0.0,0.0,91,False
feature-30032-404-+0.1-notebook-0.6-128,feature-30032,404,0.1,1,prompt,91,0,0.12431458383798599,0.12721214459820107,0.970433852829776,0.2456034677369254,0.005954945116472727,63,False
feature-30032-404-+0.1-notebook-0.6-128,feature-30032,404,0.1,1,generated,62,0,0.12431458383798599,0.12844130853491445,0.958907223516895,0.2925602810517434,0.005473646740879743,63,False
feature-30032-404-+0.1-notebook-0.6-128,feature-30032,404,0.1,2,prompt,185,0,0.12431458383798599,0.12762198025310362,0.9666774321246792,0.26078210924122786,0.0058825736786742265,91,False
feature-30032-404-+0.1-notebook-0.6-128,feature-30032,404,0.1,2,generated,90,0,0.12431458383798599,0.1285219371318817,0.9558573246002198,0.3033928496970071,0.005399649305683043,91,False
feature-30032-404-+0.2-notebook-0.6-128,feature-30032,404,0.2,1,prompt,91,0,0.24862916767597198,0.2503671952328839,0.9919785365953551,0.12659488569249164,0.011719881553729935,63,False
feature-30032-404-+0.2-notebook-0.6-128,feature-30032,404,0.2,1,generated,62,0,0.24862916767597198,0.2507830682781435,0.9888855814933777,0.14953562196704648,0.010689160651377132,63,False
feature-30032-404-+0.2-notebook-0.6-128,feature-30032,404,0.2,2,prompt,185,0,0.24862916767597198,0.2504973898062835,0.9909874107386615,0.13379477290688335,0.011550532838619138,74,False
feature-30032-404-+0.2-notebook-0.6-128,feature-30032,404,0.2,2,generated,73,0,0.24862916767597198,0.25115661016882285,0.9880952018581025,0.15506182182325076,0.010617261688697012,74,False
feature-30032-404-+0.3-notebook-0.6-128,feature-30032,404,0.3,1,prompt,91,0,0.3729437589645386,0.3743548553723555,0.99632063802782,0.08557762336599958,0.01752535078020838,128,True
feature-30032-404-+0.3-notebook-0.6-128,feature-30032,404,0.3,1,generated,127,0,0.3729437589645386,0.375134883668479,0.994713555640123,0.10303594271733066,0.015662480622353987,128,True
feature-30032-404-+0.3-notebook-0.6-128,feature-30032,404,0.3,2,prompt,251,0,0.3729437589645386,0.3747553622342676,0.9955165488311494,0.09424845114409686,0.01678557473290953,128,True
feature-30032-404-+0.3-notebook-0.6-128,feature-30032,404,0.3,2,generated,127,0,0.3729437589645386,0.3751288063413515,0.9947475016586423,0.10274106334513566,0.015844725358380576,128,True
feature-30032-404-+0.4-notebook-0.6-128,feature-30032,404,0.4,1,prompt,91,0,0.49725833535194397,0.4981286722225147,0.9979055222574171,0.06441046870671786,0.023319905043635927,63,False
feature-30032-404-+0.4-notebook-0.6-128,feature-30032,404,0.4,1,generated,62,0,0.49725833535194397,0.49859764306775983,0.9970976258477857,0.0761163117544305,0.021253283345891584,63,False
feature-30032-404-+0.4-notebook-0.6-128,feature-30032,404,0.4,2,prompt,185,0,0.49725833535194397,0.49829281584636587,0.9976447550026146,0.06814311621962367,0.02297981082040162,102,False
feature-30032-404-+0.4-notebook-0.6-128,feature-30032,404,0.4,2,generated,101,0,0.49725833535194397,0.4984872370663256,0.9970179926050772,0.07710176628857555,0.021355367256420673,102,False
feature-30032-404-+0.5-notebook-0.6-128,feature-30032,404,0.5,1,prompt,91,0,0.6215729117393494,0.6223350252423968,0.9986146013815325,0.052335967360944535,0.02913397672435187,63,False
feature-30032-404-+0.5-notebook-0.6-128,feature-30032,404,0.5,1,generated,62,0,0.6215729117393494,0.6226062313202889,0.9981068564999488,0.061472649055142554,0.026538987013120807,63,False
feature-30032-404-+0.5-notebook-0.6-128,feature-30032,404,0.5,2,prompt,185,0,0.6215729117393494,0.6224268877828444,0.9984529495239258,0.05521241937940185,0.02870443627974522,102,False
feature-30032-404-+0.5-notebook-0.6-128,feature-30032,404,0.5,2,generated,101,0,0.6215729117393494,0.6225128876100673,0.998058025789733,0.062175336598169685,0.02666851996195198,102,False
feature-30032-404-+0.6-notebook-0.6-128,feature-30032,404,0.6,1,prompt,91,0,0.7458875179290771,0.7464311679640969,0.9990094245135129,0.04422902367026596,0.034943541192710606,63,False
feature-30032-404-+0.6-notebook-0.6-128,feature-30032,404,0.6,1,generated,62,0,0.7458875179290771,0.7465499235737708,0.9986426570723134,0.052018298016440485,0.03182251360868254,63,False
feature-30032-404-+0.6-notebook-0.6-128,feature-30032,404,0.6,2,prompt,185,0,0.7458875179290771,0.7464743082587784,0.998895491136087,0.046614316548850086,0.034425696493063526,78,False
feature-30032-404-+0.6-notebook-0.6-128,feature-30032,404,0.6,2,generated,77,0,0.7458875179290771,0.7467710097114761,0.9985682747580789,0.05342549550068843,0.031394179208905665,78,False
feature-30032-404-+0.7-notebook-0.6-128,feature-30032,404,0.7,1,prompt,91,0,0.8702020645141602,0.8705128817767888,0.9992390825198247,0.03872904539681398,0.04075223241886636,63,False
feature-30032-404-+0.7-notebook-0.6-128,feature-30032,404,0.7,1,generated,62,0,0.8702020645141602,0.8706744130580656,0.9989767516812971,0.04515382401164501,0.03711364135867165,63,False
feature-30032-404-+0.7-notebook-0.6-128,feature-30032,404,0.7,2,prompt,185,0,0.8702020645141602,0.8705406965436162,0.9991586746396245,0.04067053749553255,0.04014739175515904,108,False
feature-30032-404-+0.7-notebook-0.6-128,feature-30032,404,0.7,2,generated,107,0,0.8702020645141602,0.8707746328594529,0.9990290843437766,0.043985902357881315,0.03797350395644936,108,False
feature-30032-404--0.1-notebook-0.6-128,feature-30032,404,-0.1,1,prompt,91,0,0.12431458383798599,0.1272117324419074,0.9704410263470241,0.24558270534316262,0.005955020355951082,63,False
feature-30032-404--0.1-notebook-0.6-128,feature-30032,404,-0.1,1,generated,62,0,0.12431458383798599,0.12842177984214598,0.958847011289289,0.29273137137774496,0.005472829783215157,63,False
feature-30032-404--0.1-notebook-0.6-128,feature-30032,404,-0.1,2,prompt,185,0,0.12431458383798599,0.12761561318829254,0.9666655356819566,0.26081136746986494,0.005882404347554453,57,False
feature-30032-404--0.1-notebook-0.6-128,feature-30032,404,-0.1,2,generated,56,0,0.12431458383798599,0.12842139149350779,0.9565343271408763,0.30071003761674675,0.005467293285099524,57,False
feature-30032-404--0.2-notebook-0.6-128,feature-30032,404,-0.2,1,prompt,91,0,0.24862916767597198,0.25034106154363234,0.9919760083104228,0.1266003159376291,0.011718647586499023,63,False
feature-30032-404--0.2-notebook-0.6-128,feature-30032,404,-0.2,1,generated,62,0,0.24862916767597198,0.2507904256063123,0.9888774762230534,0.14959094937770598,0.010689433213443525,63,False
feature-30032-404--0.2-notebook-0.6-128,feature-30032,404,-0.2,2,prompt,185,0,0.24862916767597198,0.2504932181255237,0.9909827055157842,0.13382304032912126,0.011550378352026077,91,False
feature-30032-404--0.2-notebook-0.6-128,feature-30032,404,-0.2,2,generated,90,0,0.24862916767597198,0.2511596870091226,0.9879806604650285,0.1557596464951833,0.010554203111678363,91,False
feature-30032-404--0.3-notebook-0.6-128,feature-30032,404,-0.3,1,prompt,91,0,0.3729437589645386,0.3743621143665943,0.9963214155081864,0.08557233464095619,0.01752553636350178,63,False
feature-30032-404--0.3-notebook-0.6-128,feature-30032,404,-0.3,1,generated,62,0,0.3729437589645386,0.37504797020266134,0.9948413208607705,0.10171497312764968,0.01598597615356407,63,False
feature-30032-404--0.3-notebook-0.6-128,feature-30032,404,-0.3,2,prompt,185,0,0.3729437589645386,0.37458864740423253,0.9958437929282318,0.09070540787400426,0.017273633210837993,91,False
feature-30032-404--0.3-notebook-0.6-128,feature-30032,404,-0.3,2,generated,90,0,0.3729437589645386,0.37519043584664663,0.9945023066467709,0.10509259808394644,0.015767132718529968,91,False
feature-30032-404--0.4-notebook-0.6-128,feature-30032,404,-0.4,1,prompt,91,0,0.49725833535194397,0.4981444949632163,0.9979057940807972,0.0644040846644522,0.023320700349618813,63,False
feature-30032-404--0.4-notebook-0.6-128,feature-30032,404,-0.4,1,generated,62,0,0.49725833535194397,0.4986091578199017,0.9970905482769012,0.07620528370382325,0.021253759762452494,63,False
feature-30032-404--0.4-notebook-0.6-128,feature-30032,404,-0.4,2,prompt,185,0,0.49725833535194397,0.49830271859426756,0.997643924403835,0.06814989814081708,0.022980218013509402,91,False
feature-30032-404--0.4-notebook-0.6-128,feature-30032,404,-0.4,2,generated,90,0,0.49725833535194397,0.4985382838381661,0.996878014670478,0.07894241685668628,0.020951575682395033,91,False
feature-30032-404--0.5-notebook-0.6-128,feature-30032,404,-0.5,1,prompt,91,0,0.6215729117393494,0.622289899286333,0.9986158609390259,0.05229961949881617,0.029131949098862627,63,False
feature-30032-404--0.5-notebook-0.6-128,feature-30032,404,-0.5,1,generated,62,0,0.6215729117393494,0.6225768308485707,0.998106796895304,0.06146725429402244,0.02653775853855956,63,False
feature-30032-404--0.5-notebook-0.6-128,feature-30032,404,-0.5,2,prompt,185,0,0.6215729117393494,0.6223879298648318,0.9984533757776828,0.05519605297091845,0.02870272164786788,91,False
feature-30032-404--0.5-notebook-0.6-128,feature-30032,404,-0.5,2,generated,90,0,0.6215729117393494,0.6226825833320617,0.9979989839924707,0.06318319303294023,0.026168670732941893,91,False
feature-30032-404--0.6-notebook-0.6-128,feature-30032,404,-0.6,1,prompt,91,0,0.7458875179290771,0.7464036771229335,0.9990101751390394,0.04420390197045201,0.03494256166843595,63,False
feature-30032-404--0.6-notebook-0.6-128,feature-30032,404,-0.6,1,generated,62,0,0.7458875179290771,0.7466141889172215,0.9986398671903918,0.052073062127155643,0.031825197470043934,63,False
feature-30032-404--0.6-notebook-0.6-128,feature-30032,404,-0.6,2,prompt,185,0,0.7458875179290771,0.7464694931700423,0.9988935183834385,0.04664778880573608,0.034425573428539004,91,False
feature-30032-404--0.6-notebook-0.6-128,feature-30032,404,-0.6,2,generated,90,0,0.7458875179290771,0.7468396365642548,0.9985648916827308,0.0534797776904371,0.03138676968713602,91,False
feature-30032-404--0.7-notebook-0.6-128,feature-30032,404,-0.7,1,prompt,91,0,0.8702020645141602,0.870511823958093,0.9992394624175606,0.03872217354620551,0.040752264782325825,63,False
feature-30032-404--0.7-notebook-0.6-128,feature-30032,404,-0.7,1,generated,62,0,0.8702020645141602,0.8706977800015481,0.9989759816277411,0.04516946830816807,0.037114639556215655,63,False
feature-30032-404--0.7-notebook-0.6-128,feature-30032,404,-0.7,2,prompt,185,0,0.8702020645141602,0.8705514849843206,0.9991589968268936,0.040661887774193606,0.04014795009688651,91,False
feature-30032-404--0.7-notebook-0.6-128,feature-30032,404,-0.7,2,generated,90,0,0.8702020645141602,0.8708264317777422,0.9989511324299707,0.045714378895031084,0.03659770857128832,91,False
feature-30032-505-+0.0-notebook-0.6-128,feature-30032,505,0.0,1,prompt,91,91,0.0,0.0,1.0,0.0,0.0,89,False
feature-30032-505-+0.0-notebook-0.6-128,feature-30032,505,0.0,1,generated,88,88,0.0,0.0,1.0,0.0,0.0,89,False
feature-30032-505-+0.0-notebook-0.6-128,feature-30032,505,0.0,2,prompt,211,211,0.0,0.0,1.0,0.0,0.0,93,False
feature-30032-505-+0.0-notebook-0.6-128,feature-30032,505,0.0,2,generated,92,92,0.0,0.0,1.0,0.0,0.0,93,False
feature-30032-505-+0.1-notebook-0.6-128,feature-30032,505,0.1,1,prompt,91,0,0.12431458383798599,0.12721214459820107,0.970433852829776,0.2456034677369254,0.005954945116472727,89,False
feature-30032-505-+0.1-notebook-0.6-128,feature-30032,505,0.1,1,generated,88,0,0.12431458383798599,0.1279192693870176,0.9634616679765962,0.2746230660175735,0.005727760848292912,89,False
feature-30032-505-+0.1-notebook-0.6-128,feature-30032,505,0.1,2,prompt,211,0,0.12431458383798599,0.12751131017484937,0.9676622996963031,0.2571385082616625,0.005912404320637533,93,False
feature-30032-505-+0.1-notebook-0.6-128,feature-30032,505,0.1,2,generated,92,0,0.12431458383798599,0.1282099948629089,0.9600484423015428,0.2882606743470482,0.005650756440287375,93,False
feature-30032-505-+0.2-notebook-0.6-128,feature-30032,505,0.2,1,prompt,91,0,0.24862916767597198,0.2503671952328839,0.9919785365953551,0.12659488569249164,0.011719881553729935,89,False
feature-30032-505-+0.2-notebook-0.6-128,feature-30032,505,0.2,1,generated,88,0,0.24862916767597198,0.25059463388540526,0.9903058233586225,0.1392976762726903,0.011222835492596707,89,False
feature-30032-505-+0.2-notebook-0.6-128,feature-30032,505,0.2,2,prompt,211,0,0.24862916767597198,0.2504393819242857,0.9913277767280831,0.13147346813108118,0.011614025950871002,93,False
feature-30032-505-+0.2-notebook-0.6-128,feature-30032,505,0.2,2,generated,92,0,0.24862916767597198,0.2509881910746512,0.9891652730496033,0.147915572170978,0.011063561855774858,93,False
feature-30032-505-+0.3-notebook-0.6-128,feature-30032,505,0.3,1,prompt,91,0,0.3729437589645386,0.3743548553723555,0.99632063802782,0.08557762336599958,0.01752535078020838,89,False
feature-30032-505-+0.3-notebook-0.6-128,feature-30032,505,0.3,1,generated,88,0,0.3729437589645386,0.3746264780109579,0.9954503307288344,0.09526776496998289,0.016778326127678156,89,False
feature-30032-505-+0.3-notebook-0.6-128,feature-30032,505,0.3,2,prompt,211,0,0.3729437589645386,0.37447318646580124,0.9959763873244913,0.08938567262690214,0.017367574166847498,93,False
feature-30032-505-+0.3-notebook-0.6-128,feature-30032,505,0.3,2,generated,92,0,0.3729437589645386,0.3749137203330579,0.9950507782075716,0.09968934928917367,0.01652697442382898,93,False
feature-30032-505-+0.4-notebook-0.6-128,feature-30032,505,0.4,1,prompt,91,0,0.49725833535194397,0.4981286722225147,0.9979055222574171,0.06441046870671786,0.023319905043635927,89,False
feature-30032-505-+0.4-notebook-0.6-128,feature-30032,505,0.4,1,generated,88,0,0.49725833535194397,0.49832735413854773,0.9974299648945982,0.07150326601483604,0.022319909820163793,89,False
feature-30032-505-+0.4-notebook-0.6-128,feature-30032,505,0.4,2,prompt,211,0,0.49725833535194397,0.49821764386095707,0.9977167584884788,0.06721829658294741,0.023107359275471206,93,False
feature-30032-505-+0.4-notebook-0.6-128,feature-30032,505,0.4,2,generated,92,0,0.49725833535194397,0.4984426145320353,0.9971760226332623,0.07510607466911493,0.02197298229388569,93,False
feature-30032-505-+0.5-notebook-0.6-128,feature-30032,505,0.5,1,prompt,91,0,0.6215729117393494,0.6223350252423968,0.9986146013815325,0.052335967360944535,0.02913397672435187,89,False
feature-30032-505-+0.5-notebook-0.6-128,feature-30032,505,0.5,1,generated,88,0,0.6215729117393494,0.6223204840313304,0.9982978261329911,0.05818930767815222,0.02787341952154582,89,False
feature-30032-505-+0.5-notebook-0.6-128,feature-30032,505,0.5,2,prompt,211,0,0.6215729117393494,0.6223287531549897,0.9984899019178056,0.0546374359649222,0.028863774365646175,93,False
feature-30032-505-+0.5-notebook-0.6-128,feature-30032,505,0.5,2,generated,92,0,0.6215729117393494,0.6226044938616131,0.9981762851062028,0.06033440152912036,0.027446059975773096,93,False
feature-30032-505-+0.6-notebook-0.6-128,feature-30032,505,0.6,1,prompt,91,0,0.7458875179290771,0.7464311679640969,0.9990094245135129,0.04422902367026596,0.034943541192710606,89,False
feature-30032-505-+0.6-notebook-0.6-128,feature-30032,505,0.6,1,generated,88,0,0.7458875179290771,0.7465666308999062,0.9987790157849138,0.04927964402701367,0.03343900940804319,89,False
feature-30032-505-+0.6-notebook-0.6-128,feature-30032,505,0.6,2,prompt,211,0,0.7458875179290771,0.7464765081473437,0.9989198663788385,0.04618671760669252,0.03462204750615141,93,False
feature-30032-505-+0.6-notebook-0.6-128,feature-30032,505,0.6,2,generated,92,0,0.7458875179290771,0.746853360015413,0.9987075218687886,0.050790435675045716,0.03292355228863333,93,False
feature-30032-505-+0.7-notebook-0.6-128,feature-30032,505,0.7,1,prompt,91,0,0.8702020645141602,0.8705128817767888,0.9992390825198247,0.03872904539681398,0.04075223241886636,89,False
feature-30032-505-+0.7-notebook-0.6-128,feature-30032,505,0.7,1,generated,88,0,0.8702020645141602,0.870580992238088,0.9990776499563997,0.042830641360276124,0.03899348607625474,89,False
feature-30032-505-+0.7-notebook-0.6-128,feature-30032,505,0.7,2,prompt,211,0,0.8702020645141602,0.8705340499561545,0.999177292624921,0.04029729331168236,0.04037578946687899,93,False
feature-30032-505-+0.7-notebook-0.6-128,feature-30032,505,0.7,2,generated,92,0,0.8702020645141602,0.8707369721454122,0.9990502025770105,0.043518890829189964,0.038385046848460384,93,False
feature-30032-505--0.1-notebook-0.6-128,feature-30032,505,-0.1,1,prompt,91,0,0.12431458383798599,0.1272117324419074,0.9704410263470241,0.24558270534316262,0.005955020355951082,89,False
feature-30032-505--0.1-notebook-0.6-128,feature-30032,505,-0.1,1,generated,88,0,0.12431458383798599,0.12790714068846268,0.9634879068894819,0.27450669184327126,0.005727229671637443,89,False
feature-30032-505--0.1-notebook-0.6-128,feature-30032,505,-0.1,2,prompt,211,0,0.12431458383798599,0.12750961899898627,0.9676738613024707,0.257094849059932,0.0059123753070151564,93,False
feature-30032-505--0.1-notebook-0.6-128,feature-30032,505,-0.1,2,generated,92,0,0.12431458383798599,0.1282233691409878,0.9600231051445007,0.2883781576934068,0.005651385229809776,93,False
feature-30032-505--0.2-notebook-0.6-128,feature-30032,505,-0.2,1,prompt,91,0,0.24862916767597198,0.25034106154363234,0.9919760083104228,0.1266003159376291,0.011718647586499023,89,False
feature-30032-505--0.2-notebook-0.6-128,feature-30032,505,-0.2,1,generated,88,0,0.24862916767597198,0.25058861720291054,0.9903010312806476,0.13932364891198548,0.011222629617391662,89,False
feature-30032-505--0.2-notebook-0.6-128,feature-30032,505,-0.2,2,prompt,211,0,0.24862916767597198,0.25043030344479456,0.9913241278503744,0.13149133928437934,0.011613644086270289,93,False
feature-30032-505--0.2-notebook-0.6-128,feature-30032,505,-0.2,2,generated,92,0,0.24862916767597198,0.25099960001914395,0.9891538645910181,0.1480003290850183,0.011064082141155783,93,False
feature-30032-505--0.3-notebook-0.6-128,feature-30032,505,-0.3,1,prompt,91,0,0.3729437589645386,0.3743621143665943,0.9963214155081864,0.08557233464095619,0.01752553636350178,89,False
feature-30032-505--0.3-notebook-0.6-128,feature-30032,505,-0.3,1,generated,88,0,0.3729437589645386,0.3746489367701791,0.9954559030857953,0.09521181166002696,0.016779458086768336,89,False
feature-30032-505--0.3-notebook-0.6-128,feature-30032,505,-0.3,2,prompt,211,0,0.3729437589645386,0.3744788472121361,0.9959778243331547,0.08936938943597378,0.017367790716725635,93,False
feature-30032-505--0.3-notebook-0.6-128,feature-30032,505,-0.3,2,generated,92,0,0.3729437589645386,0.3749453418928644,0.9950492194165355,0.0997138031474922,0.016528431670335325,93,False
feature-30032-505--0.4-notebook-0.6-128,feature-30032,505,-0.4,1,prompt,91,0,0.49725833535194397,0.4981444949632163,0.9979057940807972,0.0644040846644522,0.023320700349618813,89,False
feature-30032-505--0.4-notebook-0.6-128,feature-30032,505,-0.4,1,generated,88,0,0.49725833535194397,0.49836416948925366,0.9974321262402968,0.071480231909928,0.022321570389480752,89,False
feature-30032-505--0.4-notebook-0.6-128,feature-30032,505,-0.4,2,prompt,211,0,0.49725833535194397,0.49824839971641793,0.9977178545359752,0.06720529733252187,0.02310883731860447,121,False
feature-30032-505--0.4-notebook-0.6-128,feature-30032,505,-0.4,2,generated,120,0,0.49725833535194397,0.498527171711127,0.9971599797407786,0.07532923227796952,0.02192996530793607,121,False
feature-30032-505--0.5-notebook-0.6-128,feature-30032,505,-0.5,1,prompt,91,0,0.6215729117393494,0.622289899286333,0.9986158609390259,0.05229961949881617,0.029131949098862627,89,False
feature-30032-505--0.5-notebook-0.6-128,feature-30032,505,-0.5,1,generated,88,0,0.6215729117393494,0.6222718107429418,0.9983019571412693,0.058110539632087406,0.027871263213455677,89,False
feature-30032-505--0.5-notebook-0.6-128,feature-30032,505,-0.5,2,prompt,211,0,0.6215729117393494,0.6222869920504601,0.998491962939077,0.054593160218819624,0.02886190092283791,93,False
feature-30032-505--0.5-notebook-0.6-128,feature-30032,505,-0.5,2,generated,92,0,0.6215729117393494,0.6226182774357174,0.998175705904546,0.06035015667262285,0.027446659585542005,93,False
feature-30032-505--0.6-notebook-0.6-128,feature-30032,505,-0.6,1,prompt,91,0,0.7458875179290771,0.7464036771229335,0.9990101751390394,0.04420390197045201,0.03494256166843595,89,False
feature-30032-505--0.6-notebook-0.6-128,feature-30032,505,-0.6,1,generated,88,0,0.7458875179290771,0.7465417459607124,0.9987797913226214,0.04926127614453435,0.033437808298251846,89,False
feature-30032-505--0.6-notebook-0.6-128,feature-30032,505,-0.6,2,prompt,211,0,0.7458875179290771,0.7464456272916207,0.9989194980164839,0.0461887214509373,0.03462064954324215,93,False
feature-30032-505--0.6-notebook-0.6-128,feature-30032,505,-0.6,2,generated,92,0,0.7458875179290771,0.746854920750079,0.9987063226492509,0.05081482527210661,0.032923716019191175,93,False
feature-30032-505--0.7-notebook-0.6-128,feature-30032,505,-0.7,1,prompt,91,0,0.8702020645141602,0.870511823958093,0.9992394624175606,0.03872217354620551,0.040752264782325825,103,False
feature-30032-505--0.7-notebook-0.6-128,feature-30032,505,-0.7,1,generated,102,0,0.8702020645141602,0.8705387232350368,0.9990871285690981,0.04258878558289771,0.03892687719096156,103,False
feature-30032-505--0.7-notebook-0.6-128,feature-30032,505,-0.7,2,prompt,225,0,0.8702020645141602,0.8705045326550802,0.9991764587826198,0.04031583230528567,0.04026702876668423,71,False
feature-30032-505--0.7-notebook-0.6-128,feature-30032,505,-0.7,2,generated,70,0,0.8702020645141602,0.8706108025142125,0.9990460131849561,0.04359690536345754,0.03825449927576951,71,False
feature-30032-606-+0.0-notebook-0.6-128,feature-30032,606,0.0,1,prompt,91,91,0.0,0.0,1.0,0.0,0.0,92,False
feature-30032-606-+0.0-notebook-0.6-128,feature-30032,606,0.0,1,generated,91,91,0.0,0.0,1.0,0.0,0.0,92,False
feature-30032-606-+0.0-notebook-0.6-128,feature-30032,606,0.0,2,prompt,214,214,0.0,0.0,1.0,0.0,0.0,3,False
feature-30032-606-+0.0-notebook-0.6-128,feature-30032,606,0.0,2,generated,2,2,0.0,0.0,1.0,0.0,0.0,3,False
feature-30032-606-+0.1-notebook-0.6-128,feature-30032,606,0.1,1,prompt,91,0,0.12431458383798599,0.12721214459820107,0.970433852829776,0.2456034677369254,0.005954945116472727,84,False
feature-30032-606-+0.1-notebook-0.6-128,feature-30032,606,0.1,1,generated,83,0,0.12431458383798599,0.12804079343037433,0.961987534919417,0.2802807703075639,0.005527478743748492,84,False
feature-30032-606-+0.1-notebook-0.6-128,feature-30032,606,0.1,2,prompt,206,0,0.12431458383798599,0.12754899910786777,0.9671900674556065,0.258829302000768,0.005869931954770684,58,False
feature-30032-606-+0.1-notebook-0.6-128,feature-30032,606,0.1,2,generated,57,0,0.12431458383798599,0.1284306169601909,0.9581612474039981,0.29528378812890305,0.005495558451991855,58,False
feature-30032-606-+0.2-notebook-0.6-128,feature-30032,606,0.2,1,prompt,91,0,0.24862916767597198,0.2503671952328839,0.9919785365953551,0.12659488569249164,0.011719881553729935,84,False
feature-30032-606-+0.2-notebook-0.6-128,feature-30032,606,0.2,1,generated,83,0,0.24862916767597198,0.25075217596737737,0.9896916854812439,0.14379409188965717,0.010826935610139227,84,False
feature-30032-606-+0.2-notebook-0.6-128,feature-30032,606,0.2,2,prompt,206,0,0.24862916767597198,0.2505232093548312,0.9911210962290903,0.13292168153142467,0.011532554238779217,58,False
feature-30032-606-+0.2-notebook-0.6-128,feature-30032,606,0.2,2,generated,57,0,0.24862916767597198,0.2511419303584517,0.9883789399213958,0.15314740308544092,0.010665785325200934,58,False
feature-30032-606-+0.3-notebook-0.6-128,feature-30032,606,0.3,1,prompt,91,0,0.3729437589645386,0.3743548553723555,0.99632063802782,0.08557762336599958,0.01752535078020838,84,False
feature-30032-606-+0.3-notebook-0.6-128,feature-30032,606,0.3,1,generated,83,0,0.3729437589645386,0.37485059629003686,0.9952602494193847,0.09729478777532118,0.01618580790573215,84,False
feature-30032-606-+0.3-notebook-0.6-128,feature-30032,606,0.3,2,prompt,206,0,0.3729437589645386,0.37454744464564094,0.9959214647996772,0.08991780354487665,0.017243495818088508,58,False
feature-30032-606-+0.3-notebook-0.6-128,feature-30032,606,0.3,2,generated,57,0,0.3729437589645386,0.375093245192578,0.994663837708925,0.10350456441703595,0.015930736241372007,58,False
feature-30032-606-+0.4-notebook-0.6-128,feature-30032,606,0.4,1,prompt,91,0,0.49725833535194397,0.4981286722225147,0.9979055222574171,0.06441046870671786,0.023319905043635927,84,False
feature-30032-606-+0.4-notebook-0.6-128,feature-30032,606,0.4,1,generated,83,0,0.49725833535194397,0.4983529786029494,0.9973043117178492,0.073211365794561,0.021519698000636446,84,False
feature-30032-606-+0.4-notebook-0.6-128,feature-30032,606,0.4,2,prompt,206,0,0.49725833535194397,0.4982093911147812,0.9976781841041973,0.06769136489522688,0.02293791618900039,58,False
feature-30032-606-+0.4-notebook-0.6-128,feature-30032,606,0.4,2,generated,57,0,0.49725833535194397,0.49855284994108634,0.9969623078379715,0.07786513342146288,0.021174583453358264,58,False
feature-30032-606-+0.5-notebook-0.6-128,feature-30032,606,0.5,1,prompt,91,0,0.6215729117393494,0.6223350252423968,0.9986146013815325,0.052335967360944535,0.02913397672435187,84,False
feature-30032-606-+0.5-notebook-0.6-128,feature-30032,606,0.5,1,generated,83,0,0.6215729117393494,0.6225987852337849,0.9982313657381449,0.059339493064277146,0.026884419439607357,84,False
feature-30032-606-+0.5-notebook-0.6-128,feature-30032,606,0.5,2,prompt,206,0,0.6215729117393494,0.6224338238679089,0.9984703931993651,0.054942107786542,0.028657068213893244,58,False
feature-30032-606-+0.5-notebook-0.6-128,feature-30032,606,0.5,2,generated,57,0,0.6215729117393494,0.6226646670123988,0.9980452426692896,0.0624411791693746,0.02644616247791993,58,False
feature-30032-606-+0.6-notebook-0.6-128,feature-30032,606,0.6,1,prompt,91,0,0.7458875179290771,0.7464311679640969,0.9990094245135129,0.04422902367026596,0.034943541192710606,84,False
feature-30032-606-+0.6-notebook-0.6-128,feature-30032,606,0.6,1,generated,83,0,0.7458875179290771,0.746583239141717,0.9987240297248564,0.050388438873980416,0.03223851857235633,84,False
feature-30032-606-+0.6-notebook-0.6-128,feature-30032,606,0.6,2,prompt,206,0,0.7458875179290771,0.7464931856081324,0.998904571660514,0.04646287551059306,0.0343691785449673,58,False
feature-30032-606-+0.6-notebook-0.6-128,feature-30032,606,0.6,2,generated,57,0,0.7458875179290771,0.7468389785080626,0.9986085640756708,0.052650318137909234,0.031720225421483055,58,False
feature-30032-606-+0.7-notebook-0.6-128,feature-30032,606,0.7,1,prompt,91,0,0.8702020645141602,0.8705128817767888,0.9992390825198247,0.03872904539681398,0.04075223241886636,92,False
feature-30032-606-+0.7-notebook-0.6-128,feature-30032,606,0.7,1,generated,91,0,0.8702020645141602,0.8705880694336944,0.9990632828775343,0.04318691814666266,0.03797664452385116,92,False
feature-30032-606-+0.7-notebook-0.6-128,feature-30032,606,0.7,2,prompt,214,0,0.8702020645141602,0.870517932365988,0.9991705938477382,0.04045991424610403,0.03988879094624927,3,False
feature-30032-606-+0.7-notebook-0.6-128,feature-30032,606,0.7,2,generated,2,0,0.8702020645141602,0.8705587685108185,0.999214768409729,0.03962540999054909,0.04169570468366146,3,False
feature-30032-606--0.1-notebook-0.6-128,feature-30032,606,-0.1,1,prompt,91,0,0.12431458383798599,0.1272117324419074,0.9704410263470241,0.24558270534316262,0.005955020355951082,92,False
feature-30032-606--0.1-notebook-0.6-128,feature-30032,606,-0.1,1,generated,91,0,0.12431458383798599,0.12799038566075838,0.9630043827570401,0.27667422150517557,0.005581839066408165,92,False
feature-30032-606--0.1-notebook-0.6-128,feature-30032,606,-0.1,2,prompt,214,0,0.12431458383798599,0.12754447768642524,0.9673945112763164,0.2583054374450835,0.005842605230907657,3,False
feature-30032-606--0.1-notebook-0.6-128,feature-30032,606,-0.1,2,generated,2,0,0.12431458383798599,0.12801535427570343,0.9648582339286804,0.2705976516008377,0.006131445523351431,3,False
feature-30032-606--0.2-notebook-0.6-128,feature-30032,606,-0.2,1,prompt,91,0,0.24862916767597198,0.25034106154363234,0.9919760083104228,0.1266003159376291,0.011718647586499023,87,False
feature-30032-606--0.2-notebook-0.6-128,feature-30032,606,-0.2,1,generated,86,0,0.24862916767597198,0.2507146995427997,0.9899717922820601,0.14192716907276665,0.010918091592747111,87,False
feature-30032-606--0.2-notebook-0.6-128,feature-30032,606,-0.2,2,prompt,209,0,0.24862916767597198,0.2505052899629876,0.9911871267277659,0.13257762468887857,0.0114862653276433,3,False
feature-30032-606--0.2-notebook-0.6-128,feature-30032,606,-0.2,2,generated,2,0,0.24862916767597198,0.25050777196884155,0.9908436238765717,0.1360112950205803,0.012013234663754702,3,False
feature-30032-606--0.3-notebook-0.6-128,feature-30032,606,-0.3,1,prompt,91,0,0.3729437589645386,0.3743621143665943,0.9963214155081864,0.08557233464095619,0.01752553636350178,92,False
feature-30032-606--0.3-notebook-0.6-128,feature-30032,606,-0.3,1,generated,91,0,0.3729437589645386,0.3747751578524873,0.9953940366650675,0.09599054752142874,0.016347424321613468,92,False
feature-30032-606--0.3-notebook-0.6-128,feature-30032,606,-0.3,2,prompt,214,0,0.3729437589645386,0.3745254838021002,0.995942574516635,0.08979246100393411,0.017160535375364605,3,False
feature-30032-606--0.3-notebook-0.6-128,feature-30032,606,-0.3,2,generated,2,0,0.3729437589645386,0.3746482729911804,0.9956908226013184,0.09312880784273148,0.017944430001080036,3,False
feature-30032-606--0.4-notebook-0.6-128,feature-30032,606,-0.4,1,prompt,91,0,0.49725833535194397,0.4981444949632163,0.9979057940807972,0.0644040846644522,0.023320700349618813,84,False
feature-30032-606--0.4-notebook-0.6-128,feature-30032,606,-0.4,1,generated,83,0,0.49725833535194397,0.4983401912522603,0.9972999620150371,0.07326745291251734,0.021519221118595225,84,False
feature-30032-606--0.4-notebook-0.6-128,feature-30032,606,-0.4,2,prompt,206,0,0.49725833535194397,0.49821593185651647,0.9976770218136242,0.06770673703438448,0.022938307234847882,58,False
feature-30032-606--0.4-notebook-0.6-128,feature-30032,606,-0.4,2,generated,57,0,0.49725833535194397,0.49850124382136163,0.997028767016896,0.07703061715552681,0.021335185293042867,58,False
feature-30032-606--0.5-notebook-0.6-128,feature-30032,606,-0.5,1,prompt,91,0,0.6215729117393494,0.622289899286333,0.9986158609390259,0.05229961949881617,0.029131949098862627,87,False
feature-30032-606--0.5-notebook-0.6-128,feature-30032,606,-0.5,1,generated,86,0,0.6215729117393494,0.6224263275778571,0.9982674981272498,0.058747632429003716,0.02710700232189062,87,False
feature-30032-606--0.5-notebook-0.6-128,feature-30032,606,-0.5,2,prompt,209,0,0.6215729117393494,0.6223621431149935,0.9984780019550232,0.05485013357261151,0.02854019690318363,3,False
feature-30032-606--0.5-notebook-0.6-128,feature-30032,606,-0.5,2,generated,2,0,0.6215729117393494,0.6229406893253326,0.9984330534934998,0.05605532415211201,0.029874841682612896,3,False
feature-30032-606--0.6-notebook-0.6-128,feature-30032,606,-0.6,1,prompt,91,0,0.7458875179290771,0.7464036771229335,0.9990101751390394,0.04420390197045201,0.03494256166843595,84,False
feature-30032-606--0.6-notebook-0.6-128,feature-30032,606,-0.6,1,generated,83,0,0.7458875179290771,0.7465812075568969,0.998719363327486,0.05047846302749163,0.032238560874598574,84,False
feature-30032-606--0.6-notebook-0.6-128,feature-30032,606,-0.6,2,prompt,206,0,0.7458875179290771,0.7464665926775886,0.998902530056759,0.046498286167105427,0.03436805017165912,58,False
feature-30032-606--0.6-notebook-0.6-128,feature-30032,606,-0.6,2,generated,57,0,0.7458875179290771,0.7467483438943562,0.998632876496566,0.05220526724792363,0.03195967489297975,58,False
feature-30032-606--0.7-notebook-0.6-128,feature-30032,606,-0.7,1,prompt,91,0,0.8702020645141602,0.870511823958093,0.9992394624175606,0.03872217354620551,0.040752264782325825,92,False
feature-30032-606--0.7-notebook-0.6-128,feature-30032,606,-0.7,1,generated,91,0,0.8702020645141602,0.8705874105076213,0.9990619669903765,0.04321664260638939,0.03797655544438205,92,False
feature-30032-606--0.7-notebook-0.6-128,feature-30032,606,-0.7,2,prompt,214,0,0.8702020645141602,0.8705252782206669,0.9991704905144522,0.040463685214728394,0.03988913215955754,3,False
feature-30032-606--0.7-notebook-0.6-128,feature-30032,606,-0.7,2,generated,2,0,0.8702020645141602,0.8707608878612518,0.9992102086544037,0.03974611312150955,0.041705554351210594,3,False
feature-30032-707-+0.0-notebook-0.6-128,feature-30032,707,0.0,1,prompt,91,91,0.0,0.0,1.0,0.0,0.0,50,False
feature-30032-707-+0.0-notebook-0.6-128,feature-30032,707,0.0,1,generated,49,49,0.0,0.0,1.0,0.0,0.0,50,False
feature-30032-707-+0.0-notebook-0.6-128,feature-30032,707,0.0,2,prompt,172,172,0.0,0.0,1.0,0.0,0.0,82,False
feature-30032-707-+0.0-notebook-0.6-128,feature-30032,707,0.0,2,generated,81,81,0.0,0.0,1.0,0.0,0.0,82,False
feature-30032-707-+0.1-notebook-0.6-128,feature-30032,707,0.1,1,prompt,91,0,0.12431458383798599,0.12721214459820107,0.970433852829776,0.2456034677369254,0.005954945116472727,50,False
feature-30032-707-+0.1-notebook-0.6-128,feature-30032,707,0.1,1,generated,49,0,0.12431458383798599,0.12818678605313205,0.9606533841210969,0.28568973924432484,0.0055010369598713455,50,False
feature-30032-707-+0.1-notebook-0.6-128,feature-30032,707,0.1,2,prompt,172,0,0.12431458383798599,0.12749998457729816,0.96779253836288,0.2563969016421673,0.005889720055694302,82,False
feature-30032-707-+0.1-notebook-0.6-128,feature-30032,707,0.1,2,generated,81,0,0.12431458383798599,0.12840833634506038,0.9580953474398013,0.29547147839157667,0.0054835097829776785,82,False
feature-30032-707-+0.2-notebook-0.6-128,feature-30032,707,0.2,1,prompt,91,0,0.24862916767597198,0.2503671952328839,0.9919785365953551,0.12659488569249164,0.011719881553729935,50,False
feature-30032-707-+0.2-notebook-0.6-128,feature-30032,707,0.2,1,generated,49,0,0.24862916767597198,0.2507658965733586,0.9893972423611855,0.1460399823833485,0.01076274604669639,50,False
feature-30032-707-+0.2-notebook-0.6-128,feature-30032,707,0.2,2,prompt,172,0,0.24862916767597198,0.25045906293184256,0.9912945479154587,0.13164917574545673,0.01157195477977904,82,False
feature-30032-707-+0.2-notebook-0.6-128,feature-30032,707,0.2,2,generated,81,0,0.24862916767597198,0.25109927632190565,0.9886471003661921,0.15138548722973577,0.010724003967127683,82,False
feature-30032-707-+0.3-notebook-0.6-128,feature-30032,707,0.3,1,prompt,91,0,0.3729437589645386,0.3743548553723555,0.99632063802782,0.08557762336599958,0.01752535078020838,50,False
feature-30032-707-+0.3-notebook-0.6-128,feature-30032,707,0.3,1,generated,49,0,0.3729437589645386,0.37486848660877775,0.9950643607548305,0.09940576766218458,0.016089787174548422,50,False
feature-30032-707-+0.3-notebook-0.6-128,feature-30032,707,0.3,2,prompt,172,0,0.3729437589645386,0.3744919317406277,0.995983381950578,0.08924398887469324,0.0173041059510027,82,False
feature-30032-707-+0.3-notebook-0.6-128,feature-30032,707,0.3,2,generated,81,0,0.3729437589645386,0.37521535010985385,0.9948160802876508,0.10205979626855732,0.016025641611144868,82,False
feature-30032-707-+0.4-notebook-0.6-128,feature-30032,707,0.4,1,prompt,91,0,0.49725833535194397,0.4981286722225147,0.9979055222574171,0.06441046870671786,0.023319905043635927,50,False
feature-30032-707-+0.4-notebook-0.6-128,feature-30032,707,0.4,1,generated,49,0,0.49725833535194397,0.4985113502765188,0.9972012067327694,0.07470186434838237,0.021397837076564223,50,False
feature-30032-707-+0.4-notebook-0.6-128,feature-30032,707,0.4,2,prompt,172,0,0.49725833535194397,0.49824762517629667,0.9977155514927798,0.06716335904892794,0.023023251407890754,82,False
feature-30032-707-+0.4-notebook-0.6-128,feature-30032,707,0.4,2,generated,81,0,0.49725833535194397,0.4986143410205841,0.9970421916172828,0.07685984385970199,0.021296849152372208,82,False
feature-30032-707-+0.5-notebook-0.6-128,feature-30032,707,0.5,1,prompt,91,0,0.6215729117393494,0.6223350252423968,0.9986146013815325,0.052335967360944535,0.02913397672435187,50,False
feature-30032-707-+0.5-notebook-0.6-128,feature-30032,707,0.5,1,generated,49,0,0.6215729117393494,0.6225054847950838,0.9981849303050917,0.06014087857032309,0.026719788241447235,50,False
feature-30032-707-+0.5-notebook-0.6-128,feature-30032,707,0.5,2,prompt,172,0,0.6215729117393494,0.6223750932272091,0.998501390911812,0.054378861344830935,0.028759110345691983,82,False
feature-30032-707-+0.5-notebook-0.6-128,feature-30032,707,0.5,2,generated,81,0,0.6215729117393494,0.6226308816744958,0.9980872759112606,0.061770460855813676,0.026593748526072797,82,False
feature-30032-707-+0.6-notebook-0.6-128,feature-30032,707,0.6,1,prompt,91,0,0.7458875179290771,0.7464311679640969,0.9990094245135129,0.04422902367026596,0.034943541192710606,50,False
feature-30032-707-+0.6-notebook-0.6-128,feature-30032,707,0.6,1,generated,49,0,0.7458875179290771,0.7465446664362537,0.9986877806332647,0.051133924829108376,0.032043924137037626,50,False
feature-30032-707-+0.6-notebook-0.6-128,feature-30032,707,0.6,2,prompt,172,0,0.7458875179290771,0.746449313538019,0.9989261401947155,0.04599479792726248,0.03449256056926462,82,False
feature-30032-707-+0.6-notebook-0.6-128,feature-30032,707,0.6,2,generated,81,0,0.7458875179290771,0.7467944408640449,0.9986300166742301,0.05226088365838851,0.03189656287891629,82,False
feature-30032-707-+0.7-notebook-0.6-128,feature-30032,707,0.7,1,prompt,91,0,0.8702020645141602,0.8705128817767888,0.9992390825198247,0.03872904539681398,0.04075223241886636,50,False
feature-30032-707-+0.7-notebook-0.6-128,feature-30032,707,0.7,1,generated,49,0,0.8702020645141602,0.8705571451965644,0.9990113219436334,0.044378394907226365,0.0373670367562041,50,False
feature-30032-707-+0.7-notebook-0.6-128,feature-30032,707,0.7,2,prompt,172,0,0.8702020645141602,0.8704913029837054,0.9991818555565768,0.04013489902582626,0.04022441757639848,82,False
feature-30032-707-+0.7-notebook-0.6-128,feature-30032,707,0.7,2,generated,81,0,0.8702020645141602,0.8709923610275174,0.9989909088170087,0.04484932874271899,0.03720186761131993,82,False
feature-30032-707--0.1-notebook-0.6-128,feature-30032,707,-0.1,1,prompt,91,0,0.12431458383798599,0.1272117324419074,0.9704410263470241,0.24558270534316262,0.005955020355951082,50,False
feature-30032-707--0.1-notebook-0.6-128,feature-30032,707,-0.1,1,generated,49,0,0.12431458383798599,0.1281697993375817,0.9606355416531466,0.2857210797314741,0.005500352589831669,50,False
feature-30032-707--0.1-notebook-0.6-128,feature-30032,707,-0.1,2,prompt,172,0,0.12431458383798599,0.1274910485588534,0.9677932657474695,0.25638074003333267,0.0058893825862892405,82,False
feature-30032-707--0.1-notebook-0.6-128,feature-30032,707,-0.1,2,generated,81,0,0.12431458383798599,0.1284094997394232,0.9580344042660277,0.29568178528620875,0.0054835888189206155,82,False
feature-30032-707--0.2-notebook-0.6-128,feature-30032,707,-0.2,1,prompt,91,0,0.24862916767597198,0.25034106154363234,0.9919760083104228,0.1266003159376291,0.011718647586499023,50,False
feature-30032-707--0.2-notebook-0.6-128,feature-30032,707,-0.2,1,generated,49,0,0.24862916767597198,0.25078687132621297,0.9893772322304395,0.1461811065673828,0.010763676076823351,50,False
feature-30032-707--0.2-notebook-0.6-128,feature-30032,707,-0.2,2,prompt,172,0,0.24862916767597198,0.25044818785648015,0.9912871708010518,0.13169561885297298,0.011571384717975634,81,False
feature-30032-707--0.2-notebook-0.6-128,feature-30032,707,-0.2,2,generated,80,0,0.24862916767597198,0.2511342514306307,0.9885907791554928,0.15177996549755335,0.010704150493256747,81,False
feature-30032-707--0.3-notebook-0.6-128,feature-30032,707,-0.3,1,prompt,91,0,0.3729437589645386,0.3743621143665943,0.9963214155081864,0.08557233464095619,0.01752553636350178,50,False
feature-30032-707--0.3-notebook-0.6-128,feature-30032,707,-0.3,1,generated,49,0,0.3729437589645386,0.37488189339637756,0.9950701205097899,0.0993534509016543,0.0160903589305829,50,False
feature-30032-707--0.3-notebook-0.6-128,feature-30032,707,-0.3,2,prompt,172,0,0.3729437589645386,0.3745103511352872,0.9959837839353917,0.08924763697351135,0.01730488177756427,81,False
feature-30032-707--0.3-notebook-0.6-128,feature-30032,707,-0.3,2,generated,80,0,0.3729437589645386,0.37519841454923153,0.994772632420063,0.10247811349108815,0.015993060451000927,81,False
feature-30032-707--0.4-notebook-0.6-128,feature-30032,707,-0.4,1,prompt,91,0,0.49725833535194397,0.4981444949632163,0.9979057940807972,0.0644040846644522,0.023320700349618813,50,False
feature-30032-707--0.4-notebook-0.6-128,feature-30032,707,-0.4,1,generated,49,0,0.49725833535194397,0.49848746827670504,0.997203449813687,0.07467076798178712,0.02139683238857863,50,False
feature-30032-707--0.4-notebook-0.6-128,feature-30032,707,-0.4,2,prompt,172,0,0.49725833535194397,0.49824635043393734,0.9977169189342233,0.06714188816502344,0.023023355839202765,81,False
feature-30032-707--0.4-notebook-0.6-128,feature-30032,707,-0.4,2,generated,80,0,0.49725833535194397,0.49858213812112806,0.9970193438231945,0.07714846143499017,0.021253068977966905,81,False
feature-30032-707--0.5-notebook-0.6-128,feature-30032,707,-0.5,1,prompt,91,0,0.6215729117393494,0.622289899286333,0.9986158609390259,0.05229961949881617,0.029131949098862627,50,False
feature-30032-707--0.5-notebook-0.6-128,feature-30032,707,-0.5,1,generated,49,0,0.6215729117393494,0.622452010913771,0.9981838087646329,0.0601602701508269,0.026717507565508083,50,False
feature-30032-707--0.5-notebook-0.6-128,feature-30032,707,-0.5,2,prompt,172,0,0.6215729117393494,0.6223411022923714,0.99850073006264,0.05438418612750464,0.028757488998032155,81,False
feature-30032-707--0.5-notebook-0.6-128,feature-30032,707,-0.5,2,generated,80,0,0.6215729117393494,0.6226133905351162,0.9980736643075943,0.06198667194694281,0.02654007275123149,81,False
feature-30032-707--0.6-notebook-0.6-128,feature-30032,707,-0.6,1,prompt,91,0,0.7458875179290771,0.7464036771229335,0.9990101751390394,0.04420390197045201,0.03494256166843595,50,False
feature-30032-707--0.6-notebook-0.6-128,feature-30032,707,-0.6,1,generated,49,0,0.7458875179290771,0.7465445971002385,0.9986828054700579,0.05123411058163156,0.032043980434536934,50,False
feature-30032-707--0.6-notebook-0.6-128,feature-30032,707,-0.6,2,prompt,172,0,0.7458875179290771,0.7464325230482013,0.9989247776048128,0.04601897598179274,0.034491920188545834,81,False
feature-30032-707--0.6-notebook-0.6-128,feature-30032,707,-0.6,2,generated,80,0,0.7458875179290771,0.7467788822948933,0.9986205421388149,0.052438700152561066,0.03183258697390556,81,False
feature-30032-707--0.7-notebook-0.6-128,feature-30032,707,-0.7,1,prompt,91,0,0.8702020645141602,0.870511823958093,0.9992394624175606,0.03872217354620551,0.040752264782325825,50,False
feature-30032-707--0.7-notebook-0.6-128,feature-30032,707,-0.7,1,generated,49,0,0.8702020645141602,0.8706116238418891,0.9990106419641145,0.044394587755811454,0.03736952897541377,50,False
feature-30032-707--0.7-notebook-0.6-128,feature-30032,707,-0.7,2,prompt,172,0,0.8702020645141602,0.8705149940973105,0.9991820059543433,0.04013339574123884,0.04022568560592549,81,False
feature-30032-707--0.7-notebook-0.6-128,feature-30032,707,-0.7,2,generated,80,0,0.8702020645141602,0.8709352970123291,0.9989835560321808,0.04500554911792278,0.03712552129290998,81,False
feature-30032-808-+0.0-notebook-0.6-128,feature-30032,808,0.0,1,prompt,91,91,0.0,0.0,1.0,0.0,0.0,81,False
feature-30032-808-+0.0-notebook-0.6-128,feature-30032,808,0.0,1,generated,80,80,0.0,0.0,1.0,0.0,0.0,81,False
feature-30032-808-+0.0-notebook-0.6-128,feature-30032,808,0.0,2,prompt,203,203,0.0,0.0,1.0,0.0,0.0,94,False
feature-30032-808-+0.0-notebook-0.6-128,feature-30032,808,0.0,2,generated,93,93,0.0,0.0,1.0,0.0,0.0,94,False
feature-30032-808-+0.1-notebook-0.6-128,feature-30032,808,0.1,1,prompt,91,0,0.12431458383798599,0.12721214459820107,0.970433852829776,0.2456034677369254,0.005954945116472727,81,False
feature-30032-808-+0.1-notebook-0.6-128,feature-30032,808,0.1,1,generated,80,0,0.12431458383798599,0.12793565336614848,0.9631277248263359,0.2758941980078816,0.005714622902451083,81,False
feature-30032-808-+0.1-notebook-0.6-128,feature-30032,808,0.1,2,prompt,203,0,0.12431458383798599,0.12750298001349267,0.9676840792735809,0.2569926005278902,0.005913277363962049,94,False
feature-30032-808-+0.1-notebook-0.6-128,feature-30032,808,0.1,2,generated,93,0,0.12431458383798599,0.1282195524182371,0.9601373121302615,0.2878171541998463,0.005653841836598291,94,False
feature-30032-808-+0.2-notebook-0.6-128,feature-30032,808,0.2,1,prompt,91,0,0.24862916767597198,0.2503671952328839,0.9919785365953551,0.12659488569249164,0.011719881553729935,81,False
feature-30032-808-+0.2-notebook-0.6-128,feature-30032,808,0.2,1,generated,80,0,0.24862916767597198,0.2506180413067341,0.9902120873332023,0.13997464133426546,0.01119674255605787,81,False
feature-30032-808-+0.2-notebook-0.6-128,feature-30032,808,0.2,2,prompt,203,0,0.24862916767597198,0.25044748965155317,0.9913274114355078,0.13145847574537023,0.011616983736252752,94,False
feature-30032-808-+0.2-notebook-0.6-128,feature-30032,808,0.2,2,generated,93,0,0.24862916767597198,0.25085024615769747,0.9892388146410707,0.14721670690723646,0.011062890831981935,94,False
feature-30032-808-+0.3-notebook-0.6-128,feature-30032,808,0.3,1,prompt,91,0,0.3729437589645386,0.3743548553723555,0.99632063802782,0.08557762336599958,0.01752535078020838,63,False
feature-30032-808-+0.3-notebook-0.6-128,feature-30032,808,0.3,1,generated,62,0,0.3729437589645386,0.37489049665389523,0.9952031306682094,0.09808215210514684,0.016439074380022865,63,False
feature-30032-808-+0.3-notebook-0.6-128,feature-30032,808,0.3,2,prompt,185,0,0.3729437589645386,0.37452721305795617,0.9959602433281975,0.0895739220888228,0.017321357026702497,78,False
feature-30032-808-+0.3-notebook-0.6-128,feature-30032,808,0.3,2,generated,77,0,0.3729437589645386,0.37507214677798284,0.9948822406979351,0.1013395217331973,0.016369211475376958,78,False
feature-30032-808-+0.4-notebook-0.6-128,feature-30032,808,0.4,1,prompt,91,0,0.49725833535194397,0.4981286722225147,0.9979055222574171,0.06441046870671786,0.023319905043635927,63,False
feature-30032-808-+0.4-notebook-0.6-128,feature-30032,808,0.4,1,generated,62,0,0.49725833535194397,0.49848591560317623,0.997315724049845,0.07321575722627101,0.02185945717557784,63,False
feature-30032-808-+0.4-notebook-0.6-128,feature-30032,808,0.4,2,prompt,185,0,0.49725833535194397,0.4982517711214117,0.9977163214941283,0.06722033480937417,0.02304414138355217,78,False
feature-30032-808-+0.4-notebook-0.6-128,feature-30032,808,0.4,2,generated,77,0,0.49725833535194397,0.49849286752861816,0.9970767095491484,0.07637238197705963,0.02175646950188395,78,False
feature-30032-808-+0.5-notebook-0.6-128,feature-30032,808,0.5,1,prompt,91,0,0.6215729117393494,0.6223350252423968,0.9986146013815325,0.052335967360944535,0.02913397672435187,63,False
feature-30032-808-+0.5-notebook-0.6-128,feature-30032,808,0.5,1,generated,62,0,0.6215729117393494,0.622460147065501,0.9982414062946073,0.0592332923965108,0.027295966091896256,63,False
feature-30032-808-+0.5-notebook-0.6-128,feature-30032,808,0.5,2,prompt,185,0,0.6215729117393494,0.6223784224407093,0.9984964715467917,0.05450988015210306,0.02878522913229677,53,False
feature-30032-808-+0.5-notebook-0.6-128,feature-30032,808,0.5,2,generated,52,0,0.6215729117393494,0.6225252953859476,0.9982368430266013,0.05934103528180948,0.02778420507764587,53,False
feature-30032-808-+0.6-notebook-0.6-128,feature-30032,808,0.6,1,prompt,91,0,0.7458875179290771,0.7464311679640969,0.9990094245135129,0.04422902367026596,0.034943541192710606,63,False
feature-30032-808-+0.6-notebook-0.6-128,feature-30032,808,0.6,1,generated,62,0,0.7458875179290771,0.7465007660850402,0.9987203863359266,0.05051719517477097,0.03273569765470682,63,False
feature-30032-808-+0.6-notebook-0.6-128,feature-30032,808,0.6,2,prompt,185,0,0.7458875179290771,0.7464433537947165,0.9989199677029171,0.04616163332720061,0.03452342982636765,78,False
feature-30032-808-+0.6-notebook-0.6-128,feature-30032,808,0.6,2,generated,77,0,0.7458875179290771,0.7468686227674608,0.9986781121848466,0.0513241303141241,0.03259641669884131,78,False
feature-30032-808-+0.7-notebook-0.6-128,feature-30032,808,0.7,1,prompt,91,0,0.8702020645141602,0.8705128817767888,0.9992390825198247,0.03872904539681398,0.04075223241886636,63,False
feature-30032-808-+0.7-notebook-0.6-128,feature-30032,808,0.7,1,generated,62,0,0.8702020645141602,0.8705639560376445,0.9990369398747722,0.04381664517906404,0.0381760060066177,63,False
feature-30032-808-+0.7-notebook-0.6-128,feature-30032,808,0.7,2,prompt,185,0,0.8702020645141602,0.870511418097728,0.9991795494749739,0.04021944439894444,0.04026153743883746,78,False
feature-30032-808-+0.7-notebook-0.6-128,feature-30032,808,0.7,2,generated,77,0,0.8702020645141602,0.8708127040367621,0.9990289520907711,0.043968606691855885,0.0380063968916218,78,False
feature-30032-808--0.1-notebook-0.6-128,feature-30032,808,-0.1,1,prompt,91,0,0.12431458383798599,0.1272117324419074,0.9704410263470241,0.24558270534316262,0.005955020355951082,81,False
feature-30032-808--0.1-notebook-0.6-128,feature-30032,808,-0.1,1,generated,80,0,0.12431458383798599,0.12792267538607122,0.9631465062499046,0.27580186165869236,0.005714062275364995,81,False
feature-30032-808--0.1-notebook-0.6-128,feature-30032,808,-0.1,2,prompt,203,0,0.12431458383798599,0.12749786825456055,0.9676964429798972,0.25694190046470156,0.005913110529623118,94,False
feature-30032-808--0.1-notebook-0.6-128,feature-30032,808,-0.1,2,generated,93,0,0.12431458383798599,0.12820726104321017,0.9601429021486672,0.2877764589683984,0.005653305915534817,94,False
feature-30032-808--0.2-notebook-0.6-128,feature-30032,808,-0.2,1,prompt,91,0,0.24862916767597198,0.25034106154363234,0.9919760083104228,0.1266003159376291,0.011718647586499023,81,False
feature-30032-808--0.2-notebook-0.6-128,feature-30032,808,-0.2,1,generated,80,0,0.24862916767597198,0.25060586370527743,0.9902034632861614,0.1400248972699046,0.011196272645611316,81,False
feature-30032-808--0.2-notebook-0.6-128,feature-30032,808,-0.2,2,prompt,203,0,0.24862916767597198,0.25043913457781225,0.9913216990790343,0.1314973788234988,0.011616562626765022,94,False
feature-30032-808--0.2-notebook-0.6-128,feature-30032,808,-0.2,2,generated,93,0,0.24862916767597198,0.2508645088121455,0.9892307801913189,0.14728369467681454,0.01106349777390239,94,False
feature-30032-808--0.3-notebook-0.6-128,feature-30032,808,-0.3,1,prompt,91,0,0.3729437589645386,0.3743621143665943,0.9963214155081864,0.08557233464095619,0.01752553636350178,81,False
feature-30032-808--0.3-notebook-0.6-128,feature-30032,808,-0.3,1,generated,80,0,0.3729437589645386,0.37468029707670214,0.9954102322459221,0.09569764635525643,0.016740250028669836,81,False
feature-30032-808--0.3-notebook-0.6-128,feature-30032,808,-0.3,2,prompt,203,0,0.3729437589645386,0.3744912422055681,0.9959794376871268,0.08934095744135345,0.01737212590982775,94,False
feature-30032-808--0.3-notebook-0.6-128,feature-30032,808,-0.3,2,generated,93,0,0.3729437589645386,0.37492010958733096,0.9950373916215794,0.09976449288347716,0.016535637890219047,94,False
feature-30032-808--0.4-notebook-0.6-128,feature-30032,808,-0.4,1,prompt,91,0,0.49725833535194397,0.4981444949632163,0.9979057940807972,0.0644040846644522,0.023320700349618813,81,False
feature-30032-808--0.4-notebook-0.6-128,feature-30032,808,-0.4,1,generated,80,0,0.49725833535194397,0.4984022531658411,0.9974087171256543,0.07180603807792067,0.022269335016608237,81,False
feature-30032-808--0.4-notebook-0.6-128,feature-30032,808,-0.4,2,prompt,203,0,0.49725833535194397,0.49824903516346597,0.997718885027129,0.06717554452310642,0.023113879861752847,94,False
feature-30032-808--0.4-notebook-0.6-128,feature-30032,808,-0.4,2,generated,93,0,0.49725833535194397,0.498475912117189,0.997188989834119,0.07490555865950482,0.021985567044667018,94,False
feature-30032-808--0.5-notebook-0.6-128,feature-30032,808,-0.5,1,prompt,91,0,0.6215729117393494,0.622289899286333,0.9986158609390259,0.05229961949881617,0.029131949098862627,81,False
feature-30032-808--0.5-notebook-0.6-128,feature-30032,808,-0.5,1,generated,80,0,0.6215729117393494,0.6222921147942543,0.9982903875410557,0.05831097890622914,0.027804767549969255,81,False
feature-30032-808--0.5-notebook-0.6-128,feature-30032,808,-0.5,2,prompt,203,0,0.6215729117393494,0.6222863097496221,0.9984940904114634,0.05454648225545296,0.028868114803986523,94,False
feature-30032-808--0.5-notebook-0.6-128,feature-30032,808,-0.5,2,generated,93,0,0.6215729117393494,0.6225186438970668,0.9981884514131854,0.060110463730750546,0.027456308785145,94,False
feature-30032-808--0.6-notebook-0.6-128,feature-30032,808,-0.6,1,prompt,91,0,0.7458875179290771,0.7464036771229335,0.9990101751390394,0.04420390197045201,0.03494256166843595,81,False
feature-30032-808--0.6-notebook-0.6-128,feature-30032,808,-0.6,1,generated,80,0,0.7458875179290771,0.7465378567576408,0.998771670460701,0.04942596131004393,0.033356769010424614,81,False
feature-30032-808--0.6-notebook-0.6-128,feature-30032,808,-0.6,2,prompt,203,0,0.7458875179290771,0.7464503343469404,0.9989213893566226,0.04613987018762551,0.034628414044275954,94,False
feature-30032-808--0.6-notebook-0.6-128,feature-30032,808,-0.6,2,generated,93,0,0.7458875179290771,0.7466197584265022,0.998715094981655,0.05061130806483248,0.032929974237597116,94,False
feature-30032-808--0.7-notebook-0.6-128,feature-30032,808,-0.7,1,prompt,91,0,0.8702020645141602,0.870511823958093,0.9992394624175606,0.03872217354620551,0.040752264782325825,81,False
feature-30032-808--0.7-notebook-0.6-128,feature-30032,808,-0.7,1,generated,80,0,0.8702020645141602,0.8706352934241295,0.9990752585232258,0.042884887242689726,0.0389017020817846,81,False
feature-30032-808--0.7-notebook-0.6-128,feature-30032,808,-0.7,2,prompt,203,0,0.8702020645141602,0.8705578646049124,0.9991804514025232,0.040213442714930756,0.0403857266093407,94,False
feature-30032-808--0.7-notebook-0.6-128,feature-30032,808,-0.7,2,generated,93,0,0.8702020645141602,0.8707301546168583,0.9990506031179941,0.04350199710617783,0.03840419525901476,94,False
feature-30032-909-+0.0-notebook-0.6-128,feature-30032,909,0.0,1,prompt,91,91,0.0,0.0,1.0,0.0,0.0,81,False
feature-30032-909-+0.0-notebook-0.6-128,feature-30032,909,0.0,1,generated,80,80,0.0,0.0,1.0,0.0,0.0,81,False
feature-30032-909-+0.0-notebook-0.6-128,feature-30032,909,0.0,2,prompt,203,203,0.0,0.0,1.0,0.0,0.0,89,False
feature-30032-909-+0.0-notebook-0.6-128,feature-30032,909,0.0,2,generated,88,88,0.0,0.0,1.0,0.0,0.0,89,False
feature-30032-909-+0.1-notebook-0.6-128,feature-30032,909,0.1,1,prompt,91,0,0.12431458383798599,0.12721214459820107,0.970433852829776,0.2456034677369254,0.005954945116472727,81,False
feature-30032-909-+0.1-notebook-0.6-128,feature-30032,909,0.1,1,generated,80,0,0.12431458383798599,0.12793565336614848,0.9631277248263359,0.2758941980078816,0.005714622902451083,81,False
feature-30032-909-+0.1-notebook-0.6-128,feature-30032,909,0.1,2,prompt,203,0,0.12431458383798599,0.12750298001349267,0.9676840792735809,0.2569926005278902,0.005913277363962049,89,False
feature-30032-909-+0.1-notebook-0.6-128,feature-30032,909,0.1,2,generated,88,0,0.12431458383798599,0.12820286930284716,0.9611674445596609,0.28415849212218414,0.005638899906030433,89,False
feature-30032-909-+0.2-notebook-0.6-128,feature-30032,909,0.2,1,prompt,91,0,0.24862916767597198,0.2503671952328839,0.9919785365953551,0.12659488569249164,0.011719881553729935,81,False
feature-30032-909-+0.2-notebook-0.6-128,feature-30032,909,0.2,1,generated,80,0,0.24862916767597198,0.2506180413067341,0.9902120873332023,0.13997464133426546,0.01119674255605787,81,False
feature-30032-909-+0.2-notebook-0.6-128,feature-30032,909,0.2,2,prompt,203,0,0.24862916767597198,0.25044748965155317,0.9913274114355078,0.13145847574537023,0.011616983736252752,89,False
feature-30032-909-+0.2-notebook-0.6-128,feature-30032,909,0.2,2,generated,88,0,0.24862916767597198,0.25089142336086795,0.9895254204219038,0.1453356132419272,0.011036522210236977,89,False
feature-30032-909-+0.3-notebook-0.6-128,feature-30032,909,0.3,1,prompt,91,0,0.3729437589645386,0.3743548553723555,0.99632063802782,0.08557762336599958,0.01752535078020838,81,False
feature-30032-909-+0.3-notebook-0.6-128,feature-30032,909,0.3,1,generated,80,0,0.3729437589645386,0.3746611885726452,0.9954066589474678,0.0957316336221993,0.016739304189104586,81,False
feature-30032-909-+0.3-notebook-0.6-128,feature-30032,909,0.3,2,prompt,203,0,0.3729437589645386,0.3744807171410528,0.9959795049258641,0.08933742889409582,0.01737162826042003,89,False
feature-30032-909-+0.3-notebook-0.6-128,feature-30032,909,0.3,2,generated,88,0,0.3729437589645386,0.37490964342247357,0.9951698170466856,0.09846013361080126,0.016492739975960416,89,False
feature-30032-909-+0.4-notebook-0.6-128,feature-30032,909,0.4,1,prompt,91,0,0.49725833535194397,0.4981286722225147,0.9979055222574171,0.06441046870671786,0.023319905043635927,47,False
feature-30032-909-+0.4-notebook-0.6-128,feature-30032,909,0.4,1,generated,46,0,0.49725833535194397,0.4986041978649471,0.9971415374590002,0.07558528382493102,0.0213140109958856,47,False
feature-30032-909-+0.4-notebook-0.6-128,feature-30032,909,0.4,2,prompt,169,0,0.49725833535194397,0.4982498367509898,0.9977075968973735,0.06728125621493046,0.023125241986219635,49,False
feature-30032-909-+0.4-notebook-0.6-128,feature-30032,909,0.4,2,generated,48,0,0.49725833535194397,0.49859100952744484,0.9970892307658991,0.07627120846882463,0.021490484398479264,49,False
feature-30032-909-+0.5-notebook-0.6-128,feature-30032,909,0.5,1,prompt,91,0,0.6215729117393494,0.6223350252423968,0.9986146013815325,0.052335967360944535,0.02913397672435187,47,False
feature-30032-909-+0.5-notebook-0.6-128,feature-30032,909,0.5,1,generated,46,0,0.6215729117393494,0.6225952013679172,0.9981402508590532,0.06092402606230715,0.02661414646907993,47,False
feature-30032-909-+0.5-notebook-0.6-128,feature-30032,909,0.5,2,prompt,169,0,0.6215729117393494,0.6224114175378923,0.9984943549308551,0.05450187623500824,0.02888782874070736,49,False
feature-30032-909-+0.5-notebook-0.6-128,feature-30032,909,0.5,2,generated,48,0,0.6215729117393494,0.6225171089172363,0.9981406256556511,0.060921446342642106,0.026831665309146047,49,False
feature-30032-909-+0.6-notebook-0.6-128,feature-30032,909,0.6,1,prompt,91,0,0.7458875179290771,0.7464311679640969,0.9990094245135129,0.04422902367026596,0.034943541192710606,47,False
feature-30032-909-+0.6-notebook-0.6-128,feature-30032,909,0.6,1,generated,46,0,0.7458875179290771,0.746651652066604,0.9986691578574802,0.05151936727697435,0.031917479375134346,47,False
feature-30032-909-+0.6-notebook-0.6-128,feature-30032,909,0.6,2,prompt,169,0,0.7458875179290771,0.7464819356534608,0.9989252005808452,0.04601361473592428,0.03464681642390402,49,False
feature-30032-909-+0.6-notebook-0.6-128,feature-30032,909,0.6,2,generated,48,0,0.7458875179290771,0.74670684710145,0.9986734464764595,0.05144409408482412,0.03218466338391105,49,False
feature-30032-909-+0.7-notebook-0.6-128,feature-30032,909,0.7,1,prompt,91,0,0.8702020645141602,0.8705128817767888,0.9992390825198247,0.03872904539681398,0.04075223241886636,47,False
feature-30032-909-+0.7-notebook-0.6-128,feature-30032,909,0.7,1,generated,46,0,0.8702020645141602,0.8706779168999713,0.9989920258522034,0.044825275793023735,0.03721948048990706,47,False
feature-30032-909-+0.7-notebook-0.6-128,feature-30032,909,0.7,2,prompt,169,0,0.8702020645141602,0.8705442530163646,0.9991797279324052,0.040179532528276274,0.04040502378587561,49,False
feature-30032-909-+0.7-notebook-0.6-128,feature-30032,909,0.7,2,generated,48,0,0.8702020645141602,0.8708669506013393,0.9990174733102322,0.044266067212447524,0.03753634418050448,49,False
feature-30032-909--0.1-notebook-0.6-128,feature-30032,909,-0.1,1,prompt,91,0,0.12431458383798599,0.1272117324419074,0.9704410263470241,0.24558270534316262,0.005955020355951082,128,True
feature-30032-909--0.1-notebook-0.6-128,feature-30032,909,-0.1,1,generated,127,0,0.12431458383798599,0.12799498955095848,0.9628049210300595,0.2774371306492588,0.0056640759484446425,128,True
feature-30032-909--0.1-notebook-0.6-128,feature-30032,909,-0.1,2,prompt,251,0,0.12431458383798599,0.12760939894325704,0.9666879469180012,0.26118966361203516,0.005879869813051268,72,False
feature-30032-909--0.1-notebook-0.6-128,feature-30032,909,-0.1,2,generated,71,0,0.12431458383798599,0.12824200660410062,0.9597448505146403,0.2893092913526884,0.005673903355401167,72,False
feature-30032-909--0.2-notebook-0.6-128,feature-30032,909,-0.2,1,prompt,91,0,0.24862916767597198,0.25034106154363234,0.9919760083104228,0.1266003159376291,0.011718647586499023,128,True
feature-30032-909--0.2-notebook-0.6-128,feature-30032,909,-0.2,1,generated,127,0,0.24862916767597198,0.25068540742078166,0.990079477546722,0.14105114792510282,0.011095520688264858,128,True
feature-30032-909--0.2-notebook-0.6-128,feature-30032,909,-0.2,2,prompt,251,0,0.24862916767597198,0.25050507812386014,0.9910680079365156,0.13343239100687057,0.01154528991681008,117,False
feature-30032-909--0.2-notebook-0.6-128,feature-30032,909,-0.2,2,generated,116,0,0.24862916767597198,0.25099480498967497,0.9887485694268654,0.1506225056303986,0.010964972280158565,117,False
feature-30032-909--0.3-notebook-0.6-128,feature-30032,909,-0.3,1,prompt,91,0,0.3729437589645386,0.3743621143665943,0.9963214155081864,0.08557233464095619,0.01752553636350178,128,True
feature-30032-909--0.3-notebook-0.6-128,feature-30032,909,-0.3,1,generated,127,0,0.3729437589645386,0.3747416978745949,0.9953702688217163,0.09620065459116238,0.01658624992155888,128,True
feature-30032-909--0.3-notebook-0.6-128,feature-30032,909,-0.3,2,prompt,251,0,0.3729437589645386,0.37454110858924833,0.995862156746397,0.09065210639658677,0.01726277237022908,117,False
feature-30032-909--0.3-notebook-0.6-128,feature-30032,909,-0.3,2,generated,116,0,0.3729437589645386,0.37504573320520335,0.9948748401526747,0.1014066055930894,0.016385182553645353,117,False
feature-30032-909--0.4-notebook-0.6-128,feature-30032,909,-0.4,1,prompt,91,0,0.49725833535194397,0.4981444949632163,0.9979057940807972,0.0644040846644522,0.023320700349618813,128,True
feature-30032-909--0.4-notebook-0.6-128,feature-30032,909,-0.4,1,generated,127,0,0.49725833535194397,0.4983252953356645,0.9973817092227185,0.07220937396715006,0.022057531460180996,128,True
feature-30032-909--0.4-notebook-0.6-128,feature-30032,909,-0.4,2,prompt,251,0,0.49725833535194397,0.4982371505988072,0.9976512117689824,0.06817160680355779,0.02296568027746667,73,False
feature-30032-909--0.4-notebook-0.6-128,feature-30032,909,-0.4,2,generated,72,0,0.49725833535194397,0.4984384559922748,0.9971553517712487,0.07533023703015512,0.02208576607517898,73,False
feature-30032-909--0.5-notebook-0.6-128,feature-30032,909,-0.5,1,prompt,91,0,0.6215729117393494,0.622289899286333,0.9986158609390259,0.05229961949881617,0.029131949098862627,128,True
feature-30032-909--0.5-notebook-0.6-128,feature-30032,909,-0.5,1,generated,127,0,0.6215729117393494,0.6223032629396034,0.9982752006823622,0.05861034965890599,0.02754524072969523,128,True
feature-30032-909--0.5-notebook-0.6-128,feature-30032,909,-0.5,2,prompt,251,0,0.6215729117393494,0.6222972266702538,0.9984516487178574,0.055329453912507966,0.028684091055765748,73,False
feature-30032-909--0.5-notebook-0.6-128,feature-30032,909,-0.5,2,generated,72,0,0.6215729117393494,0.6225759345624182,0.9981765018569099,0.060307104088779956,0.027586263061190646,73,False
feature-30032-909--0.6-notebook-0.6-128,feature-30032,909,-0.6,1,prompt,91,0,0.7458875179290771,0.7464036771229335,0.9990101751390394,0.04420390197045201,0.03494256166843595,128,True
feature-30032-909--0.6-notebook-0.6-128,feature-30032,909,-0.6,1,generated,127,0,0.7458875179290771,0.7465453410711814,0.9987532942313847,0.04982221557751415,0.03303317976455519,128,True
feature-30032-909--0.6-notebook-0.6-128,feature-30032,909,-0.6,2,prompt,251,0,0.7458875179290771,0.7464799895229568,0.9988876460082977,0.04686830264044948,0.034403506655290544,118,False
feature-30032-909--0.6-notebook-0.6-128,feature-30032,909,-0.6,2,generated,117,0,0.7458875179290771,0.7468193881532066,0.9986765384674072,0.05134535536297366,0.03260958298212952,118,False
feature-30032-909--0.7-notebook-0.6-128,feature-30032,909,-0.7,1,prompt,91,0,0.8702020645141602,0.870511823958093,0.9992394624175606,0.03872217354620551,0.040752264782325825,128,True
feature-30032-909--0.7-notebook-0.6-128,feature-30032,909,-0.7,1,generated,127,0,0.8702020645141602,0.8705949145039236,0.9990630849139897,0.04318596205608113,0.038535963215931196,128,True
feature-30032-909--0.7-notebook-0.6-128,feature-30032,909,-0.7,2,prompt,251,0,0.8702020645141602,0.8705337997451722,0.9991574750478525,0.04078413681887773,0.04012651406033744,73,False
feature-30032-909--0.7-notebook-0.6-128,feature-30032,909,-0.7,2,generated,72,0,0.8702020645141602,0.870704693098863,0.9990618924299876,0.04322837469064527,0.03858144715842274,73,False
feature-30686-1001-+0.0-notebook-0.6-128,feature-30686,1001,0.0,1,prompt,91,91,0.0,0.0,1.0,0.0,0.0,128,True
feature-30686-1001-+0.0-notebook-0.6-128,feature-30686,1001,0.0,1,generated,127,127,0.0,0.0,1.0,0.0,0.0,128,True
feature-30686-1001-+0.0-notebook-0.6-128,feature-30686,1001,0.0,2,prompt,250,250,0.0,0.0,1.0,0.0,0.0,89,False
feature-30686-1001-+0.0-notebook-0.6-128,feature-30686,1001,0.0,2,generated,88,88,0.0,0.0,1.0,0.0,0.0,89,False
feature-30686-1001-+0.1-notebook-0.6-128,feature-30686,1001,0.1,1,prompt,91,0,0.11009684950113297,0.11348401722344724,0.9648734894427624,0.26918339598309865,0.005312659143333343,70,False
feature-30686-1001-+0.1-notebook-0.6-128,feature-30686,1001,0.1,1,generated,69,0,0.11009684950113297,0.11408284241738527,0.9551524217577948,0.3059542332438455,0.0050529278409869776,70,False
feature-30686-1001-+0.1-notebook-0.6-128,feature-30686,1001,0.1,2,prompt,192,0,0.11009684950113297,0.11370259313844144,0.9614469051981965,0.2820578233804554,0.0052668796719596385,60,False
feature-30686-1001-+0.1-notebook-0.6-128,feature-30686,1001,0.1,2,generated,59,0,0.11009684950113297,0.11434764314000889,0.9514312966395233,0.31943206665879587,0.004970688775371192,60,False
feature-30686-1001-+0.2-notebook-0.6-128,feature-30686,1001,0.2,1,prompt,91,0,0.22019369900226593,0.22230563468330508,0.9901227675951444,0.14072473822059212,0.010406081030301361,70,False
feature-30686-1001-+0.2-notebook-0.6-128,feature-30686,1001,0.2,1,generated,69,0,0.22019369900226593,0.22284764008245606,0.9874299237693566,0.15935610450696255,0.009870791200386442,70,False
feature-30686-1001-+0.2-notebook-0.6-128,feature-30686,1001,0.2,2,prompt,192,0,0.22019369900226593,0.22249403820994,0.9892021883279085,0.14701122255064547,0.010306729446559379,60,False
feature-30686-1001-+0.2-notebook-0.6-128,feature-30686,1001,0.2,2,generated,59,0,0.22019369900226593,0.22301622619063166,0.9862803857205278,0.16688120390399028,0.009694863757970979,60,False
feature-30686-1001-+0.3-notebook-0.6-128,feature-30686,1001,0.3,1,prompt,91,0,0.3302905559539795,0.3317195006779262,0.995462763440478,0.09509764783657514,0.015529043014944214,66,False
feature-30686-1001-+0.3-notebook-0.6-128,feature-30686,1001,0.3,1,generated,65,0,0.3302905559539795,0.33219196933966416,0.9942171381070064,0.10756897536607889,0.014717677708428639,66,False
feature-30686-1001-+0.3-notebook-0.6-128,feature-30686,1001,0.3,2,prompt,188,0,0.3302905559539795,0.3318769911185224,0.9950491795514492,0.09918652068665053,0.015397280558356718,50,False
feature-30686-1001-+0.3-notebook-0.6-128,feature-30686,1001,0.3,2,generated,49,0,0.3302905559539795,0.3325588332147014,0.9937073393743865,0.11256451615873649,0.01446514578574166,50,False
feature-30686-1001-+0.4-notebook-0.6-128,feature-30686,1001,0.4,1,prompt,91,0,0.44038739800453186,0.4412924647331238,0.9973567462229467,0.07244101441004774,0.020658609267979206,70,False
feature-30686-1001-+0.4-notebook-0.6-128,feature-30686,1001,0.4,1,generated,69,0,0.44038739800453186,0.4416105462157208,0.9966595630714858,0.0816013191057288,0.01956286319140075,70,False
feature-30686-1001-+0.4-notebook-0.6-128,feature-30686,1001,0.4,2,prompt,192,0,0.44038739800453186,0.441418520330141,0.997114180897673,0.07558877104505275,0.020451023274896823,60,False
feature-30686-1001-+0.4-notebook-0.6-128,feature-30686,1001,0.4,2,generated,59,0,0.44038739800453186,0.4417017465930874,0.9964077149407339,0.08478140490034879,0.01920192101496761,60,False
feature-30686-1001-+0.5-notebook-0.6-128,feature-30686,1001,0.5,1,prompt,91,0,0.5504842400550842,0.5513655471277761,0.9982365775894333,0.05911872016040833,0.025812371686397755,70,False
feature-30686-1001-+0.5-notebook-0.6-128,feature-30686,1001,0.5,1,generated,69,0,0.5504842400550842,0.5516846957414047,0.9977928114973981,0.0663176067173481,0.024439206859771755,70,False
feature-30686-1001-+0.5-notebook-0.6-128,feature-30686,1001,0.5,2,prompt,192,0,0.5504842400550842,0.5514902103071412,0.9980892349655429,0.06147355914193516,0.025551320277372724,30,False
feature-30686-1001-+0.5-notebook-0.6-128,feature-30686,1001,0.5,2,generated,29,0,0.5504842400550842,0.551838023909207,0.9976716760931343,0.06827466010019698,0.02427194787767427,30,False
feature-30686-1001-+0.6-notebook-0.6-128,feature-30686,1001,0.6,1,prompt,91,0,0.660581111907959,0.661566837148352,0.9987580953063545,0.049576459800476556,0.030971500403401287,70,False
feature-30686-1001-+0.6-notebook-0.6-128,feature-30686,1001,0.6,1,generated,69,0,0.660581111907959,0.6617543308631234,0.9984411899594293,0.05574658998976583,0.029315312865419663,70,False
feature-30686-1001-+0.6-notebook-0.6-128,feature-30686,1001,0.6,2,prompt,192,0,0.660581111907959,0.6616332717239857,0.998653156372408,0.051598815460844584,0.03065481576534997,30,False
feature-30686-1001-+0.6-notebook-0.6-128,feature-30686,1001,0.6,2,generated,29,0,0.660581111907959,0.661579049866775,0.9983533394747767,0.05736525061315503,0.029099106339031254,30,False
feature-30686-1001-+0.7-notebook-0.6-128,feature-30686,1001,0.7,1,prompt,91,0,0.770677924156189,0.7710631096756065,0.9990999547989814,0.042106006355894794,0.03609634276510185,70,False
feature-30686-1001-+0.7-notebook-0.6-128,feature-30686,1001,0.7,1,generated,69,0,0.770677924156189,0.7711105484893357,0.9988764282585918,0.047269869217838066,0.0341602158125328,70,False
feature-30686-1001-+0.7-notebook-0.6-128,feature-30686,1001,0.7,2,prompt,192,0,0.770677924156189,0.7710929963116845,0.9990278324112296,0.043765195043912776,0.03572590963328063,60,False
feature-30686-1001-+0.7-notebook-0.6-128,feature-30686,1001,0.7,2,generated,59,0,0.770677924156189,0.7710987248663175,0.9987803788508399,0.04931063874293182,0.033522580324088114,60,False
feature-30686-1001--0.1-notebook-0.6-128,feature-30686,1001,-0.1,1,prompt,91,0,0.11009684950113297,0.1134871733221379,0.9648719462719593,0.26919928995462566,0.005312894070891991,128,True
feature-30686-1001--0.1-notebook-0.6-128,feature-30686,1001,-0.1,1,generated,127,0,0.11009684950113297,0.11379580258384464,0.9599297492522892,0.28820790397369955,0.0052533027950644965,128,True
feature-30686-1001--0.1-notebook-0.6-128,feature-30686,1001,-0.1,2,prompt,250,0,0.11009684950113297,0.11365426498651504,0.9624297950267792,0.2785899155139923,0.005322067418717779,89,False
feature-30686-1001--0.1-notebook-0.6-128,feature-30686,1001,-0.1,2,generated,88,0,0.11009684950113297,0.11406529449265111,0.9539182409644127,0.30970224484123965,0.005168574327729981,89,False
feature-30686-1001--0.2-notebook-0.6-128,feature-30686,1001,-0.2,1,prompt,91,0,0.22019369900226593,0.22229536581825424,0.9901269359903021,0.14068712760786434,0.010405536408083269,128,True
feature-30686-1001--0.2-notebook-0.6-128,feature-30686,1001,-0.2,1,generated,127,0,0.22019369900226593,0.22245857201692626,0.9888089055151451,0.14984959686600316,0.010271176893821381,128,True
feature-30686-1001--0.2-notebook-0.6-128,feature-30686,1001,-0.2,2,prompt,250,0,0.22019369900226593,0.22238539749383926,0.9894866287708283,0.14509738424420357,0.010414411011966877,89,False
feature-30686-1001--0.2-notebook-0.6-128,feature-30686,1001,-0.2,2,generated,88,0,0.22019369900226593,0.22300999002023178,0.9869524037296121,0.16218180014667186,0.01010646953628483,89,False
feature-30686-1001--0.3-notebook-0.6-128,feature-30686,1001,-0.3,1,prompt,91,0,0.3302905559539795,0.33175936603284145,0.9954669076007802,0.09507101495842357,0.015530879983798714,128,True
feature-30686-1001--0.3-notebook-0.6-128,feature-30686,1001,-0.3,1,generated,127,0,0.3302905559539795,0.33195339084610226,0.9948569860045365,0.10120840294389274,0.015328175600940786,128,True
feature-30686-1001--0.3-notebook-0.6-128,feature-30686,1001,-0.3,2,prompt,250,0,0.3302905559539795,0.3318609902858734,0.9951765608787536,0.0979475155621767,0.015542953145108186,89,False
feature-30686-1001--0.3-notebook-0.6-128,feature-30686,1001,-0.3,2,generated,88,0,0.3302905559539795,0.33222994580864906,0.994071634655649,0.10876481362025846,0.015057877351699228,89,False
feature-30686-1001--0.4-notebook-0.6-128,feature-30686,1001,-0.4,1,prompt,91,0,0.44038739800453186,0.4413191970888075,0.9973589398048737,0.07241566188551568,0.020659951962003546,128,True
feature-30686-1001--0.4-notebook-0.6-128,feature-30686,1001,-0.4,1,generated,127,0,0.44038739800453186,0.44148768965653545,0.9970034328032666,0.07712730269615106,0.020386951806859708,128,True
feature-30686-1001--0.4-notebook-0.6-128,feature-30686,1001,-0.4,2,prompt,250,0,0.44038739800453186,0.44139592480659484,0.9971886563301087,0.07463216182589531,0.020673709496157242,89,False
feature-30686-1001--0.4-notebook-0.6-128,feature-30686,1001,-0.4,2,generated,88,0,0.44038739800453186,0.4417202184823426,0.9965575628659942,0.0827078116549687,0.020020835905928503,89,False
feature-30686-1001--0.5-notebook-0.6-128,feature-30686,1001,-0.5,1,prompt,91,0,0.5504842400550842,0.5513598394917918,0.9982393161281125,0.059082311752078294,0.0258120585042359,128,True
feature-30686-1001--0.5-notebook-0.6-128,feature-30686,1001,-0.5,1,generated,127,0,0.5504842400550842,0.5514920841990494,0.998011466555708,0.06282673283355443,0.025466968518073164,128,True
feature-30686-1001--0.5-notebook-0.6-128,feature-30686,1001,-0.5,2,prompt,250,0,0.5504842400550842,0.5514441752433776,0.9981336374282836,0.060785886615514755,0.02582862579054199,89,False
feature-30686-1001--0.5-notebook-0.6-128,feature-30686,1001,-0.5,2,generated,88,0,0.5504842400550842,0.5517919171940197,0.9977716498754241,0.06654001594605771,0.025010745506733656,89,False
feature-30686-1001--0.6-notebook-0.6-128,feature-30686,1001,-0.6,1,prompt,91,0,0.660581111907959,0.6614758136508229,0.9987586245432005,0.04956222301001077,0.030966918747923285,128,True
feature-30686-1001--0.6-notebook-0.6-128,feature-30686,1001,-0.6,1,generated,127,0,0.660581111907959,0.6616045560423783,0.9985857920383844,0.05300114303827286,0.030552338134116074,128,True
feature-30686-1001--0.6-notebook-0.6-128,feature-30686,1001,-0.6,2,prompt,250,0,0.660581111907959,0.6615351095199585,0.9986787142753601,0.05113378413766623,0.030985451257321984,89,False
feature-30686-1001--0.6-notebook-0.6-128,feature-30686,1001,-0.6,2,generated,88,0,0.660581111907959,0.6617028096860106,0.9984329647638581,0.05576748769222335,0.029993362513116816,89,False
feature-30686-1001--0.7-notebook-0.6-128,feature-30686,1001,-0.7,1,prompt,91,0,0.770677924156189,0.7710195177204007,0.9991008187388326,0.04209274182525965,0.036094438642836534,128,True
feature-30686-1001--0.7-notebook-0.6-128,feature-30686,1001,-0.7,1,generated,127,0,0.770677924156189,0.7710962112494341,0.9989750695040845,0.04507799849911468,0.03560896643151448,128,True
feature-30686-1001--0.7-notebook-0.6-128,feature-30686,1001,-0.7,2,prompt,250,0,0.770677924156189,0.7710659394264221,0.9990435678958893,0.04344680531322956,0.036115629095584155,89,False
feature-30686-1001--0.7-notebook-0.6-128,feature-30686,1001,-0.7,2,generated,88,0,0.770677924156189,0.7711619219996713,0.9988517409021204,0.04769214310429313,0.034955185308883134,89,False
feature-30686-101-+0.0-notebook-0.6-128,feature-30686,101,0.0,1,prompt,91,91,0.0,0.0,1.0,0.0,0.0,94,False
feature-30686-101-+0.0-notebook-0.6-128,feature-30686,101,0.0,1,generated,93,93,0.0,0.0,1.0,0.0,0.0,94,False
feature-30686-101-+0.0-notebook-0.6-128,feature-30686,101,0.0,2,prompt,216,216,0.0,0.0,1.0,0.0,0.0,60,False
feature-30686-101-+0.0-notebook-0.6-128,feature-30686,101,0.0,2,generated,59,59,0.0,0.0,1.0,0.0,0.0,60,False
feature-30686-101-+0.1-notebook-0.6-128,feature-30686,101,0.1,1,prompt,91,0,0.11009684950113297,0.11348401722344724,0.9648734894427624,0.26918339598309865,0.005312659143333343,94,False
feature-30686-101-+0.1-notebook-0.6-128,feature-30686,101,0.1,1,generated,93,0,0.11009684950113297,0.11408264518425029,0.9570570184338477,0.2990705322834753,0.005156305102851763,94,False
feature-30686-101-+0.1-notebook-0.6-128,feature-30686,101,0.1,2,prompt,216,0,0.11009684950113297,0.11375011431260242,0.9617025901873907,0.28129032233523,0.0052984544902385635,60,False
feature-30686-101-+0.1-notebook-0.6-128,feature-30686,101,0.1,2,generated,59,0,0.11009684950113297,0.11423160666126315,0.9532823522212142,0.3130275556596659,0.005095982205880396,60,False
feature-30686-101-+0.2-notebook-0.6-128,feature-30686,101,0.2,1,prompt,91,0,0.22019369900226593,0.22230563468330508,0.9901227675951444,0.14072473822059212,0.010406081030301361,94,False
feature-30686-101-+0.2-notebook-0.6-128,feature-30686,101,0.2,1,generated,93,0,0.22019369900226593,0.2226794663295951,0.987977227857036,0.15553175930374413,0.010066257228934637,94,False
feature-30686-101-+0.2-notebook-0.6-128,feature-30686,101,0.2,2,prompt,216,0,0.22019369900226593,0.2224391943740624,0.9892659535010656,0.1465716309224566,0.010362112841970951,60,False
feature-30686-101-+0.2-notebook-0.6-128,feature-30686,101,0.2,2,generated,59,0,0.22019369900226593,0.22283949336763156,0.9868257843841941,0.16336243132413444,0.009940634244831941,60,False
feature-30686-101-+0.3-notebook-0.6-128,feature-30686,101,0.3,1,prompt,91,0,0.3302905559539795,0.3317195006779262,0.995462763440478,0.09509764783657514,0.015529043014944214,94,False
feature-30686-101-+0.3-notebook-0.6-128,feature-30686,101,0.3,1,generated,93,0,0.3302905559539795,0.3320876632326393,0.9944575005962003,0.1051630697423412,0.015013790999849638,94,False
feature-30686-101-+0.3-notebook-0.6-128,feature-30686,101,0.3,2,prompt,216,0,0.3302905559539795,0.3318728952220193,0.995060427321328,0.0990778054283173,0.015462014593207708,60,False
feature-30686-101-+0.3-notebook-0.6-128,feature-30686,101,0.3,2,generated,59,0,0.3302905559539795,0.3323165541988308,0.994006656994254,0.10976012859304073,0.014825146834729082,60,False
feature-30686-101-+0.4-notebook-0.6-128,feature-30686,101,0.4,1,prompt,91,0,0.44038739800453186,0.4412924647331238,0.9973567462229467,0.07244101441004774,0.020658609267979206,94,False
feature-30686-101-+0.4-notebook-0.6-128,feature-30686,101,0.4,1,generated,93,0,0.44038739800453186,0.44156213953930845,0.9967786791504071,0.08002474283178647,0.019963986450626005,94,False
feature-30686-101-+0.4-notebook-0.6-128,feature-30686,101,0.4,2,prompt,216,0,0.44038739800453186,0.4414053566201969,0.9971244715982013,0.07545365770864818,0.02056543242522619,60,False
feature-30686-101-+0.4-notebook-0.6-128,feature-30686,101,0.4,2,generated,59,0,0.44038739800453186,0.44163782212693814,0.996552577463247,0.08302744023375593,0.019702804953617564,60,False
feature-30686-101-+0.5-notebook-0.6-128,feature-30686,101,0.5,1,prompt,91,0,0.5504842400550842,0.5513655471277761,0.9982365775894333,0.05911872016040833,0.025812371686397755,94,False
feature-30686-101-+0.5-notebook-0.6-128,feature-30686,101,0.5,1,generated,93,0,0.5504842400550842,0.551722466304738,0.9978679495473062,0.06509842379118806,0.02494459433020443,94,False
feature-30686-101-+0.5-notebook-0.6-128,feature-30686,101,0.5,2,prompt,216,0,0.5504842400550842,0.5515178853163013,0.9980942223359037,0.06139521264574594,0.025696278218270488,60,False
feature-30686-101-+0.5-notebook-0.6-128,feature-30686,101,0.5,2,generated,59,0,0.5504842400550842,0.551732040057748,0.9977498620243396,0.06705336417939703,0.024614540354932768,60,False
feature-30686-101-+0.6-notebook-0.6-128,feature-30686,101,0.6,1,prompt,91,0,0.660581111907959,0.661566837148352,0.9987580953063545,0.049576459800476556,0.030971500403401287,94,False
feature-30686-101-+0.6-notebook-0.6-128,feature-30686,101,0.6,1,generated,93,0,0.660581111907959,0.6617340733928065,0.9984955986340841,0.05468530167815506,0.029919368585431448,94,False
feature-30686-101-+0.6-notebook-0.6-128,feature-30686,101,0.6,2,prompt,216,0,0.660581111907959,0.6616268756764906,0.9986582862006294,0.051501113197041884,0.03082707008407279,60,False
feature-30686-101-+0.6-notebook-0.6-128,feature-30686,101,0.6,2,generated,59,0,0.660581111907959,0.6617356963076834,0.9983965592869257,0.05659364795280715,0.029522102957559845,60,False
feature-30686-101-+0.7-notebook-0.6-128,feature-30686,101,0.7,1,prompt,91,0,0.770677924156189,0.7710631096756065,0.9990999547989814,0.042106006355894794,0.03609634276510185,94,False
feature-30686-101-+0.7-notebook-0.6-128,feature-30686,101,0.7,1,generated,93,0,0.770677924156189,0.771115779876709,0.9989097611878508,0.04649890009914675,0.034865310295454914,94,False
feature-30686-101-+0.7-notebook-0.6-128,feature-30686,101,0.7,2,prompt,216,0,0.770677924156189,0.7710780595187787,0.9990284117283644,0.04375090067171388,0.03592649288367721,60,False
feature-30686-101-+0.7-notebook-0.6-128,feature-30686,101,0.7,2,generated,59,0,0.770677924156189,0.7710617588738263,0.9988326278783507,0.04823590057381129,0.0344000917433177,60,False
feature-30686-101--0.1-notebook-0.6-128,feature-30686,101,-0.1,1,prompt,91,0,0.11009684950113297,0.1134871733221379,0.9648719462719593,0.26919928995462566,0.005312894070891991,94,False
feature-30686-101--0.1-notebook-0.6-128,feature-30686,101,-0.1,1,generated,93,0,0.11009684950113297,0.11406369907881624,0.9570403368242325,0.29909118433152476,0.005155399311534179,94,False
feature-30686-101--0.1-notebook-0.6-128,feature-30686,101,-0.1,2,prompt,216,0,0.11009684950113297,0.113751204063495,0.9617037858676027,0.2812908463593986,0.005298549534253888,60,False
feature-30686-101--0.1-notebook-0.6-128,feature-30686,101,-0.1,2,generated,59,0,0.11009684950113297,0.1142383360509145,0.9532531944371886,0.31314040190082487,0.00509628430955996,60,False
feature-30686-101--0.2-notebook-0.6-128,feature-30686,101,-0.2,1,prompt,91,0,0.22019369900226593,0.22229536581825424,0.9901269359903021,0.14068712760786434,0.010405536408083269,94,False
feature-30686-101--0.2-notebook-0.6-128,feature-30686,101,-0.2,1,generated,93,0,0.22019369900226593,0.22268715693104651,0.9879662702160497,0.15561117856733261,0.010066664337070399,94,False
feature-30686-101--0.2-notebook-0.6-128,feature-30686,101,-0.2,2,prompt,216,0,0.22019369900226593,0.22243838212280362,0.9892644771823177,0.14657751505297642,0.010362078495947773,101,False
feature-30686-101--0.2-notebook-0.6-128,feature-30686,101,-0.2,2,generated,100,0,0.22019369900226593,0.22288296937942506,0.9870215266942978,0.16211782306432723,0.009929074430838227,101,False
feature-30686-101--0.3-notebook-0.6-128,feature-30686,101,-0.3,1,prompt,91,0,0.3302905559539795,0.33175936603284145,0.9954669076007802,0.09507101495842357,0.015530879983798714,94,False
feature-30686-101--0.3-notebook-0.6-128,feature-30686,101,-0.3,1,generated,93,0,0.3302905559539795,0.33208628463488754,0.9944533737756873,0.10520890475280824,0.015013776829726594,94,False
feature-30686-101--0.3-notebook-0.6-128,feature-30686,101,-0.3,2,prompt,216,0,0.3302905559539795,0.331891514222931,0.9950625308685832,0.09906185335583156,0.015462887417756806,83,False
feature-30686-101--0.3-notebook-0.6-128,feature-30686,101,-0.3,2,generated,82,0,0.3302905559539795,0.3323287818490005,0.9939859051529955,0.10996784178948985,0.014816683830647933,83,False
feature-30686-101--0.4-notebook-0.6-128,feature-30686,101,-0.4,1,prompt,91,0,0.44038739800453186,0.4413191970888075,0.9973589398048737,0.07241566188551568,0.020659951962003546,94,False
feature-30686-101--0.4-notebook-0.6-128,feature-30686,101,-0.4,1,generated,93,0,0.44038739800453186,0.441562783333563,0.996774233797545,0.08008004877195564,0.01996395959248466,94,False
feature-30686-101--0.4-notebook-0.6-128,feature-30686,101,-0.4,2,prompt,216,0,0.44038739800453186,0.44140750473296203,0.9971249059394554,0.07544399706508827,0.020565530422404495,85,False
feature-30686-101--0.4-notebook-0.6-128,feature-30686,101,-0.4,2,generated,84,0,0.44038739800453186,0.4417368815768333,0.9965003778537115,0.08366200780229908,0.019631060926864546,85,False
feature-30686-101--0.5-notebook-0.6-128,feature-30686,101,-0.5,1,prompt,91,0,0.5504842400550842,0.5513598394917918,0.9982393161281125,0.059082311752078294,0.0258120585042359,94,False
feature-30686-101--0.5-notebook-0.6-128,feature-30686,101,-0.5,1,generated,93,0,0.5504842400550842,0.5517154726930844,0.9978663427855379,0.06512028559721926,0.024944342232199126,94,False
feature-30686-101--0.5-notebook-0.6-128,feature-30686,101,-0.5,2,prompt,216,0,0.5504842400550842,0.5515096212426821,0.9980962850429393,0.0613622872883247,0.02569587750298928,83,False
feature-30686-101--0.5-notebook-0.6-128,feature-30686,101,-0.5,2,generated,82,0,0.5504842400550842,0.5517628599957722,0.9977520660656255,0.0670351854457361,0.024600561412914498,83,False
feature-30686-101--0.6-notebook-0.6-128,feature-30686,101,-0.6,1,prompt,91,0,0.660581111907959,0.6614758136508229,0.9987586245432005,0.04956222301001077,0.030966918747923285,94,False
feature-30686-101--0.6-notebook-0.6-128,feature-30686,101,-0.6,1,generated,93,0,0.660581111907959,0.6617061002280122,0.9984941206952577,0.05470803191745153,0.029918055320459026,94,False
feature-30686-101--0.6-notebook-0.6-128,feature-30686,101,-0.6,2,prompt,216,0,0.660581111907959,0.6615841700522987,0.998657608197795,0.051510707251037714,0.030824902383890865,83,False
feature-30686-101--0.6-notebook-0.6-128,feature-30686,101,-0.6,2,generated,82,0,0.660581111907959,0.6617160737514496,0.9984026921958458,0.056499800349517564,0.029502702445336957,83,False
feature-30686-101--0.7-notebook-0.6-128,feature-30686,101,-0.7,1,prompt,91,0,0.770677924156189,0.7710195177204007,0.9991008187388326,0.04209274182525965,0.036094438642836534,94,False
feature-30686-101--0.7-notebook-0.6-128,feature-30686,101,-0.7,1,generated,93,0,0.770677924156189,0.771125187156021,0.9989075506887128,0.04654718426767216,0.03486548075752874,94,False
feature-30686-101--0.7-notebook-0.6-128,feature-30686,101,-0.7,2,prompt,216,0,0.770677924156189,0.7710776977516987,0.9990280954926102,0.043760991301732485,0.035926400239717354,87,False
feature-30686-101--0.7-notebook-0.6-128,feature-30686,101,-0.7,2,generated,86,0,0.770677924156189,0.7711297294428182,0.9988074240296386,0.04875879240937011,0.034022095504888265,87,False
feature-30686-202-+0.0-notebook-0.6-128,feature-30686,202,0.0,1,prompt,91,91,0.0,0.0,1.0,0.0,0.0,65,False
feature-30686-202-+0.0-notebook-0.6-128,feature-30686,202,0.0,1,generated,64,64,0.0,0.0,1.0,0.0,0.0,65,False
feature-30686-202-+0.0-notebook-0.6-128,feature-30686,202,0.0,2,prompt,187,187,0.0,0.0,1.0,0.0,0.0,61,False
feature-30686-202-+0.0-notebook-0.6-128,feature-30686,202,0.0,2,generated,60,60,0.0,0.0,1.0,0.0,0.0,61,False
feature-30686-202-+0.1-notebook-0.6-128,feature-30686,202,0.1,1,prompt,91,0,0.11009684950113297,0.11348401722344724,0.9648734894427624,0.26918339598309865,0.005312659143333343,65,False
feature-30686-202-+0.1-notebook-0.6-128,feature-30686,202,0.1,1,generated,64,0,0.11009684950113297,0.11416232446208596,0.9550491040572524,0.3062281319871545,0.005107325057906564,65,False
feature-30686-202-+0.1-notebook-0.6-128,feature-30686,202,0.1,2,prompt,187,0,0.11009684950113297,0.11372925930800923,0.9616150550026307,0.28142990387059785,0.005293469031962048,60,False
feature-30686-202-+0.1-notebook-0.6-128,feature-30686,202,0.1,2,generated,59,0,0.11009684950113297,0.11432737402491651,0.9527768714953277,0.3150025681924012,0.005118723469391718,60,False
feature-30686-202-+0.2-notebook-0.6-128,feature-30686,202,0.2,1,prompt,91,0,0.22019369900226593,0.22230563468330508,0.9901227675951444,0.14072473822059212,0.010406081030301361,65,False
feature-30686-202-+0.2-notebook-0.6-128,feature-30686,202,0.2,1,generated,64,0,0.22019369900226593,0.22284699394367635,0.9874111441895366,0.15935502527281642,0.009971267398213968,65,False
feature-30686-202-+0.2-notebook-0.6-128,feature-30686,202,0.2,2,prompt,187,0,0.22019369900226593,0.22246870581797737,0.9892472168978523,0.14665281421997967,0.010355529229855165,60,False
feature-30686-202-+0.2-notebook-0.6-128,feature-30686,202,0.2,2,generated,59,0,0.22019369900226593,0.22284339014756477,0.9866978707960097,0.1641756048647024,0.009977673290897224,60,False
feature-30686-202-+0.3-notebook-0.6-128,feature-30686,202,0.3,1,prompt,91,0,0.3302905559539795,0.3317195006779262,0.995462763440478,0.09509764783657514,0.015529043014944214,65,False
feature-30686-202-+0.3-notebook-0.6-128,feature-30686,202,0.3,1,generated,64,0,0.3302905559539795,0.33231005584821105,0.9942143326625228,0.10758871934376657,0.014870571656501852,65,False
feature-30686-202-+0.3-notebook-0.6-128,feature-30686,202,0.3,2,prompt,187,0,0.3302905559539795,0.3319185390510661,0.9950575796678105,0.09909798081386535,0.015452215681786344,60,False
feature-30686-202-+0.3-notebook-0.6-128,feature-30686,202,0.3,2,generated,59,0,0.3302905559539795,0.3324365934072915,0.9939420223236084,0.110388910492598,0.014885248695263418,60,False
feature-30686-202-+0.4-notebook-0.6-128,feature-30686,202,0.4,1,prompt,91,0,0.44038739800453186,0.4412924647331238,0.9973567462229467,0.07244101441004774,0.020658609267979206,65,False
feature-30686-202-+0.4-notebook-0.6-128,feature-30686,202,0.4,1,generated,64,0,0.44038739800453186,0.44159261090680957,0.9966559363529086,0.08159484597854316,0.019761690084123984,65,False
feature-30686-202-+0.4-notebook-0.6-128,feature-30686,202,0.4,2,prompt,187,0,0.44038739800453186,0.4414069386408291,0.9971285000204403,0.07538096457321376,0.02054991784012493,61,False
feature-30686-202-+0.4-notebook-0.6-128,feature-30686,202,0.4,2,generated,60,0,0.44038739800453186,0.44172977258761725,0.9965326855580012,0.08329422734677791,0.01978678535670042,61,False
feature-30686-202-+0.5-notebook-0.6-128,feature-30686,202,0.5,1,prompt,91,0,0.5504842400550842,0.5513655471277761,0.9982365775894333,0.05911872016040833,0.025812371686397755,65,False
feature-30686-202-+0.5-notebook-0.6-128,feature-30686,202,0.5,1,generated,64,0,0.5504842400550842,0.5517287999391556,0.9978012274950743,0.06615926168160513,0.02469056742847897,65,False
feature-30686-202-+0.5-notebook-0.6-128,feature-30686,202,0.5,2,prompt,187,0,0.5504842400550842,0.5515045966694062,0.9981028192183551,0.06124241245701351,0.025676348670584992,61,False
feature-30686-202-+0.5-notebook-0.6-128,feature-30686,202,0.5,2,generated,60,0,0.5504842400550842,0.5517988989750544,0.9977660457293193,0.06681884129842122,0.024717344250530005,61,False
feature-30686-202-+0.6-notebook-0.6-128,feature-30686,202,0.6,1,prompt,91,0,0.660581111907959,0.661566837148352,0.9987580953063545,0.049576459800476556,0.030971500403401287,65,False
feature-30686-202-+0.6-notebook-0.6-128,feature-30686,202,0.6,1,generated,64,0,0.660581111907959,0.6618284378200769,0.9984382502734661,0.055762858188245445,0.029618358821608126,65,False
feature-30686-202-+0.6-notebook-0.6-128,feature-30686,202,0.6,2,prompt,187,0,0.660581111907959,0.6616532349968977,0.9986593496990713,0.05146314444787362,0.030804867923439026,61,False
feature-30686-202-+0.6-notebook-0.6-128,feature-30686,202,0.6,2,generated,60,0,0.660581111907959,0.6616565893093745,0.9984039157629013,0.056439571020503836,0.029638399245838325,61,False
feature-30686-202-+0.7-notebook-0.6-128,feature-30686,202,0.7,1,prompt,91,0,0.770677924156189,0.7710631096756065,0.9990999547989814,0.042106006355894794,0.03609634276510185,128,True
feature-30686-202-+0.7-notebook-0.6-128,feature-30686,202,0.7,1,generated,127,0,0.770677924156189,0.7711160361297488,0.9988631718740688,0.047472283405464465,0.03381036490377948,128,True
feature-30686-202-+0.7-notebook-0.6-128,feature-30686,202,0.7,2,prompt,251,0,0.770677924156189,0.7710893353617999,0.9989876476417024,0.0446106979690225,0.035407676304916876,62,False
feature-30686-202-+0.7-notebook-0.6-128,feature-30686,202,0.7,2,generated,61,0,0.770677924156189,0.7710518377726195,0.9987823113066251,0.049229041535834794,0.033683687051544425,62,False
feature-30686-202--0.1-notebook-0.6-128,feature-30686,202,-0.1,1,prompt,91,0,0.11009684950113297,0.1134871733221379,0.9648719462719593,0.26919928995462566,0.005312894070891991,65,False
feature-30686-202--0.1-notebook-0.6-128,feature-30686,202,-0.1,1,generated,64,0,0.11009684950113297,0.1141672624507919,0.9549881899729371,0.3064266189467162,0.005107679782668129,65,False
feature-30686-202--0.1-notebook-0.6-128,feature-30686,202,-0.1,2,prompt,187,0,0.11009684950113297,0.11373842631113083,0.9615993276636868,0.2815060688850076,0.005293955229114453,74,False
feature-30686-202--0.1-notebook-0.6-128,feature-30686,202,-0.1,2,generated,73,0,0.11009684950113297,0.11428828272100998,0.9522971363916789,0.3163487588706082,0.005074205093902268,74,False
feature-30686-202--0.2-notebook-0.6-128,feature-30686,202,-0.2,1,prompt,91,0,0.22019369900226593,0.22229536581825424,0.9901269359903021,0.14068712760786434,0.010405536408083269,65,False
feature-30686-202--0.2-notebook-0.6-128,feature-30686,202,-0.2,1,generated,64,0,0.22019369900226593,0.222847409080714,0.9874038426205516,0.1593806294258684,0.009971195686375722,65,False
feature-30686-202--0.2-notebook-0.6-128,feature-30686,202,-0.2,2,prompt,187,0,0.22019369900226593,0.2224662074430741,0.9892458826462853,0.14665507804104352,0.010355445212543878,74,False
feature-30686-202--0.2-notebook-0.6-128,feature-30686,202,-0.2,2,generated,73,0,0.22019369900226593,0.22291273144009996,0.9865604051171917,0.16499878792730097,0.009897562317958433,74,False
feature-30686-202--0.3-notebook-0.6-128,feature-30686,202,-0.3,1,prompt,91,0,0.3302905559539795,0.33175936603284145,0.9954669076007802,0.09507101495842357,0.015530879983798714,65,False
feature-30686-202--0.3-notebook-0.6-128,feature-30686,202,-0.3,1,generated,64,0,0.3302905559539795,0.33229953655973077,0.9942091684788465,0.107632827013731,0.01487008664116729,65,False
feature-30686-202--0.3-notebook-0.6-128,feature-30686,202,-0.3,2,prompt,187,0,0.3302905559539795,0.331943060465675,0.9950588622832681,0.09909056039417491,0.01545334722953201,61,False
feature-30686-202--0.3-notebook-0.6-128,feature-30686,202,-0.3,2,generated,60,0,0.3302905559539795,0.3324344346920649,0.9939490576585134,0.11033301912248135,0.014890562556684018,61,False
feature-30686-202--0.4-notebook-0.6-128,feature-30686,202,-0.4,1,prompt,91,0,0.44038739800453186,0.4413191970888075,0.9973589398048737,0.07241566188551568,0.020659951962003546,65,False
feature-30686-202--0.4-notebook-0.6-128,feature-30686,202,-0.4,1,generated,64,0,0.44038739800453186,0.4415788184851408,0.9966462645679712,0.0817108215414919,0.019761040690355003,65,False
feature-30686-202--0.4-notebook-0.6-128,feature-30686,202,-0.4,2,prompt,187,0,0.44038739800453186,0.4414028350044699,0.9971274810041336,0.075388786945751,0.020549797720990498,74,False
feature-30686-202--0.4-notebook-0.6-128,feature-30686,202,-0.4,2,generated,73,0,0.44038739800453186,0.44174710936742284,0.9964834574150713,0.08383703313461721,0.019615494174091783,74,False
feature-30686-202--0.5-notebook-0.6-128,feature-30686,202,-0.5,1,prompt,91,0,0.5504842400550842,0.5513598394917918,0.9982393161281125,0.059082311752078294,0.0258120585042359,65,False
feature-30686-202--0.5-notebook-0.6-128,feature-30686,202,-0.5,1,generated,64,0,0.5504842400550842,0.5517230639234185,0.997797641903162,0.06620372517500073,0.024690348946023732,65,False
feature-30686-202--0.5-notebook-0.6-128,feature-30686,202,-0.5,2,prompt,187,0,0.5504842400550842,0.5514941894434353,0.9981045031292554,0.061218661500170905,0.02567573139701726,74,False
feature-30686-202--0.5-notebook-0.6-128,feature-30686,202,-0.5,2,generated,73,0,0.5504842400550842,0.5517877911868161,0.9977307099185578,0.06730889146254487,0.02450218592604546,74,False
feature-30686-202--0.6-notebook-0.6-128,feature-30686,202,-0.6,1,prompt,91,0,0.660581111907959,0.6614758136508229,0.9987586245432005,0.04956222301001077,0.030966918747923285,65,False
feature-30686-202--0.6-notebook-0.6-128,feature-30686,202,-0.6,1,generated,64,0,0.660581111907959,0.6617916086688638,0.9984352570027113,0.055809832469094545,0.029616715910378844,65,False
feature-30686-202--0.6-notebook-0.6-128,feature-30686,202,-0.6,2,prompt,187,0,0.660581111907959,0.6615902571117177,0.9986589436225075,0.051465845900901495,0.030801823843932926,74,False
feature-30686-202--0.6-notebook-0.6-128,feature-30686,202,-0.6,2,generated,73,0,0.660581111907959,0.6616853279610203,0.9983818424891119,0.05680557564921575,0.029382240971269673,74,False
feature-30686-202--0.7-notebook-0.6-128,feature-30686,202,-0.7,1,prompt,91,0,0.770677924156189,0.7710195177204007,0.9991008187388326,0.04209274182525965,0.036094438642836534,65,False
feature-30686-202--0.7-notebook-0.6-128,feature-30686,202,-0.7,1,generated,64,0,0.770677924156189,0.7711146036162972,0.9988718340173364,0.04733612691052258,0.03450955988955684,65,False
feature-30686-202--0.7-notebook-0.6-128,feature-30686,202,-0.7,2,prompt,187,0,0.770677924156189,0.7710668202390007,0.9990303159397553,0.043698564998526625,0.03589869398663548,61,False
feature-30686-202--0.7-notebook-0.6-128,feature-30686,202,-0.7,2,generated,60,0,0.770677924156189,0.7711126228173574,0.9988386243581772,0.04810345135629177,0.03454185745989283,61,False
feature-30686-303-+0.0-notebook-0.6-128,feature-30686,303,0.0,1,prompt,91,91,0.0,0.0,1.0,0.0,0.0,95,False
feature-30686-303-+0.0-notebook-0.6-128,feature-30686,303,0.0,1,generated,94,94,0.0,0.0,1.0,0.0,0.0,95,False
feature-30686-303-+0.0-notebook-0.6-128,feature-30686,303,0.0,2,prompt,217,217,0.0,0.0,1.0,0.0,0.0,107,False
feature-30686-303-+0.0-notebook-0.6-128,feature-30686,303,0.0,2,generated,106,106,0.0,0.0,1.0,0.0,0.0,107,False
feature-30686-303-+0.1-notebook-0.6-128,feature-30686,303,0.1,1,prompt,91,0,0.11009684950113297,0.11348401722344724,0.9648734894427624,0.26918339598309865,0.005312659143333343,95,False
feature-30686-303-+0.1-notebook-0.6-128,feature-30686,303,0.1,1,generated,94,0,0.11009684950113297,0.11406613870504055,0.9572189323445583,0.2984522963140873,0.005157281629780823,95,False
feature-30686-303-+0.1-notebook-0.6-128,feature-30686,303,0.1,2,prompt,217,0,0.11009684950113297,0.11373721059703606,0.9617440428601981,0.28110358002273717,0.005294984620783911,107,False
feature-30686-303-+0.1-notebook-0.6-128,feature-30686,303,0.1,2,generated,106,0,0.11009684950113297,0.11424739426880512,0.9519779923951851,0.317180039466552,0.005009535366212422,107,False
feature-30686-303-+0.2-notebook-0.6-128,feature-30686,303,0.2,1,prompt,91,0,0.22019369900226593,0.22230563468330508,0.9901227675951444,0.14072473822059212,0.010406081030301361,95,False
feature-30686-303-+0.2-notebook-0.6-128,feature-30686,303,0.2,1,generated,94,0,0.22019369900226593,0.22268262949395687,0.9879999433426147,0.1553982877509391,0.010069693408985721,95,False
feature-30686-303-+0.2-notebook-0.6-128,feature-30686,303,0.2,2,prompt,217,0,0.22019369900226593,0.22244471160497534,0.9892651927635966,0.14658224644474172,0.010356661693159757,107,False
feature-30686-303-+0.2-notebook-0.6-128,feature-30686,303,0.2,2,generated,106,0,0.22019369900226593,0.2230668468576557,0.9863978911120936,0.1660793069398628,0.009780798704837853,107,False
feature-30686-303-+0.3-notebook-0.6-128,feature-30686,303,0.3,1,prompt,91,0,0.3302905559539795,0.3317195006779262,0.995462763440478,0.09509764783657514,0.015529043014944214,95,False
feature-30686-303-+0.3-notebook-0.6-128,feature-30686,303,0.3,1,generated,94,0,0.3302905559539795,0.3320985731292278,0.9944704460336807,0.10503885356035639,0.015019350070902642,95,False
feature-30686-303-+0.3-notebook-0.6-128,feature-30686,303,0.3,2,prompt,217,0,0.3302905559539795,0.331878675980502,0.9950614439726975,0.09906902020016024,0.01545371111747401,118,False
feature-30686-303-+0.3-notebook-0.6-128,feature-30686,303,0.3,2,generated,117,0,0.3302905559539795,0.33225601402103394,0.9939754696992728,0.10998722840832849,0.014736901698076827,118,False
feature-30686-303-+0.4-notebook-0.6-128,feature-30686,303,0.4,1,prompt,91,0,0.44038739800453186,0.4412924647331238,0.9973567462229467,0.07244101441004774,0.020658609267979206,95,False
feature-30686-303-+0.4-notebook-0.6-128,feature-30686,303,0.4,1,generated,94,0,0.44038739800453186,0.4415812070699448,0.9967838918909113,0.07996026814935055,0.019971373233389347,95,False
feature-30686-303-+0.4-notebook-0.6-128,feature-30686,303,0.4,2,prompt,217,0,0.44038739800453186,0.44140734156155914,0.9971250891685486,0.07544470825640287,0.0205540037284764,107,False
feature-30686-303-+0.4-notebook-0.6-128,feature-30686,303,0.4,2,generated,106,0,0.44038739800453186,0.44173983864064487,0.9964329898357391,0.08440681118166672,0.019371233739942876,107,False
feature-30686-303-+0.5-notebook-0.6-128,feature-30686,303,0.5,1,prompt,91,0,0.5504842400550842,0.5513655471277761,0.9982365775894333,0.05911872016040833,0.025812371686397755,95,False
feature-30686-303-+0.5-notebook-0.6-128,feature-30686,303,0.5,1,generated,94,0,0.5504842400550842,0.5517081447104191,0.9978723868410638,0.06502901005776639,0.024952112796141745,95,False
feature-30686-303-+0.5-notebook-0.6-128,feature-30686,303,0.5,2,prompt,217,0,0.5504842400550842,0.5515211746439955,0.99809485701372,0.06138594798778059,0.02568202085142809,128,True
feature-30686-303-+0.5-notebook-0.6-128,feature-30686,303,0.5,2,generated,127,0,0.5504842400550842,0.5517434970600399,0.9977054553707754,0.06766778022402853,0.024538465064224295,128,True
feature-30686-303-+0.6-notebook-0.6-128,feature-30686,303,0.6,1,prompt,91,0,0.660581111907959,0.661566837148352,0.9987580953063545,0.049576459800476556,0.030971500403401287,95,False
feature-30686-303-+0.6-notebook-0.6-128,feature-30686,303,0.6,1,generated,94,0,0.660581111907959,0.6617286668178883,0.998499295812972,0.05462176087213323,0.02992884267834907,95,False
feature-30686-303-+0.6-notebook-0.6-128,feature-30686,303,0.6,2,prompt,217,0,0.660581111907959,0.6616191369597264,0.998659112211746,0.05148765489390369,0.030809532350985,128,True
feature-30686-303-+0.6-notebook-0.6-128,feature-30686,303,0.6,2,generated,127,0,0.660581111907959,0.6617915700739763,0.9983797561465286,0.05685749928664973,0.029432903711251387,128,True
feature-30686-303-+0.7-notebook-0.6-128,feature-30686,303,0.7,1,prompt,91,0,0.770677924156189,0.7710631096756065,0.9990999547989814,0.042106006355894794,0.03609634276510185,95,False
feature-30686-303-+0.7-notebook-0.6-128,feature-30686,303,0.7,1,generated,94,0,0.770677924156189,0.7711075106833843,0.9989117764412089,0.046458518132567406,0.034876292095856465,95,False
feature-30686-303-+0.7-notebook-0.6-128,feature-30686,303,0.7,2,prompt,217,0,0.770677924156189,0.7710864186836278,0.999028602228736,0.043749840423670784,0.0359068660801577,128,True
feature-30686-303-+0.7-notebook-0.6-128,feature-30686,303,0.7,2,generated,127,0,0.770677924156189,0.7710922829748139,0.998816998924796,0.048520300273350844,0.034294125807332244,128,True
feature-30686-303--0.1-notebook-0.6-128,feature-30686,303,-0.1,1,prompt,91,0,0.11009684950113297,0.1134871733221379,0.9648719462719593,0.26919928995462566,0.005312894070891991,95,False
feature-30686-303--0.1-notebook-0.6-128,feature-30686,303,-0.1,1,generated,94,0,0.11009684950113297,0.11403970998969484,0.957194632672249,0.29848177255468167,0.0051560424605107055,95,False
feature-30686-303--0.1-notebook-0.6-128,feature-30686,303,-0.1,2,prompt,217,0,0.11009684950113297,0.11373929741195819,0.9617437341246188,0.28111601933356256,0.005295122479660488,107,False
feature-30686-303--0.1-notebook-0.6-128,feature-30686,303,-0.1,2,generated,106,0,0.11009684950113297,0.11424728700855993,0.9519717912628965,0.3171912546990053,0.005009543923836834,107,False
feature-30686-303--0.2-notebook-0.6-128,feature-30686,303,-0.2,1,prompt,91,0,0.22019369900226593,0.22229536581825424,0.9901269359903021,0.14068712760786434,0.010405536408083269,95,False
feature-30686-303--0.2-notebook-0.6-128,feature-30686,303,-0.2,1,generated,94,0,0.22019369900226593,0.22268614157083186,0.987986593170369,0.15548579711863336,0.010069940179744934,95,False
feature-30686-303--0.2-notebook-0.6-128,feature-30686,303,-0.2,2,prompt,217,0,0.22019369900226593,0.22244051023287706,0.9892697235406269,0.14654526423474062,0.010356480577474562,107,False
feature-30686-303--0.2-notebook-0.6-128,feature-30686,303,-0.2,2,generated,106,0,0.22019369900226593,0.22304919530760567,0.9863832041902362,0.16615996228636437,0.009780014698165205,107,False
feature-30686-303--0.3-notebook-0.6-128,feature-30686,303,-0.3,1,prompt,91,0,0.3302905559539795,0.33175936603284145,0.9954669076007802,0.09507101495842357,0.015530879983798714,95,False
feature-30686-303--0.3-notebook-0.6-128,feature-30686,303,-0.3,1,generated,94,0,0.3302905559539795,0.33209345410478874,0.9944662489789597,0.10508285470782443,0.015019114882229491,95,False
feature-30686-303--0.3-notebook-0.6-128,feature-30686,303,-0.3,2,prompt,217,0,0.3302905559539795,0.33189889719958676,0.9950652454855256,0.09903582439581919,0.015454563503620357,122,False
feature-30686-303--0.3-notebook-0.6-128,feature-30686,303,-0.3,2,generated,121,0,0.3302905559539795,0.33226136974066744,0.9939946906625732,0.10986839511916657,0.014699842203562418,122,False
feature-30686-303--0.4-notebook-0.6-128,feature-30686,303,-0.4,1,prompt,91,0,0.44038739800453186,0.4413191970888075,0.9973589398048737,0.07241566188551568,0.020659951962003546,95,False
feature-30686-303--0.4-notebook-0.6-128,feature-30686,303,-0.4,1,generated,94,0,0.44038739800453186,0.4415651261806488,0.9967783258316365,0.08002634528786579,0.01997055232207826,95,False
feature-30686-303--0.4-notebook-0.6-128,feature-30686,303,-0.4,2,prompt,217,0,0.44038739800453186,0.4414150037798464,0.9971261354086036,0.07542714270578552,0.020554427121077076,107,False
feature-30686-303--0.4-notebook-0.6-128,feature-30686,303,-0.4,2,generated,106,0,0.44038739800453186,0.44174266086434416,0.9964326333324864,0.08441243693232536,0.019371328699701238,107,False
feature-30686-303--0.5-notebook-0.6-128,feature-30686,303,-0.5,1,prompt,91,0,0.5504842400550842,0.5513598394917918,0.9982393161281125,0.059082311752078294,0.0258120585042359,95,False
feature-30686-303--0.5-notebook-0.6-128,feature-30686,303,-0.5,1,generated,94,0,0.5504842400550842,0.5517079982351749,0.9978688841170453,0.06508126720152002,0.02495219948840268,95,False
feature-30686-303--0.5-notebook-0.6-128,feature-30686,303,-0.5,2,prompt,217,0,0.5504842400550842,0.5515178392559702,0.99809713902012,0.061349971382986014,0.025681845757687543,128,True
feature-30686-303--0.5-notebook-0.6-128,feature-30686,303,-0.5,2,generated,127,0,0.5504842400550842,0.5517642662281127,0.9978019468427644,0.06620925571036151,0.024971077805311662,128,True
feature-30686-303--0.6-notebook-0.6-128,feature-30686,303,-0.6,1,prompt,91,0,0.660581111907959,0.6614758136508229,0.9987586245432005,0.04956222301001077,0.030966918747923285,95,False
feature-30686-303--0.6-notebook-0.6-128,feature-30686,303,-0.6,1,generated,94,0,0.660581111907959,0.6616859499444353,0.9984972540368425,0.05465236357710463,0.029926873149072872,95,False
feature-30686-303--0.6-notebook-0.6-128,feature-30686,303,-0.6,2,prompt,217,0,0.660581111907959,0.6615767371819316,0.9986592778412428,0.05148007379080843,0.030807393571374776,122,False
feature-30686-303--0.6-notebook-0.6-128,feature-30686,303,-0.6,2,generated,121,0,0.660581111907959,0.6617650803455637,0.9983872928895241,0.0567748967465783,0.029277981420563273,122,False
feature-30686-303--0.7-notebook-0.6-128,feature-30686,303,-0.7,1,prompt,91,0,0.770677924156189,0.7710195177204007,0.9991008187388326,0.04209274182525965,0.036094438642836534,95,False
feature-30686-303--0.7-notebook-0.6-128,feature-30686,303,-0.7,1,generated,94,0,0.770677924156189,0.7711210307922769,0.9989098342175179,0.046499768628719004,0.03487669706265343,95,False
feature-30686-303--0.7-notebook-0.6-128,feature-30686,303,-0.7,2,prompt,217,0,0.770677924156189,0.7710824053957716,0.9990290051781088,0.04374206469561647,0.0359066328256979,128,True
feature-30686-303--0.7-notebook-0.6-128,feature-30686,303,-0.7,2,generated,127,0,0.770677924156189,0.771114133943723,0.9988615709965624,0.047578959747796926,0.03489882779109666,128,True
feature-30686-404-+0.0-notebook-0.6-128,feature-30686,404,0.0,1,prompt,91,91,0.0,0.0,1.0,0.0,0.0,63,False
feature-30686-404-+0.0-notebook-0.6-128,feature-30686,404,0.0,1,generated,62,62,0.0,0.0,1.0,0.0,0.0,63,False
feature-30686-404-+0.0-notebook-0.6-128,feature-30686,404,0.0,2,prompt,185,185,0.0,0.0,1.0,0.0,0.0,91,False
feature-30686-404-+0.0-notebook-0.6-128,feature-30686,404,0.0,2,generated,90,90,0.0,0.0,1.0,0.0,0.0,91,False
feature-30686-404-+0.1-notebook-0.6-128,feature-30686,404,0.1,1,prompt,91,0,0.11009684950113297,0.11348401722344724,0.9648734894427624,0.26918339598309865,0.005312659143333343,63,False
feature-30686-404-+0.1-notebook-0.6-128,feature-30686,404,0.1,1,generated,62,0,0.11009684950113297,0.11427721188914391,0.9504875358073942,0.3220799555701594,0.00487036221179991,63,False
feature-30686-404-+0.1-notebook-0.6-128,feature-30686,404,0.1,2,prompt,185,0,0.11009684950113297,0.11376609717671936,0.9601089951154348,0.28660375347008576,0.005244422409560758,74,False
feature-30686-404-+0.1-notebook-0.6-128,feature-30686,404,0.1,2,generated,73,0,0.11009684950113297,0.11452223758583199,0.9478868768639761,0.3310479468678775,0.004841132599809398,74,False
feature-30686-404-+0.2-notebook-0.6-128,feature-30686,404,0.2,1,prompt,91,0,0.22019369900226593,0.22230563468330508,0.9901227675951444,0.14072473822059212,0.010406081030301361,63,False
feature-30686-404-+0.2-notebook-0.6-128,feature-30686,404,0.2,1,generated,62,0,0.22019369900226593,0.22324211054271267,0.9860966965075462,0.1679097702426295,0.00951498509534905,63,False
feature-30686-404-+0.2-notebook-0.6-128,feature-30686,404,0.2,2,prompt,185,0,0.22019369900226593,0.22260823459238618,0.9888193249702454,0.1493976339295104,0.010263364524360294,91,False
feature-30686-404-+0.2-notebook-0.6-128,feature-30686,404,0.2,2,generated,90,0,0.22019369900226593,0.22331320097049076,0.9850115372074975,0.1744815026720365,0.009383752579904266,91,False
feature-30686-404-+0.3-notebook-0.6-128,feature-30686,404,0.3,1,prompt,91,0,0.3302905559539795,0.3317195006779262,0.995462763440478,0.09509764783657514,0.015529043014944214,63,False
feature-30686-404-+0.3-notebook-0.6-128,feature-30686,404,0.3,1,generated,62,0,0.3302905559539795,0.33235368997819964,0.9935942003803868,0.11339064543285678,0.014166216275865031,63,False
feature-30686-404-+0.3-notebook-0.6-128,feature-30686,404,0.3,2,prompt,185,0,0.3302905559539795,0.3319336388562177,0.9948594177091444,0.10090553671927066,0.015306491417042609,91,False
feature-30686-404-+0.3-notebook-0.6-128,feature-30686,404,0.3,2,generated,90,0,0.3302905559539795,0.33257273104455737,0.9931568695439232,0.11726511915524801,0.013976168021973637,91,False
feature-30686-404-+0.4-notebook-0.6-128,feature-30686,404,0.4,1,prompt,91,0,0.44038739800453186,0.4412924647331238,0.9973567462229467,0.07244101441004774,0.020658609267979206,63,False
feature-30686-404-+0.4-notebook-0.6-128,feature-30686,404,0.4,1,generated,62,0,0.44038739800453186,0.4417277209220394,0.9962915951205839,0.08609193431273583,0.018828413419185147,63,False
feature-30686-404-+0.4-notebook-0.6-128,feature-30686,404,0.4,2,prompt,185,0,0.44038739800453186,0.4414519050636807,0.9970157968031393,0.07673197410799362,0.0203575749579515,91,False
feature-30686-404-+0.4-notebook-0.6-128,feature-30686,404,0.4,2,generated,90,0,0.44038739800453186,0.441964234246148,0.9960341155529022,0.08902538195252419,0.018573491875496177,91,False
feature-30686-404-+0.5-notebook-0.6-128,feature-30686,404,0.5,1,prompt,91,0,0.5504842400550842,0.5513655471277761,0.9982365775894333,0.05911872016040833,0.025812371686397755,63,False
feature-30686-404-+0.5-notebook-0.6-128,feature-30686,404,0.5,1,generated,62,0,0.5504842400550842,0.5518511504896225,0.9975644590393189,0.0697620149942175,0.023523028669578415,63,False
feature-30686-404-+0.5-notebook-0.6-128,feature-30686,404,0.5,2,prompt,185,0,0.5504842400550842,0.5515262017378936,0.9980273794483494,0.062356112333568366,0.025434631965676878,74,False
feature-30686-404-+0.5-notebook-0.6-128,feature-30686,404,0.5,2,generated,73,0,0.5504842400550842,0.5520253393748035,0.997466794432026,0.0711492508241575,0.023337831363490182,74,False
feature-30686-404-+0.6-notebook-0.6-128,feature-30686,404,0.6,1,prompt,91,0,0.660581111907959,0.661566837148352,0.9987580953063545,0.049576459800476556,0.030971500403401287,63,False
feature-30686-404-+0.6-notebook-0.6-128,feature-30686,404,0.6,1,generated,62,0,0.660581111907959,0.6618599064888493,0.9982887458416724,0.058453532957261606,0.02821231585356497,63,False
feature-30686-404-+0.6-notebook-0.6-128,feature-30686,404,0.6,2,prompt,185,0,0.660581111907959,0.6616522995201317,0.998613013447942,0.05226688098061729,0.03051382539592482,91,False
feature-30686-404-+0.6-notebook-0.6-128,feature-30686,404,0.6,2,generated,90,0,0.660581111907959,0.661782921022839,0.9981804079479641,0.06024298866589864,0.02781217425233788,91,False
feature-30686-404-+0.7-notebook-0.6-128,feature-30686,404,0.7,1,prompt,91,0,0.770677924156189,0.7710631096756065,0.9990999547989814,0.042106006355894794,0.03609634276510185,63,False
feature-30686-404-+0.7-notebook-0.6-128,feature-30686,404,0.7,1,generated,62,0,0.770677924156189,0.7711624493522029,0.9987599801632666,0.04969622375022981,0.032871920975946614,63,False
feature-30686-404-+0.7-notebook-0.6-128,feature-30686,404,0.7,2,prompt,185,0,0.770677924156189,0.7711053854710347,0.99899463589127,0.04442313775621556,0.0355613758422535,86,False
feature-30686-404-+0.7-notebook-0.6-128,feature-30686,404,0.7,2,generated,85,0,0.770677924156189,0.7712014640078825,0.9986719552208395,0.05141811870476779,0.03240443441797705,86,False
feature-30686-404--0.1-notebook-0.6-128,feature-30686,404,-0.1,1,prompt,91,0,0.11009684950113297,0.1134871733221379,0.9648719462719593,0.26919928995462566,0.005312894070891991,63,False
feature-30686-404--0.1-notebook-0.6-128,feature-30686,404,-0.1,1,generated,62,0,0.11009684950113297,0.11428426434436152,0.9504989299081987,0.3220656576656526,0.004870630567893386,63,False
feature-30686-404--0.1-notebook-0.6-128,feature-30686,404,-0.1,2,prompt,185,0,0.11009684950113297,0.1137652439845575,0.9601077305304038,0.28660677776143356,0.005244476216801165,91,False
feature-30686-404--0.1-notebook-0.6-128,feature-30686,404,-0.1,2,generated,90,0,0.11009684950113297,0.11453723079628414,0.9473714649677276,0.33259535233179727,0.0048129416381319364,91,False
feature-30686-404--0.2-notebook-0.6-128,feature-30686,404,-0.2,1,prompt,91,0,0.22019369900226593,0.22229536581825424,0.9901269359903021,0.14068712760786434,0.010405536408083269,63,False
feature-30686-404--0.2-notebook-0.6-128,feature-30686,404,-0.2,1,generated,62,0,0.22019369900226593,0.22319658797594807,0.9860919531314604,0.16790669459489085,0.009513081276729222,63,False
feature-30686-404--0.2-notebook-0.6-128,feature-30686,404,-0.2,2,prompt,185,0,0.22019369900226593,0.22259110647278862,0.9888206388499285,0.14937169974720155,0.010262560917259621,91,False
feature-30686-404--0.2-notebook-0.6-128,feature-30686,404,-0.2,2,generated,90,0,0.22019369900226593,0.22327532205316755,0.984995092286004,0.17454406486617194,0.00938212713226676,91,False
feature-30686-404--0.3-notebook-0.6-128,feature-30686,404,-0.3,1,prompt,91,0,0.3302905559539795,0.33175936603284145,0.9954669076007802,0.09507101495842357,0.015530879983798714,63,False
feature-30686-404--0.3-notebook-0.6-128,feature-30686,404,-0.3,1,generated,62,0,0.3302905559539795,0.3323536582531468,0.9935924285842527,0.11340748086091011,0.014166193818973919,63,False
feature-30686-404--0.3-notebook-0.6-128,feature-30686,404,-0.3,2,prompt,185,0,0.3302905559539795,0.3319671759734283,0.9948602096454517,0.10090941561234965,0.015308031337052533,91,False
feature-30686-404--0.3-notebook-0.6-128,feature-30686,404,-0.3,2,generated,90,0,0.3302905559539795,0.3326156023475859,0.9931519806385041,0.11732624338732825,0.01397791707681285,91,False
feature-30686-404--0.4-notebook-0.6-128,feature-30686,404,-0.4,1,prompt,91,0,0.44038739800453186,0.4413191970888075,0.9973589398048737,0.07241566188551568,0.020659951962003546,128,True
feature-30686-404--0.4-notebook-0.6-128,feature-30686,404,-0.4,1,generated,127,0,0.44038739800453186,0.4418059118150726,0.9962035558355136,0.08710913911579161,0.01844636975662915,128,True
feature-30686-404--0.4-notebook-0.6-128,feature-30686,404,-0.4,2,prompt,251,0,0.44038739800453186,0.4415588488141854,0.9967809689947333,0.07970165605267206,0.01977867427846951,128,True
feature-30686-404--0.4-notebook-0.6-128,feature-30686,404,-0.4,2,generated,127,0,0.44038739800453186,0.44182561490479416,0.9962354072435634,0.08672913463096919,0.01859636563719727,128,True
feature-30686-404--0.5-notebook-0.6-128,feature-30686,404,-0.5,1,prompt,91,0,0.5504842400550842,0.5513598394917918,0.9982393161281125,0.059082311752078294,0.0258120585042359,63,False
feature-30686-404--0.5-notebook-0.6-128,feature-30686,404,-0.5,1,generated,62,0,0.5504842400550842,0.5518464676795467,0.997562785302439,0.06978137190303495,0.023522760959402207,63,False
feature-30686-404--0.5-notebook-0.6-128,feature-30686,404,-0.5,2,prompt,185,0,0.5504842400550842,0.551525751964466,0.9980281833055857,0.06234418937080615,0.025434563515040823,91,False
feature-30686-404--0.5-notebook-0.6-128,feature-30686,404,-0.5,2,generated,90,0,0.5504842400550842,0.5520198947853512,0.9974363267421722,0.07156000894804795,0.02319880663934681,91,False
feature-30686-404--0.6-notebook-0.6-128,feature-30686,404,-0.6,1,prompt,91,0,0.660581111907959,0.6614758136508229,0.9987586245432005,0.04956222301001077,0.030966918747923285,63,False
feature-30686-404--0.6-notebook-0.6-128,feature-30686,404,-0.6,1,generated,62,0,0.660581111907959,0.6618035637563274,0.9982900638734141,0.05842348326358103,0.02821001176151537,63,False
feature-30686-404--0.6-notebook-0.6-128,feature-30686,404,-0.6,2,prompt,185,0,0.660581111907959,0.6615983163988268,0.9986142793217221,0.052237210885898486,0.030511266353691148,91,False
feature-30686-404--0.6-notebook-0.6-128,feature-30686,404,-0.6,2,generated,90,0,0.660581111907959,0.6617728266451094,0.9981813854641385,0.06022770197855102,0.027811733964416715,91,False
feature-30686-404--0.7-notebook-0.6-128,feature-30686,404,-0.7,1,prompt,91,0,0.770677924156189,0.7710195177204007,0.9991008187388326,0.04209274182525965,0.036094438642836534,63,False
feature-30686-404--0.7-notebook-0.6-128,feature-30686,404,-0.7,1,generated,62,0,0.770677924156189,0.7710916448024011,0.9987578094005585,0.04973669566454426,0.032868927765277126,63,False
feature-30686-404--0.7-notebook-0.6-128,feature-30686,404,-0.7,2,prompt,185,0,0.770677924156189,0.7710503893929559,0.9989948855864035,0.04441515668421178,0.035558974959358974,91,False
feature-30686-404--0.7-notebook-0.6-128,feature-30686,404,-0.7,2,generated,90,0,0.770677924156189,0.771238652865092,0.9986756417486403,0.051347277272078724,0.0324123526405957,91,False
feature-30686-505-+0.0-notebook-0.6-128,feature-30686,505,0.0,1,prompt,91,91,0.0,0.0,1.0,0.0,0.0,89,False
feature-30686-505-+0.0-notebook-0.6-128,feature-30686,505,0.0,1,generated,88,88,0.0,0.0,1.0,0.0,0.0,89,False
feature-30686-505-+0.0-notebook-0.6-128,feature-30686,505,0.0,2,prompt,211,211,0.0,0.0,1.0,0.0,0.0,93,False
feature-30686-505-+0.0-notebook-0.6-128,feature-30686,505,0.0,2,generated,92,92,0.0,0.0,1.0,0.0,0.0,93,False
feature-30686-505-+0.1-notebook-0.6-128,feature-30686,505,0.1,1,prompt,91,0,0.11009684950113297,0.11348401722344724,0.9648734894427624,0.26918339598309865,0.005312659143333343,89,False
feature-30686-505-+0.1-notebook-0.6-128,feature-30686,505,0.1,1,generated,88,0,0.11009684950113297,0.11409431839869781,0.9565188119357283,0.3010847380554134,0.005108838398221203,89,False
feature-30686-505-+0.1-notebook-0.6-128,feature-30686,505,0.1,2,prompt,211,0,0.11009684950113297,0.11374899942728016,0.9614758584736648,0.28217093469972293,0.005274365260003695,93,False
feature-30686-505-+0.1-notebook-0.6-128,feature-30686,505,0.1,2,generated,92,0,0.11009684950113297,0.1143064828508574,0.9523458668719167,0.31630073261001834,0.0050384982428311005,93,False
feature-30686-505-+0.2-notebook-0.6-128,feature-30686,505,0.2,1,prompt,91,0,0.22019369900226593,0.22230563468330508,0.9901227675951444,0.14072473822059212,0.010406081030301361,89,False
feature-30686-505-+0.2-notebook-0.6-128,feature-30686,505,0.2,1,generated,88,0,0.22019369900226593,0.22271509756418792,0.9878226484764706,0.15663214832205663,0.009973658725026657,89,False
feature-30686-505-+0.2-notebook-0.6-128,feature-30686,505,0.2,2,prompt,211,0,0.22019369900226593,0.22246249740440133,0.9892040036300912,0.14703800123167263,0.010316038234032453,93,False
feature-30686-505-+0.2-notebook-0.6-128,feature-30686,505,0.2,2,generated,92,0,0.22019369900226593,0.22306238114833832,0.9864602821028751,0.16582253429552782,0.00983220968476456,93,False
feature-30686-505-+0.3-notebook-0.6-128,feature-30686,505,0.3,1,prompt,91,0,0.3302905559539795,0.3317195006779262,0.995462763440478,0.09509764783657514,0.015529043014944214,89,False
feature-30686-505-+0.3-notebook-0.6-128,feature-30686,505,0.3,1,generated,88,0,0.3302905559539795,0.3321027308702469,0.9943834482268854,0.10592367516999895,0.014873964256945659,89,False
feature-30686-505-+0.3-notebook-0.6-128,feature-30686,505,0.3,2,prompt,211,0,0.3302905559539795,0.33188469517287483,0.9950314912750823,0.09938586196063254,0.015392174246617244,93,False
feature-30686-505-+0.3-notebook-0.6-128,feature-30686,505,0.3,2,generated,92,0,0.3302905559539795,0.3324101570507754,0.9938699032949365,0.11102982480888782,0.014653262591151439,93,False
feature-30686-505-+0.4-notebook-0.6-128,feature-30686,505,0.4,1,prompt,91,0,0.44038739800453186,0.4412924647331238,0.9973567462229467,0.07244101441004774,0.020658609267979206,89,False
feature-30686-505-+0.4-notebook-0.6-128,feature-30686,505,0.4,1,generated,88,0,0.44038739800453186,0.44156617671251297,0.9967351853847504,0.08061163279820573,0.01977699527262964,89,False
feature-30686-505-+0.4-notebook-0.6-128,feature-30686,505,0.4,2,prompt,211,0,0.44038739800453186,0.4414076974606627,0.9971069334807554,0.07569344218167083,0.02047191931252584,93,False
feature-30686-505-+0.4-notebook-0.6-128,feature-30686,505,0.4,2,generated,92,0,0.44038739800453186,0.4417350379669148,0.9964531277832778,0.08422209905541461,0.019472705281299095,93,False
feature-30686-505-+0.5-notebook-0.6-128,feature-30686,505,0.5,1,prompt,91,0,0.5504842400550842,0.5513655471277761,0.9982365775894333,0.05911872016040833,0.025812371686397755,89,False
feature-30686-505-+0.5-notebook-0.6-128,feature-30686,505,0.5,1,generated,88,0,0.5504842400550842,0.5517609573223374,0.9978357763452963,0.06563078239560127,0.02471262931993062,89,False
feature-30686-505-+0.5-notebook-0.6-128,feature-30686,505,0.5,2,prompt,211,0,0.5504842400550842,0.5515350086429108,0.9980806496471025,0.06162430852722218,0.025580046919695325,93,False
feature-30686-505-+0.5-notebook-0.6-128,feature-30686,505,0.5,2,generated,92,0,0.5504842400550842,0.5518226519874905,0.9976930870957996,0.06790719298726838,0.02432580423824813,93,False
feature-30686-505-+0.6-notebook-0.6-128,feature-30686,505,0.6,1,prompt,91,0,0.660581111907959,0.661566837148352,0.9987580953063545,0.049576459800476556,0.030971500403401287,89,False
feature-30686-505-+0.6-notebook-0.6-128,feature-30686,505,0.6,1,generated,88,0,0.660581111907959,0.6617642126300118,0.9984779486602003,0.055040390992706474,0.029640215554867278,89,False
feature-30686-505-+0.6-notebook-0.6-128,feature-30686,505,0.6,2,prompt,211,0,0.660581111907959,0.6616281496970009,0.9986500163778874,0.05166979421865884,0.030686677034096835,93,False
feature-30686-505-+0.6-notebook-0.6-128,feature-30686,505,0.6,2,generated,92,0,0.660581111907959,0.6617533784845601,0.9983677423518637,0.057098025820501476,0.029172140942967457,93,False
feature-30686-505-+0.7-notebook-0.6-128,feature-30686,505,0.7,1,prompt,91,0,0.770677924156189,0.7710631096756065,0.9990999547989814,0.042106006355894794,0.03609634276510185,89,False
feature-30686-505-+0.7-notebook-0.6-128,feature-30686,505,0.7,1,generated,88,0,0.770677924156189,0.7711203531785444,0.9988945336504416,0.046855052509768444,0.0345386599232866,89,False
feature-30686-505-+0.7-notebook-0.6-128,feature-30686,505,0.7,2,prompt,211,0,0.770677924156189,0.7710901535517797,0.999021399077646,0.043918066159314456,0.03576339942720935,93,False
feature-30686-505-+0.7-notebook-0.6-128,feature-30686,505,0.7,2,generated,92,0,0.770677924156189,0.7711048067911811,0.9988096265689187,0.048706044766889965,0.0339930700948057,93,False
feature-30686-505--0.1-notebook-0.6-128,feature-30686,505,-0.1,1,prompt,91,0,0.11009684950113297,0.1134871733221379,0.9648719462719593,0.26919928995462566,0.005312894070891991,89,False
feature-30686-505--0.1-notebook-0.6-128,feature-30686,505,-0.1,1,generated,88,0,0.11009684950113297,0.11406728091903708,0.9564847343347289,0.30114843882620335,0.005107580329587852,89,False
feature-30686-505--0.1-notebook-0.6-128,feature-30686,505,-0.1,2,prompt,211,0,0.11009684950113297,0.1137471097693624,0.9614674352921581,0.282201293308588,0.005274266968575037,93,False
feature-30686-505--0.1-notebook-0.6-128,feature-30686,505,-0.1,2,generated,92,0,0.11009684950113297,0.11432107035880504,0.9523378727228745,0.3163707962502604,0.005039095620462752,93,False
feature-30686-505--0.2-notebook-0.6-128,feature-30686,505,-0.2,1,prompt,91,0,0.22019369900226593,0.22229536581825424,0.9901269359903021,0.14068712760786434,0.010405536408083269,103,False
feature-30686-505--0.2-notebook-0.6-128,feature-30686,505,-0.2,1,generated,102,0,0.22019369900226593,0.22271749333423727,0.9879790001055774,0.15554638141218355,0.009957199112749567,103,False
feature-30686-505--0.2-notebook-0.6-128,feature-30686,505,-0.2,2,prompt,225,0,0.22019369900226593,0.2224894255399704,0.989184394147661,0.14716447535488342,0.01028969524622274,71,False
feature-30686-505--0.2-notebook-0.6-128,feature-30686,505,-0.2,2,generated,70,0,0.22019369900226593,0.22302847376891544,0.9864230973379953,0.16595206835440227,0.009798905639243977,71,False
feature-30686-505--0.3-notebook-0.6-128,feature-30686,505,-0.3,1,prompt,91,0,0.3302905559539795,0.33175936603284145,0.9954669076007802,0.09507101495842357,0.015530879983798714,89,False
feature-30686-505--0.3-notebook-0.6-128,feature-30686,505,-0.3,1,generated,88,0,0.3302905559539795,0.3321123583750291,0.9943795786662535,0.10597075132483785,0.014874403523704545,89,False
feature-30686-505--0.3-notebook-0.6-128,feature-30686,505,-0.3,2,prompt,211,0,0.3302905559539795,0.3319008111671249,0.9950335991891075,0.09937130462078121,0.015392832136221928,128,False
feature-30686-505--0.3-notebook-0.6-128,feature-30686,505,-0.3,2,generated,127,0,0.3302905559539795,0.3323411354868431,0.9938329228266017,0.1113535548875651,0.014604654082456443,128,False
feature-30686-505--0.4-notebook-0.6-128,feature-30686,505,-0.4,1,prompt,91,0,0.44038739800453186,0.4413191970888075,0.9973589398048737,0.07241566188551568,0.020659951962003546,103,False
feature-30686-505--0.4-notebook-0.6-128,feature-30686,505,-0.4,1,generated,102,0,0.44038739800453186,0.4415330948198543,0.9967826967145882,0.07996172501760371,0.01974290377442159,103,False
feature-30686-505--0.4-notebook-0.6-128,feature-30686,505,-0.4,2,prompt,225,0,0.44038739800453186,0.44140097088283964,0.9971090290281508,0.07564976841211318,0.020417098083481605,71,False
feature-30686-505--0.4-notebook-0.6-128,feature-30686,505,-0.4,2,generated,70,0,0.44038739800453186,0.4417694926261902,0.9964488370077951,0.08427195229700633,0.019410443039877073,71,False
feature-30686-505--0.5-notebook-0.6-128,feature-30686,505,-0.5,1,prompt,91,0,0.5504842400550842,0.5513598394917918,0.9982393161281125,0.059082311752078294,0.0258120585042359,89,False
feature-30686-505--0.5-notebook-0.6-128,feature-30686,505,-0.5,1,generated,88,0,0.5504842400550842,0.5517514984716069,0.9978342841972004,0.06565129409798166,0.024712314067239113,89,False
feature-30686-505--0.5-notebook-0.6-128,feature-30686,505,-0.5,2,prompt,211,0,0.5504842400550842,0.5515347411282254,0.9980830027593821,0.06158850357925157,0.025580068555565647,93,False
feature-30686-505--0.5-notebook-0.6-128,feature-30686,505,-0.5,2,generated,92,0,0.5504842400550842,0.5518307420222656,0.9976970987475436,0.0678503180084669,0.024326153140029182,93,False
feature-30686-505--0.6-notebook-0.6-128,feature-30686,505,-0.6,1,prompt,91,0,0.660581111907959,0.6614758136508229,0.9987586245432005,0.04956222301001077,0.030966918747923285,89,False
feature-30686-505--0.6-notebook-0.6-128,feature-30686,505,-0.6,1,generated,88,0,0.660581111907959,0.6617253334684805,0.9984751655296846,0.05508601199835539,0.029638477812775156,89,False
feature-30686-505--0.6-notebook-0.6-128,feature-30686,505,-0.6,2,prompt,211,0,0.660581111907959,0.661586241699508,0.9986498731572481,0.051670580254911815,0.030684589455235237,128,False
feature-30686-505--0.6-notebook-0.6-128,feature-30686,505,-0.6,2,generated,127,0,0.660581111907959,0.6617741476832413,0.9983594276773649,0.057257755124193475,0.029081946796202286,128,False
feature-30686-505--0.7-notebook-0.6-128,feature-30686,505,-0.7,1,prompt,91,0,0.770677924156189,0.7710195177204007,0.9991008187388326,0.04209274182525965,0.036094438642836534,89,False
feature-30686-505--0.7-notebook-0.6-128,feature-30686,505,-0.7,1,generated,88,0,0.770677924156189,0.7711346969008446,0.9988925382494926,0.04689662653783506,0.034539057915522295,89,False
feature-30686-505--0.7-notebook-0.6-128,feature-30686,505,-0.7,2,prompt,211,0,0.770677924156189,0.7710741026706606,0.9990218959713434,0.04390819328373642,0.03576256434093296,121,False
feature-30686-505--0.7-notebook-0.6-128,feature-30686,505,-0.7,2,generated,120,0,0.770677924156189,0.7710959588487943,0.9988022441665332,0.04884838393578927,0.03392025164018075,121,False
feature-30686-606-+0.0-notebook-0.6-128,feature-30686,606,0.0,1,prompt,91,91,0.0,0.0,1.0,0.0,0.0,92,False
feature-30686-606-+0.0-notebook-0.6-128,feature-30686,606,0.0,1,generated,91,91,0.0,0.0,1.0,0.0,0.0,92,False
feature-30686-606-+0.0-notebook-0.6-128,feature-30686,606,0.0,2,prompt,214,214,0.0,0.0,1.0,0.0,0.0,3,False
feature-30686-606-+0.0-notebook-0.6-128,feature-30686,606,0.0,2,generated,2,2,0.0,0.0,1.0,0.0,0.0,3,False
feature-30686-606-+0.1-notebook-0.6-128,feature-30686,606,0.1,1,prompt,91,0,0.11009684950113297,0.11348401722344724,0.9648734894427624,0.26918339598309865,0.005312659143333343,87,False
feature-30686-606-+0.1-notebook-0.6-128,feature-30686,606,0.1,1,generated,86,0,0.11009684950113297,0.11411362132707308,0.9552281110785729,0.30578188702117565,0.00496894674007456,87,False
feature-30686-606-+0.1-notebook-0.6-128,feature-30686,606,0.1,2,prompt,209,0,0.11009684950113297,0.1137452156563695,0.9609252351322813,0.28414713744626663,0.0052147338726768345,3,False
feature-30686-606-+0.1-notebook-0.6-128,feature-30686,606,0.1,2,generated,2,0,0.11009684950113297,0.11417316272854805,0.9581684768199921,0.296821191906929,0.005475465441122651,3,False
feature-30686-606-+0.2-notebook-0.6-128,feature-30686,606,0.2,1,prompt,91,0,0.22019369900226593,0.22230563468330508,0.9901227675951444,0.14072473822059212,0.010406081030301361,92,False
feature-30686-606-+0.2-notebook-0.6-128,feature-30686,606,0.2,1,generated,91,0,0.22019369900226593,0.22276073284856565,0.987586029283293,0.15827585895965388,0.009716017816502314,92,False
feature-30686-606-+0.2-notebook-0.6-128,feature-30686,606,0.2,2,prompt,214,0,0.22019369900226593,0.22250159328507485,0.9890728450824167,0.14794583841462003,0.010193631186930107,3,False
feature-30686-606-+0.2-notebook-0.6-128,feature-30686,606,0.2,2,generated,2,0,0.22019369900226593,0.22257615625858307,0.9883782863616943,0.15357286483049393,0.010660099796950817,3,False
feature-30686-606-+0.3-notebook-0.6-128,feature-30686,606,0.3,1,prompt,91,0,0.3302905559539795,0.3317195006779262,0.995462763440478,0.09509764783657514,0.015529043014944214,84,False
feature-30686-606-+0.3-notebook-0.6-128,feature-30686,606,0.3,1,generated,83,0,0.3302905559539795,0.332208984587566,0.9941102050873171,0.10846241033938994,0.014344544531440878,84,False
feature-30686-606-+0.3-notebook-0.6-128,feature-30686,606,0.3,2,prompt,206,0,0.3302905559539795,0.331934006902778,0.9949496148280728,0.10008001779612985,0.015281338083899119,58,False
feature-30686-606-+0.3-notebook-0.6-128,feature-30686,606,0.3,2,generated,57,0,0.3302905559539795,0.3325436768824594,0.9933564014602125,0.11551726334973385,0.014123281709065563,58,False
feature-30686-606-+0.4-notebook-0.6-128,feature-30686,606,0.4,1,prompt,91,0,0.44038739800453186,0.4412924647331238,0.9973567462229467,0.07244101441004774,0.020658609267979206,84,False
feature-30686-606-+0.4-notebook-0.6-128,feature-30686,606,0.4,1,generated,83,0,0.44038739800453186,0.4416431942618037,0.9965545901332993,0.08282298154859657,0.019070528963782703,84,False
feature-30686-606-+0.4-notebook-0.6-128,feature-30686,606,0.4,2,prompt,206,0,0.44038739800453186,0.44142357021280865,0.9970528602021412,0.07629498971391072,0.02032276896931665,58,False
feature-30686-606-+0.4-notebook-0.6-128,feature-30686,606,0.4,2,generated,57,0,0.44038739800453186,0.44194783976203517,0.9961729122881304,0.08746400384003655,0.018770079765664905,58,False
feature-30686-606-+0.5-notebook-0.6-128,feature-30686,606,0.5,1,prompt,91,0,0.5504842400550842,0.5513655471277761,0.9982365775894333,0.05911872016040833,0.025812371686397755,84,False
feature-30686-606-+0.5-notebook-0.6-128,feature-30686,606,0.5,1,generated,83,0,0.5504842400550842,0.551762701517128,0.9977371987090053,0.06713336064334376,0.023825621209948897,84,False
feature-30686-606-+0.5-notebook-0.6-128,feature-30686,606,0.5,2,prompt,206,0,0.5504842400550842,0.5515165875837641,0.9980518977040226,0.06201544367861979,0.025391946312207366,58,False
feature-30686-606-+0.5-notebook-0.6-128,feature-30686,606,0.5,2,generated,57,0,0.5504842400550842,0.5519783475942779,0.9975151147758752,0.07044359825943645,0.02344364627150067,58,False
feature-30686-606-+0.6-notebook-0.6-128,feature-30686,606,0.6,1,prompt,91,0,0.660581111907959,0.661566837148352,0.9987580953063545,0.049576459800476556,0.030971500403401287,84,False
feature-30686-606-+0.6-notebook-0.6-128,feature-30686,606,0.6,1,generated,83,0,0.660581111907959,0.6616394807057209,0.9983986630497208,0.05644966468933117,0.0285705973854266,84,False
feature-30686-606-+0.6-notebook-0.6-128,feature-30686,606,0.6,2,prompt,206,0,0.660581111907959,0.66158546058877,0.9986262280964157,0.05204898280823983,0.030460298981390965,58,False
feature-30686-606-+0.6-notebook-0.6-128,feature-30686,606,0.6,2,generated,57,0,0.660581111907959,0.6616547254093906,0.9982345679350066,0.059327356974806705,0.028102567811545572,58,False
feature-30686-606-+0.7-notebook-0.6-128,feature-30686,606,0.7,1,prompt,91,0,0.770677924156189,0.7710631096756065,0.9990999547989814,0.042106006355894794,0.03609634276510185,84,False
feature-30686-606-+0.7-notebook-0.6-128,feature-30686,606,0.7,1,generated,83,0,0.770677924156189,0.7710608782538448,0.9988363349294088,0.04807214232453381,0.03329603454793792,84,False
feature-30686-606-+0.7-notebook-0.6-128,feature-30686,606,0.7,2,prompt,206,0,0.770677924156189,0.7710611065035885,0.9990040633863616,0.04424524769295477,0.035500402208553286,58,False
feature-30686-606-+0.7-notebook-0.6-128,feature-30686,606,0.7,2,generated,57,0,0.770677924156189,0.7711420738906191,0.9987090982888874,0.050694686605742105,0.032752697110960356,58,False
feature-30686-606--0.1-notebook-0.6-128,feature-30686,606,-0.1,1,prompt,91,0,0.11009684950113297,0.1134871733221379,0.9648719462719593,0.26919928995462566,0.005312894070891991,87,False
feature-30686-606--0.1-notebook-0.6-128,feature-30686,606,-0.1,1,generated,86,0,0.11009684950113297,0.11410357023394385,0.9552166877790939,0.30579077175190283,0.004968499326212115,87,False
feature-30686-606--0.1-notebook-0.6-128,feature-30686,606,-0.1,2,prompt,209,0,0.11009684950113297,0.11375169545126874,0.9609281543339269,0.2841540094482842,0.005214997044342245,3,False
feature-30686-606--0.1-notebook-0.6-128,feature-30686,606,-0.1,2,generated,2,0,0.11009684950113297,0.11411286517977715,0.9582030177116394,0.29655298590660095,0.005472561577335,3,False
feature-30686-606--0.2-notebook-0.6-128,feature-30686,606,-0.2,1,prompt,91,0,0.22019369900226593,0.22229536581825424,0.9901269359903021,0.14068712760786434,0.010405536408083269,87,False
feature-30686-606--0.2-notebook-0.6-128,feature-30686,606,-0.2,1,generated,86,0,0.22019369900226593,0.22282188195128774,0.9874743645967439,0.15902498598362125,0.009702897154141304,87,False
feature-30686-606--0.2-notebook-0.6-128,feature-30686,606,-0.2,2,prompt,209,0,0.22019369900226593,0.22251746037074824,0.9890706881381678,0.1479562985127052,0.01020229167099396,3,False
feature-30686-606--0.2-notebook-0.6-128,feature-30686,606,-0.2,2,generated,2,0,0.22019369900226593,0.22254738211631775,0.9883712828159332,0.15360695123672485,0.010672463104128838,3,False
feature-30686-606--0.3-notebook-0.6-128,feature-30686,606,-0.3,1,prompt,91,0,0.3302905559539795,0.33175936603284145,0.9954669076007802,0.09507101495842357,0.015530879983798714,87,False
feature-30686-606--0.3-notebook-0.6-128,feature-30686,606,-0.3,1,generated,86,0,0.3302905559539795,0.3321675024060316,0.9942313515862753,0.10742736261251361,0.014465715833614732,87,False
feature-30686-606--0.3-notebook-0.6-128,feature-30686,606,-0.3,2,prompt,209,0,0.3302905559539795,0.33192219160960623,0.9949726576440072,0.09996615166655567,0.015220402154384145,3,False
feature-30686-606--0.3-notebook-0.6-128,feature-30686,606,-0.3,2,generated,2,0,0.3302905559539795,0.3320338726043701,0.9945887923240662,0.10441173613071442,0.015923073049634695,3,False
feature-30686-606--0.4-notebook-0.6-128,feature-30686,606,-0.4,1,prompt,91,0,0.44038739800453186,0.4413191970888075,0.9973589398048737,0.07241566188551568,0.020659951962003546,92,False
feature-30686-606--0.4-notebook-0.6-128,feature-30686,606,-0.4,1,generated,91,0,0.44038739800453186,0.44156812049530364,0.9966652543990167,0.08149836973829584,0.019261674013930363,92,False
feature-30686-606--0.4-notebook-0.6-128,feature-30686,606,-0.4,2,prompt,214,0,0.44038739800453186,0.4414201231203347,0.9970719655540502,0.07613906756948645,0.020226062918745555,3,False
feature-30686-606--0.4-notebook-0.6-128,feature-30686,606,-0.4,2,generated,2,0,0.44038739800453186,0.4414184242486954,0.9968666434288025,0.07928275689482689,0.021142314188182354,3,False
feature-30686-606--0.5-notebook-0.6-128,feature-30686,606,-0.5,1,prompt,91,0,0.5504842400550842,0.5513598394917918,0.9982393161281125,0.059082311752078294,0.0258120585042359,92,False
feature-30686-606--0.5-notebook-0.6-128,feature-30686,606,-0.5,1,generated,91,0,0.5504842400550842,0.5516919395425818,0.9978012108540797,0.06617978673714858,0.0240655401209881,92,False
feature-30686-606--0.5-notebook-0.6-128,feature-30686,606,-0.5,2,prompt,214,0,0.5504842400550842,0.5515021208290741,0.9980642959893307,0.06188744381418295,0.02527058572768425,3,False
feature-30686-606--0.5-notebook-0.6-128,feature-30686,606,-0.5,2,generated,2,0,0.5504842400550842,0.5516548454761505,0.9979933202266693,0.06342858448624611,0.026422033086419106,3,False
feature-30686-606--0.6-notebook-0.6-128,feature-30686,606,-0.6,1,prompt,91,0,0.660581111907959,0.6614758136508229,0.9987586245432005,0.04956222301001077,0.030966918747923285,87,False
feature-30686-606--0.6-notebook-0.6-128,feature-30686,606,-0.6,1,generated,86,0,0.660581111907959,0.6616592552772788,0.9984347459881805,0.05583638256025869,0.028815820055125757,87,False
feature-30686-606--0.6-notebook-0.6-128,feature-30686,606,-0.6,2,prompt,209,0,0.660581111907959,0.6615602396892019,0.9986335843373714,0.05196644495905301,0.030337912483368087,3,False
feature-30686-606--0.6-notebook-0.6-128,feature-30686,606,-0.6,2,generated,2,0,0.660581111907959,0.6617425680160522,0.9985778033733368,0.05339598096907139,0.03173578158020973,3,False
feature-30686-606--0.7-notebook-0.6-128,feature-30686,606,-0.7,1,prompt,91,0,0.770677924156189,0.7710195177204007,0.9991008187388326,0.04209274182525965,0.036094438642836534,87,False
feature-30686-606--0.7-notebook-0.6-128,feature-30686,606,-0.7,1,generated,86,0,0.770677924156189,0.7710712565932163,0.99886714372524,0.04745903593856235,0.03358090714399898,87,False
feature-30686-606--0.7-notebook-0.6-128,feature-30686,606,-0.7,2,prompt,209,0,0.770677924156189,0.7710444570728466,0.9990121348622883,0.044120798538033475,0.035358544488094355,3,False
feature-30686-606--0.7-notebook-0.6-128,feature-30686,606,-0.7,2,generated,2,0,0.770677924156189,0.7712915241718292,0.9989955425262451,0.044840116053819656,0.036989305168390274,3,False
feature-30686-707-+0.0-notebook-0.6-128,feature-30686,707,0.0,1,prompt,91,91,0.0,0.0,1.0,0.0,0.0,50,False
feature-30686-707-+0.0-notebook-0.6-128,feature-30686,707,0.0,1,generated,49,49,0.0,0.0,1.0,0.0,0.0,50,False
feature-30686-707-+0.0-notebook-0.6-128,feature-30686,707,0.0,2,prompt,172,172,0.0,0.0,1.0,0.0,0.0,82,False
feature-30686-707-+0.0-notebook-0.6-128,feature-30686,707,0.0,2,generated,81,81,0.0,0.0,1.0,0.0,0.0,82,False
feature-30686-707-+0.1-notebook-0.6-128,feature-30686,707,0.1,1,prompt,91,0,0.11009684950113297,0.11348401722344724,0.9648734894427624,0.26918339598309865,0.005312659143333343,50,False
feature-30686-707-+0.1-notebook-0.6-128,feature-30686,707,0.1,1,generated,49,0,0.11009684950113297,0.11422506354901256,0.9526258001522142,0.3148008791767821,0.004902185767660944,50,False
feature-30686-707-+0.1-notebook-0.6-128,feature-30686,707,0.1,2,prompt,172,0,0.11009684950113297,0.1137177744923636,0.9614797210277513,0.2818130053753077,0.00525326400240247,82,False
feature-30686-707-+0.1-notebook-0.6-128,feature-30686,707,0.1,2,generated,81,0,0.11009684950113297,0.11439944472577837,0.9497824789565287,0.32469794742855024,0.004885485395789146,82,False
feature-30686-707-+0.2-notebook-0.6-128,feature-30686,707,0.2,1,prompt,91,0,0.22019369900226593,0.22230563468330508,0.9901227675951444,0.14072473822059212,0.010406081030301361,50,False
feature-30686-707-+0.2-notebook-0.6-128,feature-30686,707,0.2,1,generated,49,0,0.22019369900226593,0.22289492372347383,0.9866589161814475,0.164189019373485,0.00956635186638759,50,False
feature-30686-707-+0.2-notebook-0.6-128,feature-30686,707,0.2,2,prompt,172,0,0.22019369900226593,0.22244613808254862,0.9891921250626098,0.14693803348860077,0.010277066976921687,82,False
feature-30686-707-+0.2-notebook-0.6-128,feature-30686,707,0.2,2,generated,81,0,0.22019369900226593,0.22316610518796945,0.9857061336069931,0.1703125876776966,0.009531157746635101,82,False
feature-30686-707-+0.3-notebook-0.6-128,feature-30686,707,0.3,1,prompt,91,0,0.3302905559539795,0.3317195006779262,0.995462763440478,0.09509764783657514,0.015529043014944214,50,False
feature-30686-707-+0.3-notebook-0.6-128,feature-30686,707,0.3,1,generated,49,0,0.3302905559539795,0.33230235260360097,0.9938827120527929,0.11072324246776347,0.014262731244065324,50,False
feature-30686-707-+0.3-notebook-0.6-128,feature-30686,707,0.3,2,prompt,172,0,0.3302905559539795,0.33187849473121556,0.9950361192919487,0.09925034802493661,0.015334700672483874,82,False
feature-30686-707-+0.3-notebook-0.6-128,feature-30686,707,0.3,2,generated,81,0,0.3302905559539795,0.33245154552989536,0.9935349027315775,0.11396195077233845,0.014199107505933003,82,False
feature-30686-707-+0.4-notebook-0.6-128,feature-30686,707,0.4,1,prompt,91,0,0.44038739800453186,0.4412924647331238,0.9973567462229467,0.07244101441004774,0.020658609267979206,50,False
feature-30686-707-+0.4-notebook-0.6-128,feature-30686,707,0.4,1,generated,49,0,0.44038739800453186,0.4417842212988406,0.9964569101528246,0.08410573127318402,0.018962375895709406,50,False
feature-30686-707-+0.4-notebook-0.6-128,feature-30686,707,0.4,2,prompt,172,0,0.44038739800453186,0.44142654468846876,0.9971122228822042,0.07555907405912876,0.02039693641140624,82,False
feature-30686-707-+0.4-notebook-0.6-128,feature-30686,707,0.4,2,generated,81,0,0.44038739800453186,0.44178910902988766,0.9962541571369877,0.08651523218478685,0.01886926694876618,82,False
feature-30686-707-+0.5-notebook-0.6-128,feature-30686,707,0.5,1,prompt,91,0,0.5504842400550842,0.5513655471277761,0.9982365775894333,0.05911872016040833,0.025812371686397755,50,False
feature-30686-707-+0.5-notebook-0.6-128,feature-30686,707,0.5,1,generated,49,0,0.5504842400550842,0.5518686138853734,0.9976734519004822,0.06815113385721129,0.023687654497976204,50,False
feature-30686-707-+0.5-notebook-0.6-128,feature-30686,707,0.5,2,prompt,172,0,0.5504842400550842,0.5515310989562855,0.9980917968029199,0.06140117113326871,0.025485262887276233,81,False
feature-30686-707-+0.5-notebook-0.6-128,feature-30686,707,0.5,2,generated,80,0,0.5504842400550842,0.5519577920436859,0.9975464820861817,0.0700069481972605,0.02352799188811332,81,False
feature-30686-707-+0.6-notebook-0.6-128,feature-30686,707,0.6,1,prompt,91,0,0.660581111907959,0.661566837148352,0.9987580953063545,0.049576459800476556,0.030971500403401287,50,False
feature-30686-707-+0.6-notebook-0.6-128,feature-30686,707,0.6,1,generated,49,0,0.660581111907959,0.6617195204812654,0.9983620838243135,0.05715063845320624,0.028403067961335182,50,False
feature-30686-707-+0.6-notebook-0.6-128,feature-30686,707,0.6,2,prompt,172,0,0.660581111907959,0.6616077145864797,0.9986558092194934,0.05150425858622373,0.03057242168362664,81,False
feature-30686-707-+0.6-notebook-0.6-128,feature-30686,707,0.6,2,generated,80,0,0.660581111907959,0.6618110977113247,0.9982658177614212,0.05882897051051259,0.02821128014475107,81,False
feature-30686-707-+0.7-notebook-0.6-128,feature-30686,707,0.7,1,prompt,91,0,0.770677924156189,0.7710631096756065,0.9990999547989814,0.042106006355894794,0.03609634276510185,50,False
feature-30686-707-+0.7-notebook-0.6-128,feature-30686,707,0.7,1,generated,49,0,0.770677924156189,0.7711603398225746,0.998811242531757,0.048645728932959695,0.03310078447114448,50,False
feature-30686-707-+0.7-notebook-0.6-128,feature-30686,707,0.7,2,prompt,172,0,0.770677924156189,0.7710966187161069,0.9990259447070056,0.04377119410999639,0.03563135268767689,81,False
feature-30686-707-+0.7-notebook-0.6-128,feature-30686,707,0.7,2,generated,80,0,0.770677924156189,0.7711906604468822,0.9987333200871944,0.05022383420728147,0.03287356183864176,81,False
feature-30686-707--0.1-notebook-0.6-128,feature-30686,707,-0.1,1,prompt,91,0,0.11009684950113297,0.1134871733221379,0.9648719462719593,0.26919928995462566,0.005312894070891991,50,False
feature-30686-707--0.1-notebook-0.6-128,feature-30686,707,-0.1,1,generated,49,0,0.11009684950113297,0.11421750820412928,0.9526141845450109,0.31482583223556987,0.004901876891678085,50,False
feature-30686-707--0.1-notebook-0.6-128,feature-30686,707,-0.1,2,prompt,172,0,0.11009684950113297,0.11371034860264423,0.9614730366440707,0.2818229122217311,0.0052529722406477455,82,False
feature-30686-707--0.1-notebook-0.6-128,feature-30686,707,-0.1,2,generated,81,0,0.11009684950113297,0.11439660587060599,0.9497654938403471,0.32474771914658723,0.004885315067238278,82,False
feature-30686-707--0.2-notebook-0.6-128,feature-30686,707,-0.2,1,prompt,91,0,0.22019369900226593,0.22229536581825424,0.9901269359903021,0.14068712760786434,0.010405536408083269,50,False
feature-30686-707--0.2-notebook-0.6-128,feature-30686,707,-0.2,1,generated,49,0,0.22019369900226593,0.2228798650357188,0.9866725851078423,0.16409935847837098,0.00956575867092731,50,False
feature-30686-707--0.2-notebook-0.6-128,feature-30686,707,-0.2,2,prompt,172,0,0.22019369900226593,0.22244455353465192,0.9891925381366596,0.14693466625934423,0.010276973574946169,82,False
feature-30686-707--0.2-notebook-0.6-128,feature-30686,707,-0.2,2,generated,81,0,0.22019369900226593,0.2231598080676279,0.9856983894183312,0.17035994485572534,0.009530905703151668,82,False
feature-30686-707--0.3-notebook-0.6-128,feature-30686,707,-0.3,1,prompt,91,0,0.3302905559539795,0.33175936603284145,0.9954669076007802,0.09507101495842357,0.015530879983798714,50,False
feature-30686-707--0.3-notebook-0.6-128,feature-30686,707,-0.3,1,generated,49,0,0.3302905559539795,0.3323113687184392,0.9938820576181218,0.1107311409955122,0.014263111622814012,50,False
feature-30686-707--0.3-notebook-0.6-128,feature-30686,707,-0.3,2,prompt,172,0,0.3302905559539795,0.33190847240215127,0.9950360233007476,0.09925920085245094,0.015336214318880974,81,False
feature-30686-707--0.3-notebook-0.6-128,feature-30686,707,-0.3,2,generated,80,0,0.3302905559539795,0.3324747696518898,0.9934932179749012,0.1143376843072474,0.01417192411608994,81,False
feature-30686-707--0.4-notebook-0.6-128,feature-30686,707,-0.4,1,prompt,91,0,0.44038739800453186,0.4413191970888075,0.9973589398048737,0.07241566188551568,0.020659951962003546,50,False
feature-30686-707--0.4-notebook-0.6-128,feature-30686,707,-0.4,1,generated,49,0,0.44038739800453186,0.44177379900095415,0.9964551122821107,0.08413150115888945,0.018961930685505574,50,False
feature-30686-707--0.4-notebook-0.6-128,feature-30686,707,-0.4,2,prompt,172,0,0.44038739800453186,0.4414410468104274,0.9971125181331191,0.0755585933450696,0.020397814395796875,82,False
feature-30686-707--0.4-notebook-0.6-128,feature-30686,707,-0.4,2,generated,81,0,0.44038739800453186,0.4417702147254237,0.9962583522737762,0.086468834751918,0.01886848252220654,82,False
feature-30686-707--0.5-notebook-0.6-128,feature-30686,707,-0.5,1,prompt,91,0,0.5504842400550842,0.5513598394917918,0.9982393161281125,0.059082311752078294,0.0258120585042359,50,False
feature-30686-707--0.5-notebook-0.6-128,feature-30686,707,-0.5,1,generated,49,0,0.5504842400550842,0.5518606025345472,0.9976673722267151,0.06824074700778844,0.0236872776354454,50,False
feature-30686-707--0.5-notebook-0.6-128,feature-30686,707,-0.5,2,prompt,172,0,0.5504842400550842,0.5515261077603628,0.9980911376864411,0.0614110961079944,0.025485030505034617,82,False
feature-30686-707--0.5-notebook-0.6-128,feature-30686,707,-0.5,2,generated,81,0,0.5504842400550842,0.5518944609312364,0.9975587262047662,0.06982597248789704,0.0235721181480237,82,False
feature-30686-707--0.6-notebook-0.6-128,feature-30686,707,-0.6,1,prompt,91,0,0.660581111907959,0.6614758136508229,0.9987586245432005,0.04956222301001077,0.030966918747923285,50,False
feature-30686-707--0.6-notebook-0.6-128,feature-30686,707,-0.6,1,generated,49,0,0.660581111907959,0.661731730918495,0.9983597933029642,0.05719509713199674,0.028403658153755323,50,False
feature-30686-707--0.6-notebook-0.6-128,feature-30686,707,-0.6,2,prompt,172,0,0.660581111907959,0.6615639994310778,0.9986554287200751,0.05151003127007983,0.03057011115963051,82,False
feature-30686-707--0.6-notebook-0.6-128,feature-30686,707,-0.6,2,generated,81,0,0.660581111907959,0.6617816465872305,0.9982737037870619,0.05869570471070431,0.028266187366328122,82,False
feature-30686-707--0.7-notebook-0.6-128,feature-30686,707,-0.7,1,prompt,91,0,0.770677924156189,0.7710195177204007,0.9991008187388326,0.04209274182525965,0.036094438642836534,50,False
feature-30686-707--0.7-notebook-0.6-128,feature-30686,707,-0.7,1,generated,49,0,0.770677924156189,0.7711117814998237,0.9988078742611165,0.048711747767365705,0.03309866660559664,50,False
feature-30686-707--0.7-notebook-0.6-128,feature-30686,707,-0.7,2,prompt,172,0,0.770677924156189,0.771062497829282,0.9990255739106688,0.043781359430922324,0.035629758021122844,82,False
feature-30686-707--0.7-notebook-0.6-128,feature-30686,707,-0.7,2,generated,81,0,0.770677924156189,0.7712002867533837,0.9987378355897503,0.05013766378900151,0.03293956719614841,82,False
feature-30686-808-+0.0-notebook-0.6-128,feature-30686,808,0.0,1,prompt,91,91,0.0,0.0,1.0,0.0,0.0,81,False
feature-30686-808-+0.0-notebook-0.6-128,feature-30686,808,0.0,1,generated,80,80,0.0,0.0,1.0,0.0,0.0,81,False
feature-30686-808-+0.0-notebook-0.6-128,feature-30686,808,0.0,2,prompt,203,203,0.0,0.0,1.0,0.0,0.0,94,False
feature-30686-808-+0.0-notebook-0.6-128,feature-30686,808,0.0,2,generated,93,93,0.0,0.0,1.0,0.0,0.0,94,False
feature-30686-808-+0.1-notebook-0.6-128,feature-30686,808,0.1,1,prompt,91,0,0.11009684950113297,0.11348401722344724,0.9648734894427624,0.26918339598309865,0.005312659143333343,81,False
feature-30686-808-+0.1-notebook-0.6-128,feature-30686,808,0.1,1,generated,80,0,0.11009684950113297,0.1140920652076602,0.9560936957597732,0.3025157267227769,0.005096329207299277,81,False
feature-30686-808-+0.1-notebook-0.6-128,feature-30686,808,0.1,2,prompt,203,0,0.11009684950113297,0.11374638717750023,0.9614945424014124,0.28202993529183523,0.005275321233254316,94,False
feature-30686-808-+0.1-notebook-0.6-128,feature-30686,808,0.1,2,generated,93,0,0.11009684950113297,0.11435695857770982,0.9521109083647369,0.3170216775709583,0.005042776520494172,94,False
feature-30686-808-+0.2-notebook-0.6-128,feature-30686,808,0.2,1,prompt,91,0,0.22019369900226593,0.22230563468330508,0.9901227675951444,0.14072473822059212,0.010406081030301361,81,False
feature-30686-808-+0.2-notebook-0.6-128,feature-30686,808,0.2,1,generated,80,0,0.22019369900226593,0.22274075895547868,0.9876797094941139,0.15756777422502638,0.009950717992614955,81,False
feature-30686-808-+0.2-notebook-0.6-128,feature-30686,808,0.2,2,prompt,203,0,0.22019369900226593,0.22245495138790808,0.9891960013088922,0.14705605210341843,0.010317883262866099,94,False
feature-30686-808-+0.2-notebook-0.6-128,feature-30686,808,0.2,2,generated,93,0,0.22019369900226593,0.22299051637290626,0.9865296758631225,0.1651863068021754,0.009834122854054616,94,False
feature-30686-808-+0.3-notebook-0.6-128,feature-30686,808,0.3,1,prompt,91,0,0.3302905559539795,0.3317195006779262,0.995462763440478,0.09509764783657514,0.015529043014944214,81,False
feature-30686-808-+0.3-notebook-0.6-128,feature-30686,808,0.3,1,generated,80,0,0.3302905559539795,0.33215609230101106,0.9943250775337219,0.10648305341601372,0.014840467215981335,81,False
feature-30686-808-+0.3-notebook-0.6-128,feature-30686,808,0.3,2,prompt,203,0,0.3302905559539795,0.3318909399321514,0.9950298120822813,0.0993871288786968,0.015395799979482653,94,False
feature-30686-808-+0.3-notebook-0.6-128,feature-30686,808,0.3,2,generated,93,0,0.3302905559539795,0.33231354977494926,0.9938704236861198,0.11092541150508388,0.014656296841079188,94,False
feature-30686-808-+0.4-notebook-0.6-128,feature-30686,808,0.4,1,prompt,91,0,0.44038739800453186,0.4412924647331238,0.9973567462229467,0.07244101441004774,0.020658609267979206,81,False
feature-30686-808-+0.4-notebook-0.6-128,feature-30686,808,0.4,1,generated,80,0,0.44038739800453186,0.4415993448346853,0.9967045098543167,0.08098418610170484,0.019730728515423835,81,False
feature-30686-808-+0.4-notebook-0.6-128,feature-30686,808,0.4,2,prompt,203,0,0.44038739800453186,0.44142311708680515,0.997107651433334,0.07567264859018655,0.02047703425936731,94,False
feature-30686-808-+0.4-notebook-0.6-128,feature-30686,808,0.4,2,generated,93,0,0.44038739800453186,0.4418127283614169,0.9964603813745643,0.08410571415417938,0.01948606737598937,94,False
feature-30686-808-+0.5-notebook-0.6-128,feature-30686,808,0.5,1,prompt,91,0,0.5504842400550842,0.5513655471277761,0.9982365775894333,0.05911872016040833,0.025812371686397755,81,False
feature-30686-808-+0.5-notebook-0.6-128,feature-30686,808,0.5,1,generated,80,0,0.5504842400550842,0.5517425738275051,0.9978182882070541,0.06588717293925583,0.02465200056321919,81,False
feature-30686-808-+0.5-notebook-0.6-128,feature-30686,808,0.5,2,prompt,203,0,0.5504842400550842,0.5515324805170444,0.9980824613218824,0.061582308262586594,0.025585472937604513,94,False
feature-30686-808-+0.5-notebook-0.6-128,feature-30686,808,0.5,2,generated,93,0,0.5504842400550842,0.5518141010756134,0.9976901194100739,0.06791353954743314,0.024337709210412478,94,False
feature-30686-808-+0.6-notebook-0.6-128,feature-30686,808,0.6,1,prompt,91,0,0.660581111907959,0.661566837148352,0.9987580953063545,0.049576459800476556,0.030971500403401287,81,False
feature-30686-808-+0.6-notebook-0.6-128,feature-30686,808,0.6,1,generated,80,0,0.660581111907959,0.6617583550512791,0.9984632201492787,0.05530549040995538,0.029568290570750833,81,False
feature-30686-808-+0.6-notebook-0.6-128,feature-30686,808,0.6,2,prompt,203,0,0.660581111907959,0.6616302288224545,0.9986518363060035,0.05162429565499569,0.030693319876187394,94,False
feature-30686-808-+0.6-notebook-0.6-128,feature-30686,808,0.6,2,generated,93,0,0.660581111907959,0.6617151575703775,0.9983482892795276,0.057395294068321105,0.029185471295188833,94,False
feature-30686-808-+0.7-notebook-0.6-128,feature-30686,808,0.7,1,prompt,91,0,0.770677924156189,0.7710631096756065,0.9990999547989814,0.042106006355894794,0.03609634276510185,81,False
feature-30686-808-+0.7-notebook-0.6-128,feature-30686,808,0.7,1,generated,80,0,0.770677924156189,0.7711323268711567,0.9988852150738239,0.04705172493122518,0.03445573544595391,81,False
feature-30686-808-+0.7-notebook-0.6-128,feature-30686,808,0.7,2,prompt,203,0,0.770677924156189,0.7710914629433543,0.9990234744959864,0.04386165386680605,0.035771225288904876,94,False
feature-30686-808-+0.7-notebook-0.6-128,feature-30686,808,0.7,2,generated,93,0,0.770677924156189,0.771148778418059,0.9988017242441896,0.04884724282929974,0.03401228114562009,94,False
feature-30686-808--0.1-notebook-0.6-128,feature-30686,808,-0.1,1,prompt,91,0,0.11009684950113297,0.1134871733221379,0.9648719462719593,0.26919928995462566,0.005312894070891991,81,False
feature-30686-808--0.1-notebook-0.6-128,feature-30686,808,-0.1,1,generated,80,0,0.11009684950113297,0.11407352220267057,0.956071400642395,0.30255821663886306,0.005095437983982265,81,False
feature-30686-808--0.1-notebook-0.6-128,feature-30686,808,-0.1,2,prompt,203,0,0.11009684950113297,0.11374522378585608,0.9614987161946414,0.2820155819501783,0.0052752975516968635,94,False
feature-30686-808--0.1-notebook-0.6-128,feature-30686,808,-0.1,2,generated,93,0,0.11009684950113297,0.11436438536451708,0.9521226600934101,0.317004027546093,0.005043058335700984,94,False
feature-30686-808--0.2-notebook-0.6-128,feature-30686,808,-0.2,1,prompt,91,0,0.22019369900226593,0.22229536581825424,0.9901269359903021,0.14068712760786434,0.010405536408083269,81,False
feature-30686-808--0.2-notebook-0.6-128,feature-30686,808,-0.2,1,generated,80,0,0.22019369900226593,0.22274821437895298,0.9876713402569294,0.15762785449624062,0.009951146726962179,81,False
feature-30686-808--0.2-notebook-0.6-128,feature-30686,808,-0.2,2,prompt,203,0,0.22019369900226593,0.22245050651099293,0.9891996445326969,0.14702402815002527,0.010317640784947808,94,False
feature-30686-808--0.2-notebook-0.6-128,feature-30686,808,-0.2,2,generated,93,0,0.22019369900226593,0.22298839848528626,0.9865283555881952,0.16519049306710562,0.009834068837345288,94,False
feature-30686-808--0.3-notebook-0.6-128,feature-30686,808,-0.3,1,prompt,91,0,0.3302905559539795,0.33175936603284145,0.9954669076007802,0.09507101495842357,0.015530879983798714,81,False
feature-30686-808--0.3-notebook-0.6-128,feature-30686,808,-0.3,1,generated,80,0,0.3302905559539795,0.3321562077850103,0.9943206876516342,0.1065318069420755,0.014840452291537076,81,False
feature-30686-808--0.3-notebook-0.6-128,feature-30686,808,-0.3,2,prompt,203,0,0.3302905559539795,0.33191138931683134,0.9950320001306205,0.0993749766514219,0.015396675898256515,94,False
feature-30686-808--0.3-notebook-0.6-128,feature-30686,808,-0.3,2,generated,93,0,0.3302905559539795,0.33232199697084325,0.9938728674765556,0.11090980317964348,0.014656594994487942,94,False
feature-30686-808--0.4-notebook-0.6-128,feature-30686,808,-0.4,1,prompt,91,0,0.44038739800453186,0.4413191970888075,0.9973589398048737,0.07241566188551568,0.020659951962003546,81,False
feature-30686-808--0.4-notebook-0.6-128,feature-30686,808,-0.4,1,generated,80,0,0.44038739800453186,0.44159147813916205,0.9966987110674381,0.08105530720204115,0.019730296358466147,81,False
feature-30686-808--0.4-notebook-0.6-128,feature-30686,808,-0.4,2,prompt,203,0,0.44038739800453186,0.4414192191485701,0.9971081937475158,0.07566344128747292,0.02047680715572667,94,False
feature-30686-808--0.4-notebook-0.6-128,feature-30686,808,-0.4,2,generated,93,0,0.44038739800453186,0.44181185095540937,0.9964575415016502,0.0841416319211324,0.01948599653538837,94,False
feature-30686-808--0.5-notebook-0.6-128,feature-30686,808,-0.5,1,prompt,91,0,0.5504842400550842,0.5513598394917918,0.9982393161281125,0.059082311752078294,0.0258120585042359,81,False
feature-30686-808--0.5-notebook-0.6-128,feature-30686,808,-0.5,1,generated,80,0,0.5504842400550842,0.551734758168459,0.9978171460330486,0.0659024495165795,0.02465174093376845,81,False
feature-30686-808--0.5-notebook-0.6-128,feature-30686,808,-0.5,2,prompt,203,0,0.5504842400550842,0.5515172484473054,0.9980850369472222,0.06154337176695246,0.025584802063344864,80,False
feature-30686-808--0.5-notebook-0.6-128,feature-30686,808,-0.5,2,generated,79,0,0.5504842400550842,0.5517872722843026,0.9977089023288293,0.06767836099938501,0.024418976275792606,80,False
feature-30686-808--0.6-notebook-0.6-128,feature-30686,808,-0.6,1,prompt,91,0,0.660581111907959,0.6614758136508229,0.9987586245432005,0.04956222301001077,0.030966918747923285,81,False
feature-30686-808--0.6-notebook-0.6-128,feature-30686,808,-0.6,1,generated,80,0,0.660581111907959,0.6617337450385093,0.9984622575342655,0.05531901214271784,0.02956720655784011,81,False
feature-30686-808--0.6-notebook-0.6-128,feature-30686,808,-0.6,2,prompt,203,0,0.660581111907959,0.6615863263313406,0.9986514622354742,0.051628517014492906,0.03069114507338849,80,False
feature-30686-808--0.6-notebook-0.6-128,feature-30686,808,-0.6,2,generated,79,0,0.660581111907959,0.6617173137544077,0.9983648220195046,0.057148521412399754,0.02928419095240062,80,False
feature-30686-808--0.7-notebook-0.6-128,feature-30686,808,-0.7,1,prompt,91,0,0.770677924156189,0.7710195177204007,0.9991008187388326,0.04209274182525965,0.036094438642836534,81,False
feature-30686-808--0.7-notebook-0.6-128,feature-30686,808,-0.7,1,generated,80,0,0.770677924156189,0.7711449176073074,0.9988839596509933,0.04707762231118977,0.034456033958122134,81,False
feature-30686-808--0.7-notebook-0.6-128,feature-30686,808,-0.7,2,prompt,203,0,0.770677924156189,0.7710800458644999,0.9990236671100109,0.04385977618286175,0.03577063229448836,80,False
feature-30686-808--0.7-notebook-0.6-128,feature-30686,808,-0.7,2,generated,79,0,0.770677924156189,0.7711984349202506,0.9988082586964474,0.0487490254866926,0.03412939400612554,80,False
feature-30686-909-+0.0-notebook-0.6-128,feature-30686,909,0.0,1,prompt,91,91,0.0,0.0,1.0,0.0,0.0,81,False
feature-30686-909-+0.0-notebook-0.6-128,feature-30686,909,0.0,1,generated,80,80,0.0,0.0,1.0,0.0,0.0,81,False
feature-30686-909-+0.0-notebook-0.6-128,feature-30686,909,0.0,2,prompt,203,203,0.0,0.0,1.0,0.0,0.0,89,False
feature-30686-909-+0.0-notebook-0.6-128,feature-30686,909,0.0,2,generated,88,88,0.0,0.0,1.0,0.0,0.0,89,False
feature-30686-909-+0.1-notebook-0.6-128,feature-30686,909,0.1,1,prompt,91,0,0.11009684950113297,0.11348401722344724,0.9648734894427624,0.26918339598309865,0.005312659143333343,128,True
feature-30686-909-+0.1-notebook-0.6-128,feature-30686,909,0.1,1,generated,127,0,0.11009684950113297,0.11408213549476909,0.9556845956899989,0.3040927879688308,0.005048722377061609,128,True
feature-30686-909-+0.1-notebook-0.6-128,feature-30686,909,0.1,2,prompt,251,0,0.11009684950113297,0.11379549245672872,0.9603027779742541,0.28651434165310574,0.0052436074758327915,72,False
feature-30686-909-+0.1-notebook-0.6-128,feature-30686,909,0.1,2,generated,71,0,0.11009684950113297,0.11425543775860693,0.9516622314990406,0.31827327441161785,0.005055766624831398,72,False
feature-30686-909-+0.2-notebook-0.6-128,feature-30686,909,0.2,1,prompt,91,0,0.22019369900226593,0.22230563468330508,0.9901227675951444,0.14072473822059212,0.010406081030301361,128,True
feature-30686-909-+0.2-notebook-0.6-128,feature-30686,909,0.2,1,generated,127,0,0.22019369900226593,0.2228328043550957,0.9875596358081488,0.1585006032168396,0.009862001090655177,128,True
feature-30686-909-+0.2-notebook-0.6-128,feature-30686,909,0.2,2,prompt,251,0,0.22019369900226593,0.22256712330527514,0.9888697304573667,0.1493387309262952,0.010256922877216489,72,False
feature-30686-909-+0.2-notebook-0.6-128,feature-30686,909,0.2,2,generated,71,0,0.22019369900226593,0.22310613074772795,0.9863341568221509,0.16650065380922505,0.009872891638480442,72,False
feature-30686-909-+0.3-notebook-0.6-128,feature-30686,909,0.3,1,prompt,91,0,0.3302905559539795,0.3317195006779262,0.995462763440478,0.09509764783657514,0.015529043014944214,128,True
feature-30686-909-+0.3-notebook-0.6-128,feature-30686,909,0.3,1,generated,127,0,0.3302905559539795,0.3321400033676718,0.9942689002968195,0.10709024918830301,0.014701107238221356,128,True
feature-30686-909-+0.3-notebook-0.6-128,feature-30686,909,0.3,2,prompt,251,0,0.3302905559539795,0.3319405076275784,0.9948836120951223,0.10085055240953111,0.01529937678093714,72,False
feature-30686-909-+0.3-notebook-0.6-128,feature-30686,909,0.3,2,generated,71,0,0.3302905559539795,0.33233130230030544,0.9938111489927265,0.11146247565326556,0.014730214141309261,72,False
feature-30686-909-+0.4-notebook-0.6-128,feature-30686,909,0.4,1,prompt,91,0,0.44038739800453186,0.4412924647331238,0.9973567462229467,0.07244101441004774,0.020658609267979206,81,False
feature-30686-909-+0.4-notebook-0.6-128,feature-30686,909,0.4,1,generated,80,0,0.44038739800453186,0.4415993448346853,0.9967045098543167,0.08098418610170484,0.019730728515423835,81,False
feature-30686-909-+0.4-notebook-0.6-128,feature-30686,909,0.4,2,prompt,203,0,0.44038739800453186,0.44142311708680515,0.997107651433334,0.07567264859018655,0.02047703425936731,89,False
feature-30686-909-+0.4-notebook-0.6-128,feature-30686,909,0.4,2,generated,88,0,0.44038739800453186,0.4416488066992976,0.9965575980869207,0.08292541331188245,0.019428854300217194,89,False
feature-30686-909-+0.5-notebook-0.6-128,feature-30686,909,0.5,1,prompt,91,0,0.5504842400550842,0.5513655471277761,0.9982365775894333,0.05911872016040833,0.025812371686397755,128,True
feature-30686-909-+0.5-notebook-0.6-128,feature-30686,909,0.5,1,generated,127,0,0.5504842400550842,0.5517011866794796,0.9978078120336757,0.06609619886973711,0.024419931005539856,128,True
feature-30686-909-+0.5-notebook-0.6-128,feature-30686,909,0.5,2,prompt,251,0,0.5504842400550842,0.5515211357538443,0.9980320225198905,0.06239822092818549,0.02542136789928469,72,False
feature-30686-909-+0.5-notebook-0.6-128,feature-30686,909,0.5,2,generated,71,0,0.5504842400550842,0.5518567688028577,0.9976953528296779,0.0678386750670386,0.024461316574417368,72,False
feature-30686-909-+0.6-notebook-0.6-128,feature-30686,909,0.6,1,prompt,91,0,0.660581111907959,0.661566837148352,0.9987580953063545,0.049576459800476556,0.030971500403401287,128,True
feature-30686-909-+0.6-notebook-0.6-128,feature-30686,909,0.6,1,generated,127,0,0.660581111907959,0.661762227692942,0.9984499089361176,0.05559042644664997,0.029291962222086163,128,True
feature-30686-909-+0.6-notebook-0.6-128,feature-30686,909,0.6,2,prompt,251,0,0.660581111907959,0.6616541769400061,0.9986126874072618,0.05238285687458943,0.03049826482310891,72,False
feature-30686-909-+0.6-notebook-0.6-128,feature-30686,909,0.6,2,generated,71,0,0.660581111907959,0.6617341310205594,0.9983774289278917,0.05688769784821591,0.029332449581001847,72,False
feature-30686-909-+0.7-notebook-0.6-128,feature-30686,909,0.7,1,prompt,91,0,0.770677924156189,0.7710631096756065,0.9990999547989814,0.042106006355894794,0.03609634276510185,128,True
feature-30686-909-+0.7-notebook-0.6-128,feature-30686,909,0.7,1,generated,127,0,0.770677924156189,0.7711736968183142,0.9988764876455772,0.04727599670098522,0.034135188951384364,128,True
feature-30686-909-+0.7-notebook-0.6-128,feature-30686,909,0.7,2,prompt,251,0,0.770677924156189,0.7711204269017832,0.9989956265901664,0.044503993477182556,0.03554383235560559,117,False
feature-30686-909-+0.7-notebook-0.6-128,feature-30686,909,0.7,2,generated,116,0,0.770677924156189,0.7711269136132866,0.9987760946668428,0.04934943990846132,0.03369106397289654,117,False
feature-30686-909--0.1-notebook-0.6-128,feature-30686,909,-0.1,1,prompt,91,0,0.11009684950113297,0.1134871733221379,0.9648719462719593,0.26919928995462566,0.005312894070891991,81,False
feature-30686-909--0.1-notebook-0.6-128,feature-30686,909,-0.1,1,generated,80,0,0.11009684950113297,0.11407352220267057,0.956071400642395,0.30255821663886306,0.005095437983982265,81,False
feature-30686-909--0.1-notebook-0.6-128,feature-30686,909,-0.1,2,prompt,203,0,0.11009684950113297,0.11374522378585608,0.9614987161946414,0.2820155819501783,0.0052752975516968635,89,False
feature-30686-909--0.1-notebook-0.6-128,feature-30686,909,-0.1,2,generated,88,0,0.11009684950113297,0.11417607455091043,0.9536749828945507,0.31146652353080834,0.005022559817668728,89,False
feature-30686-909--0.2-notebook-0.6-128,feature-30686,909,-0.2,1,prompt,91,0,0.22019369900226593,0.22229536581825424,0.9901269359903021,0.14068712760786434,0.010405536408083269,81,False
feature-30686-909--0.2-notebook-0.6-128,feature-30686,909,-0.2,1,generated,80,0,0.22019369900226593,0.22274821437895298,0.9876713402569294,0.15762785449624062,0.009951146726962179,81,False
feature-30686-909--0.2-notebook-0.6-128,feature-30686,909,-0.2,2,prompt,203,0,0.22019369900226593,0.22245050651099293,0.9891996445326969,0.14702402815002527,0.010317640784947808,89,False
feature-30686-909--0.2-notebook-0.6-128,feature-30686,909,-0.2,2,generated,88,0,0.22019369900226593,0.2229222535071048,0.9868907420472666,0.16296542859212917,0.009805934376675974,89,False
feature-30686-909--0.3-notebook-0.6-128,feature-30686,909,-0.3,1,prompt,91,0,0.3302905559539795,0.33175936603284145,0.9954669076007802,0.09507101495842357,0.015530879983798714,81,False
feature-30686-909--0.3-notebook-0.6-128,feature-30686,909,-0.3,1,generated,80,0,0.3302905559539795,0.3321562077850103,0.9943206876516342,0.1065318069420755,0.014840452291537076,81,False
feature-30686-909--0.3-notebook-0.6-128,feature-30686,909,-0.3,2,prompt,203,0,0.3302905559539795,0.33191138931683134,0.9950320001306205,0.0993749766514219,0.015396675898256515,89,False
feature-30686-909--0.3-notebook-0.6-128,feature-30686,909,-0.3,2,generated,88,0,0.3302905559539795,0.33227974989197473,0.9940451681613922,0.10934955313463103,0.01461746653711254,89,False
feature-30686-909--0.4-notebook-0.6-128,feature-30686,909,-0.4,1,prompt,91,0,0.44038739800453186,0.4413191970888075,0.9973589398048737,0.07241566188551568,0.020659951962003546,81,False
feature-30686-909--0.4-notebook-0.6-128,feature-30686,909,-0.4,1,generated,80,0,0.44038739800453186,0.44159147813916205,0.9966987110674381,0.08105530720204115,0.019730296358466147,81,False
feature-30686-909--0.4-notebook-0.6-128,feature-30686,909,-0.4,2,prompt,203,0,0.44038739800453186,0.4414192191485701,0.9971081937475158,0.07566344128747292,0.02047680715572667,89,False
feature-30686-909--0.4-notebook-0.6-128,feature-30686,909,-0.4,2,generated,88,0,0.44038739800453186,0.44165805794975976,0.9965560002760454,0.08294577185403217,0.01942928480407731,89,False
feature-30686-909--0.5-notebook-0.6-128,feature-30686,909,-0.5,1,prompt,91,0,0.5504842400550842,0.5513598394917918,0.9982393161281125,0.059082311752078294,0.0258120585042359,81,False
feature-30686-909--0.5-notebook-0.6-128,feature-30686,909,-0.5,1,generated,80,0,0.5504842400550842,0.551734758168459,0.9978171460330486,0.0659024495165795,0.02465174093376845,81,False
feature-30686-909--0.5-notebook-0.6-128,feature-30686,909,-0.5,2,prompt,203,0,0.5504842400550842,0.5515172484473054,0.9980850369472222,0.06154337176695246,0.025584802063344864,89,False
feature-30686-909--0.5-notebook-0.6-128,feature-30686,909,-0.5,2,generated,88,0,0.5504842400550842,0.5517084510488943,0.9977441193027929,0.06711767969483678,0.024270595813339405,89,False
feature-30686-909--0.6-notebook-0.6-128,feature-30686,909,-0.6,1,prompt,91,0,0.660581111907959,0.6614758136508229,0.9987586245432005,0.04956222301001077,0.030966918747923285,97,False
feature-30686-909--0.6-notebook-0.6-128,feature-30686,909,-0.6,1,generated,96,0,0.660581111907959,0.6618023558209339,0.998412157719334,0.056291190635723375,0.02892365326018383,97,False
feature-30686-909--0.6-notebook-0.6-128,feature-30686,909,-0.6,2,prompt,219,0,0.660581111907959,0.6616160973021973,0.9986194921955126,0.05222145615137059,0.03050408442451546,90,False
feature-30686-909--0.6-notebook-0.6-128,feature-30686,909,-0.6,2,generated,89,0,0.660581111907959,0.6617561471596193,0.9983153215954813,0.05797361369045933,0.028750009499908833,90,False
feature-30686-909--0.7-notebook-0.6-128,feature-30686,909,-0.7,1,prompt,91,0,0.770677924156189,0.7710195177204007,0.9991008187388326,0.04209274182525965,0.036094438642836534,81,False
feature-30686-909--0.7-notebook-0.6-128,feature-30686,909,-0.7,1,generated,80,0,0.770677924156189,0.7711449176073074,0.9988839596509933,0.04707762231118977,0.034456033958122134,81,False
feature-30686-909--0.7-notebook-0.6-128,feature-30686,909,-0.7,2,prompt,203,0,0.770677924156189,0.7710800458644999,0.9990236671100109,0.04385977618286175,0.03577063229448836,89,False
feature-30686-909--0.7-notebook-0.6-128,feature-30686,909,-0.7,2,generated,88,0,0.770677924156189,0.771057783880017,0.9988248761404644,0.04839349042793566,0.033920503221452236,89,False
feature-41533-1001-+0.0-notebook-0.6-128,feature-41533,1001,0.0,1,prompt,91,91,0.0,0.0,1.0,0.0,0.0,128,True
feature-41533-1001-+0.0-notebook-0.6-128,feature-41533,1001,0.0,1,generated,127,127,0.0,0.0,1.0,0.0,0.0,128,True
feature-41533-1001-+0.0-notebook-0.6-128,feature-41533,1001,0.0,2,prompt,250,250,0.0,0.0,1.0,0.0,0.0,89,False
feature-41533-1001-+0.0-notebook-0.6-128,feature-41533,1001,0.0,2,generated,88,88,0.0,0.0,1.0,0.0,0.0,89,False
feature-41533-1001-+0.1-notebook-0.6-128,feature-41533,1001,0.1,1,prompt,91,0,0.1290416419506073,0.13233101580824172,0.9711876360924689,0.24325405257743793,0.006194392094295216,128,True
feature-41533-1001-+0.1-notebook-0.6-128,feature-41533,1001,0.1,1,generated,127,0,0.1290416568517685,0.13247519625922827,0.9671527536835257,0.2599072520892451,0.006115274976821631,128,True
feature-41533-1001-+0.1-notebook-0.6-128,feature-41533,1001,0.1,2,prompt,250,0,0.1290416419506073,0.13242255449295043,0.9691925098896027,0.2514385893940926,0.006200383328075986,89,False
feature-41533-1001-+0.1-notebook-0.6-128,feature-41533,1001,0.1,2,generated,88,0,0.1290416568517685,0.13320566290481525,0.9625547677278519,0.2787092763253234,0.006035378530875526,89,False
feature-41533-1001-+0.2-notebook-0.6-128,feature-41533,1001,0.2,1,prompt,91,0,0.2580832839012146,0.2597783021219484,0.991950715636159,0.12675983385070339,0.01216144470503083,128,True
feature-41533-1001-+0.2-notebook-0.6-128,feature-41533,1001,0.2,1,generated,127,0,0.258083313703537,0.26010772327738485,0.9906465800728385,0.13696832790618807,0.012009724182641412,128,True
feature-41533-1001-+0.2-notebook-0.6-128,feature-41533,1001,0.2,2,prompt,250,0,0.2580832839012146,0.2599564467668533,0.9913215072154998,0.13164973664283752,0.012174490325618535,89,False
feature-41533-1001-+0.2-notebook-0.6-128,feature-41533,1001,0.2,2,generated,88,0,0.258083313703537,0.26060373877937143,0.9896468479524959,0.1442077827047218,0.011810142927887764,89,False
feature-41533-1001-+0.3-notebook-0.6-128,feature-41533,1001,0.3,1,prompt,91,0,0.3871249556541443,0.3882676588964986,0.9960826740160094,0.08803801107537615,0.018176180302231972,128,True
feature-41533-1001-+0.3-notebook-0.6-128,feature-41533,1001,0.3,1,generated,127,0,0.3871249854564667,0.3881295119214246,0.995607630474361,0.09353199343043049,0.017922205667150772,128,True
feature-41533-1001-+0.3-notebook-0.6-128,feature-41533,1001,0.3,2,prompt,250,0,0.3871249556541443,0.3881778416633606,0.9958697626590729,0.09048471441864968,0.018180439066840335,89,False
feature-41533-1001-+0.3-notebook-0.6-128,feature-41533,1001,0.3,2,generated,88,0,0.3871249854564667,0.38869498060508206,0.9953112053600225,0.0966671679846265,0.017617062718438155,89,False
feature-41533-1001-+0.4-notebook-0.6-128,feature-41533,1001,0.4,1,prompt,91,0,0.5161665678024292,0.51689384664808,0.997662848168677,0.06785873573396232,0.02419725805904798,128,True
feature-41533-1001-+0.4-notebook-0.6-128,feature-41533,1001,0.4,1,generated,127,0,0.516166627407074,0.5173315654589435,0.9974434755918548,0.07140716490900423,0.02388989035128139,128,True
feature-41533-1001-+0.4-notebook-0.6-128,feature-41533,1001,0.4,2,prompt,250,0,0.5161665678024292,0.5170993804931641,0.9975753381252289,0.0692966068983078,0.02421987591078505,89,False
feature-41533-1001-+0.4-notebook-0.6-128,feature-41533,1001,0.4,2,generated,88,0,0.516166627407074,0.5176561440933835,0.9973964257673784,0.07200386087325486,0.02346345327201892,89,False
feature-41533-1001-+0.5-notebook-0.6-128,feature-41533,1001,0.5,1,prompt,91,0,0.6452082395553589,0.6458093484679421,0.9983727656877958,0.05651336941090259,0.03023226721951697,128,True
feature-41533-1001-+0.5-notebook-0.6-128,feature-41533,1001,0.5,1,generated,127,0,0.6452082395553589,0.6459674323637654,0.9982765072912682,0.05853673284800034,0.02983011607462027,128,True
feature-41533-1001-+0.5-notebook-0.6-128,feature-41533,1001,0.5,2,prompt,250,0,0.6452082395553589,0.6458841319084168,0.9983371722698212,0.05729192714393139,0.03025222883396782,89,False
feature-41533-1001-+0.5-notebook-0.6-128,feature-41533,1001,0.5,2,generated,88,0,0.6452082395553589,0.646155568009073,0.9983075071464885,0.057984393132342535,0.0292886318850585,89,False
feature-41533-1001-+0.6-notebook-0.6-128,feature-41533,1001,0.6,1,prompt,91,0,0.7742499113082886,0.7746903811182294,0.9988012130443866,0.048241034211529484,0.036268485539879367,128,True
feature-41533-1001-+0.6-notebook-0.6-128,feature-41533,1001,0.6,1,generated,127,0,0.7742499709129333,0.775081902038394,0.9988126599882531,0.04845998890873954,0.035792464786392496,128,True
feature-41533-1001-+0.6-notebook-0.6-128,feature-41533,1001,0.6,2,prompt,250,0,0.7742499113082886,0.7748887741565704,0.9988192231655121,0.04808654853701592,0.03629558110749349,89,False
feature-41533-1001-+0.6-notebook-0.6-128,feature-41533,1001,0.6,2,generated,88,0,0.7742499709129333,0.7752154821699316,0.9988716732371937,0.04731978200884028,0.03513896668499166,89,False
feature-41533-1001-+0.7-notebook-0.6-128,feature-41533,1001,0.7,1,prompt,91,0,0.9032915234565735,0.9035593677353073,0.9990373915368385,0.04296737383273277,0.04230074791728959,128,True
feature-41533-1001-+0.7-notebook-0.6-128,feature-41533,1001,0.7,1,generated,127,0,0.9032915234565735,0.9038628461792713,0.9991153384756855,0.041638544650645704,0.04174049054895799,128,True
feature-41533-1001-+0.7-notebook-0.6-128,feature-41533,1001,0.7,2,prompt,250,0,0.9032915234565735,0.9037085235118866,0.9990888485908508,0.041999465078115465,0.04232972072251141,94,False
feature-41533-1001-+0.7-notebook-0.6-128,feature-41533,1001,0.7,2,generated,93,0,0.9032915234565735,0.9039776722590128,0.9991821044234819,0.04024757639134443,0.04061368852853775,94,False
feature-41533-1001--0.1-notebook-0.6-128,feature-41533,1001,-0.1,1,prompt,91,0,0.1290416419506073,0.1322979837001025,0.9712296953568091,0.2430275377336439,0.006192848701695246,128,True
feature-41533-1001--0.1-notebook-0.6-128,feature-41533,1001,-0.1,1,generated,127,0,0.1290416568517685,0.13248681435434836,0.9671694748983608,0.25985365355108664,0.0061158555281150525,128,True
feature-41533-1001--0.1-notebook-0.6-128,feature-41533,1001,-0.1,2,prompt,250,0,0.1290416419506073,0.13240529775619506,0.9692202813625336,0.25129974192380905,0.006199570435564965,94,False
feature-41533-1001--0.1-notebook-0.6-128,feature-41533,1001,-0.1,2,generated,93,0,0.1290416568517685,0.13327916222874836,0.961938863800418,0.28109854828285913,0.005985116611124688,94,False
feature-41533-1001--0.2-notebook-0.6-128,feature-41533,1001,-0.2,1,prompt,91,0,0.2580832839012146,0.2598004311650664,0.9919603388388079,0.12668247037863994,0.012162198861715497,128,True
feature-41533-1001--0.2-notebook-0.6-128,feature-41533,1001,-0.2,1,generated,127,0,0.258083313703537,0.26010623386525733,0.9906592617823383,0.13687506206626968,0.012009646714203001,128,True
feature-41533-1001--0.2-notebook-0.6-128,feature-41533,1001,-0.2,2,prompt,250,0,0.2580832839012146,0.2599740641117096,0.9913304624557495,0.13158341178297997,0.012175262814969756,89,False
feature-41533-1001--0.2-notebook-0.6-128,feature-41533,1001,-0.2,2,generated,88,0,0.258083313703537,0.2606094323775985,0.9896587424657561,0.14413920849223028,0.011810331996953622,89,False
feature-41533-1001--0.3-notebook-0.6-128,feature-41533,1001,-0.3,1,prompt,91,0,0.3871249556541443,0.38826954168277783,0.9960850568918082,0.08801039811837805,0.018176451013909634,128,True
feature-41533-1001--0.3-notebook-0.6-128,feature-41533,1001,-0.3,1,generated,127,0,0.3871249854564667,0.3881403095140232,0.9956131164483198,0.093474986046318,0.017922903653087578,128,True
feature-41533-1001--0.3-notebook-0.6-128,feature-41533,1001,-0.3,2,prompt,250,0,0.3871249556541443,0.3881858035326004,0.9958744177818298,0.09043664215505123,0.018180986182997003,89,False
feature-41533-1001--0.3-notebook-0.6-128,feature-41533,1001,-0.3,2,generated,88,0,0.3871249854564667,0.3886834704740481,0.9953199381178076,0.096570796163922,0.017616638352840462,89,False
feature-41533-1001--0.4-notebook-0.6-128,feature-41533,1001,-0.4,1,prompt,91,0,0.5161665678024292,0.5168907753713838,0.9976646441679734,0.06782894716649265,0.024197242085842396,128,True
feature-41533-1001--0.4-notebook-0.6-128,feature-41533,1001,-0.4,1,generated,127,0,0.516166627407074,0.5173625908498689,0.9974465787880064,0.0713701366674243,0.02389122874248685,128,True
feature-41533-1001--0.4-notebook-0.6-128,feature-41533,1001,-0.4,2,prompt,250,0,0.5161665678024292,0.5171299173831939,0.9975784792900085,0.06925292702019215,0.024221308315638453,89,False
feature-41533-1001--0.4-notebook-0.6-128,feature-41533,1001,-0.4,2,generated,88,0,0.516166627407074,0.5176246830008246,0.9974023713306948,0.07192494097927754,0.02346195405433801,89,False
feature-41533-1001--0.5-notebook-0.6-128,feature-41533,1001,-0.5,1,prompt,91,0,0.6452082395553589,0.6457958935381292,0.9983804795768235,0.05637678352522326,0.030231428573772843,128,True
feature-41533-1001--0.5-notebook-0.6-128,feature-41533,1001,-0.5,1,generated,127,0,0.6452082395553589,0.6459491271672286,0.9982778481611116,0.05851521850453587,0.0298295620476871,128,True
feature-41533-1001--0.5-notebook-0.6-128,feature-41533,1001,-0.5,2,prompt,250,0,0.6452082395553589,0.6458769104480744,0.9983408329486847,0.05722752553224564,0.030251908218720928,89,False
feature-41533-1001--0.5-notebook-0.6-128,feature-41533,1001,-0.5,2,generated,88,0,0.6452082395553589,0.6461347795345567,0.9983128681778908,0.05789532431993972,0.029287697048857808,89,False
feature-41533-1001--0.6-notebook-0.6-128,feature-41533,1001,-0.6,1,prompt,91,0,0.7742499113082886,0.7746604268367474,0.9988089740931333,0.04807598856124249,0.036266669137198684,128,True
feature-41533-1001--0.6-notebook-0.6-128,feature-41533,1001,-0.6,1,generated,127,0,0.7742499709129333,0.7750637765944474,0.9988143481607512,0.04842682631583664,0.0357916714315574,128,True
feature-41533-1001--0.6-notebook-0.6-128,feature-41533,1001,-0.6,2,prompt,250,0,0.7742499113082886,0.7748710210323334,0.9988229494094849,0.04800633944571018,0.03629465125408023,128,True
feature-41533-1001--0.6-notebook-0.6-128,feature-41533,1001,-0.6,2,generated,127,0,0.7742499709129333,0.7752023888385202,0.9988533521261741,0.047738917347953075,0.0349382232346638,128,True
feature-41533-1001--0.7-notebook-0.6-128,feature-41533,1001,-0.7,1,prompt,91,0,0.9032915234565735,0.9035617191712935,0.9990422103431199,0.04285654343746521,0.042300384471213426,128,True
feature-41533-1001--0.7-notebook-0.6-128,feature-41533,1001,-0.7,1,generated,127,0,0.9032915234565735,0.9038412758684534,0.9991173068369468,0.04158749919766047,0.04173952388012503,128,True
feature-41533-1001--0.7-notebook-0.6-128,feature-41533,1001,-0.7,2,prompt,250,0,0.9032915234565735,0.903697885274887,0.9990912978649139,0.041941310480237005,0.042329018101096155,128,True
feature-41533-1001--0.7-notebook-0.6-128,feature-41533,1001,-0.7,2,generated,127,0,0.9032915234565735,0.9039806104081822,0.9991784912394727,0.04035766792344296,0.040742507981737765,128,True
feature-41533-101-+0.0-notebook-0.6-128,feature-41533,101,0.0,1,prompt,91,91,0.0,0.0,1.0,0.0,0.0,94,False
feature-41533-101-+0.0-notebook-0.6-128,feature-41533,101,0.0,1,generated,93,93,0.0,0.0,1.0,0.0,0.0,94,False
feature-41533-101-+0.0-notebook-0.6-128,feature-41533,101,0.0,2,prompt,216,216,0.0,0.0,1.0,0.0,0.0,60,False
feature-41533-101-+0.0-notebook-0.6-128,feature-41533,101,0.0,2,generated,59,59,0.0,0.0,1.0,0.0,0.0,60,False
feature-41533-101-+0.1-notebook-0.6-128,feature-41533,101,0.1,1,prompt,91,0,0.1290416419506073,0.13233101580824172,0.9711876360924689,0.24325405257743793,0.006194392094295216,94,False
feature-41533-101-+0.1-notebook-0.6-128,feature-41533,101,0.1,1,generated,93,0,0.1290416568517685,0.1327380480304841,0.9651338874652822,0.26821442701483283,0.005999264547661427,94,False
feature-41533-101-+0.1-notebook-0.6-128,feature-41533,101,0.1,2,prompt,216,0,0.1290416419506073,0.13249300910090958,0.9687109584057773,0.25335707025671445,0.006171090455272524,60,False
feature-41533-101-+0.1-notebook-0.6-128,feature-41533,101,0.1,2,generated,59,0,0.1290416568517685,0.13314970948938595,0.9620270870499692,0.281245338967291,0.005939493752952854,60,False
feature-41533-101-+0.2-notebook-0.6-128,feature-41533,101,0.2,1,prompt,91,0,0.2580832839012146,0.2597783021219484,0.991950715636159,0.12675983385070339,0.01216144470503083,94,False
feature-41533-101-+0.2-notebook-0.6-128,feature-41533,101,0.2,1,generated,93,0,0.258083313703537,0.2602031224517412,0.9900976803994948,0.14097256750188847,0.011762591209062326,94,False
feature-41533-101-+0.2-notebook-0.6-128,feature-41533,101,0.2,2,prompt,216,0,0.2580832839012146,0.25998572618873034,0.9912152370368993,0.1323679102308772,0.012111888379742461,114,False
feature-41533-101-+0.2-notebook-0.6-128,feature-41533,101,0.2,2,generated,113,0,0.258083313703537,0.260660862764426,0.9892966072116278,0.14706323988142267,0.011454759190370024,114,False
feature-41533-101-+0.3-notebook-0.6-128,feature-41533,101,0.3,1,prompt,91,0,0.3871249556541443,0.3882676588964986,0.9960826740160094,0.08803801107537615,0.018176180302231972,94,False
feature-41533-101-+0.3-notebook-0.6-128,feature-41533,101,0.3,1,generated,93,0,0.3871249854564667,0.3884021899392528,0.9954111454307392,0.09568072767347417,0.017559705963057858,94,False
feature-41533-101-+0.3-notebook-0.6-128,feature-41533,101,0.3,2,prompt,216,0,0.3871249556541443,0.3882955679738963,0.9958372378238926,0.09080968286704134,0.018090403156680555,60,False
feature-41533-101-+0.3-notebook-0.6-128,feature-41533,101,0.3,2,generated,59,0,0.3871249854564667,0.3886657347113399,0.9952892358020201,0.09716272227844949,0.017339222085804254,60,False
feature-41533-101-+0.4-notebook-0.6-128,feature-41533,101,0.4,1,prompt,91,0,0.5161665678024292,0.51689384664808,0.997662848168677,0.06785873573396232,0.02419725805904798,94,False
feature-41533-101-+0.4-notebook-0.6-128,feature-41533,101,0.4,1,generated,93,0,0.516166627407074,0.517402995017267,0.9973528974799699,0.07266043078514837,0.02339391544541364,94,False
feature-41533-101-+0.4-notebook-0.6-128,feature-41533,101,0.4,2,prompt,216,0,0.5161665678024292,0.5170909563700358,0.9975597254104085,0.0694634008600756,0.024092199256604847,93,False
feature-41533-101-+0.4-notebook-0.6-128,feature-41533,101,0.4,2,generated,92,0,0.516166627407074,0.5174470751181893,0.9973088878652324,0.07336062184818413,0.022917749360203743,93,False
feature-41533-101-+0.5-notebook-0.6-128,feature-41533,101,0.5,1,prompt,91,0,0.6452082395553589,0.6458093484679421,0.9983727656877958,0.05651336941090259,0.03023226721951697,94,False
feature-41533-101-+0.5-notebook-0.6-128,feature-41533,101,0.5,1,generated,93,0,0.6452082395553589,0.6460811925190751,0.9982422263391556,0.05909646959394537,0.029211617745859647,94,False
feature-41533-101-+0.5-notebook-0.6-128,feature-41533,101,0.5,2,prompt,216,0,0.6452082395553589,0.6459019170315178,0.9983324262279051,0.05733291071805137,0.03009386730614265,114,False
feature-41533-101-+0.5-notebook-0.6-128,feature-41533,101,0.5,2,generated,113,0,0.6452082395553589,0.6463073281060278,0.9982055668282298,0.059847199217935576,0.02840420908698466,114,False
feature-41533-101-+0.6-notebook-0.6-128,feature-41533,101,0.6,1,prompt,91,0,0.7742499113082886,0.7746903811182294,0.9988012130443866,0.048241034211529484,0.036268485539879367,94,False
feature-41533-101-+0.6-notebook-0.6-128,feature-41533,101,0.6,1,generated,93,0,0.7742499709129333,0.7750419166780287,0.9987909973308604,0.04887693960179565,0.03504269149514937,94,False
feature-41533-101-+0.6-notebook-0.6-128,feature-41533,101,0.6,2,prompt,216,0,0.7742499113082886,0.7748445515279416,0.9988100131352743,0.04823727052037915,0.036103074134357656,93,False
feature-41533-101-+0.6-notebook-0.6-128,feature-41533,101,0.6,2,generated,92,0,0.7742499709129333,0.7753531971703405,0.9988273926403212,0.04834545407768177,0.03434078237446754,93,False
feature-41533-101-+0.7-notebook-0.6-128,feature-41533,101,0.7,1,prompt,91,0,0.9032915234565735,0.9035593677353073,0.9990373915368385,0.04296737383273277,0.04230074791728959,94,False
feature-41533-101-+0.7-notebook-0.6-128,feature-41533,101,0.7,1,generated,93,0,0.9032915234565735,0.9038756432071808,0.9991033743786556,0.04193038958054717,0.040868269259570746,94,False
feature-41533-101-+0.7-notebook-0.6-128,feature-41533,101,0.7,2,prompt,216,0,0.9032915234565735,0.9036810340152847,0.9990779986536061,0.042227449628558976,0.04210594382904539,93,False
feature-41533-101-+0.7-notebook-0.6-128,feature-41533,101,0.7,2,generated,92,0,0.9032915234565735,0.9039861508037733,0.9991570225228434,0.04094273621297401,0.040037939770390156,93,False
feature-41533-101--0.1-notebook-0.6-128,feature-41533,101,-0.1,1,prompt,91,0,0.1290416419506073,0.1322979837001025,0.9712296953568091,0.2430275377336439,0.006192848701695246,94,False
feature-41533-101--0.1-notebook-0.6-128,feature-41533,101,-0.1,1,generated,93,0,0.1290416568517685,0.1327338058461425,0.9651489930768167,0.26814718063800563,0.005999130987992851,94,False
feature-41533-101--0.1-notebook-0.6-128,feature-41533,101,-0.1,2,prompt,216,0,0.1290416419506073,0.13247543635467687,0.968753223893819,0.2531554269845839,0.006170343641618577,60,False
feature-41533-101--0.1-notebook-0.6-128,feature-41533,101,-0.1,2,generated,59,0,0.1290416568517685,0.13312631542399778,0.9620209942429753,0.28121896391197787,0.005938438927533768,60,False
feature-41533-101--0.2-notebook-0.6-128,feature-41533,101,-0.2,1,prompt,91,0,0.2580832839012146,0.2598004311650664,0.9919603388388079,0.12668247037863994,0.012162198861715497,94,False
feature-41533-101--0.2-notebook-0.6-128,feature-41533,101,-0.2,1,generated,93,0,0.258083313703537,0.26021291171350786,0.9901108203395721,0.14088396591845379,0.011763010794917742,94,False
feature-41533-101--0.2-notebook-0.6-128,feature-41533,101,-0.2,2,prompt,216,0,0.2580832839012146,0.25999333474923064,0.9912242439609987,0.13230443963160118,0.012112033157420767,101,False
feature-41533-101--0.2-notebook-0.6-128,feature-41533,101,-0.2,2,generated,100,0,0.258083313703537,0.26055329233407976,0.9895494937896728,0.1452029111981392,0.011607723962515592,101,False
feature-41533-101--0.3-notebook-0.6-128,feature-41533,101,-0.3,1,prompt,91,0,0.3871249556541443,0.38826954168277783,0.9960850568918082,0.08801039811837805,0.018176451013909634,94,False
feature-41533-101--0.3-notebook-0.6-128,feature-41533,101,-0.3,1,generated,93,0,0.3871249854564667,0.3884199136687863,0.9954064629411185,0.09573469078668984,0.017560540347970943,94,False
feature-41533-101--0.3-notebook-0.6-128,feature-41533,101,-0.3,2,prompt,216,0,0.3871249556541443,0.3882964096135563,0.9958404633733962,0.0907720427925664,0.018090622821074685,60,False
feature-41533-101--0.3-notebook-0.6-128,feature-41533,101,-0.3,2,generated,59,0,0.3871249854564667,0.38868359084856713,0.9952895752454208,0.09715911948074729,0.017340046827192025,60,False
feature-41533-101--0.4-notebook-0.6-128,feature-41533,101,-0.4,1,prompt,91,0,0.5161665678024292,0.5168907753713838,0.9976646441679734,0.06782894716649265,0.024197242085842396,94,False
feature-41533-101--0.4-notebook-0.6-128,feature-41533,101,-0.4,1,generated,93,0,0.516166627407074,0.5173971620939111,0.9973504652259171,0.07268873758373721,0.02339362497291257,94,False
feature-41533-101--0.4-notebook-0.6-128,feature-41533,101,-0.4,2,prompt,216,0,0.5161665678024292,0.5170980015838588,0.9975632602969805,0.06940875435248017,0.024092566953320918,101,False
feature-41533-101--0.4-notebook-0.6-128,feature-41533,101,-0.4,2,generated,100,0,0.516166627407074,0.517434264421463,0.9973082506656646,0.07333483960479498,0.023053454309701918,101,False
feature-41533-101--0.5-notebook-0.6-128,feature-41533,101,-0.5,1,prompt,91,0,0.6452082395553589,0.6457958935381292,0.9983804795768235,0.05637678352522326,0.030231428573772843,94,False
feature-41533-101--0.5-notebook-0.6-128,feature-41533,101,-0.5,1,generated,93,0,0.6452082395553589,0.6460749186495299,0.9982438157963497,0.059068001406167144,0.029211419704620555,94,False
feature-41533-101--0.5-notebook-0.6-128,feature-41533,101,-0.5,2,prompt,216,0,0.6452082395553589,0.6459064146986714,0.9983411845233705,0.057177933795308625,0.030094049015369145,60,False
feature-41533-101--0.5-notebook-0.6-128,feature-41533,101,-0.5,2,generated,59,0,0.6452082395553589,0.6462236208430792,0.9982545092954473,0.059048759798377246,0.028830114120649078,60,False
feature-41533-101--0.6-notebook-0.6-128,feature-41533,101,-0.6,1,prompt,91,0,0.7742499113082886,0.7746604268367474,0.9988089740931333,0.04807598856124249,0.036266669137198684,94,False
feature-41533-101--0.6-notebook-0.6-128,feature-41533,101,-0.6,1,generated,93,0,0.7742499709129333,0.7750697629426115,0.9987934167667102,0.048829770056150294,0.03504376489949483,94,False
feature-41533-101--0.6-notebook-0.6-128,feature-41533,101,-0.6,2,prompt,216,0,0.7742499113082886,0.7748657547765307,0.9988202460938029,0.04801850909091256,0.03610380624175175,60,False
feature-41533-101--0.6-notebook-0.6-128,feature-41533,101,-0.6,2,generated,59,0,0.7742499709129333,0.7754458835569479,0.998843304181503,0.048033312405064955,0.034595467308062615,60,False
feature-41533-101--0.7-notebook-0.6-128,feature-41533,101,-0.7,1,prompt,91,0,0.9032915234565735,0.9035617191712935,0.9990422103431199,0.04285654343746521,0.042300384471213426,94,False
feature-41533-101--0.7-notebook-0.6-128,feature-41533,101,-0.7,1,generated,93,0,0.9032915234565735,0.9038987070001582,0.9991059303283691,0.0418713455919617,0.040869525443482144,94,False
feature-41533-101--0.7-notebook-0.6-128,feature-41533,101,-0.7,2,prompt,216,0,0.9032915234565735,0.9036874037098002,0.9990865706845566,0.04202303587872949,0.04210605745686701,101,False
feature-41533-101--0.7-notebook-0.6-128,feature-41533,101,-0.7,2,generated,100,0,0.9032915234565735,0.9039767956733704,0.9991556543111801,0.04091049328446388,0.04027593646198511,101,False
feature-41533-202-+0.0-notebook-0.6-128,feature-41533,202,0.0,1,prompt,91,91,0.0,0.0,1.0,0.0,0.0,65,False
feature-41533-202-+0.0-notebook-0.6-128,feature-41533,202,0.0,1,generated,64,64,0.0,0.0,1.0,0.0,0.0,65,False
feature-41533-202-+0.0-notebook-0.6-128,feature-41533,202,0.0,2,prompt,187,187,0.0,0.0,1.0,0.0,0.0,61,False
feature-41533-202-+0.0-notebook-0.6-128,feature-41533,202,0.0,2,generated,60,60,0.0,0.0,1.0,0.0,0.0,61,False
feature-41533-202-+0.1-notebook-0.6-128,feature-41533,202,0.1,1,prompt,91,0,0.1290416419506073,0.13233101580824172,0.9711876360924689,0.24325405257743793,0.006194392094295216,65,False
feature-41533-202-+0.1-notebook-0.6-128,feature-41533,202,0.1,1,generated,64,0,0.1290416568517685,0.1329029204789549,0.9637818560004234,0.27373379725031555,0.0059459367985255085,65,False
feature-41533-202-+0.1-notebook-0.6-128,feature-41533,202,0.1,2,prompt,187,0,0.1290416419506073,0.13253031854323524,0.9687494460274192,0.25318241398283503,0.0061683522310589795,61,False
feature-41533-202-+0.1-notebook-0.6-128,feature-41533,202,0.1,2,generated,60,0,0.1290416568517685,0.1331273175776005,0.9619496524333954,0.28152063488960266,0.005962532976021369,61,False
feature-41533-202-+0.2-notebook-0.6-128,feature-41533,202,0.2,1,prompt,91,0,0.2580832839012146,0.2597783021219484,0.991950715636159,0.12675983385070339,0.01216144470503083,65,False
feature-41533-202-+0.2-notebook-0.6-128,feature-41533,202,0.2,1,generated,64,0,0.258083313703537,0.26029373751953244,0.9897471321746707,0.14355674060061574,0.01164671940205153,65,False
feature-41533-202-+0.2-notebook-0.6-128,feature-41533,202,0.2,2,prompt,187,0,0.2580832839012146,0.2599718707768037,0.991237522127794,0.13215106960764544,0.012101912079752487,61,False
feature-41533-202-+0.2-notebook-0.6-128,feature-41533,202,0.2,2,generated,60,0,0.258083313703537,0.26075596660375594,0.9895793775717417,0.1451242802043756,0.011679789346332351,61,False
feature-41533-202-+0.3-notebook-0.6-128,feature-41533,202,0.3,1,prompt,91,0,0.3871249556541443,0.3882676588964986,0.9960826740160094,0.08803801107537615,0.018176180302231972,65,False
feature-41533-202-+0.3-notebook-0.6-128,feature-41533,202,0.3,1,generated,64,0,0.3871249854564667,0.3884300719946623,0.9952283427119255,0.0976192222442478,0.0173820108466316,65,False
feature-41533-202-+0.3-notebook-0.6-128,feature-41533,202,0.3,2,prompt,187,0,0.3871249556541443,0.3882816346252666,0.9958283101173646,0.09085674478328802,0.01807627141230396,61,False
feature-41533-202-+0.3-notebook-0.6-128,feature-41533,202,0.3,2,generated,60,0,0.3871249854564667,0.38865738958120344,0.9953664431969325,0.09628276365498702,0.017409412345538538,61,False
feature-41533-202-+0.4-notebook-0.6-128,feature-41533,202,0.4,1,prompt,91,0,0.5161665678024292,0.51689384664808,0.997662848168677,0.06785873573396232,0.02419725805904798,65,False
feature-41533-202-+0.4-notebook-0.6-128,feature-41533,202,0.4,1,generated,64,0,0.516166627407074,0.5173904653638601,0.997256288304925,0.0740404148818925,0.023153869435191154,65,False
feature-41533-202-+0.4-notebook-0.6-128,feature-41533,202,0.4,2,prompt,187,0,0.5161665678024292,0.5170553415854346,0.9975560734616243,0.06948283127444313,0.02407198369112065,61,False
feature-41533-202-+0.4-notebook-0.6-128,feature-41533,202,0.4,2,generated,60,0,0.516166627407074,0.5174536327521007,0.9973853399356206,0.07227121690909068,0.023178644447276988,61,False
feature-41533-202-+0.5-notebook-0.6-128,feature-41533,202,0.5,1,prompt,91,0,0.6452082395553589,0.6458093484679421,0.9983727656877958,0.05651336941090259,0.03023226721951697,65,False
feature-41533-202-+0.5-notebook-0.6-128,feature-41533,202,0.5,1,generated,64,0,0.6452082395553589,0.6461271699517965,0.9981984794139862,0.05993587430566549,0.0289154039346613,65,False
feature-41533-202-+0.5-notebook-0.6-128,feature-41533,202,0.5,2,prompt,187,0,0.6452082395553589,0.6459169206134776,0.9983326454851079,0.05731910997055431,0.03007165578170306,61,False
feature-41533-202-+0.5-notebook-0.6-128,feature-41533,202,0.5,2,generated,60,0,0.6452082395553589,0.6461168557405472,0.9982683807611465,0.058777001313865186,0.028942445168892543,61,False
feature-41533-202-+0.6-notebook-0.6-128,feature-41533,202,0.6,1,prompt,91,0,0.7742499113082886,0.7746903811182294,0.9988012130443866,0.048241034211529484,0.036268485539879367,65,False
feature-41533-202-+0.6-notebook-0.6-128,feature-41533,202,0.6,1,generated,64,0,0.7742499709129333,0.7751469863578677,0.9987757420167327,0.04932529025245458,0.03468937685829587,65,False
feature-41533-202-+0.6-notebook-0.6-128,feature-41533,202,0.6,2,prompt,187,0,0.7742499113082886,0.7748591899871826,0.9988110288579196,0.04821069484805678,0.03607639733809022,61,False
feature-41533-202-+0.6-notebook-0.6-128,feature-41533,202,0.6,2,generated,60,0,0.7742499709129333,0.7754546334346135,0.9988510131835937,0.04787344665577014,0.03473646038522323,61,False
feature-41533-202-+0.7-notebook-0.6-128,feature-41533,202,0.7,1,prompt,91,0,0.9032915234565735,0.9035593677353073,0.9990373915368385,0.04296737383273277,0.04230074791728959,65,False
feature-41533-202-+0.7-notebook-0.6-128,feature-41533,202,0.7,1,generated,64,0,0.9032915234565735,0.9039877476170659,0.9991039894521236,0.04207747761392966,0.04045578296063468,65,False
feature-41533-202-+0.7-notebook-0.6-128,feature-41533,202,0.7,2,prompt,187,0,0.9032915234565735,0.903712386115987,0.9990778645092153,0.04223064841194586,0.042075378364599486,61,False
feature-41533-202-+0.7-notebook-0.6-128,feature-41533,202,0.7,2,generated,60,0,0.9032915234565735,0.9038308650255203,0.9991747111082077,0.0405248294894894,0.040486964086691536,61,False
feature-41533-202--0.1-notebook-0.6-128,feature-41533,202,-0.1,1,prompt,91,0,0.1290416419506073,0.1322979837001025,0.9712296953568091,0.2430275377336439,0.006192848701695246,65,False
feature-41533-202--0.1-notebook-0.6-128,feature-41533,202,-0.1,1,generated,64,0,0.1290416568517685,0.13288419996388257,0.9638125952333212,0.27356784604489803,0.005944982898654416,65,False
feature-41533-202--0.1-notebook-0.6-128,feature-41533,202,-0.1,2,prompt,187,0,0.1290416419506073,0.13250773204839167,0.9687919881254594,0.25297506775129286,0.006167307275068513,61,False
feature-41533-202--0.1-notebook-0.6-128,feature-41533,202,-0.1,2,generated,60,0,0.1290416568517685,0.13311500027775763,0.9619812260071436,0.2813749698301156,0.005962074571289122,61,False
feature-41533-202--0.2-notebook-0.6-128,feature-41533,202,-0.2,1,prompt,91,0,0.2580832839012146,0.2598004311650664,0.9919603388388079,0.12668247037863994,0.012162198861715497,65,False
feature-41533-202--0.2-notebook-0.6-128,feature-41533,202,-0.2,1,generated,64,0,0.258083313703537,0.26030408777296543,0.9897604677826166,0.14347476593684405,0.011647171675576828,65,False
feature-41533-202--0.2-notebook-0.6-128,feature-41533,202,-0.2,2,prompt,187,0,0.2580832839012146,0.25997281903251607,0.9912456806330757,0.1320862734222157,0.012101870765542254,61,False
feature-41533-202--0.2-notebook-0.6-128,feature-41533,202,-0.2,2,generated,60,0,0.258083313703537,0.2607501044869423,0.98959325949351,0.14502426895002524,0.011679380138715108,61,False
feature-41533-202--0.3-notebook-0.6-128,feature-41533,202,-0.3,1,prompt,91,0,0.3871249556541443,0.38826954168277783,0.9960850568918082,0.08801039811837805,0.018176451013909634,65,False
feature-41533-202--0.3-notebook-0.6-128,feature-41533,202,-0.3,1,generated,64,0,0.3871249854564667,0.38842813670635223,0.995236991904676,0.09753105568233877,0.017381919678882696,65,False
feature-41533-202--0.3-notebook-0.6-128,feature-41533,202,-0.3,2,prompt,187,0,0.3871249556541443,0.38829032574745426,0.9958349469511266,0.09078836393228827,0.01807681986356134,60,False
feature-41533-202--0.3-notebook-0.6-128,feature-41533,202,-0.3,2,generated,59,0,0.3871249854564667,0.3886426505395922,0.995361379647659,0.09632867019055254,0.017402350586854805,60,False
feature-41533-202--0.4-notebook-0.6-128,feature-41533,202,-0.4,1,prompt,91,0,0.5161665678024292,0.5168907753713838,0.9976646441679734,0.06782894716649265,0.024197242085842396,65,False
feature-41533-202--0.4-notebook-0.6-128,feature-41533,202,-0.4,1,generated,64,0,0.516166627407074,0.5174024635925889,0.9972593672573566,0.07399898336734623,0.023154532915214077,65,False
feature-41533-202--0.4-notebook-0.6-128,feature-41533,202,-0.4,2,prompt,187,0,0.5161665678024292,0.5170608080007175,0.9975595879044762,0.06942882105947178,0.02407233987095701,60,False
feature-41533-202--0.4-notebook-0.6-128,feature-41533,202,-0.4,2,generated,59,0,0.516166627407074,0.5174574296353227,0.9973877658278255,0.07223233871035657,0.02317031965417377,60,False
feature-41533-202--0.5-notebook-0.6-128,feature-41533,202,-0.5,1,prompt,91,0,0.6452082395553589,0.6457958935381292,0.9983804795768235,0.05637678352522326,0.030231428573772843,128,True
feature-41533-202--0.5-notebook-0.6-128,feature-41533,202,-0.5,1,generated,127,0,0.6452082395553589,0.646208925510016,0.9981216257951391,0.061087091460706684,0.028346129964421114,128,True
feature-41533-202--0.5-notebook-0.6-128,feature-41533,202,-0.5,2,prompt,251,0,0.6452082395553589,0.6460021677245182,0.9982667674581368,0.058416787312325254,0.029597078426138117,62,False
feature-41533-202--0.5-notebook-0.6-128,feature-41533,202,-0.5,2,generated,61,0,0.6452082395553589,0.6463891560914087,0.9981834253326791,0.060182116498224074,0.028254103312482598,62,False
feature-41533-202--0.6-notebook-0.6-128,feature-41533,202,-0.6,1,prompt,91,0,0.7742499113082886,0.7746604268367474,0.9988089740931333,0.04807598856124249,0.036266669137198684,128,True
feature-41533-202--0.6-notebook-0.6-128,feature-41533,202,-0.6,1,generated,127,0,0.7742499709129333,0.7749839946040957,0.9987027729590108,0.05063504200634055,0.03401520094416273,128,True
feature-41533-202--0.6-notebook-0.6-128,feature-41533,202,-0.6,2,prompt,251,0,0.7742499113082886,0.7748476202744412,0.9987711440994445,0.049004906550999656,0.03552919412421367,62,False
feature-41533-202--0.6-notebook-0.6-128,feature-41533,202,-0.6,2,generated,61,0,0.7742499709129333,0.7754842941878272,0.9987891521610197,0.04911317706840937,0.033966097736456355,62,False
feature-41533-202--0.7-notebook-0.6-128,feature-41533,202,-0.7,1,prompt,91,0,0.9032915234565735,0.9035617191712935,0.9990422103431199,0.04285654343746521,0.042300384471213426,128,True
feature-41533-202--0.7-notebook-0.6-128,feature-41533,202,-0.7,1,generated,127,0,0.9032915234565735,0.9039448997167152,0.9990252913452509,0.04372230437620887,0.03967017302010942,128,True
feature-41533-202--0.7-notebook-0.6-128,feature-41533,202,-0.7,2,prompt,251,0,0.9032915234565735,0.9037564028781724,0.9990503075588272,0.04286082312316296,0.04146301382002365,128,True
feature-41533-202--0.7-notebook-0.6-128,feature-41533,202,-0.7,2,generated,127,0,0.9032915234565735,0.9040027260780334,0.9990256377092497,0.043891412711988285,0.03815338707815005,128,True
feature-41533-303-+0.0-notebook-0.6-128,feature-41533,303,0.0,1,prompt,91,91,0.0,0.0,1.0,0.0,0.0,95,False
feature-41533-303-+0.0-notebook-0.6-128,feature-41533,303,0.0,1,generated,94,94,0.0,0.0,1.0,0.0,0.0,95,False
feature-41533-303-+0.0-notebook-0.6-128,feature-41533,303,0.0,2,prompt,217,217,0.0,0.0,1.0,0.0,0.0,107,False
feature-41533-303-+0.0-notebook-0.6-128,feature-41533,303,0.0,2,generated,106,106,0.0,0.0,1.0,0.0,0.0,107,False
feature-41533-303-+0.1-notebook-0.6-128,feature-41533,303,0.1,1,prompt,91,0,0.1290416419506073,0.13233101580824172,0.9711876360924689,0.24325405257743793,0.006194392094295216,95,False
feature-41533-303-+0.1-notebook-0.6-128,feature-41533,303,0.1,1,generated,94,0,0.1290416568517685,0.1327282023873735,0.9651842149014168,0.26800341824901863,0.006000719696996694,95,False
feature-41533-303-+0.1-notebook-0.6-128,feature-41533,303,0.1,2,prompt,217,0,0.1290416419506073,0.13249585664217373,0.9687184545850973,0.2533298494629047,0.006167923841903883,107,False
feature-41533-303-+0.1-notebook-0.6-128,feature-41533,303,0.1,2,generated,106,0,0.1290416568517685,0.1332951599978051,0.9610950654407717,0.2847966085065086,0.005844090902685838,107,False
feature-41533-303-+0.2-notebook-0.6-128,feature-41533,303,0.2,1,prompt,91,0,0.2580832839012146,0.2597783021219484,0.991950715636159,0.12675983385070339,0.01216144470503083,95,False
feature-41533-303-+0.2-notebook-0.6-128,feature-41533,303,0.2,1,generated,94,0,0.258083313703537,0.2602073981406841,0.9901192181922019,0.14081623405218124,0.011766807384234159,95,False
feature-41533-303-+0.2-notebook-0.6-128,feature-41533,303,0.2,2,prompt,217,0,0.2580832839012146,0.25998693004181855,0.9912202506570772,0.13233660975222214,0.012105269943930484,107,False
feature-41533-303-+0.2-notebook-0.6-128,feature-41533,303,0.2,2,generated,106,0,0.258083313703537,0.26061923267706383,0.989143874847664,0.14798523028785326,0.011427874509948041,107,False
feature-41533-303-+0.3-notebook-0.6-128,feature-41533,303,0.3,1,prompt,91,0,0.3871249556541443,0.3882676588964986,0.9960826740160094,0.08803801107537615,0.018176180302231972,95,False
feature-41533-303-+0.3-notebook-0.6-128,feature-41533,303,0.3,1,generated,94,0,0.3871249854564667,0.3884049007233153,0.9954291049470293,0.09549310890601036,0.01756553054648511,95,False
feature-41533-303-+0.3-notebook-0.6-128,feature-41533,303,0.3,2,prompt,217,0,0.3871249556541443,0.3882879003676401,0.9958444883197134,0.09072748029149623,0.018080024804849142,107,False
feature-41533-303-+0.3-notebook-0.6-128,feature-41533,303,0.3,2,generated,106,0,0.3871249854564667,0.3887965358653159,0.9950498876706609,0.0995394600871599,0.01704896102606688,107,False
feature-41533-303-+0.4-notebook-0.6-128,feature-41533,303,0.4,1,prompt,91,0,0.5161665678024292,0.51689384664808,0.997662848168677,0.06785873573396232,0.02419725805904798,95,False
feature-41533-303-+0.4-notebook-0.6-128,feature-41533,303,0.4,1,generated,94,0,0.516166627407074,0.5174199805614796,0.9973652039436584,0.07248940045370701,0.023402346416990807,95,False
feature-41533-303-+0.4-notebook-0.6-128,feature-41533,303,0.4,2,prompt,217,0,0.5161665678024292,0.517099954840225,0.997564915962483,0.06939290752333979,0.02407917812249885,107,False
feature-41533-303-+0.4-notebook-0.6-128,feature-41533,303,0.4,2,generated,106,0,0.516166627407074,0.5175266232130662,0.9972169432999953,0.07455690008289409,0.02269437562955438,107,False
feature-41533-303-+0.5-notebook-0.6-128,feature-41533,303,0.5,1,prompt,91,0,0.6452082395553589,0.6458093484679421,0.9983727656877958,0.05651336941090259,0.03023226721951697,95,False
feature-41533-303-+0.5-notebook-0.6-128,feature-41533,303,0.5,1,generated,94,0,0.6452082395553589,0.6460893598008663,0.9982529707411503,0.05890812538564205,0.029221701356483266,95,False
feature-41533-303-+0.5-notebook-0.6-128,feature-41533,303,0.5,2,prompt,217,0,0.6452082395553589,0.6459282109264954,0.9983387572974104,0.05722270617561956,0.03007850597300331,123,False
feature-41533-303-+0.5-notebook-0.6-128,feature-41533,303,0.5,2,generated,122,0,0.6452082395553589,0.6462925819099926,0.9982359863695551,0.05931984239303675,0.02876964263373711,123,False
feature-41533-303-+0.6-notebook-0.6-128,feature-41533,303,0.6,1,prompt,91,0,0.7742499113082886,0.7746903811182294,0.9988012130443866,0.048241034211529484,0.036268485539879367,128,True
feature-41533-303-+0.6-notebook-0.6-128,feature-41533,303,0.6,1,generated,127,0,0.7742499709129333,0.7749702132592989,0.9988201664188715,0.048344680056797235,0.035631118048950444,128,True
feature-41533-303-+0.6-notebook-0.6-128,feature-41533,303,0.6,2,prompt,251,0,0.7742499113082886,0.7748320162058826,0.9988236310947464,0.04799898380628857,0.036308257218609856,73,False
feature-41533-303-+0.6-notebook-0.6-128,feature-41533,303,0.6,2,generated,72,0,0.7742499709129333,0.7754013480411636,0.998720011777348,0.05043506705098682,0.03325533437439137,73,False
feature-41533-303-+0.7-notebook-0.6-128,feature-41533,303,0.7,1,prompt,91,0,0.9032915234565735,0.9035593677353073,0.9990373915368385,0.04296737383273277,0.04230074791728959,128,True
feature-41533-303-+0.7-notebook-0.6-128,feature-41533,303,0.7,1,generated,127,0,0.9032915234565735,0.9037827511472026,0.9991142346164373,0.04171002640088243,0.04155415809881969,128,True
feature-41533-303-+0.7-notebook-0.6-128,feature-41533,303,0.7,2,prompt,251,0,0.9032915234565735,0.9036579462161577,0.9990877539988058,0.042036592574471024,0.042344967973793286,72,False
feature-41533-303-+0.7-notebook-0.6-128,feature-41533,303,0.7,2,generated,71,0,0.9032915234565735,0.9039055629515312,0.9991197636429693,0.0418056517734494,0.03931767640399261,72,False
feature-41533-303--0.1-notebook-0.6-128,feature-41533,303,-0.1,1,prompt,91,0,0.1290416419506073,0.1322979837001025,0.9712296953568091,0.2430275377336439,0.006192848701695246,95,False
feature-41533-303--0.1-notebook-0.6-128,feature-41533,303,-0.1,1,generated,94,0,0.1290416568517685,0.132721742099904,0.9651975257599608,0.2679448850611423,0.006000457881414827,95,False
feature-41533-303--0.1-notebook-0.6-128,feature-41533,303,-0.1,2,prompt,217,0,0.1290416419506073,0.13247144256593996,0.9687533801601779,0.2531486858832671,0.006166841722660041,107,False
feature-41533-303--0.1-notebook-0.6-128,feature-41533,303,-0.1,2,generated,106,0,0.1290416568517685,0.13331109861720283,0.9610698009436985,0.28492465052964555,0.005844771383189649,107,False
feature-41533-303--0.2-notebook-0.6-128,feature-41533,303,-0.2,1,prompt,91,0,0.2580832839012146,0.2598004311650664,0.9919603388388079,0.12668247037863994,0.012162198861715497,95,False
feature-41533-303--0.2-notebook-0.6-128,feature-41533,303,-0.2,1,generated,94,0,0.258083313703537,0.260219156108004,0.9901318125268246,0.14073296446115413,0.011767273243675207,95,False
feature-41533-303--0.2-notebook-0.6-128,feature-41533,303,-0.2,2,prompt,217,0,0.2580832839012146,0.2599974892655825,0.9912271084873358,0.13228541430652416,0.012105571340650432,106,False
feature-41533-303--0.2-notebook-0.6-128,feature-41533,303,-0.2,2,generated,105,0,0.258083313703537,0.26061760896728153,0.9891338342712039,0.14805143787747338,0.011419495647507055,106,False
feature-41533-303--0.3-notebook-0.6-128,feature-41533,303,-0.3,1,prompt,91,0,0.3871249556541443,0.38826954168277783,0.9960850568918082,0.08801039811837805,0.018176451013909634,95,False
feature-41533-303--0.3-notebook-0.6-128,feature-41533,303,-0.3,1,generated,94,0,0.3871249854564667,0.3884207913850216,0.9954258165460952,0.09553357007655691,0.01756623236739889,95,False
feature-41533-303--0.3-notebook-0.6-128,feature-41533,303,-0.3,2,prompt,217,0,0.3871249556541443,0.388285853346372,0.9958459927189734,0.09070842738868454,0.018079983214536587,113,False
feature-41533-303--0.3-notebook-0.6-128,feature-41533,303,-0.3,2,generated,112,0,0.3871249854564667,0.3887161859976394,0.9950439445674419,0.09960421959736518,0.01703957645388852,113,False
feature-41533-303--0.4-notebook-0.6-128,feature-41533,303,-0.4,1,prompt,91,0,0.5161665678024292,0.5168907753713838,0.9976646441679734,0.06782894716649265,0.024197242085842396,95,False
feature-41533-303--0.4-notebook-0.6-128,feature-41533,303,-0.4,1,generated,94,0,0.516166627407074,0.5174069873830105,0.9973621444499239,0.07252609587096154,0.023401787147877065,95,False
feature-41533-303--0.4-notebook-0.6-128,feature-41533,303,-0.4,2,prompt,217,0,0.5161665678024292,0.5170942632833384,0.997565565845384,0.06937664611616992,0.024078980962153575,128,True
feature-41533-303--0.4-notebook-0.6-128,feature-41533,303,-0.4,2,generated,127,0,0.516166627407074,0.5175028274378438,0.9972336949325922,0.07435616284726172,0.02265662218876711,128,True
feature-41533-303--0.5-notebook-0.6-128,feature-41533,303,-0.5,1,prompt,91,0,0.6452082395553589,0.6457958935381292,0.9983804795768235,0.05637678352522326,0.030231428573772843,95,False
feature-41533-303--0.5-notebook-0.6-128,feature-41533,303,-0.5,1,generated,94,0,0.6452082395553589,0.6460860289157705,0.9982539104654434,0.058893619224112084,0.02922165879306007,95,False
feature-41533-303--0.5-notebook-0.6-128,feature-41533,303,-0.5,2,prompt,217,0,0.6452082395553589,0.6459268858905212,0.9983435166046916,0.05714042292487237,0.030078397388087184,113,False
feature-41533-303--0.5-notebook-0.6-128,feature-41533,303,-0.5,2,generated,112,0,0.6452082395553589,0.6463397331535816,0.9981900368418012,0.06010780846034842,0.028333560596885427,113,False
feature-41533-303--0.6-notebook-0.6-128,feature-41533,303,-0.6,1,prompt,91,0,0.7742499113082886,0.7746604268367474,0.9988089740931333,0.04807598856124249,0.036266669137198684,95,False
feature-41533-303--0.6-notebook-0.6-128,feature-41533,303,-0.6,1,generated,94,0,0.7742499709129333,0.775078037317763,0.9988022332495832,0.04864403839282533,0.03505569868820145,95,False
feature-41533-303--0.6-notebook-0.6-128,feature-41533,303,-0.6,2,prompt,217,0,0.7742499113082886,0.7748587917072982,0.998820549057376,0.04801661943510381,0.036083359562057986,106,False
feature-41533-303--0.6-notebook-0.6-128,feature-41533,303,-0.6,2,generated,105,0,0.7742499709129333,0.775286032472338,0.9987854106085641,0.049160571964014146,0.033974438976673856,106,False
feature-41533-303--0.7-notebook-0.6-128,feature-41533,303,-0.7,1,prompt,91,0,0.9032915234565735,0.9035617191712935,0.9990422103431199,0.04285654343746521,0.042300384471213426,95,False
feature-41533-303--0.7-notebook-0.6-128,feature-41533,303,-0.7,1,generated,94,0,0.9032915234565735,0.9038801358101216,0.9991141830353026,0.04167631272464357,0.04088197632672939,95,False
feature-41533-303--0.7-notebook-0.6-128,feature-41533,303,-0.7,2,prompt,217,0,0.9032915234565735,0.9036929533228896,0.999087399601387,0.042007280213217583,0.042082835993115804,128,True
feature-41533-303--0.7-notebook-0.6-128,feature-41533,303,-0.7,2,generated,127,0,0.9032915234565735,0.903993000665049,0.9991474146918049,0.041186091248092686,0.03957828324962789,128,True
feature-41533-404-+0.0-notebook-0.6-128,feature-41533,404,0.0,1,prompt,91,91,0.0,0.0,1.0,0.0,0.0,63,False
feature-41533-404-+0.0-notebook-0.6-128,feature-41533,404,0.0,1,generated,62,62,0.0,0.0,1.0,0.0,0.0,63,False
feature-41533-404-+0.0-notebook-0.6-128,feature-41533,404,0.0,2,prompt,185,185,0.0,0.0,1.0,0.0,0.0,91,False
feature-41533-404-+0.0-notebook-0.6-128,feature-41533,404,0.0,2,generated,90,90,0.0,0.0,1.0,0.0,0.0,91,False
feature-41533-404-+0.1-notebook-0.6-128,feature-41533,404,0.1,1,prompt,91,0,0.1290416419506073,0.13233101580824172,0.9711876360924689,0.24325405257743793,0.006194392094295216,63,False
feature-41533-404-+0.1-notebook-0.6-128,feature-41533,404,0.1,1,generated,62,0,0.1290416568517685,0.13327042470055242,0.9600644236610781,0.28845247025451354,0.005679692862735641,63,False
feature-41533-404-+0.1-notebook-0.6-128,feature-41533,404,0.1,2,prompt,185,0,0.1290416419506073,0.13264081945290437,0.9675168208173803,0.25796842454253016,0.0061141331493697205,91,False
feature-41533-404-+0.1-notebook-0.6-128,feature-41533,404,0.1,2,generated,90,0,0.1290416568517685,0.13347553147210015,0.9574539124965668,0.29798746705055235,0.005608649267297652,91,False
feature-41533-404-+0.2-notebook-0.6-128,feature-41533,404,0.2,1,prompt,91,0,0.2580832839012146,0.2597783021219484,0.991950715636159,0.12675983385070339,0.01216144470503083,63,False
feature-41533-404-+0.2-notebook-0.6-128,feature-41533,404,0.2,1,generated,62,0,0.258083313703537,0.260638932066579,0.9887478947639465,0.15073700129024445,0.011108939100297229,63,False
feature-41533-404-+0.2-notebook-0.6-128,feature-41533,404,0.2,2,prompt,185,0,0.2580832839012146,0.2600882528601466,0.9909267767055615,0.13431360117487004,0.011992757438329628,86,False
feature-41533-404-+0.2-notebook-0.6-128,feature-41533,404,0.2,2,generated,85,0,0.258083313703537,0.2611368498381446,0.9881593844469856,0.15481921592179468,0.010971145189422018,86,False
feature-41533-404-+0.3-notebook-0.6-128,feature-41533,404,0.3,1,prompt,91,0,0.3871249556541443,0.3882676588964986,0.9960826740160094,0.08803801107537615,0.018176180302231972,63,False
feature-41533-404-+0.3-notebook-0.6-128,feature-41533,404,0.3,1,generated,62,0,0.3871249854564667,0.3886506110429764,0.9948000148419411,0.10203320869515019,0.01656572149705983,63,False
feature-41533-404-+0.3-notebook-0.6-128,feature-41533,404,0.3,2,prompt,185,0,0.3871249556541443,0.38835995728905137,0.9956872498666918,0.09228321048053535,0.017908800656064035,91,False
feature-41533-404-+0.3-notebook-0.6-128,feature-41533,404,0.3,2,generated,90,0,0.3871249854564667,0.3888269411193,0.9945895996358659,0.10406523570418358,0.016340507111615606,91,False
feature-41533-404-+0.4-notebook-0.6-128,feature-41533,404,0.4,1,prompt,91,0,0.5161665678024292,0.51689384664808,0.997662848168677,0.06785873573396232,0.02419725805904798,63,False
feature-41533-404-+0.4-notebook-0.6-128,feature-41533,404,0.4,1,generated,62,0,0.516166627407074,0.5176845769728383,0.9970543057687821,0.07676077165430592,0.022066516561373588,63,False
feature-41533-404-+0.4-notebook-0.6-128,feature-41533,404,0.4,2,prompt,185,0,0.5161665678024292,0.5171704231081782,0.9974924818889515,0.07031323406341913,0.02384947921162018,91,False
feature-41533-404-+0.4-notebook-0.6-128,feature-41533,404,0.4,2,generated,90,0,0.516166627407074,0.517746510108312,0.9969549702273475,0.07800989598035812,0.021758582463694942,91,False
feature-41533-404-+0.5-notebook-0.6-128,feature-41533,404,0.5,1,prompt,91,0,0.6452082395553589,0.6458093484679421,0.9983727656877958,0.05651336941090259,0.03023226721951697,63,False
feature-41533-404-+0.5-notebook-0.6-128,feature-41533,404,0.5,1,generated,62,0,0.6452082395553589,0.6462220232332906,0.9980597803669591,0.06219717661940282,0.0275457015621566,63,False
feature-41533-404-+0.5-notebook-0.6-128,feature-41533,404,0.5,2,prompt,185,0,0.6452082395553589,0.6459612720721477,0.9982904057244997,0.05797915764757105,0.02978986597877952,91,False
feature-41533-404-+0.5-notebook-0.6-128,feature-41533,404,0.5,2,generated,90,0,0.6452082395553589,0.6464422166347503,0.9980360097355313,0.06259515020582411,0.027167589776217936,91,False
feature-41533-404-+0.6-notebook-0.6-128,feature-41533,404,0.6,1,prompt,91,0,0.7742499113082886,0.7746903811182294,0.9988012130443866,0.048241034211529484,0.036268485539879367,63,False
feature-41533-404-+0.6-notebook-0.6-128,feature-41533,404,0.6,1,generated,62,0,0.7742499709129333,0.77523884369481,0.9986787149983067,0.05124413624646202,0.03304535619193508,63,False
feature-41533-404-+0.6-notebook-0.6-128,feature-41533,404,0.6,2,prompt,185,0,0.7742499113082886,0.7748947626835591,0.9987823199581456,0.04874044317450072,0.03573729472071235,91,False
feature-41533-404-+0.6-notebook-0.6-128,feature-41533,404,0.6,2,generated,90,0,0.7742499709129333,0.7754318985674117,0.9986951390902201,0.05098544495801131,0.032588585362666185,91,False
feature-41533-404-+0.7-notebook-0.6-128,feature-41533,404,0.7,1,prompt,91,0,0.9032915234565735,0.9035593677353073,0.9990373915368385,0.04296737383273277,0.04230074791728959,63,False
feature-41533-404-+0.7-notebook-0.6-128,feature-41533,404,0.7,1,generated,62,0,0.9032915234565735,0.903989996640913,0.9990366678084096,0.043642874867204695,0.038533606476360754,63,False
feature-41533-404-+0.7-notebook-0.6-128,feature-41533,404,0.7,2,prompt,185,0,0.9032915234565735,0.9037140340418429,0.9990571569752049,0.042680491134524344,0.04167819588218589,91,False
feature-41533-404-+0.7-notebook-0.6-128,feature-41533,404,0.7,2,generated,90,0,0.9032915234565735,0.9041202313370175,0.9990650600857205,0.04311892125341627,0.037996957451105116,91,False
feature-41533-404--0.1-notebook-0.6-128,feature-41533,404,-0.1,1,prompt,91,0,0.1290416419506073,0.1322979837001025,0.9712296953568091,0.2430275377336439,0.006192848701695246,63,False
feature-41533-404--0.1-notebook-0.6-128,feature-41533,404,-0.1,1,generated,62,0,0.1290416568517685,0.13329191193465265,0.9600703274050066,0.28846246797230934,0.005680660168910699,63,False
feature-41533-404--0.1-notebook-0.6-128,feature-41533,404,-0.1,2,prompt,185,0,0.1290416419506073,0.13262358613916345,0.9675364897057817,0.25785686212617,0.006113312074385986,91,False
feature-41533-404--0.1-notebook-0.6-128,feature-41533,404,-0.1,2,generated,90,0,0.1290416568517685,0.1334548681974411,0.9574570649200016,0.2979326956801944,0.005607786298625999,91,False
feature-41533-404--0.2-notebook-0.6-128,feature-41533,404,-0.2,1,prompt,91,0,0.2580832839012146,0.2598004311650664,0.9919603388388079,0.12668247037863994,0.012162198861715497,63,False
feature-41533-404--0.2-notebook-0.6-128,feature-41533,404,-0.2,1,generated,62,0,0.258083313703537,0.26062423904095927,0.9887587553070437,0.15065981591901473,0.0111082864684924,63,False
feature-41533-404--0.2-notebook-0.6-128,feature-41533,404,-0.2,2,prompt,185,0,0.2580832839012146,0.2600958922424832,0.9909362435340882,0.13424124089447229,0.011993000981857295,91,False
feature-41533-404--0.2-notebook-0.6-128,feature-41533,404,-0.2,2,generated,90,0,0.258083313703537,0.2610791914992862,0.9881682607862684,0.1547128313117557,0.010970859229564667,91,False
feature-41533-404--0.3-notebook-0.6-128,feature-41533,404,-0.3,1,prompt,91,0,0.3871249556541443,0.38826954168277783,0.9960850568918082,0.08801039811837805,0.018176451013909634,63,False
feature-41533-404--0.3-notebook-0.6-128,feature-41533,404,-0.3,1,generated,62,0,0.3871249854564667,0.38871343385788704,0.9948056167171847,0.10199148832790313,0.01656847023555348,63,False
feature-41533-404--0.3-notebook-0.6-128,feature-41533,404,-0.3,2,prompt,185,0,0.3871249556541443,0.38838026459152636,0.9956924763885704,0.09223290784536181,0.01790977650277971,74,False
feature-41533-404--0.3-notebook-0.6-128,feature-41533,404,-0.3,2,generated,73,0,0.3871249854564667,0.3888241889542096,0.9946578961529143,0.10341978246626789,0.016438032155984068,74,False
feature-41533-404--0.4-notebook-0.6-128,feature-41533,404,-0.4,1,prompt,91,0,0.5161665678024292,0.5168907753713838,0.9976646441679734,0.06782894716649265,0.024197242085842396,63,False
feature-41533-404--0.4-notebook-0.6-128,feature-41533,404,-0.4,1,generated,62,0,0.516166627407074,0.5176833877640385,0.9970566390022155,0.07673135892518106,0.02206646596952792,63,False
feature-41533-404--0.4-notebook-0.6-128,feature-41533,404,-0.4,2,prompt,185,0,0.5161665678024292,0.5171636111027486,0.997494186581792,0.07028551854797312,0.02384922898915672,91,False
feature-41533-404--0.4-notebook-0.6-128,feature-41533,404,-0.4,2,generated,90,0,0.516166627407074,0.5177787211206224,0.9969546556472778,0.0780166727801164,0.02175992580337657,91,False
feature-41533-404--0.5-notebook-0.6-128,feature-41533,404,-0.5,1,prompt,91,0,0.6452082395553589,0.6457958935381292,0.9983804795768235,0.05637678352522326,0.030231428573772843,63,False
feature-41533-404--0.5-notebook-0.6-128,feature-41533,404,-0.5,1,generated,62,0,0.6452082395553589,0.6462613719124948,0.998070296741301,0.06204162483974811,0.027547329153505065,63,False
feature-41533-404--0.5-notebook-0.6-128,feature-41533,404,-0.5,2,prompt,185,0,0.6452082395553589,0.6459630647221127,0.9982987771163115,0.05783882572038754,0.029789858847869107,74,False
feature-41533-404--0.5-notebook-0.6-128,feature-41533,404,-0.5,2,generated,73,0,0.6452082395553589,0.6465136449630946,0.9980645049108218,0.06216817762549609,0.02733252649131703,74,False
feature-41533-404--0.6-notebook-0.6-128,feature-41533,404,-0.6,1,prompt,91,0,0.7742499113082886,0.7746604268367474,0.9988089740931333,0.04807598856124249,0.036266669137198684,63,False
feature-41533-404--0.6-notebook-0.6-128,feature-41533,404,-0.6,1,generated,62,0,0.7742499709129333,0.7752054535573528,0.9986881094594156,0.051070642447279345,0.03304394316529074,63,False
feature-41533-404--0.6-notebook-0.6-128,feature-41533,404,-0.6,2,prompt,185,0,0.7742499113082886,0.7748761692562619,0.9987897276878357,0.04859285869107053,0.03573622709467403,74,False
feature-41533-404--0.6-notebook-0.6-128,feature-41533,404,-0.6,2,generated,73,0,0.7742499709129333,0.7753911108186801,0.9987125511038794,0.05066184684225958,0.03278173348062659,74,False
feature-41533-404--0.7-notebook-0.6-128,feature-41533,404,-0.7,1,prompt,91,0,0.9032915234565735,0.9035617191712935,0.9990422103431199,0.04285654343746521,0.042300384471213426,63,False
feature-41533-404--0.7-notebook-0.6-128,feature-41533,404,-0.7,1,generated,62,0,0.9032915234565735,0.9040131059385115,0.9990437799884427,0.043500295750075774,0.03853458112045642,63,False
feature-41533-404--0.7-notebook-0.6-128,feature-41533,404,-0.7,2,prompt,185,0,0.9032915234565735,0.9037132894670641,0.9990625017398113,0.04256513069408971,0.041677608834327876,68,False
feature-41533-404--0.7-notebook-0.6-128,feature-41533,404,-0.7,2,generated,67,0,0.9032915234565735,0.9040243536678713,0.9990876512740975,0.04261150528023492,0.038358539120474856,68,False
feature-41533-505-+0.0-notebook-0.6-128,feature-41533,505,0.0,1,prompt,91,91,0.0,0.0,1.0,0.0,0.0,89,False
feature-41533-505-+0.0-notebook-0.6-128,feature-41533,505,0.0,1,generated,88,88,0.0,0.0,1.0,0.0,0.0,89,False
feature-41533-505-+0.0-notebook-0.6-128,feature-41533,505,0.0,2,prompt,211,211,0.0,0.0,1.0,0.0,0.0,93,False
feature-41533-505-+0.0-notebook-0.6-128,feature-41533,505,0.0,2,generated,92,92,0.0,0.0,1.0,0.0,0.0,93,False
feature-41533-505-+0.1-notebook-0.6-128,feature-41533,505,0.1,1,prompt,91,0,0.1290416419506073,0.13233101580824172,0.9711876360924689,0.24325405257743793,0.006194392094295216,89,False
feature-41533-505-+0.1-notebook-0.6-128,feature-41533,505,0.1,1,generated,88,0,0.1290416568517685,0.132789696990089,0.9646419991146434,0.27031268348748033,0.00594556400954554,89,False
feature-41533-505-+0.1-notebook-0.6-128,feature-41533,505,0.1,2,prompt,211,0,0.1290416419506073,0.13252918097362698,0.9685064136134505,0.2542844970503125,0.006144775928677307,113,False
feature-41533-505-+0.1-notebook-0.6-128,feature-41533,505,0.1,2,generated,112,0,0.1290416568517685,0.1333551263170583,0.9609138002353055,0.2857791902497411,0.0058653989524048355,113,False
feature-41533-505-+0.2-notebook-0.6-128,feature-41533,505,0.2,1,prompt,91,0,0.2580832839012146,0.2597783021219484,0.991950715636159,0.12675983385070339,0.01216144470503083,89,False
feature-41533-505-+0.2-notebook-0.6-128,feature-41533,505,0.2,1,generated,88,0,0.258083313703537,0.2602682039141655,0.9899596063928171,0.14204777777194977,0.011655694096010517,89,False
feature-41533-505-+0.2-notebook-0.6-128,feature-41533,505,0.2,2,prompt,211,0,0.2580832839012146,0.259999271252709,0.9911586577293432,0.1328142467550757,0.012057429122720885,93,False
feature-41533-505-+0.2-notebook-0.6-128,feature-41533,505,0.2,2,generated,92,0,0.258083313703537,0.26062894126643305,0.9892782458792562,0.14715159927373347,0.011488540644716957,93,False
feature-41533-505-+0.3-notebook-0.6-128,feature-41533,505,0.3,1,prompt,91,0,0.3871249556541443,0.3882676588964986,0.9960826740160094,0.08803801107537615,0.018176180302231972,89,False
feature-41533-505-+0.3-notebook-0.6-128,feature-41533,505,0.3,1,generated,88,0,0.3871249854564667,0.3884567388079383,0.9953520250591364,0.09634332595901056,0.017397727669132026,89,False
feature-41533-505-+0.3-notebook-0.6-128,feature-41533,505,0.3,2,prompt,211,0,0.3871249556541443,0.38831805504893807,0.995810658728342,0.09111467189204071,0.01800911152879906,93,False
feature-41533-505-+0.3-notebook-0.6-128,feature-41533,505,0.3,2,generated,92,0,0.3871249854564667,0.3887015396486158,0.9951199636511181,0.09884888638296853,0.01713487273082137,93,False
feature-41533-505-+0.4-notebook-0.6-128,feature-41533,505,0.4,1,prompt,91,0,0.5161665678024292,0.51689384664808,0.997662848168677,0.06785873573396232,0.02419725805904798,89,False
feature-41533-505-+0.4-notebook-0.6-128,feature-41533,505,0.4,1,generated,88,0,0.516166627407074,0.5174107172272422,0.9973208924586122,0.07313195311210373,0.02317486263134263,89,False
feature-41533-505-+0.4-notebook-0.6-128,feature-41533,505,0.4,2,prompt,211,0,0.5161665678024292,0.51709322059324,0.9975459598251993,0.06967235540185494,0.02398245714293678,93,False
feature-41533-505-+0.4-notebook-0.6-128,feature-41533,505,0.4,2,generated,92,0,0.516166627407074,0.5175041679454886,0.9972501137982244,0.07412975658055233,0.022812880170734032,93,False
feature-41533-505-+0.5-notebook-0.6-128,feature-41533,505,0.5,1,prompt,91,0,0.6452082395553589,0.6458093484679421,0.9983727656877958,0.05651336941090259,0.03023226721951697,89,False
feature-41533-505-+0.5-notebook-0.6-128,feature-41533,505,0.5,1,generated,88,0,0.6452082395553589,0.6460718214511871,0.9982146580110897,0.05960352756929668,0.02893734338100661,89,False
feature-41533-505-+0.5-notebook-0.6-128,feature-41533,505,0.5,2,prompt,211,0,0.6452082395553589,0.6459210328581209,0.9983218981756419,0.05752781416638202,0.029957791031459655,93,False
feature-41533-505-+0.5-notebook-0.6-128,feature-41533,505,0.5,2,generated,92,0,0.6452082395553589,0.6463508320891339,0.9982174570145814,0.05965124544404123,0.02849318504171527,93,False
feature-41533-505-+0.6-notebook-0.6-128,feature-41533,505,0.6,1,prompt,91,0,0.7742499113082886,0.7746903811182294,0.9988012130443866,0.048241034211529484,0.036268485539879367,89,False
feature-41533-505-+0.6-notebook-0.6-128,feature-41533,505,0.6,1,generated,88,0,0.7742499709129333,0.7750668816945769,0.9987672743472186,0.049412490080364725,0.034715354929424146,89,False
feature-41533-505-+0.6-notebook-0.6-128,feature-41533,505,0.6,2,prompt,211,0,0.7742499113082886,0.7748686603460266,0.9988008472026807,0.048437171425864595,0.03593986046829336,93,False
feature-41533-505-+0.6-notebook-0.6-128,feature-41533,505,0.6,2,generated,92,0,0.7742499709129333,0.7753296040970347,0.9988061247960381,0.04877384999038085,0.03417922258781998,93,False
feature-41533-505-+0.7-notebook-0.6-128,feature-41533,505,0.7,1,prompt,91,0,0.9032915234565735,0.9035593677353073,0.9990373915368385,0.04296737383273277,0.04230074791728959,89,False
feature-41533-505-+0.7-notebook-0.6-128,feature-41533,505,0.7,1,generated,88,0,0.9032915234565735,0.9038964462551203,0.9990847977724943,0.04242295185527341,0.040486054410311306,89,False
feature-41533-505-+0.7-notebook-0.6-128,feature-41533,505,0.7,2,prompt,211,0,0.9032915234565735,0.903670112386134,0.9990702322309051,0.04242567382576341,0.04191364842506735,93,False
feature-41533-505-+0.7-notebook-0.6-128,feature-41533,505,0.7,2,generated,92,0,0.9032915234565735,0.9039939266184102,0.9991413704727007,0.04130332657824392,0.039851036611134594,93,False
feature-41533-505--0.1-notebook-0.6-128,feature-41533,505,-0.1,1,prompt,91,0,0.1290416419506073,0.1322979837001025,0.9712296953568091,0.2430275377336439,0.006192848701695246,89,False
feature-41533-505--0.1-notebook-0.6-128,feature-41533,505,-0.1,1,generated,88,0,0.1290416568517685,0.13277830522168765,0.9646602157842029,0.2702247002585368,0.0059450937445614145,89,False
feature-41533-505--0.1-notebook-0.6-128,feature-41533,505,-0.1,2,prompt,211,0,0.1290416419506073,0.132504340526052,0.9685512747244812,0.25405798181538336,0.006143648724151131,93,False
feature-41533-505--0.1-notebook-0.6-128,feature-41533,505,-0.1,2,generated,92,0,0.1290416568517685,0.1333799961468448,0.9611977137949156,0.28475523367524147,0.005878836382180452,93,False
feature-41533-505--0.2-notebook-0.6-128,feature-41533,505,-0.2,1,prompt,91,0,0.2580832839012146,0.2598004311650664,0.9919603388388079,0.12668247037863994,0.012162198861715497,89,False
feature-41533-505--0.2-notebook-0.6-128,feature-41533,505,-0.2,1,generated,88,0,0.258083313703537,0.2602745880457488,0.989975975995714,0.1419323015619408,0.011655958464623174,89,False
feature-41533-505--0.2-notebook-0.6-128,feature-41533,505,-0.2,2,prompt,211,0,0.2580832839012146,0.2600134040507095,0.9911686563378826,0.13274172707615306,0.01205797243923483,93,False
feature-41533-505--0.2-notebook-0.6-128,feature-41533,505,-0.2,2,generated,92,0,0.258083313703537,0.26063197689211887,0.989284234850303,0.14711103183419807,0.0114887035249368,93,False
feature-41533-505--0.3-notebook-0.6-128,feature-41533,505,-0.3,1,prompt,91,0,0.3871249556541443,0.38826954168277783,0.9960850568918082,0.08801039811837805,0.018176451013909634,89,False
feature-41533-505--0.3-notebook-0.6-128,feature-41533,505,-0.3,1,generated,88,0,0.3871249854564667,0.38846947625279427,0.9953479035334154,0.09639118594879453,0.017398258565332402,89,False
feature-41533-505--0.3-notebook-0.6-128,feature-41533,505,-0.3,2,prompt,211,0,0.3871249556541443,0.38831191393436415,0.9958136245537709,0.09107917058171254,0.018008924568550865,128,False
feature-41533-505--0.3-notebook-0.6-128,feature-41533,505,-0.3,2,generated,127,0,0.3871249854564667,0.38871122532942165,0.9950991352712075,0.0990677132146565,0.017081748305519267,128,False
feature-41533-505--0.4-notebook-0.6-128,feature-41533,505,-0.4,1,prompt,91,0,0.5161665678024292,0.5168907753713838,0.9976646441679734,0.06782894716649265,0.024197242085842396,89,False
feature-41533-505--0.4-notebook-0.6-128,feature-41533,505,-0.4,1,generated,88,0,0.516166627407074,0.5173903046683832,0.9973178512670777,0.0731672308915718,0.0231738957491788,89,False
feature-41533-505--0.4-notebook-0.6-128,feature-41533,505,-0.4,2,prompt,211,0,0.5161665678024292,0.5170768414628449,0.997546021124763,0.06966503796066154,0.023981688568982078,93,False
feature-41533-505--0.4-notebook-0.6-128,feature-41533,505,-0.4,2,generated,92,0,0.516166627407074,0.5175177999164747,0.9972584545612335,0.07401865457549044,0.022813416875736868,93,False
feature-41533-505--0.5-notebook-0.6-128,feature-41533,505,-0.5,1,prompt,91,0,0.6452082395553589,0.6457958935381292,0.9983804795768235,0.05637678352522326,0.030231428573772843,89,False
feature-41533-505--0.5-notebook-0.6-128,feature-41533,505,-0.5,1,generated,88,0,0.6452082395553589,0.6460644480856982,0.9982158223336394,0.05958314125680111,0.028937121959064494,89,False
feature-41533-505--0.5-notebook-0.6-128,feature-41533,505,-0.5,2,prompt,211,0,0.6452082395553589,0.6459173071440927,0.998326076432992,0.05745410912127291,0.02995762667068064,128,False
feature-41533-505--0.5-notebook-0.6-128,feature-41533,505,-0.5,2,generated,127,0,0.6452082395553589,0.6463071201729962,0.9982211200271066,0.05960148649187538,0.028402424982096268,128,False
feature-41533-505--0.6-notebook-0.6-128,feature-41533,505,-0.6,1,prompt,91,0,0.7742499113082886,0.7746604268367474,0.9988089740931333,0.04807598856124249,0.036266669137198684,89,False
feature-41533-505--0.6-notebook-0.6-128,feature-41533,505,-0.6,1,generated,88,0,0.7742499709129333,0.7751201709563081,0.9987696280533617,0.04936632065271789,0.03471761372533034,89,False
feature-41533-505--0.6-notebook-0.6-128,feature-41533,505,-0.6,2,prompt,211,0,0.7742499113082886,0.7748879730983933,0.9988056466477742,0.048336870288608766,0.03594048596561061,93,False
feature-41533-505--0.6-notebook-0.6-128,feature-41533,505,-0.6,2,generated,92,0,0.7742499709129333,0.7753385875536047,0.9988072508055231,0.04875354436428651,0.034179670695701374,93,False
feature-41533-505--0.7-notebook-0.6-128,feature-41533,505,-0.7,1,prompt,91,0,0.9032915234565735,0.9035617191712935,0.9990422103431199,0.04285654343746521,0.042300384471213426,89,False
feature-41533-505--0.7-notebook-0.6-128,feature-41533,505,-0.7,1,generated,88,0,0.9032915234565735,0.9038944312117316,0.9990871900861914,0.04236653692681681,0.04048604386943308,89,False
feature-41533-505--0.7-notebook-0.6-128,feature-41533,505,-0.7,2,prompt,211,0,0.9032915234565735,0.9036826477231572,0.999073309073516,0.04235498961149516,0.04191405681884402,93,False
feature-41533-505--0.7-notebook-0.6-128,feature-41533,505,-0.7,2,generated,92,0,0.9032915234565735,0.9040259543968283,0.9991430711487065,0.041261143658472145,0.039852472386606365,93,False
feature-41533-606-+0.0-notebook-0.6-128,feature-41533,606,0.0,1,prompt,91,91,0.0,0.0,1.0,0.0,0.0,92,False
feature-41533-606-+0.0-notebook-0.6-128,feature-41533,606,0.0,1,generated,91,91,0.0,0.0,1.0,0.0,0.0,92,False
feature-41533-606-+0.0-notebook-0.6-128,feature-41533,606,0.0,2,prompt,214,214,0.0,0.0,1.0,0.0,0.0,3,False
feature-41533-606-+0.0-notebook-0.6-128,feature-41533,606,0.0,2,generated,2,2,0.0,0.0,1.0,0.0,0.0,3,False
feature-41533-606-+0.1-notebook-0.6-128,feature-41533,606,0.1,1,prompt,91,0,0.1290416419506073,0.13233101580824172,0.9711876360924689,0.24325405257743793,0.006194392094295216,87,False
feature-41533-606-+0.1-notebook-0.6-128,feature-41533,606,0.1,1,generated,86,0,0.1290416568517685,0.1328957950653032,0.9635889717312747,0.27467717299627703,0.005786495770565992,87,False
feature-41533-606-+0.1-notebook-0.6-128,feature-41533,606,0.1,2,prompt,209,0,0.1290416419506073,0.13257781376964167,0.9680743827774194,0.25608697055914753,0.0060777473967365304,3,False
feature-41533-606-+0.1-notebook-0.6-128,feature-41533,606,0.1,2,generated,2,0,0.1290416568517685,0.13321553170681,0.9673711657524109,0.26154105365276337,0.006388424662873149,3,False
feature-41533-606-+0.2-notebook-0.6-128,feature-41533,606,0.2,1,prompt,91,0,0.2580832839012146,0.2597783021219484,0.991950715636159,0.12675983385070339,0.01216144470503083,87,False
feature-41533-606-+0.2-notebook-0.6-128,feature-41533,606,0.2,1,generated,86,0,0.258083313703537,0.26031976453093597,0.9897469878196716,0.14364174120994502,0.011336111777656994,87,False
feature-41533-606-+0.2-notebook-0.6-128,feature-41533,606,0.2,2,prompt,209,0,0.2580832839012146,0.26001876236148996,0.9910824298858643,0.1333714518250461,0.011922498715430961,3,False
feature-41533-606-+0.2-notebook-0.6-128,feature-41533,606,0.2,2,generated,2,0,0.258083313703537,0.2604530155658722,0.9910733103752136,0.1344720646739006,0.012490587309002876,3,False
feature-41533-606-+0.3-notebook-0.6-128,feature-41533,606,0.3,1,prompt,91,0,0.3871249556541443,0.3882676588964986,0.9960826740160094,0.08803801107537615,0.018176180302231972,84,False
feature-41533-606-+0.3-notebook-0.6-128,feature-41533,606,0.3,1,generated,83,0,0.3871249854564667,0.388406279934458,0.995081232972892,0.09915586659707219,0.016770938624549342,84,False
feature-41533-606-+0.3-notebook-0.6-128,feature-41533,606,0.3,2,prompt,206,0,0.3871249556541443,0.38830016032584663,0.9957205459330846,0.0920108771403727,0.017876433358624922,58,False
feature-41533-606-+0.3-notebook-0.6-128,feature-41533,606,0.3,2,generated,57,0,0.3871249854564667,0.38871872947927105,0.9947532394476104,0.10243927870403256,0.0165093796687168,58,False
feature-41533-606-+0.4-notebook-0.6-128,feature-41533,606,0.4,1,prompt,91,0,0.5161665678024292,0.51689384664808,0.997662848168677,0.06785873573396232,0.02419725805904798,87,False
feature-41533-606-+0.4-notebook-0.6-128,feature-41533,606,0.4,1,generated,86,0,0.516166627407074,0.517320587884548,0.9971887198991554,0.07496978203917659,0.02252990754624439,87,False
feature-41533-606-+0.4-notebook-0.6-128,feature-41533,606,0.4,2,prompt,209,0,0.5161665678024292,0.5170613142291894,0.9974933608867335,0.07040191192233392,0.023710937784543556,3,False
feature-41533-606-+0.4-notebook-0.6-128,feature-41533,606,0.4,2,generated,2,0,0.516166627407074,0.5167429745197296,0.997795820236206,0.06643091142177582,0.02478181943297386,3,False
feature-41533-606-+0.5-notebook-0.6-128,feature-41533,606,0.5,1,prompt,91,0,0.6452082395553589,0.6458093484679421,0.9983727656877958,0.05651336941090259,0.03023226721951697,87,False
feature-41533-606-+0.5-notebook-0.6-128,feature-41533,606,0.5,1,generated,86,0,0.6452082395553589,0.6460142135620117,0.9980973254802615,0.06157741093531598,0.028134390516856383,87,False
feature-41533-606-+0.5-notebook-0.6-128,feature-41533,606,0.5,2,prompt,209,0,0.6452082395553589,0.6458580622262362,0.9982708766699978,0.05837748859202462,0.02961734424787462,3,False
feature-41533-606-+0.5-notebook-0.6-128,feature-41533,606,0.5,2,generated,2,0,0.6452082395553589,0.6456313133239746,0.9985325634479523,0.05418919958174229,0.030962450429797173,3,False
feature-41533-606-+0.6-notebook-0.6-128,feature-41533,606,0.6,1,prompt,91,0,0.7742499113082886,0.7746903811182294,0.9988012130443866,0.048241034211529484,0.036268485539879367,87,False
feature-41533-606-+0.6-notebook-0.6-128,feature-41533,606,0.6,1,generated,86,0,0.7742499709129333,0.7750527047833731,0.9986753886522248,0.051273797227199686,0.033754270242223904,87,False
feature-41533-606-+0.6-notebook-0.6-128,feature-41533,606,0.6,2,prompt,209,0,0.7742499113082886,0.774837538956455,0.9987597374254437,0.049259121712457624,0.035533549751458095,3,False
feature-41533-606-+0.6-notebook-0.6-128,feature-41533,606,0.6,2,generated,2,0,0.7742499709129333,0.7755801677703857,0.9990133941173553,0.04447280615568161,0.037194764241576195,3,False
feature-41533-606-+0.7-notebook-0.6-128,feature-41533,606,0.7,1,prompt,91,0,0.9032915234565735,0.9035593677353073,0.9990373915368385,0.04296737383273277,0.04230074791728959,87,False
feature-41533-606-+0.7-notebook-0.6-128,feature-41533,606,0.7,1,generated,86,0,0.9032915234565735,0.9038126891435578,0.998999439006628,0.04440112907959278,0.03936218262411827,87,False
feature-41533-606-+0.7-notebook-0.6-128,feature-41533,606,0.7,2,prompt,209,0,0.9032915234565735,0.9036567921273446,0.9990319044966447,0.043305327527617156,0.041440886657007715,3,False
feature-41533-606-+0.7-notebook-0.6-128,feature-41533,606,0.7,2,generated,2,0,0.9032915234565735,0.9041372835636139,0.9992914199829102,0.03766075521707535,0.043360451236367226,3,False
feature-41533-606--0.1-notebook-0.6-128,feature-41533,606,-0.1,1,prompt,91,0,0.1290416419506073,0.1322979837001025,0.9712296953568091,0.2430275377336439,0.006192848701695246,92,False
feature-41533-606--0.1-notebook-0.6-128,feature-41533,606,-0.1,1,generated,91,0,0.1290416568517685,0.13285247211927895,0.9638847675952282,0.2734775245189667,0.005794017647321408,92,False
feature-41533-606--0.1-notebook-0.6-128,feature-41533,606,-0.1,2,prompt,214,0,0.1290416419506073,0.1325390747635164,0.968141367780828,0.2557638440037442,0.006071297643884634,3,False
feature-41533-606--0.1-notebook-0.6-128,feature-41533,606,-0.1,2,generated,2,0,0.1290416568517685,0.13324540108442307,0.9671976268291473,0.26228129863739014,0.006381574552506208,3,False
feature-41533-606--0.2-notebook-0.6-128,feature-41533,606,-0.2,1,prompt,91,0,0.2580832839012146,0.2598004311650664,0.9919603388388079,0.12668247037863994,0.012162198861715497,87,False
feature-41533-606--0.2-notebook-0.6-128,feature-41533,606,-0.2,1,generated,86,0,0.258083313703537,0.26033794117528336,0.989749001209126,0.14363671345419662,0.011336946275171846,87,False
feature-41533-606--0.2-notebook-0.6-128,feature-41533,606,-0.2,2,prompt,209,0,0.2580832839012146,0.26003506152253403,0.9910837939481416,0.1333593439542506,0.011923193130179857,3,False
feature-41533-606--0.2-notebook-0.6-128,feature-41533,606,-0.2,2,generated,2,0,0.258083313703537,0.2603973299264908,0.9910511076450348,0.13460255414247513,0.0124880475923419,3,False
feature-41533-606--0.3-notebook-0.6-128,feature-41533,606,-0.3,1,prompt,91,0,0.3871249556541443,0.38826954168277783,0.9960850568918082,0.08801039811837805,0.018176451013909634,84,False
feature-41533-606--0.3-notebook-0.6-128,feature-41533,606,-0.3,1,generated,83,0,0.3871249854564667,0.3884241663547884,0.9950777162988502,0.09919190155454428,0.016771721216030867,84,False
feature-41533-606--0.3-notebook-0.6-128,feature-41533,606,-0.3,2,prompt,206,0,0.3871249556541443,0.38831115564675006,0.9957201506906342,0.09201127312426428,0.01787707170508847,58,False
feature-41533-606--0.3-notebook-0.6-128,feature-41533,606,-0.3,2,generated,57,0,0.3871249854564667,0.38869884505606533,0.9948511322339376,0.10149967029952166,0.016635198031731864,58,False
feature-41533-606--0.4-notebook-0.6-128,feature-41533,606,-0.4,1,prompt,91,0,0.5161665678024292,0.5168907753713838,0.9976646441679734,0.06782894716649265,0.024197242085842396,84,False
feature-41533-606--0.4-notebook-0.6-128,feature-41533,606,-0.4,1,generated,83,0,0.516166627407074,0.5174568101584193,0.9971475299582424,0.07551712668444736,0.02234472060598523,84,False
feature-41533-606--0.4-notebook-0.6-128,feature-41533,606,-0.4,2,prompt,206,0,0.5161665678024292,0.5171237153914369,0.997490167039112,0.07040326564925388,0.02380820845527285,58,False
feature-41533-606--0.4-notebook-0.6-128,feature-41533,606,-0.4,2,generated,57,0,0.516166627407074,0.5176545925307692,0.9971009576529787,0.0761309432748117,0.022154335292023524,58,False
feature-41533-606--0.5-notebook-0.6-128,feature-41533,606,-0.5,1,prompt,91,0,0.6452082395553589,0.6457958935381292,0.9983804795768235,0.05637678352522326,0.030231428573772843,84,False
feature-41533-606--0.5-notebook-0.6-128,feature-41533,606,-0.5,1,generated,83,0,0.6452082395553589,0.646101589662483,0.9980795598891844,0.06189638834042722,0.027899666543466498,84,False
feature-41533-606--0.5-notebook-0.6-128,feature-41533,606,-0.5,2,prompt,206,0,0.6452082395553589,0.6459337203826719,0.9982818460580215,0.05816253106498603,0.02973894625071445,58,False
feature-41533-606--0.5-notebook-0.6-128,feature-41533,606,-0.5,2,generated,57,0,0.6452082395553589,0.6462023937911318,0.9981213567549723,0.06122624214019692,0.02765662144673498,58,False
feature-41533-606--0.6-notebook-0.6-128,feature-41533,606,-0.6,1,prompt,91,0,0.7742499113082886,0.7746604268367474,0.9988089740931333,0.04807598856124249,0.036266669137198684,84,False
feature-41533-606--0.6-notebook-0.6-128,feature-41533,606,-0.6,1,generated,83,0,0.7742499709129333,0.7750308240752622,0.9986671230879175,0.05147421445293599,0.03346690865435514,84,False
feature-41533-606--0.6-notebook-0.6-128,feature-41533,606,-0.6,2,prompt,206,0,0.7742499113082886,0.7748309006390063,0.9987727432575041,0.048967990436527914,0.035674637688766914,58,False
feature-41533-606--0.6-notebook-0.6-128,feature-41533,606,-0.6,2,generated,57,0,0.7742499709129333,0.7754775306634736,0.9987463836084333,0.04997878763497921,0.033189716536486356,58,False
feature-41533-606--0.7-notebook-0.6-128,feature-41533,606,-0.7,1,prompt,91,0,0.9032915234565735,0.9035617191712935,0.9990422103431199,0.04285654343746521,0.042300384471213426,92,False
feature-41533-606--0.7-notebook-0.6-128,feature-41533,606,-0.7,1,generated,91,0,0.9032915234565735,0.9038069759096418,0.9990139570865002,0.04406627781361669,0.039425918607266394,92,False
feature-41533-606--0.7-notebook-0.6-128,feature-41533,606,-0.7,2,prompt,214,0,0.9032915234565735,0.9036554284741946,0.9990478375247706,0.042946125267543524,0.04140783101320267,3,False
feature-41533-606--0.7-notebook-0.6-128,feature-41533,606,-0.7,2,generated,2,0,0.9032915234565735,0.9041778743267059,0.9992891848087311,0.037719717249274254,0.04330636374652386,3,False
feature-41533-707-+0.0-notebook-0.6-128,feature-41533,707,0.0,1,prompt,91,91,0.0,0.0,1.0,0.0,0.0,50,False
feature-41533-707-+0.0-notebook-0.6-128,feature-41533,707,0.0,1,generated,49,49,0.0,0.0,1.0,0.0,0.0,50,False
feature-41533-707-+0.0-notebook-0.6-128,feature-41533,707,0.0,2,prompt,172,172,0.0,0.0,1.0,0.0,0.0,82,False
feature-41533-707-+0.0-notebook-0.6-128,feature-41533,707,0.0,2,generated,81,81,0.0,0.0,1.0,0.0,0.0,82,False
feature-41533-707-+0.1-notebook-0.6-128,feature-41533,707,0.1,1,prompt,91,0,0.1290416419506073,0.13233101580824172,0.9711876360924689,0.24325405257743793,0.006194392094295216,50,False
feature-41533-707-+0.1-notebook-0.6-128,feature-41533,707,0.1,1,generated,49,0,0.1290416568517685,0.13309096803470533,0.9619494603604687,0.28119320985005825,0.005711794621786293,50,False
feature-41533-707-+0.1-notebook-0.6-128,feature-41533,707,0.1,2,prompt,172,0,0.1290416419506073,0.13255282240205032,0.9686238540466442,0.25368749922098116,0.00612325029375592,82,False
feature-41533-707-+0.1-notebook-0.6-128,feature-41533,707,0.1,2,generated,81,0,0.1290416568517685,0.13332533523624326,0.9591067484867426,0.2919839558042126,0.005693769962009456,82,False
feature-41533-707-+0.2-notebook-0.6-128,feature-41533,707,0.2,1,prompt,91,0,0.2580832839012146,0.2597783021219484,0.991950715636159,0.12675983385070339,0.01216144470503083,50,False
feature-41533-707-+0.2-notebook-0.6-128,feature-41533,707,0.2,1,generated,49,0,0.258083313703537,0.2603576821940286,0.9891681464350953,0.14769841867442035,0.01117422207429701,50,False
feature-41533-707-+0.2-notebook-0.6-128,feature-41533,707,0.2,2,prompt,172,0,0.2580832839012146,0.2599623811452888,0.9911967065445212,0.1323756644892138,0.012011184003122887,82,False
feature-41533-707-+0.2-notebook-0.6-128,feature-41533,707,0.2,2,generated,81,0,0.258083313703537,0.2608802057342765,0.9887022824934971,0.15112475094235975,0.01114177700408079,82,False
feature-41533-707-+0.3-notebook-0.6-128,feature-41533,707,0.3,1,prompt,91,0,0.3871249556541443,0.3882676588964986,0.9960826740160094,0.08803801107537615,0.018176180302231972,50,False
feature-41533-707-+0.3-notebook-0.6-128,feature-41533,707,0.3,1,generated,49,0,0.3871249854564667,0.38848464647117925,0.9949554363075568,0.10046414301103475,0.01667425188483024,50,False
feature-41533-707-+0.3-notebook-0.6-128,feature-41533,707,0.3,2,prompt,172,0,0.3871249556541443,0.3883027455141378,0.9958004532165305,0.09110961176541656,0.017942152533959057,81,False
feature-41533-707-+0.3-notebook-0.6-128,feature-41533,707,0.3,2,generated,80,0,0.3871249854564667,0.3886779848486185,0.994769062101841,0.10230368515476584,0.01656779102049768,81,False
feature-41533-707-+0.4-notebook-0.6-128,feature-41533,707,0.4,1,prompt,91,0,0.5161665678024292,0.51689384664808,0.997662848168677,0.06785873573396232,0.02419725805904798,50,False
feature-41533-707-+0.4-notebook-0.6-128,feature-41533,707,0.4,1,generated,49,0,0.516166627407074,0.5175071735771335,0.9971146559228703,0.07597558641312074,0.02221313894403224,50,False
feature-41533-707-+0.4-notebook-0.6-128,feature-41533,707,0.4,2,prompt,172,0,0.5161665678024292,0.5170829143635062,0.9975395919971688,0.06967257106200207,0.023893107732535925,81,False
feature-41533-707-+0.4-notebook-0.6-128,feature-41533,707,0.4,2,generated,80,0,0.516166627407074,0.5175456754863262,0.9970532320439816,0.07673769723623991,0.022061113268136978,81,False
feature-41533-707-+0.5-notebook-0.6-128,feature-41533,707,0.5,1,prompt,91,0,0.6452082395553589,0.6458093484679421,0.9983727656877958,0.05651336941090259,0.03023226721951697,50,False
feature-41533-707-+0.5-notebook-0.6-128,feature-41533,707,0.5,1,generated,49,0,0.6452082395553589,0.6461466733290224,0.998070701044433,0.062009946196054926,0.027734672726721178,50,False
feature-41533-707-+0.5-notebook-0.6-128,feature-41533,707,0.5,2,prompt,172,0,0.6452082395553589,0.6459108258402625,0.9983068209054858,0.05770652936121752,0.02984631790401858,81,False
feature-41533-707-+0.5-notebook-0.6-128,feature-41533,707,0.5,2,generated,80,0,0.6452082395553589,0.6462832435965538,0.9980840742588043,0.061845683073624966,0.027549257758073507,81,False
feature-41533-707-+0.6-notebook-0.6-128,feature-41533,707,0.6,1,prompt,91,0,0.7742499113082886,0.7746903811182294,0.9988012130443866,0.048241034211529484,0.036268485539879367,50,False
feature-41533-707-+0.6-notebook-0.6-128,feature-41533,707,0.6,1,generated,49,0,0.7742499709129333,0.7752849593454477,0.9986735326903207,0.051344870076495776,0.0332777097213025,50,False
feature-41533-707-+0.6-notebook-0.6-128,feature-41533,707,0.6,2,prompt,172,0,0.7742499113082886,0.7748719211234603,0.9987848193146461,0.04869260491673336,0.03580691875161625,81,False
feature-41533-707-+0.6-notebook-0.6-128,feature-41533,707,0.6,2,generated,80,0,0.7742499709129333,0.7754170790314674,0.9987361542880535,0.05018425057642162,0.03305386935826391,81,False
feature-41533-707-+0.7-notebook-0.6-128,feature-41533,707,0.7,1,prompt,91,0,0.9032915234565735,0.9035593677353073,0.9990373915368385,0.04296737383273277,0.04230074791728959,50,False
feature-41533-707-+0.7-notebook-0.6-128,feature-41533,707,0.7,1,generated,49,0,0.9032915234565735,0.9038494983497931,0.9990121685728734,0.04416673888965529,0.038796153983899524,50,False
feature-41533-707-+0.7-notebook-0.6-128,feature-41533,707,0.7,2,prompt,172,0,0.9032915234565735,0.9036500138598819,0.9990488817525465,0.04285451755750665,0.04175776170924046,81,False
feature-41533-707-+0.7-notebook-0.6-128,feature-41533,707,0.7,2,generated,80,0,0.9032915234565735,0.9039638362824917,0.9990806974470615,0.04273637803271413,0.03853364223614335,81,False
feature-41533-707--0.1-notebook-0.6-128,feature-41533,707,-0.1,1,prompt,91,0,0.1290416419506073,0.1322979837001025,0.9712296953568091,0.2430275377336439,0.006192848701695246,50,False
feature-41533-707--0.1-notebook-0.6-128,feature-41533,707,-0.1,1,generated,49,0,0.1290416568517685,0.1330993865825692,0.9619597561505376,0.2811794877052307,0.005712089271341659,50,False
feature-41533-707--0.1-notebook-0.6-128,feature-41533,707,-0.1,2,prompt,172,0,0.1290416419506073,0.13253397754458493,0.9686541245427243,0.25353784018824266,0.0061223949271871515,81,False
feature-41533-707--0.1-notebook-0.6-128,feature-41533,707,-0.1,2,generated,80,0,0.1290416568517685,0.13333820085972548,0.9589045099914074,0.2927193928509951,0.005682931642513722,81,False
feature-41533-707--0.2-notebook-0.6-128,feature-41533,707,-0.2,1,prompt,91,0,0.2580832839012146,0.2598004311650664,0.9919603388388079,0.12668247037863994,0.012162198861715497,50,False
feature-41533-707--0.2-notebook-0.6-128,feature-41533,707,-0.2,1,generated,49,0,0.258083313703537,0.2603664404275466,0.9891607566755645,0.1477523984349504,0.011174565371201962,50,False
feature-41533-707--0.2-notebook-0.6-128,feature-41533,707,-0.2,2,prompt,172,0,0.2580832839012146,0.2599748606945193,0.991201983288277,0.13233256591267364,0.01201164692475834,81,False
feature-41533-707--0.2-notebook-0.6-128,feature-41533,707,-0.2,2,generated,80,0,0.258083313703537,0.2608672484755516,0.9886444672942162,0.15150180477648972,0.011119100241921842,81,False
feature-41533-707--0.3-notebook-0.6-128,feature-41533,707,-0.3,1,prompt,91,0,0.3871249556541443,0.38826954168277783,0.9960850568918082,0.08801039811837805,0.018176451013909634,50,False
feature-41533-707--0.3-notebook-0.6-128,feature-41533,707,-0.3,1,generated,49,0,0.3871249854564667,0.38850648366675083,0.9949539498407014,0.10048650630882808,0.016675233327764636,50,False
feature-41533-707--0.3-notebook-0.6-128,feature-41533,707,-0.3,2,prompt,172,0,0.3871249556541443,0.38830704675164335,0.9958021297704341,0.09109106360999651,0.017942484162631445,82,False
feature-41533-707--0.3-notebook-0.6-128,feature-41533,707,-0.3,2,generated,81,0,0.3871249854564667,0.38875420741093014,0.994813844009682,0.10188386248953549,0.016604031919053307,82,False
feature-41533-707--0.4-notebook-0.6-128,feature-41533,707,-0.4,1,prompt,91,0,0.5161665678024292,0.5168907753713838,0.9976646441679734,0.06782894716649265,0.024197242085842396,50,False
feature-41533-707--0.4-notebook-0.6-128,feature-41533,707,-0.4,1,generated,49,0,0.516166627407074,0.5175679021952103,0.9971145233329461,0.07598562599444876,0.022215737067923253,50,False
feature-41533-707--0.4-notebook-0.6-128,feature-41533,707,-0.4,2,prompt,172,0,0.5161665678024292,0.5170955827762914,0.9975428976291834,0.06962442411066488,0.023893808662420312,82,False
feature-41533-707--0.4-notebook-0.6-128,feature-41533,707,-0.4,2,generated,81,0,0.516166627407074,0.5175462217978489,0.9970744737872371,0.07645953244265215,0.02210503846498919,82,False
feature-41533-707--0.5-notebook-0.6-128,feature-41533,707,-0.5,1,prompt,91,0,0.6452082395553589,0.6457958935381292,0.9983804795768235,0.05637678352522326,0.030231428573772843,50,False
feature-41533-707--0.5-notebook-0.6-128,feature-41533,707,-0.5,1,generated,49,0,0.6452082395553589,0.6461390548822831,0.9980734185296662,0.06197075827085242,0.027734263096841013,50,False
feature-41533-707--0.5-notebook-0.6-128,feature-41533,707,-0.5,2,prompt,172,0,0.6452082395553589,0.6459044855694438,0.9983148529779079,0.05756562603854163,0.029845911720131395,82,False
feature-41533-707--0.5-notebook-0.6-128,feature-41533,707,-0.5,2,generated,81,0,0.6452082395553589,0.6462734724268501,0.9980944961677363,0.06167737431364295,0.0276035852500318,82,False
feature-41533-707--0.6-notebook-0.6-128,feature-41533,707,-0.6,1,prompt,91,0,0.7742499113082886,0.7746604268367474,0.9988089740931333,0.04807598856124249,0.036266669137198684,50,False
feature-41533-707--0.6-notebook-0.6-128,feature-41533,707,-0.6,1,generated,49,0,0.7742499709129333,0.7751859438662626,0.9986705658387165,0.05139755814963458,0.03327343544485618,50,False
feature-41533-707--0.6-notebook-0.6-128,feature-41533,707,-0.6,2,prompt,172,0,0.7742499113082886,0.7748456514158915,0.9987914967675542,0.04855032844555586,0.03580555292577375,82,False
feature-41533-707--0.6-notebook-0.6-128,feature-41533,707,-0.6,2,generated,81,0,0.7742499709129333,0.7753879714895178,0.9987397760520746,0.05010798371132509,0.03311847812599606,82,False
feature-41533-707--0.7-notebook-0.6-128,feature-41533,707,-0.7,1,prompt,91,0,0.9032915234565735,0.9035617191712935,0.9990422103431199,0.04285654343746521,0.042300384471213426,50,False
feature-41533-707--0.7-notebook-0.6-128,feature-41533,707,-0.7,1,generated,49,0,0.9032915234565735,0.9038621466986987,0.9990112112492932,0.044190876489999344,0.03879674622903065,50,False
feature-41533-707--0.7-notebook-0.6-128,feature-41533,707,-0.7,2,prompt,172,0,0.9032915234565735,0.9036537374174872,0.999054622511531,0.042720882774352334,0.04175760672795911,82,False
feature-41533-707--0.7-notebook-0.6-128,feature-41533,707,-0.7,2,generated,81,0,0.9032915234565735,0.9039813155009423,0.9990871011474987,0.04258195352223185,0.038611229279159026,82,False
feature-41533-808-+0.0-notebook-0.6-128,feature-41533,808,0.0,1,prompt,91,91,0.0,0.0,1.0,0.0,0.0,81,False
feature-41533-808-+0.0-notebook-0.6-128,feature-41533,808,0.0,1,generated,80,80,0.0,0.0,1.0,0.0,0.0,81,False
feature-41533-808-+0.0-notebook-0.6-128,feature-41533,808,0.0,2,prompt,203,203,0.0,0.0,1.0,0.0,0.0,94,False
feature-41533-808-+0.0-notebook-0.6-128,feature-41533,808,0.0,2,generated,93,93,0.0,0.0,1.0,0.0,0.0,94,False
feature-41533-808-+0.1-notebook-0.6-128,feature-41533,808,0.1,1,prompt,91,0,0.1290416419506073,0.13233101580824172,0.9711876360924689,0.24325405257743793,0.006194392094295216,81,False
feature-41533-808-+0.1-notebook-0.6-128,feature-41533,808,0.1,1,generated,80,0,0.1290416568517685,0.13279089648276568,0.964335985481739,0.2714526170864701,0.005931158625753596,81,False
feature-41533-808-+0.1-notebook-0.6-128,feature-41533,808,0.1,2,prompt,203,0,0.1290416419506073,0.13251683651813734,0.9685208970690008,0.2541652536891364,0.006145460524448891,94,False
feature-41533-808-+0.1-notebook-0.6-128,feature-41533,808,0.1,2,generated,93,0,0.1290416568517685,0.13316325779243182,0.9611242355838898,0.2844006085908541,0.005872033481355956,94,False
feature-41533-808-+0.2-notebook-0.6-128,feature-41533,808,0.2,1,prompt,91,0,0.2580832839012146,0.2597783021219484,0.991950715636159,0.12675983385070339,0.01216144470503083,81,False
feature-41533-808-+0.2-notebook-0.6-128,feature-41533,808,0.2,1,generated,80,0,0.258083313703537,0.2602960132062435,0.9899016119539737,0.14247335251420737,0.011628688091877847,81,False
feature-41533-808-+0.2-notebook-0.6-128,feature-41533,808,0.2,2,prompt,203,0,0.2580832839012146,0.25999584794044495,0.9911828848528744,0.13261141928986375,0.012059826058051159,94,False
feature-41533-808-+0.2-notebook-0.6-128,feature-41533,808,0.2,2,generated,93,0,0.258083313703537,0.260778300223812,0.9892835226110233,0.14715604916695627,0.011500514713266203,94,False
feature-41533-808-+0.3-notebook-0.6-128,feature-41533,808,0.3,1,prompt,91,0,0.3871249556541443,0.3882676588964986,0.9960826740160094,0.08803801107537615,0.018176180302231972,81,False
feature-41533-808-+0.3-notebook-0.6-128,feature-41533,808,0.3,1,generated,80,0,0.3871249854564667,0.3884525578469038,0.9953304037451745,0.09655799735337496,0.017355506285093726,81,False
feature-41533-808-+0.3-notebook-0.6-128,feature-41533,808,0.3,2,prompt,203,0,0.3871249556541443,0.3883129532994895,0.9958168329863712,0.09102742707934873,0.018012766442731885,94,False
feature-41533-808-+0.3-notebook-0.6-128,feature-41533,808,0.3,2,generated,93,0,0.3871249854564667,0.38868273329991165,0.9951549191628734,0.09850233448769456,0.017142297880303477,94,False
feature-41533-808-+0.4-notebook-0.6-128,feature-41533,808,0.4,1,prompt,91,0,0.5161665678024292,0.51689384664808,0.997662848168677,0.06785873573396232,0.02419725805904798,81,False
feature-41533-808-+0.4-notebook-0.6-128,feature-41533,808,0.4,1,generated,80,0,0.516166627407074,0.5174068622291088,0.9973130024969578,0.0732308485545218,0.02311858020257205,81,False
feature-41533-808-+0.4-notebook-0.6-128,feature-41533,808,0.4,2,prompt,203,0,0.5161665678024292,0.5170902589271809,0.9975508507249391,0.06958479737046316,0.02398747181132197,94,False
feature-41533-808-+0.4-notebook-0.6-128,feature-41533,808,0.4,2,generated,93,0,0.516166627407074,0.5175159881191869,0.9972717274901688,0.07385354873634153,0.022825393765684095,94,False
feature-41533-808-+0.5-notebook-0.6-128,feature-41533,808,0.5,1,prompt,91,0,0.6452082395553589,0.6458093484679421,0.9983727656877958,0.05651336941090259,0.03023226721951697,81,False
feature-41533-808-+0.5-notebook-0.6-128,feature-41533,808,0.5,1,generated,80,0,0.6452082395553589,0.6460695147514344,0.99820576608181,0.05975842708721757,0.028867295105010272,81,False
feature-41533-808-+0.5-notebook-0.6-128,feature-41533,808,0.5,2,prompt,203,0,0.6452082395553589,0.6459098056032153,0.9983220552576,0.05751200915851029,0.029963693357006247,94,False
feature-41533-808-+0.5-notebook-0.6-128,feature-41533,808,0.5,2,generated,93,0,0.6452082395553589,0.6461678775407935,0.9982066289071114,0.059798179094188955,0.028499706057451106,94,False
feature-41533-808-+0.6-notebook-0.6-128,feature-41533,808,0.6,1,prompt,91,0,0.7742499113082886,0.7746903811182294,0.9988012130443866,0.048241034211529484,0.036268485539879367,81,False
feature-41533-808-+0.6-notebook-0.6-128,feature-41533,808,0.6,1,generated,80,0,0.7742499709129333,0.7750994317233563,0.9987657696008683,0.04945757957175374,0.03463280030991882,81,False
feature-41533-808-+0.6-notebook-0.6-128,feature-41533,808,0.6,2,prompt,203,0,0.7742499113082886,0.774865975227262,0.9988016888425855,0.04841104250749931,0.03594737550131334,94,False
feature-41533-808-+0.6-notebook-0.6-128,feature-41533,808,0.6,2,generated,93,0,0.7742499709129333,0.7754220616432929,0.9988191948142103,0.04850294048427253,0.0342006352079171,94,False
feature-41533-808-+0.7-notebook-0.6-128,feature-41533,808,0.7,1,prompt,91,0,0.9032915234565735,0.9035593677353073,0.9990373915368385,0.04296737383273277,0.04230074791728959,81,False
feature-41533-808-+0.7-notebook-0.6-128,feature-41533,808,0.7,1,generated,80,0,0.9032915234565735,0.9038634479045868,0.9990839213132858,0.04245758398901671,0.04038670649752021,81,False
feature-41533-808-+0.7-notebook-0.6-128,feature-41533,808,0.7,2,prompt,203,0,0.9032915234565735,0.903662841601912,0.9990694414218658,0.04243336427094314,0.04192241862315336,81,False
feature-41533-808-+0.7-notebook-0.6-128,feature-41533,808,0.7,2,generated,80,0,0.9032915234565735,0.903904165327549,0.9991461783647537,0.04120674007572234,0.039984823670238256,81,False
feature-41533-808--0.1-notebook-0.6-128,feature-41533,808,-0.1,1,prompt,91,0,0.1290416419506073,0.1322979837001025,0.9712296953568091,0.2430275377336439,0.006192848701695246,81,False
feature-41533-808--0.1-notebook-0.6-128,feature-41533,808,-0.1,1,generated,80,0,0.1290416568517685,0.13278905861079693,0.9643618188798427,0.2713522182777524,0.005931154085556045,81,False
feature-41533-808--0.1-notebook-0.6-128,feature-41533,808,-0.1,2,prompt,203,0,0.1290416419506073,0.132499193763498,0.9685561742101397,0.2539986043140806,0.00614462311097462,94,False
feature-41533-808--0.1-notebook-0.6-128,feature-41533,808,-0.1,2,generated,93,0,0.1290416568517685,0.13315007411023622,0.9611332461398135,0.2843432588282452,0.005871407382230284,94,False
feature-41533-808--0.2-notebook-0.6-128,feature-41533,808,-0.2,1,prompt,91,0,0.2580832839012146,0.2598004311650664,0.9919603388388079,0.12668247037863994,0.012162198861715497,81,False
feature-41533-808--0.2-notebook-0.6-128,feature-41533,808,-0.2,1,generated,80,0,0.258083313703537,0.2603147953748703,0.9899208426475525,0.1423425914719701,0.011629518249537795,81,False
feature-41533-808--0.2-notebook-0.6-128,feature-41533,808,-0.2,2,prompt,203,0,0.2580832839012146,0.2600171861096556,0.9911918751711916,0.13254914766755596,0.012060740261408616,94,False
feature-41533-808--0.2-notebook-0.6-128,feature-41533,808,-0.2,2,generated,93,0,0.258083313703537,0.26078013514959686,0.9892930638405585,0.14709164706930036,0.011500620914082374,94,False
feature-41533-808--0.3-notebook-0.6-128,feature-41533,808,-0.3,1,prompt,91,0,0.3871249556541443,0.38826954168277783,0.9960850568918082,0.08801039811837805,0.018176451013909634,81,False
feature-41533-808--0.3-notebook-0.6-128,feature-41533,808,-0.3,1,generated,80,0,0.3871249854564667,0.38845457285642626,0.9953286729753017,0.09657813385128974,0.01735556263010949,81,False
feature-41533-808--0.3-notebook-0.6-128,feature-41533,808,-0.3,2,prompt,203,0,0.3871249556541443,0.3883046933582851,0.9958211157122269,0.09097924314696214,0.01801248569886792,80,False
feature-41533-808--0.3-notebook-0.6-128,feature-41533,808,-0.3,2,generated,79,0,0.3871249854564667,0.388659733760206,0.9951965401444254,0.09812493876943106,0.01719959995037393,80,False
feature-41533-808--0.4-notebook-0.6-128,feature-41533,808,-0.4,1,prompt,91,0,0.5161665678024292,0.5168907753713838,0.9976646441679734,0.06782894716649265,0.024197242085842396,81,False
feature-41533-808--0.4-notebook-0.6-128,feature-41533,808,-0.4,1,generated,80,0,0.516166627407074,0.5173866204917431,0.9973095439374446,0.07327180090360344,0.023117649555206298,81,False
feature-41533-808--0.4-notebook-0.6-128,feature-41533,808,-0.4,2,prompt,203,0,0.5161665678024292,0.5170789008657334,0.9975517585947009,0.06956665379366851,0.023986983524172067,94,False
feature-41533-808--0.4-notebook-0.6-128,feature-41533,808,-0.4,2,generated,93,0,0.516166627407074,0.5175086823842858,0.9972755761556727,0.07379843070301959,0.022825087250400614,94,False
feature-41533-808--0.5-notebook-0.6-128,feature-41533,808,-0.5,1,prompt,91,0,0.6452082395553589,0.6457958935381292,0.9983804795768235,0.05637678352522326,0.030231428573772843,81,False
feature-41533-808--0.5-notebook-0.6-128,feature-41533,808,-0.5,1,generated,80,0,0.6452082395553589,0.6460783466696739,0.9982077032327652,0.05972594441846013,0.028867776086553932,81,False
feature-41533-808--0.5-notebook-0.6-128,feature-41533,808,-0.5,2,prompt,203,0,0.6452082395553589,0.6459055616350596,0.9983266909134212,0.05743108161270912,0.02996349564364657,94,False
feature-41533-808--0.5-notebook-0.6-128,feature-41533,808,-0.5,2,generated,93,0,0.6452082395553589,0.6461704437450696,0.9982101750630205,0.059741431987413794,0.028499849441070712,94,False
feature-41533-808--0.6-notebook-0.6-128,feature-41533,808,-0.6,1,prompt,91,0,0.7742499113082886,0.7746604268367474,0.9988089740931333,0.04807598856124249,0.036266669137198684,81,False
feature-41533-808--0.6-notebook-0.6-128,feature-41533,808,-0.6,1,generated,80,0,0.7742499709129333,0.7751439668238163,0.998767776787281,0.049418307794258,0.03463469438720494,81,False
feature-41533-808--0.6-notebook-0.6-128,feature-41533,808,-0.6,2,prompt,203,0,0.7742499113082886,0.7748810739940023,0.9988058168312599,0.04832458447463113,0.03594776619973551,94,False
feature-41533-808--0.6-notebook-0.6-128,feature-41533,808,-0.6,2,generated,93,0,0.7742499709129333,0.7754108457155126,0.9988219154778347,0.04844401143891837,0.034200149317902905,94,False
feature-41533-808--0.7-notebook-0.6-128,feature-41533,808,-0.7,1,prompt,91,0,0.9032915234565735,0.9035617191712935,0.9990422103431199,0.04285654343746521,0.042300384471213426,81,False
feature-41533-808--0.7-notebook-0.6-128,feature-41533,808,-0.7,1,generated,80,0,0.9032915234565735,0.9038631424307824,0.9990862458944321,0.042405054857954386,0.04038677038624883,81,False
feature-41533-808--0.7-notebook-0.6-128,feature-41533,808,-0.7,2,prompt,203,0,0.9032915234565735,0.9036567540004335,0.9990723743814552,0.042367971002174716,0.04192179413007691,94,False
feature-41533-808--0.7-notebook-0.6-128,feature-41533,808,-0.7,2,generated,93,0,0.9032915234565735,0.9039279722398327,0.9991538293900029,0.040999182890499794,0.03986873673976109,94,False
feature-41533-909-+0.0-notebook-0.6-128,feature-41533,909,0.0,1,prompt,91,91,0.0,0.0,1.0,0.0,0.0,81,False
feature-41533-909-+0.0-notebook-0.6-128,feature-41533,909,0.0,1,generated,80,80,0.0,0.0,1.0,0.0,0.0,81,False
feature-41533-909-+0.0-notebook-0.6-128,feature-41533,909,0.0,2,prompt,203,203,0.0,0.0,1.0,0.0,0.0,89,False
feature-41533-909-+0.0-notebook-0.6-128,feature-41533,909,0.0,2,generated,88,88,0.0,0.0,1.0,0.0,0.0,89,False
feature-41533-909-+0.1-notebook-0.6-128,feature-41533,909,0.1,1,prompt,91,0,0.1290416419506073,0.13233101580824172,0.9711876360924689,0.24325405257743793,0.006194392094295216,81,False
feature-41533-909-+0.1-notebook-0.6-128,feature-41533,909,0.1,1,generated,80,0,0.1290416568517685,0.13279089648276568,0.964335985481739,0.2714526170864701,0.005931158625753596,81,False
feature-41533-909-+0.1-notebook-0.6-128,feature-41533,909,0.1,2,prompt,203,0,0.1290416419506073,0.13251683651813734,0.9685208970690008,0.2541652536891364,0.006145460524448891,89,False
feature-41533-909-+0.1-notebook-0.6-128,feature-41533,909,0.1,2,generated,88,0,0.1290416568517685,0.13307981023734267,0.9622882421721112,0.28010451268743386,0.005853710532061417,89,False
feature-41533-909-+0.2-notebook-0.6-128,feature-41533,909,0.2,1,prompt,91,0,0.2580832839012146,0.2597783021219484,0.991950715636159,0.12675983385070339,0.01216144470503083,81,False
feature-41533-909-+0.2-notebook-0.6-128,feature-41533,909,0.2,1,generated,80,0,0.258083313703537,0.2602960132062435,0.9899016119539737,0.14247335251420737,0.011628688091877847,81,False
feature-41533-909-+0.2-notebook-0.6-128,feature-41533,909,0.2,2,prompt,203,0,0.2580832839012146,0.25999584794044495,0.9911828848528744,0.13261141928986375,0.012059826058051159,89,False
feature-41533-909-+0.2-notebook-0.6-128,feature-41533,909,0.2,2,generated,88,0,0.258083313703537,0.2605292018164288,0.9894143004309047,0.146189788187092,0.011460565072907642,89,False
feature-41533-909-+0.3-notebook-0.6-128,feature-41533,909,0.3,1,prompt,91,0,0.3871249556541443,0.3882676588964986,0.9960826740160094,0.08803801107537615,0.018176180302231972,81,False
feature-41533-909-+0.3-notebook-0.6-128,feature-41533,909,0.3,1,generated,80,0,0.3871249854564667,0.3884525578469038,0.9953304037451745,0.09655799735337496,0.017355506285093726,81,False
feature-41533-909-+0.3-notebook-0.6-128,feature-41533,909,0.3,2,prompt,203,0,0.3871249556541443,0.3883129532994895,0.9958168329863712,0.09102742707934873,0.018012766442731885,89,False
feature-41533-909-+0.3-notebook-0.6-128,feature-41533,909,0.3,2,generated,88,0,0.3871249854564667,0.38858829709616577,0.9951693016019735,0.09838340880179947,0.017094414998692544,89,False
feature-41533-909-+0.4-notebook-0.6-128,feature-41533,909,0.4,1,prompt,91,0,0.5161665678024292,0.51689384664808,0.997662848168677,0.06785873573396232,0.02419725805904798,81,False
feature-41533-909-+0.4-notebook-0.6-128,feature-41533,909,0.4,1,generated,80,0,0.516166627407074,0.5174068622291088,0.9973130024969578,0.0732308485545218,0.02311858020257205,81,False
feature-41533-909-+0.4-notebook-0.6-128,feature-41533,909,0.4,2,prompt,203,0,0.5161665678024292,0.5170902589271809,0.9975508507249391,0.06958479737046316,0.02398747181132197,89,False
feature-41533-909-+0.4-notebook-0.6-128,feature-41533,909,0.4,2,generated,88,0,0.516166627407074,0.5174131197008219,0.9972517707131126,0.07415838895196264,0.02276200157674876,89,False
feature-41533-909-+0.5-notebook-0.6-128,feature-41533,909,0.5,1,prompt,91,0,0.6452082395553589,0.6458093484679421,0.9983727656877958,0.05651336941090259,0.03023226721951697,81,False
feature-41533-909-+0.5-notebook-0.6-128,feature-41533,909,0.5,1,generated,80,0,0.6452082395553589,0.6460695147514344,0.99820576608181,0.05975842708721757,0.028867295105010272,81,False
feature-41533-909-+0.5-notebook-0.6-128,feature-41533,909,0.5,2,prompt,203,0,0.6452082395553589,0.6459098056032153,0.9983220552576,0.05751200915851029,0.029963693357006247,89,False
feature-41533-909-+0.5-notebook-0.6-128,feature-41533,909,0.5,2,generated,88,0,0.6452082395553589,0.6461023559624498,0.9981942129406062,0.060040917289866644,0.028423613783988087,89,False
feature-41533-909-+0.6-notebook-0.6-128,feature-41533,909,0.6,1,prompt,91,0,0.7742499113082886,0.7746903811182294,0.9988012130443866,0.048241034211529484,0.036268485539879367,81,False
feature-41533-909-+0.6-notebook-0.6-128,feature-41533,909,0.6,1,generated,80,0,0.7742499709129333,0.7750994317233563,0.9987657696008683,0.04945757957175374,0.03463280030991882,81,False
feature-41533-909-+0.6-notebook-0.6-128,feature-41533,909,0.6,2,prompt,203,0,0.7742499113082886,0.774865975227262,0.9988016888425855,0.04841104250749931,0.03594737550131334,89,False
feature-41533-909-+0.6-notebook-0.6-128,feature-41533,909,0.6,2,generated,88,0,0.7742499709129333,0.7753772173415531,0.9987829822030935,0.04923312852836468,0.03411055049350993,89,False
feature-41533-909-+0.7-notebook-0.6-128,feature-41533,909,0.7,1,prompt,91,0,0.9032915234565735,0.9035593677353073,0.9990373915368385,0.04296737383273277,0.04230074791728959,81,False
feature-41533-909-+0.7-notebook-0.6-128,feature-41533,909,0.7,1,generated,80,0,0.9032915234565735,0.9038634479045868,0.9990839213132858,0.04245758398901671,0.04038670649752021,81,False
feature-41533-909-+0.7-notebook-0.6-128,feature-41533,909,0.7,2,prompt,203,0,0.9032915234565735,0.903662841601912,0.9990694414218658,0.04243336427094314,0.04192241862315336,89,False
feature-41533-909-+0.7-notebook-0.6-128,feature-41533,909,0.7,2,generated,88,0,0.9032915234565735,0.9038804058324207,0.9991185732863166,0.041789625136351045,0.03976363172246651,89,False
feature-41533-909--0.1-notebook-0.6-128,feature-41533,909,-0.1,1,prompt,91,0,0.1290416419506073,0.1322979837001025,0.9712296953568091,0.2430275377336439,0.006192848701695246,128,True
feature-41533-909--0.1-notebook-0.6-128,feature-41533,909,-0.1,1,generated,127,0,0.1290416568517685,0.1329298187193908,0.9639272628806708,0.2734359764442669,0.005882510977731211,128,True
feature-41533-909--0.1-notebook-0.6-128,feature-41533,909,-0.1,2,prompt,251,0,0.1290416419506073,0.13263018387722303,0.9676251995611,0.2579461036925297,0.006111194246515365,72,False
feature-41533-909--0.1-notebook-0.6-128,feature-41533,909,-0.1,2,generated,71,0,0.1290416568517685,0.13329696004659358,0.9611198994475352,0.2846681450454282,0.00589813472388286,72,False
feature-41533-909--0.2-notebook-0.6-128,feature-41533,909,-0.2,1,prompt,91,0,0.2580832839012146,0.2598004311650664,0.9919603388388079,0.12668247037863994,0.012162198861715497,128,True
feature-41533-909--0.2-notebook-0.6-128,feature-41533,909,-0.2,1,generated,127,0,0.258083313703537,0.26033668771503476,0.9897476702224551,0.14367539013229955,0.011521989061665816,128,True
feature-41533-909--0.2-notebook-0.6-128,feature-41533,909,-0.2,2,prompt,251,0,0.2580832839012146,0.2600661162361206,0.990891389875298,0.13482897173598468,0.011985702527917929,117,False
feature-41533-909--0.2-notebook-0.6-128,feature-41533,909,-0.2,2,generated,116,0,0.258083313703537,0.2608994317465815,0.989047490317246,0.14877452855480128,0.011397294587744721,117,False
feature-41533-909--0.3-notebook-0.6-128,feature-41533,909,-0.3,1,prompt,91,0,0.3871249556541443,0.38826954168277783,0.9960850568918082,0.08801039811837805,0.018176451013909634,128,True
feature-41533-909--0.3-notebook-0.6-128,feature-41533,909,-0.3,1,generated,127,0,0.3871249854564667,0.3884513418036183,0.99524638408751,0.09747140919129679,0.0171933494082938,128,True
feature-41533-909--0.3-notebook-0.6-128,feature-41533,909,-0.3,2,prompt,251,0,0.3871249556541443,0.38833606670577214,0.9956939469770606,0.09238898905506172,0.017898792247204445,117,False
feature-41533-909--0.3-notebook-0.6-128,feature-41533,909,-0.3,2,generated,116,0,0.3871249854564667,0.38885479754415053,0.995083944550876,0.09918703158097021,0.01698851260228147,117,False
feature-41533-909--0.4-notebook-0.6-128,feature-41533,909,-0.4,1,prompt,91,0,0.5161665678024292,0.5168907753713838,0.9976646441679734,0.06782894716649265,0.024197242085842396,54,False
feature-41533-909--0.4-notebook-0.6-128,feature-41533,909,-0.4,1,generated,53,0,0.516166627407074,0.5174926969240297,0.996967484366219,0.07786126561322303,0.021751711847928335,54,False
feature-41533-909--0.4-notebook-0.6-128,feature-41533,909,-0.4,2,prompt,176,0,0.5161665678024292,0.5170813568613746,0.9974917674606497,0.07027807389385998,0.023872320993343073,61,False
feature-41533-909--0.4-notebook-0.6-128,feature-41533,909,-0.4,2,generated,60,0,0.516166627407074,0.5175098806619645,0.9971859753131866,0.07497512828558683,0.022446899643788733,61,False
feature-41533-909--0.5-notebook-0.6-128,feature-41533,909,-0.5,1,prompt,91,0,0.6452082395553589,0.6457958935381292,0.9983804795768235,0.05637678352522326,0.030231428573772843,128,True
feature-41533-909--0.5-notebook-0.6-128,feature-41533,909,-0.5,1,generated,127,0,0.6452082395553589,0.6461185019785963,0.9981982482699897,0.059886960767385526,0.028599790407447364,128,True
feature-41533-909--0.5-notebook-0.6-128,feature-41533,909,-0.5,2,prompt,251,0,0.6452082395553589,0.645990326347579,0.9983099596908843,0.05774341335156524,0.029776023984914534,117,False
feature-41533-909--0.5-notebook-0.6-128,feature-41533,909,-0.5,2,generated,116,0,0.6452082395553589,0.6462322781825888,0.9981961435285108,0.05996804006783099,0.028234513749464833,117,False
feature-41533-909--0.6-notebook-0.6-128,feature-41533,909,-0.6,1,prompt,91,0,0.7742499113082886,0.7746604268367474,0.9988089740931333,0.04807598856124249,0.036266669137198684,54,False
feature-41533-909--0.6-notebook-0.6-128,feature-41533,909,-0.6,1,generated,53,0,0.7742499709129333,0.7753313419953832,0.9986183260971645,0.05239160372963492,0.03258957675183719,54,False
feature-41533-909--0.6-notebook-0.6-128,feature-41533,909,-0.6,2,prompt,176,0,0.7742499113082886,0.7748866162516854,0.9987758824771101,0.048830526912669564,0.03577621839808258,74,False
feature-41533-909--0.6-notebook-0.6-128,feature-41533,909,-0.6,2,generated,73,0,0.7742499709129333,0.7752622619067153,0.9988032677402235,0.04881186482228645,0.0341148095792287,74,False
feature-41533-909--0.7-notebook-0.6-128,feature-41533,909,-0.7,1,prompt,91,0,0.9032915234565735,0.9035617191712935,0.9990422103431199,0.04285654343746521,0.042300384471213426,54,False
feature-41533-909--0.7-notebook-0.6-128,feature-41533,909,-0.7,1,generated,53,0,0.9032915234565735,0.9039714291410627,0.9989843346037954,0.04478288821454318,0.03799667905242938,54,False
feature-41533-909--0.7-notebook-0.6-128,feature-41533,909,-0.7,2,prompt,176,0,0.9032915234565735,0.9036823568696325,0.9990480664101514,0.042846699827350676,0.041722676579163155,74,False
feature-41533-909--0.7-notebook-0.6-128,feature-41533,909,-0.7,2,generated,73,0,0.9032915234565735,0.9039607195005025,0.9991435620882739,0.04125648451178041,0.03977820588505431,74,False
feature-58667-1001-+0.0-notebook-0.6-128,feature-58667,1001,0.0,1,prompt,91,91,0.0,0.0,1.0,0.0,0.0,128,True
feature-58667-1001-+0.0-notebook-0.6-128,feature-58667,1001,0.0,1,generated,127,127,0.0,0.0,1.0,0.0,0.0,128,True
feature-58667-1001-+0.0-notebook-0.6-128,feature-58667,1001,0.0,2,prompt,250,250,0.0,0.0,1.0,0.0,0.0,89,False
feature-58667-1001-+0.0-notebook-0.6-128,feature-58667,1001,0.0,2,generated,88,88,0.0,0.0,1.0,0.0,0.0,89,False
feature-58667-1001-+0.1-notebook-0.6-128,feature-58667,1001,0.1,1,prompt,91,0,0.11387141048908234,0.11697623976966837,0.9662969813242064,0.26288200489112307,0.005475398824213758,128,True
feature-58667-1001-+0.1-notebook-0.6-128,feature-58667,1001,0.1,1,generated,127,0,0.11387141048908234,0.11724756411680086,0.9611445444775378,0.2829930521841124,0.005412093253703568,128,True
feature-58667-1001-+0.1-notebook-0.6-128,feature-58667,1001,0.1,2,prompt,250,0,0.11387141048908234,0.11712579849362373,0.9637549467086792,0.27281716191768646,0.005483966508239973,89,False
feature-58667-1001-+0.1-notebook-0.6-128,feature-58667,1001,0.1,2,generated,88,0,0.11387141048908234,0.11762095759199424,0.9555715302174742,0.303367008370432,0.005329277297608893,89,False
feature-58667-1001-+0.2-notebook-0.6-128,feature-58667,1001,0.2,1,prompt,91,0,0.22774282097816467,0.22958606497927025,0.9902809845222221,0.13936852688317772,0.010747370906596347,128,True
feature-58667-1001-+0.2-notebook-0.6-128,feature-58667,1001,0.2,1,generated,127,0,0.22774282097816467,0.22997982541876516,0.9888403716049795,0.14961921189009675,0.010618674165503246,128,True
feature-58667-1001-+0.2-notebook-0.6-128,feature-58667,1001,0.2,2,prompt,250,0,0.22774282097816467,0.22977299469709397,0.9895954036712646,0.14420463514328002,0.010760700949584133,89,False
feature-58667-1001-+0.2-notebook-0.6-128,feature-58667,1001,0.2,2,generated,88,0,0.22774282097816467,0.23021871579641645,0.98724176870151,0.16012707428837364,0.010433518465354362,89,False
feature-58667-1001-+0.3-notebook-0.6-128,feature-58667,1001,0.3,1,prompt,91,0,0.3416142463684082,0.3427883104963617,0.9955371782019898,0.09420792725715009,0.016047245968046218,128,True
feature-58667-1001-+0.3-notebook-0.6-128,feature-58667,1001,0.3,1,generated,127,0,0.3416142463684082,0.3429060170030969,0.9949037728347178,0.10067401808781887,0.015834020626709217,128,True
feature-58667-1001-+0.3-notebook-0.6-128,feature-58667,1001,0.3,2,prompt,250,0,0.3416142463684082,0.3428408043384552,0.9952447648048401,0.09713596498966218,0.01605741989496164,89,False
feature-58667-1001-+0.3-notebook-0.6-128,feature-58667,1001,0.3,2,generated,88,0,0.3416142463684082,0.3431722477755763,0.9942712343551896,0.10682188719511032,0.015553984854539687,89,False
feature-58667-1001-+0.4-notebook-0.6-128,feature-58667,1001,0.4,1,prompt,91,0,0.45548564195632935,0.45656809571025136,0.997420031945784,0.071572177030228,0.021374364524240512,70,False
feature-58667-1001-+0.4-notebook-0.6-128,feature-58667,1001,0.4,1,generated,69,0,0.45548564195632935,0.45685862587845844,0.9967720534490503,0.08023381605744362,0.02023836959531342,70,False
feature-58667-1001-+0.4-notebook-0.6-128,feature-58667,1001,0.4,2,prompt,192,0,0.45548564195632935,0.4566506041834752,0.9972106056908766,0.07431188697228208,0.02115724715379959,60,False
feature-58667-1001-+0.4-notebook-0.6-128,feature-58667,1001,0.4,2,generated,59,0,0.45548564195632935,0.45683519870547923,0.9965068516084703,0.08359297061875715,0.01985995787180076,60,False
feature-58667-1001-+0.5-notebook-0.6-128,feature-58667,1001,0.5,1,prompt,91,0,0.5693570375442505,0.5702317959659702,0.9983268131266584,0.05756618193053937,0.02669490163424308,128,True
feature-58667-1001-+0.5-notebook-0.6-128,feature-58667,1001,0.5,1,generated,127,0,0.5693570971488953,0.5703806806737044,0.9981011264906154,0.061404147838044355,0.02633917982888034,128,True
feature-58667-1001-+0.5-notebook-0.6-128,feature-58667,1001,0.5,2,prompt,250,0,0.5693570375442505,0.5703108291625977,0.9982238230705262,0.05928574900329113,0.02671209807647392,89,False
feature-58667-1001-+0.5-notebook-0.6-128,feature-58667,1001,0.5,2,generated,88,0,0.5693570971488953,0.5704398263584484,0.9978807988491926,0.06486680223183199,0.025856287493793803,89,False
feature-58667-1001-+0.6-notebook-0.6-128,feature-58667,1001,0.6,1,prompt,91,0,0.6832284927368164,0.6839463867983975,0.9988463710952591,0.047736297883502726,0.03201908517147895,70,False
feature-58667-1001-+0.6-notebook-0.6-128,feature-58667,1001,0.6,1,generated,69,0,0.6832284927368164,0.6841357151667277,0.9985532510107842,0.053653679194225784,0.030307106025840923,70,False
feature-58667-1001-+0.6-notebook-0.6-128,feature-58667,1001,0.6,2,prompt,192,0,0.6832284927368164,0.6840246437738339,0.9987530314053098,0.04959941231451618,0.031692292004057286,74,False
feature-58667-1001-+0.6-notebook-0.6-128,feature-58667,1001,0.6,2,generated,73,0,0.6832284927368164,0.6841230939512384,0.9984575934606056,0.055459796923072374,0.030072011232171972,74,False
feature-58667-1001-+0.7-notebook-0.6-128,feature-58667,1001,0.7,1,prompt,91,0,0.7970998883247375,0.7978590582753275,0.9991663615782183,0.04052295642239707,0.03735225920816167,70,False
feature-58667-1001-+0.7-notebook-0.6-128,feature-58667,1001,0.7,1,generated,69,0,0.7970998883247375,0.7980235633642777,0.9989621656528418,0.04544125243589498,0.035352396657285484,70,False
feature-58667-1001-+0.7-notebook-0.6-128,feature-58667,1001,0.7,2,prompt,192,0,0.7970998883247375,0.7979179915661613,0.999101308795313,0.04208750312682241,0.03696938022464261,74,False
feature-58667-1001-+0.7-notebook-0.6-128,feature-58667,1001,0.7,2,generated,73,0,0.7970998883247375,0.7981320195002098,0.998886763233028,0.04712476724222915,0.03508365465557738,74,False
feature-58667-1001--0.1-notebook-0.6-128,feature-58667,1001,-0.1,1,prompt,91,0,0.11387141048908234,0.11697878606699325,0.9662907903011029,0.26291601081470867,0.005475634434912865,128,True
feature-58667-1001--0.1-notebook-0.6-128,feature-58667,1001,-0.1,1,generated,127,0,0.11387141048908234,0.11723361457661381,0.9611622597288898,0.28289599904394525,0.005411481858766455,128,True
feature-58667-1001--0.1-notebook-0.6-128,feature-58667,1001,-0.1,2,prompt,250,0,0.11387141048908234,0.11711983448266983,0.9637669372558594,0.2727621396780014,0.005483741887728683,89,False
feature-58667-1001--0.1-notebook-0.6-128,feature-58667,1001,-0.1,2,generated,88,0,0.11387141048908234,0.11760518251156266,0.9555654241280123,0.30334454419260676,0.005328573021953079,89,False
feature-58667-1001--0.2-notebook-0.6-128,feature-58667,1001,-0.2,1,prompt,91,0,0.22774282097816467,0.22958335624291346,0.9902940209095294,0.13927941155302656,0.010747327925675744,128,True
feature-58667-1001--0.2-notebook-0.6-128,feature-58667,1001,-0.2,1,generated,127,0,0.22774282097816467,0.23001061638039866,0.9888475556073226,0.14959414678765096,0.010620112736218087,128,True
feature-58667-1001--0.2-notebook-0.6-128,feature-58667,1001,-0.2,2,prompt,250,0,0.22774282097816467,0.22978509050607682,0.9896064240932465,0.14413885602355003,0.010761241028434596,89,False
feature-58667-1001--0.2-notebook-0.6-128,feature-58667,1001,-0.2,2,generated,88,0,0.22774282097816467,0.23022562637925148,0.9872620844028213,0.16000667663121765,0.010433768705380235,89,False
feature-58667-1001--0.3-notebook-0.6-128,feature-58667,1001,-0.3,1,prompt,91,0,0.3416142463684082,0.3427952318401127,0.9955438991169353,0.09414225497416087,0.016047506799133353,128,True
feature-58667-1001--0.3-notebook-0.6-128,feature-58667,1001,-0.3,1,generated,127,0,0.3416142463684082,0.3429028497436854,0.9949133954648897,0.10057659347460965,0.01583398572044579,128,True
feature-58667-1001--0.3-notebook-0.6-128,feature-58667,1001,-0.3,2,prompt,250,0,0.3416142463684082,0.3428454164266586,0.9952531590461731,0.09705556966364384,0.01605765679711476,94,False
feature-58667-1001--0.3-notebook-0.6-128,feature-58667,1001,-0.3,2,generated,93,0,0.3416142463684082,0.3431676680682808,0.9941914126437198,0.10754621461514503,0.015416306233213793,94,False
feature-58667-1001--0.4-notebook-0.6-128,feature-58667,1001,-0.4,1,prompt,91,0,0.45548564195632935,0.45656404488689295,0.9974238440230653,0.07152408774901223,0.02137434162432328,128,True
feature-58667-1001--0.4-notebook-0.6-128,feature-58667,1001,-0.4,1,generated,127,0,0.45548564195632935,0.4567846087958869,0.9970659120815006,0.07637789977465088,0.021093652913654882,128,True
feature-58667-1001--0.4-notebook-0.6-128,feature-58667,1001,-0.4,2,prompt,250,0,0.45548564195632935,0.4566709415912628,0.9972613019943237,0.07367510704696179,0.021389863584889098,94,False
feature-58667-1001--0.4-notebook-0.6-128,feature-58667,1001,-0.4,2,generated,93,0,0.45548564195632935,0.45691772173809747,0.9966706204158003,0.08133932900044226,0.020527001470327377,94,False
feature-58667-1001--0.5-notebook-0.6-128,feature-58667,1001,-0.5,1,prompt,91,0,0.5693570375442505,0.5702418010313433,0.998332434958154,0.05747552064585162,0.026695463432838303,128,True
feature-58667-1001--0.5-notebook-0.6-128,feature-58667,1001,-0.5,1,generated,127,0,0.5693570971488953,0.5703574062332394,0.9981060774307552,0.061319377771982056,0.026338151648757965,128,True
feature-58667-1001--0.5-notebook-0.6-128,feature-58667,1001,-0.5,2,prompt,250,0,0.5693570375442505,0.5703044946193695,0.9982290315628052,0.05920152598619461,0.02671186667121947,94,False
feature-58667-1001--0.5-notebook-0.6-128,feature-58667,1001,-0.5,2,generated,93,0,0.5693570971488953,0.5705050576117731,0.9978450504682397,0.06540760638252381,0.025630295677210695,94,False
feature-58667-1001--0.6-notebook-0.6-128,feature-58667,1001,-0.6,1,prompt,91,0,0.6832284927368164,0.6839216030561007,0.9988488862802695,0.04768370263851606,0.03201809096416192,128,True
feature-58667-1001--0.6-notebook-0.6-128,feature-58667,1001,-0.6,1,generated,127,0,0.6832284927368164,0.6840714436816419,0.9986851248215503,0.0510647369064684,0.03159006643952347,128,True
feature-58667-1001--0.6-notebook-0.6-128,feature-58667,1001,-0.6,2,prompt,250,0,0.6832284927368164,0.6840004057884216,0.9987749898433685,0.04919940476864576,0.03203785596694797,94,False
feature-58667-1001--0.6-notebook-0.6-128,feature-58667,1001,-0.6,2,generated,93,0,0.6832284927368164,0.6841952570023075,0.9984961921168912,0.054621429092461066,0.030738606087623105,94,False
feature-58667-1001--0.7-notebook-0.6-128,feature-58667,1001,-0.7,1,prompt,91,0,0.7970998883247375,0.7978684587793036,0.9991681824673663,0.04048311151564121,0.03735248967595808,128,True
feature-58667-1001--0.7-notebook-0.6-128,feature-58667,1001,-0.7,1,generated,127,0,0.7970998883247375,0.7980405209571357,0.9990587563026608,0.043196417376633704,0.03685312562688129,128,True
feature-58667-1001--0.7-notebook-0.6-128,feature-58667,1001,-0.7,2,prompt,250,0,0.7970998883247375,0.797960756778717,0.9991193726062775,0.04169869190454483,0.037375723868608476,94,False
feature-58667-1001--0.7-notebook-0.6-128,feature-58667,1001,-0.7,2,generated,93,0,0.7970998883247375,0.7980833418907658,0.9989136982989567,0.04640631173406878,0.03585537268670015,94,False
feature-58667-101-+0.0-notebook-0.6-128,feature-58667,101,0.0,1,prompt,91,91,0.0,0.0,1.0,0.0,0.0,94,False
feature-58667-101-+0.0-notebook-0.6-128,feature-58667,101,0.0,1,generated,93,93,0.0,0.0,1.0,0.0,0.0,94,False
feature-58667-101-+0.0-notebook-0.6-128,feature-58667,101,0.0,2,prompt,216,216,0.0,0.0,1.0,0.0,0.0,60,False
feature-58667-101-+0.0-notebook-0.6-128,feature-58667,101,0.0,2,generated,59,59,0.0,0.0,1.0,0.0,0.0,60,False
feature-58667-101-+0.1-notebook-0.6-128,feature-58667,101,0.1,1,prompt,91,0,0.11387141048908234,0.11697623976966837,0.9662969813242064,0.26288200489112307,0.005475398824213758,94,False
feature-58667-101-+0.1-notebook-0.6-128,feature-58667,101,0.1,1,generated,93,0,0.11387141048908234,0.11743377429503267,0.9584038667781378,0.29319263914579985,0.005307410513201068,94,False
feature-58667-101-+0.1-notebook-0.6-128,feature-58667,101,0.1,2,prompt,216,0,0.11387141048908234,0.11717111803591251,0.9630835646832431,0.2751878381327347,0.005457265425758561,60,False
feature-58667-101-+0.1-notebook-0.6-128,feature-58667,101,0.1,2,generated,59,0,0.11387141048908234,0.11785526826220044,0.95492906893714,0.30687306897114897,0.005257096623023183,60,False
feature-58667-101-+0.2-notebook-0.6-128,feature-58667,101,0.2,1,prompt,91,0,0.22774282097816467,0.22958606497927025,0.9902809845222221,0.13936852688317772,0.010747370906596347,94,False
feature-58667-101-+0.2-notebook-0.6-128,feature-58667,101,0.2,1,generated,93,0,0.22774282097816467,0.23015633802260121,0.9881175045044192,0.1545295109671931,0.010404881029840439,94,False
feature-58667-101-+0.2-notebook-0.6-128,feature-58667,101,0.2,2,prompt,216,0,0.22774282097816467,0.22980919052605275,0.9894351680521611,0.1452428214251995,0.010705876790544371,60,False
feature-58667-101-+0.2-notebook-0.6-128,feature-58667,101,0.2,2,generated,59,0,0.22774282097816467,0.23041121888968905,0.9871741290819847,0.16117533283718563,0.010278588792277594,60,False
feature-58667-101-+0.3-notebook-0.6-128,feature-58667,101,0.3,1,prompt,91,0,0.3416142463684082,0.3427883104963617,0.9955371782019898,0.09420792725715009,0.016047245968046218,94,False
feature-58667-101-+0.3-notebook-0.6-128,feature-58667,101,0.3,1,generated,93,0,0.3416142463684082,0.343037175555383,0.9945806502014078,0.10387976359455817,0.015508971978179228,94,False
feature-58667-101-+0.3-notebook-0.6-128,feature-58667,101,0.3,2,prompt,216,0,0.3416142463684082,0.3428790093296104,0.9951714431798017,0.09784344638939257,0.015974962558646912,60,False
feature-58667-101-+0.3-notebook-0.6-128,feature-58667,101,0.3,2,generated,59,0,0.3416142463684082,0.34317750142792525,0.994191087908664,0.10788829397347013,0.0153099093901909,60,False
feature-58667-101-+0.4-notebook-0.6-128,feature-58667,101,0.4,1,prompt,91,0,0.45548564195632935,0.45656809571025136,0.997420031945784,0.071572177030228,0.021374364524240512,94,False
feature-58667-101-+0.4-notebook-0.6-128,feature-58667,101,0.4,1,generated,93,0,0.45548564195632935,0.4568982685125002,0.9969114142079507,0.07839195149880583,0.02065770374110309,94,False
feature-58667-101-+0.4-notebook-0.6-128,feature-58667,101,0.4,2,prompt,216,0,0.45548564195632935,0.45669743404896174,0.9972278699278831,0.07409375116091084,0.021278434720847547,60,False
feature-58667-101-+0.4-notebook-0.6-128,feature-58667,101,0.4,2,generated,59,0,0.45548564195632935,0.4568119483478999,0.9966733890064692,0.08156253889960757,0.0203796991036605,60,False
feature-58667-101-+0.5-notebook-0.6-128,feature-58667,101,0.5,1,prompt,91,0,0.5693570375442505,0.5702317959659702,0.9983268131266584,0.05756618193053937,0.02669490163424308,94,False
feature-58667-101-+0.5-notebook-0.6-128,feature-58667,101,0.5,1,generated,93,0,0.5693570971488953,0.5704146604384145,0.997993125069526,0.06313380799306337,0.02579019016395974,94,False
feature-58667-101-+0.5-notebook-0.6-128,feature-58667,101,0.5,2,prompt,216,0,0.5693570375442505,0.5703063836252248,0.9982013034599798,0.05962593360217633,0.026571663535799383,60,False
feature-58667-101-+0.5-notebook-0.6-128,feature-58667,101,0.5,2,generated,59,0,0.5693570971488953,0.5706661171832327,0.9978406015089003,0.0657069141329345,0.02545905747782376,60,False
feature-58667-101-+0.6-notebook-0.6-128,feature-58667,101,0.6,1,prompt,91,0,0.6832284927368164,0.6839463867983975,0.9988463710952591,0.047736297883502726,0.03201908517147895,94,False
feature-58667-101-+0.6-notebook-0.6-128,feature-58667,101,0.6,1,generated,93,0,0.6832284927368164,0.6841040228002815,0.9986073387566433,0.05256446340792282,0.03093107631530172,94,False
feature-58667-101-+0.6-notebook-0.6-128,feature-58667,101,0.6,2,prompt,216,0,0.6832284927368164,0.6840149219389315,0.9987578140916648,0.04950846231508034,0.03187028174741297,60,False
feature-58667-101-+0.6-notebook-0.6-128,feature-58667,101,0.6,2,generated,59,0,0.6832284927368164,0.6841855301695355,0.9985056862992755,0.05462480153320199,0.030524022687794798,60,False
feature-58667-101-+0.7-notebook-0.6-128,feature-58667,101,0.7,1,prompt,91,0,0.7970998883247375,0.7978590582753275,0.9991663615782183,0.04052295642239707,0.03735225920816167,94,False
feature-58667-101-+0.7-notebook-0.6-128,feature-58667,101,0.7,1,generated,93,0,0.7970998883247375,0.7980453762956845,0.9989934986637484,0.04468797994477133,0.03608276703024423,94,False
feature-58667-101-+0.7-notebook-0.6-128,feature-58667,101,0.7,2,prompt,216,0,0.7970998883247375,0.7979420909175167,0.9991016100954127,0.042084776925750904,0.037178609817163775,60,False
feature-58667-101-+0.7-notebook-0.6-128,feature-58667,101,0.7,2,generated,59,0,0.7970998883247375,0.7981191964472755,0.9989247453414788,0.04633837123796091,0.03560702294363814,60,False
feature-58667-101--0.1-notebook-0.6-128,feature-58667,101,-0.1,1,prompt,91,0,0.11387141048908234,0.11697878606699325,0.9662907903011029,0.26291601081470867,0.005475634434912865,94,False
feature-58667-101--0.1-notebook-0.6-128,feature-58667,101,-0.1,1,generated,93,0,0.11387141048908234,0.11743169029553731,0.9583763166140484,0.2932734976532639,0.005307312253662335,94,False
feature-58667-101--0.1-notebook-0.6-128,feature-58667,101,-0.1,2,prompt,216,0,0.11387141048908234,0.11717129129640481,0.9630730085902743,0.2752259670308343,0.005457320114618159,60,False
feature-58667-101--0.1-notebook-0.6-128,feature-58667,101,-0.1,2,generated,59,0,0.11387141048908234,0.11785764752303139,0.9549627455614381,0.30676207502009506,0.0052571986186302315,60,False
feature-58667-101--0.2-notebook-0.6-128,feature-58667,101,-0.2,1,prompt,91,0,0.22774282097816467,0.22958335624291346,0.9902940209095294,0.13927941155302656,0.010747327925675744,94,False
feature-58667-101--0.2-notebook-0.6-128,feature-58667,101,-0.2,1,generated,93,0,0.22774282097816467,0.23016927575552334,0.9881315724824065,0.15445660423207028,0.01040537710431763,94,False
feature-58667-101--0.2-notebook-0.6-128,feature-58667,101,-0.2,2,prompt,216,0,0.22774282097816467,0.22982029402973475,0.9894484883105313,0.1451600495794857,0.010706463057296653,60,False
feature-58667-101--0.2-notebook-0.6-128,feature-58667,101,-0.2,2,generated,59,0,0.22774282097816467,0.23041295904224202,0.9871900707988416,0.16107776811567404,0.010278673021722648,60,False
feature-58667-101--0.3-notebook-0.6-128,feature-58667,101,-0.3,1,prompt,91,0,0.3416142463684082,0.3427952318401127,0.9955438991169353,0.09414225497416087,0.016047506799133353,94,False
feature-58667-101--0.3-notebook-0.6-128,feature-58667,101,-0.3,1,generated,93,0,0.3416142463684082,0.3430030800962961,0.9945792824991287,0.10388558257811813,0.015507465138310386,94,False
feature-58667-101--0.3-notebook-0.6-128,feature-58667,101,-0.3,2,prompt,216,0,0.3416142463684082,0.34286849159333443,0.9951761331823137,0.09779218078970357,0.015974418995837267,101,False
feature-58667-101--0.3-notebook-0.6-128,feature-58667,101,-0.3,2,generated,100,0,0.3416142463684082,0.3431316086649895,0.9942592060565949,0.10718553848564624,0.015287608141079545,101,False
feature-58667-101--0.4-notebook-0.6-128,feature-58667,101,-0.4,1,prompt,91,0,0.45548564195632935,0.45656404488689295,0.9974238440230653,0.07152408774901223,0.02137434162432328,94,False
feature-58667-101--0.4-notebook-0.6-128,feature-58667,101,-0.4,1,generated,93,0,0.45548564195632935,0.45690832343152776,0.9969113924170053,0.07839329801099275,0.020658196981555674,94,False
feature-58667-101--0.4-notebook-0.6-128,feature-58667,101,-0.4,2,prompt,216,0,0.45548564195632935,0.4567144235803021,0.9972298390887402,0.0740752936064921,0.02127938405518998,101,False
feature-58667-101--0.4-notebook-0.6-128,feature-58667,101,-0.4,2,generated,100,0,0.45548564195632935,0.4568545126914978,0.9967200881242753,0.08094492021948099,0.020354475136846305,101,False
feature-58667-101--0.5-notebook-0.6-128,feature-58667,101,-0.5,1,prompt,91,0,0.5693570375442505,0.5702418010313433,0.998332434958154,0.05747552064585162,0.026695463432838303,94,False
feature-58667-101--0.5-notebook-0.6-128,feature-58667,101,-0.5,1,generated,93,0,0.5693570971488953,0.5704045180351504,0.9979928449917865,0.06313817876000558,0.025789681802033095,94,False
feature-58667-101--0.5-notebook-0.6-128,feature-58667,101,-0.5,2,prompt,216,0,0.5693570375442505,0.5703050703914078,0.9982043995901391,0.05957482070489614,0.026571637392475235,101,False
feature-58667-101--0.5-notebook-0.6-128,feature-58667,101,-0.5,2,generated,100,0,0.5693570971488953,0.5705948650836945,0.9978690677881241,0.06522450670599937,0.02542182270437479,101,False
feature-58667-101--0.6-notebook-0.6-128,feature-58667,101,-0.6,1,prompt,91,0,0.6832284927368164,0.6839216030561007,0.9988488862802695,0.04768370263851606,0.03201809096416192,94,False
feature-58667-101--0.6-notebook-0.6-128,feature-58667,101,-0.6,1,generated,93,0,0.6832284927368164,0.6840746454013291,0.9986096453923051,0.052515679689985446,0.0309296587221725,94,False
feature-58667-101--0.6-notebook-0.6-128,feature-58667,101,-0.6,2,prompt,216,0,0.6832284927368164,0.6839969011920469,0.9987598188497402,0.049466100236814886,0.03186954599179983,101,False
feature-58667-101--0.6-notebook-0.6-128,feature-58667,101,-0.6,2,generated,100,0,0.6832284927368164,0.684127898812294,0.9985150867700576,0.054418229199945926,0.030480578057467938,101,False
feature-58667-101--0.7-notebook-0.6-128,feature-58667,101,-0.7,1,prompt,91,0,0.7970998883247375,0.7978684587793036,0.9991681824673663,0.04048311151564121,0.03735248967595808,94,False
feature-58667-101--0.7-notebook-0.6-128,feature-58667,101,-0.7,1,generated,93,0,0.7970998883247375,0.7980561910137054,0.9989952739848885,0.04464790116875402,0.03608329726323005,94,False
feature-58667-101--0.7-notebook-0.6-128,feature-58667,101,-0.7,2,prompt,216,0,0.7970998883247375,0.7979546346598201,0.9991035817397965,0.04204029207876711,0.0371791195831503,101,False
feature-58667-101--0.7-notebook-0.6-128,feature-58667,101,-0.7,2,generated,100,0,0.7970998883247375,0.798064546585083,0.998932060599327,0.04615522526204586,0.035557197462767365,101,False
feature-58667-202-+0.0-notebook-0.6-128,feature-58667,202,0.0,1,prompt,91,91,0.0,0.0,1.0,0.0,0.0,65,False
feature-58667-202-+0.0-notebook-0.6-128,feature-58667,202,0.0,1,generated,64,64,0.0,0.0,1.0,0.0,0.0,65,False
feature-58667-202-+0.0-notebook-0.6-128,feature-58667,202,0.0,2,prompt,187,187,0.0,0.0,1.0,0.0,0.0,61,False
feature-58667-202-+0.0-notebook-0.6-128,feature-58667,202,0.0,2,generated,60,60,0.0,0.0,1.0,0.0,0.0,61,False
feature-58667-202-+0.1-notebook-0.6-128,feature-58667,202,0.1,1,prompt,91,0,0.11387141048908234,0.11697623976966837,0.9662969813242064,0.26288200489112307,0.005475398824213758,65,False
feature-58667-202-+0.1-notebook-0.6-128,feature-58667,202,0.1,1,generated,64,0,0.11387141048908234,0.1175488306907937,0.9568080455064774,0.2991267319303006,0.005258624980342574,65,False
feature-58667-202-+0.1-notebook-0.6-128,feature-58667,202,0.1,2,prompt,187,0,0.11387141048908234,0.11717617412142575,0.9631396407749564,0.2748986426043638,0.005453440801873629,61,False
feature-58667-202-+0.1-notebook-0.6-128,feature-58667,202,0.1,2,generated,60,0,0.11387141048908234,0.11786113902926446,0.9545368174711863,0.30827340732018155,0.005278662964701653,61,False
feature-58667-202-+0.2-notebook-0.6-128,feature-58667,202,0.2,1,prompt,91,0,0.22774282097816467,0.22958606497927025,0.9902809845222221,0.13936852688317772,0.010747370906596347,65,False
feature-58667-202-+0.2-notebook-0.6-128,feature-58667,202,0.2,1,generated,64,0,0.22774282097816467,0.23031080700457096,0.9875892540439963,0.15815889451187104,0.010305507821612991,65,False
feature-58667-202-+0.2-notebook-0.6-128,feature-58667,202,0.2,2,prompt,187,0,0.22774282097816467,0.229799407768377,0.9894234381895014,0.14527277859615131,0.010697167963293794,61,False
feature-58667-202-+0.2-notebook-0.6-128,feature-58667,202,0.2,2,generated,60,0,0.22774282097816467,0.23016780043641727,0.9869715730349223,0.1622662919263045,0.010309571058799823,61,False
feature-58667-202-+0.3-notebook-0.6-128,feature-58667,202,0.3,1,prompt,91,0,0.3416142463684082,0.3427883104963617,0.9955371782019898,0.09420792725715009,0.016047245968046218,65,False
feature-58667-202-+0.3-notebook-0.6-128,feature-58667,202,0.3,1,generated,64,0,0.3416142463684082,0.34319657320156693,0.9943576781079173,0.10609379480592906,0.015357860887888819,65,False
feature-58667-202-+0.3-notebook-0.6-128,feature-58667,202,0.3,2,prompt,187,0,0.3416142463684082,0.342914962832303,0.9951729098743296,0.0978046011199607,0.015964438611788447,61,False
feature-58667-202-+0.3-notebook-0.6-128,feature-58667,202,0.3,2,generated,60,0,0.3416142463684082,0.3431352640191714,0.9941644161939621,0.10813108185927073,0.015370137772212427,61,False
feature-58667-202-+0.4-notebook-0.6-128,feature-58667,202,0.4,1,prompt,91,0,0.45548564195632935,0.45656809571025136,0.997420031945784,0.071572177030228,0.021374364524240512,65,False
feature-58667-202-+0.4-notebook-0.6-128,feature-58667,202,0.4,1,generated,64,0,0.45548564195632935,0.45696440199390054,0.9967737412080169,0.08017567388014868,0.020450052252272144,65,False
feature-58667-202-+0.4-notebook-0.6-128,feature-58667,202,0.4,2,prompt,187,0,0.45548564195632935,0.4567015649163149,0.9972258755230011,0.07409208959197616,0.021262723891522714,61,False
feature-58667-202-+0.4-notebook-0.6-128,feature-58667,202,0.4,2,generated,60,0,0.45548564195632935,0.456906562546889,0.9967048237721126,0.0811811875551939,0.02046678348754843,61,False
feature-58667-202-+0.5-notebook-0.6-128,feature-58667,202,0.5,1,prompt,91,0,0.5693570375442505,0.5702317959659702,0.9983268131266584,0.05756618193053937,0.02669490163424308,65,False
feature-58667-202-+0.5-notebook-0.6-128,feature-58667,202,0.5,1,generated,64,0,0.5693570971488953,0.5705530606210232,0.9979194216430187,0.06434158608317375,0.02553300667204894,65,False
feature-58667-202-+0.5-notebook-0.6-128,feature-58667,202,0.5,2,prompt,187,0,0.5693570375442505,0.5703465368020981,0.998205385424874,0.05954022109906941,0.026553238716529294,60,False
feature-58667-202-+0.5-notebook-0.6-128,feature-58667,202,0.5,2,generated,59,0,0.5693570971488953,0.5705909991668443,0.9978556461253408,0.0654459507914923,0.025549792163705422,60,False
feature-58667-202-+0.6-notebook-0.6-128,feature-58667,202,0.6,1,prompt,91,0,0.6832284927368164,0.6839463867983975,0.9988463710952591,0.047736297883502726,0.03201908517147895,65,False
feature-58667-202-+0.6-notebook-0.6-128,feature-58667,202,0.6,1,generated,64,0,0.6832284927368164,0.6841584350913763,0.9985550791025162,0.05359923903597519,0.030617992248153314,65,False
feature-58667-202-+0.6-notebook-0.6-128,feature-58667,202,0.6,2,prompt,187,0,0.6832284927368164,0.6840333626232046,0.9987599078346702,0.0494565791823966,0.03184698379279816,60,False
feature-58667-202-+0.6-notebook-0.6-128,feature-58667,202,0.6,2,generated,59,0,0.6832284927368164,0.6841479428743912,0.9985061641466819,0.05459357444512642,0.03063493922857915,60,False
feature-58667-202-+0.7-notebook-0.6-128,feature-58667,202,0.7,1,prompt,91,0,0.7970998883247375,0.7978590582753275,0.9991663615782183,0.04052295642239707,0.03735225920816167,65,False
feature-58667-202-+0.7-notebook-0.6-128,feature-58667,202,0.7,1,generated,64,0,0.7970998883247375,0.7980344612151384,0.9989631427451968,0.045399678871035576,0.035713996418053284,65,False
feature-58667-202-+0.7-notebook-0.6-128,feature-58667,202,0.7,2,prompt,187,0,0.7970998883247375,0.7979142873044958,0.9991048960124745,0.04199626823678055,0.03714913746807724,60,False
feature-58667-202-+0.7-notebook-0.6-128,feature-58667,202,0.7,2,generated,59,0,0.7970998883247375,0.7981587102857687,0.9989202891365957,0.046422476927607745,0.035740118821041056,60,False
feature-58667-202--0.1-notebook-0.6-128,feature-58667,202,-0.1,1,prompt,91,0,0.11387141048908234,0.11697878606699325,0.9662907903011029,0.26291601081470867,0.005475634434912865,65,False
feature-58667-202--0.1-notebook-0.6-128,feature-58667,202,-0.1,1,generated,64,0,0.11387141048908234,0.11753656365908682,0.9567676745355129,0.2992387851700187,0.005258059689367656,65,False
feature-58667-202--0.1-notebook-0.6-128,feature-58667,202,-0.1,2,prompt,187,0,0.11387141048908234,0.11717850471881622,0.9631325200917249,0.274926832095187,0.005453609879954125,61,False
feature-58667-202--0.1-notebook-0.6-128,feature-58667,202,-0.1,2,generated,60,0,0.11387141048908234,0.11787047733863194,0.9545575032631556,0.3082308610280355,0.0052790289899955194,61,False
feature-58667-202--0.2-notebook-0.6-128,feature-58667,202,-0.2,1,prompt,91,0,0.22774282097816467,0.22958335624291346,0.9902940209095294,0.13927941155302656,0.010747327925675744,65,False
feature-58667-202--0.2-notebook-0.6-128,feature-58667,202,-0.2,1,generated,64,0,0.22774282097816467,0.2303342460654676,0.9876083796843886,0.15805045934394002,0.010306574040441774,65,False
feature-58667-202--0.2-notebook-0.6-128,feature-58667,202,-0.2,2,prompt,187,0,0.22774282097816467,0.22980424705992408,0.989436754249634,0.14519108656574697,0.010697432826515935,74,False
feature-58667-202--0.2-notebook-0.6-128,feature-58667,202,-0.2,2,generated,73,0,0.22774282097816467,0.2302415328074808,0.9868376532646075,0.16308136039400753,0.01022292264061023,74,False
feature-58667-202--0.3-notebook-0.6-128,feature-58667,202,-0.3,1,prompt,91,0,0.3416142463684082,0.3427952318401127,0.9955438991169353,0.09414225497416087,0.016047506799133353,65,False
feature-58667-202--0.3-notebook-0.6-128,feature-58667,202,-0.3,1,generated,64,0,0.3416142463684082,0.34318186342716217,0.9943598909303546,0.10606549098156393,0.015357237993157469,65,False
feature-58667-202--0.3-notebook-0.6-128,feature-58667,202,-0.3,2,prompt,187,0,0.3416142463684082,0.3429112219236751,0.9951791317067682,0.09774311480515781,0.01596421875958555,60,False
feature-58667-202--0.3-notebook-0.6-128,feature-58667,202,-0.3,2,generated,59,0,0.3416142463684082,0.3431474702843165,0.9941588387650958,0.10818166462546688,0.015365113188528408,60,False
feature-58667-202--0.4-notebook-0.6-128,feature-58667,202,-0.4,1,prompt,91,0,0.45548564195632935,0.45656404488689295,0.9974238440230653,0.07152408774901223,0.02137434162432328,128,True
feature-58667-202--0.4-notebook-0.6-128,feature-58667,202,-0.4,1,generated,127,0,0.45548564195632935,0.4569692813505338,0.9967115920359694,0.08095618504590875,0.02004155026763443,128,True
feature-58667-202--0.4-notebook-0.6-128,feature-58667,202,-0.4,2,prompt,250,0,0.45548564195632935,0.4567633011341095,0.9970861423015595,0.0759057296216488,0.02093436918477528,70,False
feature-58667-202--0.4-notebook-0.6-128,feature-58667,202,-0.4,2,generated,69,0,0.45548564195632935,0.45690550709116284,0.9966595354287521,0.08170110451570456,0.02033237195101337,70,False
feature-58667-202--0.5-notebook-0.6-128,feature-58667,202,-0.5,1,prompt,91,0,0.5693570375442505,0.5702418010313433,0.998332434958154,0.05747552064585162,0.026695463432838303,65,False
feature-58667-202--0.5-notebook-0.6-128,feature-58667,202,-0.5,1,generated,64,0,0.5693570971488953,0.5705552902072668,0.9979215925559402,0.06429646484320983,0.025533101172186434,65,False
feature-58667-202--0.5-notebook-0.6-128,feature-58667,202,-0.5,2,prompt,187,0,0.5693570375442505,0.5703614172450999,0.9982091567733071,0.059478623922017804,0.026554015054203132,61,False
feature-58667-202--0.5-notebook-0.6-128,feature-58667,202,-0.5,2,generated,60,0,0.5693570971488953,0.5706208954254787,0.9978567004203797,0.0654373001307249,0.02556036791453759,61,False
feature-58667-202--0.6-notebook-0.6-128,feature-58667,202,-0.6,1,prompt,91,0,0.6832284927368164,0.6839216030561007,0.9988488862802695,0.04768370263851606,0.03201809096416192,65,False
feature-58667-202--0.6-notebook-0.6-128,feature-58667,202,-0.6,1,generated,64,0,0.6832284927368164,0.6841695830225945,0.9985357085242867,0.053904287749901414,0.030460141802905127,65,False
feature-58667-202--0.6-notebook-0.6-128,feature-58667,202,-0.6,2,prompt,187,0,0.6832284927368164,0.6840161413432443,0.9987544331321104,0.049533932803467635,0.03180903347114469,63,False
feature-58667-202--0.6-notebook-0.6-128,feature-58667,202,-0.6,2,generated,62,0,0.6832284927368164,0.6841068440868009,0.9984963536262512,0.05476579352492286,0.030558467151657227,63,False
feature-58667-202--0.7-notebook-0.6-128,feature-58667,202,-0.7,1,prompt,91,0,0.7970998883247375,0.7978684587793036,0.9991681824673663,0.04048311151564121,0.03735248967595808,128,True
feature-58667-202--0.7-notebook-0.6-128,feature-58667,202,-0.7,1,generated,127,0,0.7970998883247375,0.7980583629270238,0.9989449330202238,0.04581632280326265,0.035001466432072983,128,True
feature-58667-202--0.7-notebook-0.6-128,feature-58667,202,-0.7,2,prompt,250,0,0.7970998883247375,0.797971358537674,0.9990649750232696,0.04292651221901178,0.03657347379624844,70,False
feature-58667-202--0.7-notebook-0.6-128,feature-58667,202,-0.7,2,generated,69,0,0.7970998883247375,0.7981358403744905,0.9989080748696259,0.0466729494864526,0.035517604643667954,70,False
feature-58667-303-+0.0-notebook-0.6-128,feature-58667,303,0.0,1,prompt,91,91,0.0,0.0,1.0,0.0,0.0,95,False
feature-58667-303-+0.0-notebook-0.6-128,feature-58667,303,0.0,1,generated,94,94,0.0,0.0,1.0,0.0,0.0,95,False
feature-58667-303-+0.0-notebook-0.6-128,feature-58667,303,0.0,2,prompt,217,217,0.0,0.0,1.0,0.0,0.0,107,False
feature-58667-303-+0.0-notebook-0.6-128,feature-58667,303,0.0,2,generated,106,106,0.0,0.0,1.0,0.0,0.0,107,False
feature-58667-303-+0.1-notebook-0.6-128,feature-58667,303,0.1,1,prompt,91,0,0.11387141048908234,0.11697623976966837,0.9662969813242064,0.26288200489112307,0.005475398824213758,95,False
feature-58667-303-+0.1-notebook-0.6-128,feature-58667,303,0.1,1,generated,94,0,0.11387141048908234,0.11744852300654067,0.9584886038557012,0.2929128333926201,0.0053099319289260085,95,False
feature-58667-303-+0.1-notebook-0.6-128,feature-58667,303,0.1,2,prompt,217,0,0.11387141048908234,0.11717569254647751,0.9631004948769847,0.27512708278844983,0.005454425643477696,107,False
feature-58667-303-+0.1-notebook-0.6-128,feature-58667,303,0.1,2,generated,106,0,0.11387141048908234,0.11792054378761435,0.9538885253780293,0.3103051818204376,0.005170219898540175,107,False
feature-58667-303-+0.2-notebook-0.6-128,feature-58667,303,0.2,1,prompt,91,0,0.22774282097816467,0.22958606497927025,0.9902809845222221,0.13936852688317772,0.010747370906596347,95,False
feature-58667-303-+0.2-notebook-0.6-128,feature-58667,303,0.2,1,generated,94,0,0.22774282097816467,0.23014117000584908,0.9881486689790766,0.15431607752404314,0.01040756678644647,95,False
feature-58667-303-+0.2-notebook-0.6-128,feature-58667,303,0.2,2,prompt,217,0,0.22774282097816467,0.22980840085288895,0.9894447694725704,0.14517277880885085,0.010699938977494501,106,False
feature-58667-303-+0.2-notebook-0.6-128,feature-58667,303,0.2,2,generated,105,0,0.22774282097816467,0.2303180314245678,0.9867159565289815,0.16390373820350285,0.010091548714609374,106,False
feature-58667-303-+0.3-notebook-0.6-128,feature-58667,303,0.3,1,prompt,91,0,0.3416142463684082,0.3427883104963617,0.9955371782019898,0.09420792725715009,0.016047245968046218,95,False
feature-58667-303-+0.3-notebook-0.6-128,feature-58667,303,0.3,1,generated,94,0,0.3416142463684082,0.34303018165395616,0.9945948935569601,0.1037392324193361,0.015513835781987043,95,False
feature-58667-303-+0.3-notebook-0.6-128,feature-58667,303,0.3,2,prompt,217,0,0.3416142463684082,0.342879122578054,0.9951724934687812,0.09782978336107896,0.015966126168187503,106,False
feature-58667-303-+0.3-notebook-0.6-128,feature-58667,303,0.3,2,generated,105,0,0.3416142463684082,0.34326191345850626,0.993980508191245,0.10975870575223651,0.015041598517979895,106,False
feature-58667-303-+0.4-notebook-0.6-128,feature-58667,303,0.4,1,prompt,91,0,0.45548564195632935,0.45656809571025136,0.997420031945784,0.071572177030228,0.021374364524240512,95,False
feature-58667-303-+0.4-notebook-0.6-128,feature-58667,303,0.4,1,generated,94,0,0.45548564195632935,0.4568932665155289,0.9969152814530312,0.07834632524309006,0.020664319059157624,95,False
feature-58667-303-+0.4-notebook-0.6-128,feature-58667,303,0.4,2,prompt,217,0,0.45548564195632935,0.45669652185132426,0.9972281326896034,0.07409273946340184,0.02126668555305816,128,True
feature-58667-303-+0.4-notebook-0.6-128,feature-58667,303,0.4,2,generated,127,0,0.45548564195632935,0.4570065401201173,0.9964751408794733,0.08392467549232048,0.019796703744122363,128,True
feature-58667-303-+0.5-notebook-0.6-128,feature-58667,303,0.5,1,prompt,91,0,0.5693570375442505,0.5702317959659702,0.9983268131266584,0.05756618193053937,0.02669490163424308,95,False
feature-58667-303-+0.5-notebook-0.6-128,feature-58667,303,0.5,1,generated,94,0,0.5693570971488953,0.5704140751919848,0.9979966137003391,0.06307995287661856,0.025798619724810123,95,False
feature-58667-303-+0.5-notebook-0.6-128,feature-58667,303,0.5,2,prompt,217,0,0.5693570375442505,0.5703119440562164,0.9982014540153714,0.05962524901268669,0.02655706162326261,123,False
feature-58667-303-+0.5-notebook-0.6-128,feature-58667,303,0.5,2,generated,122,0,0.5693570971488953,0.5705753965455977,0.9978588194143577,0.06536014332268082,0.025421161280914407,123,False
feature-58667-303-+0.6-notebook-0.6-128,feature-58667,303,0.6,1,prompt,91,0,0.6832284927368164,0.6839463867983975,0.9988463710952591,0.047736297883502726,0.03201908517147895,79,False
feature-58667-303-+0.6-notebook-0.6-128,feature-58667,303,0.6,1,generated,78,0,0.6832284927368164,0.6841633877693079,0.9985813284531618,0.05309565656651289,0.030851804340879124,79,False
feature-58667-303-+0.6-notebook-0.6-128,feature-58667,303,0.6,2,prompt,201,0,0.6832284927368164,0.6840300942534832,0.9987541778170648,0.04958349477444122,0.03184613042548114,92,False
feature-58667-303-+0.6-notebook-0.6-128,feature-58667,303,0.6,2,generated,91,0,0.6832284927368164,0.6841792942403437,0.9984468339563726,0.05565488727374391,0.030048502568196463,92,False
feature-58667-303-+0.7-notebook-0.6-128,feature-58667,303,0.7,1,prompt,91,0,0.7970998883247375,0.7978590582753275,0.9991663615782183,0.04052295642239707,0.03735225920816167,95,False
feature-58667-303-+0.7-notebook-0.6-128,feature-58667,303,0.7,1,generated,94,0,0.7970998883247375,0.7980302540545768,0.9989962793411092,0.04461975437291759,0.03609385392925841,95,False
feature-58667-303-+0.7-notebook-0.6-128,feature-58667,303,0.7,2,prompt,217,0,0.7970998883247375,0.7979348565576263,0.9991018593585985,0.04207900673803371,0.037157559299021786,128,True
feature-58667-303-+0.7-notebook-0.6-128,feature-58667,303,0.7,2,generated,127,0,0.7970998883247375,0.7981397645679984,0.9988969386093259,0.046896746778112695,0.03549727668443064,128,True
feature-58667-303--0.1-notebook-0.6-128,feature-58667,303,-0.1,1,prompt,91,0,0.11387141048908234,0.11697878606699325,0.9662907903011029,0.26291601081470867,0.005475634434912865,95,False
feature-58667-303--0.1-notebook-0.6-128,feature-58667,303,-0.1,1,generated,94,0,0.11387141048908234,0.1174496940951398,0.9584701429022119,0.2929714366476587,0.005309980030746219,95,False
feature-58667-303--0.1-notebook-0.6-128,feature-58667,303,-0.1,2,prompt,217,0,0.11387141048908234,0.11717702973685507,0.9630865418965915,0.27517964261742783,0.005454522572443842,107,False
feature-58667-303--0.1-notebook-0.6-128,feature-58667,303,-0.1,2,generated,106,0,0.11387141048908234,0.11791275687656312,0.9538713311249355,0.31034507532164735,0.005169891642476871,107,False
feature-58667-303--0.2-notebook-0.6-128,feature-58667,303,-0.2,1,prompt,91,0,0.22774282097816467,0.22958335624291346,0.9902940209095294,0.13927941155302656,0.010747327925675744,95,False
feature-58667-303--0.2-notebook-0.6-128,feature-58667,303,-0.2,1,generated,94,0,0.22774282097816467,0.23015197334771462,0.9881642124754317,0.1542255566950808,0.010408014911127852,95,False
feature-58667-303--0.2-notebook-0.6-128,feature-58667,303,-0.2,2,prompt,217,0,0.22774282097816467,0.22980463635262258,0.9894545289777941,0.1451084964355016,0.010699761943856237,107,False
feature-58667-303--0.2-notebook-0.6-128,feature-58667,303,-0.2,2,generated,106,0,0.22774282097816467,0.23033829778432846,0.986749734518663,0.16370186533005732,0.010099636601670733,107,False
feature-58667-303--0.3-notebook-0.6-128,feature-58667,303,-0.3,1,prompt,91,0,0.3416142463684082,0.3427952318401127,0.9955438991169353,0.09414225497416087,0.016047506799133353,95,False
feature-58667-303--0.3-notebook-0.6-128,feature-58667,303,-0.3,1,generated,94,0,0.3416142463684082,0.3430030361769047,0.9945928270512439,0.10375274888219986,0.015512674264213506,95,False
feature-58667-303--0.3-notebook-0.6-128,feature-58667,303,-0.3,2,prompt,217,0,0.3416142463684082,0.3428745853461428,0.9951782622095626,0.09777259430096995,0.01596591574051911,107,False
feature-58667-303--0.3-notebook-0.6-128,feature-58667,303,-0.3,2,generated,106,0,0.3416142463684082,0.3432670921649573,0.993997186984656,0.10961187532487905,0.015052651687753651,107,False
feature-58667-303--0.4-notebook-0.6-128,feature-58667,303,-0.4,1,prompt,91,0,0.45548564195632935,0.45656404488689295,0.9974238440230653,0.07152408774901223,0.02137434162432328,95,False
feature-58667-303--0.4-notebook-0.6-128,feature-58667,303,-0.4,1,generated,94,0,0.45548564195632935,0.4569044896262757,0.9969170435946039,0.07832639018430355,0.020664834774079474,95,False
feature-58667-303--0.4-notebook-0.6-128,feature-58667,303,-0.4,2,prompt,217,0,0.45548564195632935,0.4567174521459412,0.9972315128497814,0.07405663101423171,0.021267748275537835,107,False
feature-58667-303--0.4-notebook-0.6-128,feature-58667,303,-0.4,2,generated,106,0,0.45548564195632935,0.4569374918937683,0.9965599910268244,0.08289735349562932,0.020037535314430605,107,False
feature-58667-303--0.5-notebook-0.6-128,feature-58667,303,-0.5,1,prompt,91,0,0.5693570375442505,0.5702418010313433,0.998332434958154,0.05747552064585162,0.026695463432838303,95,False
feature-58667-303--0.5-notebook-0.6-128,feature-58667,303,-0.5,1,generated,94,0,0.5693570971488953,0.5704007186788194,0.9979957684557489,0.06309266903616012,0.02579795602867578,95,False
feature-58667-303--0.5-notebook-0.6-128,feature-58667,303,-0.5,2,prompt,217,0,0.5693570375442505,0.5703016626670064,0.9982052917854027,0.05956232163213914,0.02655663374545319,65,False
feature-58667-303--0.5-notebook-0.6-128,feature-58667,303,-0.5,2,generated,64,0,0.5693570971488953,0.5705848075449467,0.9978194115683436,0.06600095203612,0.02526534438948147,65,False
feature-58667-303--0.6-notebook-0.6-128,feature-58667,303,-0.6,1,prompt,91,0,0.6832284927368164,0.6839216030561007,0.9988488862802695,0.04768370263851606,0.03201809096416192,95,False
feature-58667-303--0.6-notebook-0.6-128,feature-58667,303,-0.6,1,generated,94,0,0.6832284927368164,0.6840697983477978,0.9986112479199755,0.05248352700963299,0.03093953503969502,95,False
feature-58667-303--0.6-notebook-0.6-128,feature-58667,303,-0.6,2,prompt,217,0,0.6832284927368164,0.6839882643541433,0.9987608927735535,0.04944437458115514,0.03185135795099635,107,False
feature-58667-303--0.6-notebook-0.6-128,feature-58667,303,-0.6,2,generated,106,0,0.6832284927368164,0.6842232205957737,0.9984503219712455,0.05559360699833564,0.030004877491660836,107,False
feature-58667-303--0.7-notebook-0.6-128,feature-58667,303,-0.7,1,prompt,91,0,0.7970998883247375,0.7978684587793036,0.9991681824673663,0.04048311151564121,0.03735248967595808,95,False
feature-58667-303--0.7-notebook-0.6-128,feature-58667,303,-0.7,1,generated,94,0,0.7970998883247375,0.7980343084386055,0.9989974803112923,0.04459163736789785,0.03609406052434698,95,False
feature-58667-303--0.7-notebook-0.6-128,feature-58667,303,-0.7,2,prompt,217,0,0.7970998883247375,0.7979398232451232,0.999104525636418,0.042015790553068234,0.03715775004043008,97,False
feature-58667-303--0.7-notebook-0.6-128,feature-58667,303,-0.7,2,generated,96,0,0.7970998883247375,0.7980595206220945,0.9989219351361195,0.04637353227008134,0.03547478965871657,97,False
feature-58667-404-+0.0-notebook-0.6-128,feature-58667,404,0.0,1,prompt,91,91,0.0,0.0,1.0,0.0,0.0,63,False
feature-58667-404-+0.0-notebook-0.6-128,feature-58667,404,0.0,1,generated,62,62,0.0,0.0,1.0,0.0,0.0,63,False
feature-58667-404-+0.0-notebook-0.6-128,feature-58667,404,0.0,2,prompt,185,185,0.0,0.0,1.0,0.0,0.0,91,False
feature-58667-404-+0.0-notebook-0.6-128,feature-58667,404,0.0,2,generated,90,90,0.0,0.0,1.0,0.0,0.0,91,False
feature-58667-404-+0.1-notebook-0.6-128,feature-58667,404,0.1,1,prompt,91,0,0.11387141048908234,0.11697623976966837,0.9662969813242064,0.26288200489112307,0.005475398824213758,63,False
feature-58667-404-+0.1-notebook-0.6-128,feature-58667,404,0.1,1,generated,62,0,0.11387141048908234,0.11784577706167775,0.9524958527857258,0.314763895205913,0.0050222555385722265,63,False
feature-58667-404-+0.1-notebook-0.6-128,feature-58667,404,0.1,2,prompt,185,0,0.11387141048908234,0.11728028054978397,0.9617285689792118,0.279958935202779,0.005405798552296678,91,False
feature-58667-404-+0.1-notebook-0.6-128,feature-58667,404,0.1,2,generated,90,0,0.11387141048908234,0.11810425519943238,0.9493600328763326,0.3254717810286416,0.004962799842986795,91,False
feature-58667-404-+0.2-notebook-0.6-128,feature-58667,404,0.2,1,prompt,91,0,0.22774282097816467,0.22958606497927025,0.9902809845222221,0.13936852688317772,0.010747370906596347,63,False
feature-58667-404-+0.2-notebook-0.6-128,feature-58667,404,0.2,1,generated,62,0,0.22774282097816467,0.23053368781843492,0.9863828478320953,0.16598603874444962,0.009825826247012424,63,False
feature-58667-404-+0.2-notebook-0.6-128,feature-58667,404,0.2,2,prompt,185,0,0.22774282097816467,0.22988620303772592,0.9890334225989676,0.14775877127776274,0.01059942898557622,74,False
feature-58667-404-+0.2-notebook-0.6-128,feature-58667,404,0.2,2,generated,73,0,0.22774282097816467,0.23059682956297103,0.9855012036349675,0.17140144354676548,0.009747832375642371,74,False
feature-58667-404-+0.3-notebook-0.6-128,feature-58667,404,0.3,1,prompt,91,0,0.3416142463684082,0.3427883104963617,0.9955371782019898,0.09420792725715009,0.016047245968046218,63,False
feature-58667-404-+0.3-notebook-0.6-128,feature-58667,404,0.3,1,generated,62,0,0.3416142463684082,0.34327033883140934,0.993767128836724,0.1117143145492,0.01463168156483481,63,False
feature-58667-404-+0.3-notebook-0.6-128,feature-58667,404,0.3,2,prompt,185,0,0.3416142463684082,0.3429396397358662,0.9949838354780868,0.09955706044628813,0.01581445107381237,91,False
feature-58667-404-+0.3-notebook-0.6-128,feature-58667,404,0.3,2,generated,90,0,0.3416142463684082,0.3433415989081065,0.9933322303824954,0.1155613795750671,0.014428881162570583,91,False
feature-58667-404-+0.4-notebook-0.6-128,feature-58667,404,0.4,1,prompt,91,0,0.45548564195632935,0.45656809571025136,0.997420031945784,0.071572177030228,0.021374364524240512,63,False
feature-58667-404-+0.4-notebook-0.6-128,feature-58667,404,0.4,1,generated,62,0,0.45548564195632935,0.4570080964796005,0.9964528564483889,0.08420818034679659,0.019480416611317667,63,False
feature-58667-404-+0.4-notebook-0.6-128,feature-58667,404,0.4,2,prompt,185,0,0.45548564195632935,0.4566926281194429,0.9971206826132697,0.0753785523208412,0.021061262109543424,74,False
feature-58667-404-+0.4-notebook-0.6-128,feature-58667,404,0.4,2,generated,73,0,0.45548564195632935,0.45704007761119164,0.9962337956036607,0.08678834150507025,0.019321933261131588,74,False
feature-58667-404-+0.5-notebook-0.6-128,feature-58667,404,0.5,1,prompt,91,0,0.5693570375442505,0.5702317959659702,0.9983268131266584,0.05756618193053937,0.02669490163424308,63,False
feature-58667-404-+0.5-notebook-0.6-128,feature-58667,404,0.5,1,generated,62,0,0.5693570971488953,0.5706193052953289,0.9977034359208999,0.0677113137057712,0.02432277263893235,63,False
feature-58667-404-+0.5-notebook-0.6-128,feature-58667,404,0.5,2,prompt,185,0,0.5693570375442505,0.5703678685265618,0.9981352938188089,0.06060668528079986,0.026303279711361472,57,False
feature-58667-404-+0.5-notebook-0.6-128,feature-58667,404,0.5,2,generated,56,0,0.5693570971488953,0.570826245205743,0.997591203876904,0.06930937285401992,0.024309709668159485,57,False
feature-58667-404-+0.6-notebook-0.6-128,feature-58667,404,0.6,1,prompt,91,0,0.6832284927368164,0.6839463867983975,0.9988463710952591,0.047736297883502726,0.03201908517147895,63,False
feature-58667-404-+0.6-notebook-0.6-128,feature-58667,404,0.6,1,generated,62,0,0.6832284927368164,0.6842405267300145,0.9984157969874721,0.05621486643870031,0.029166352424410083,63,False
feature-58667-404-+0.6-notebook-0.6-128,feature-58667,404,0.6,2,prompt,185,0,0.6832284927368164,0.6840516203158611,0.9987157335152497,0.05025977611139014,0.03154699644954825,57,False
feature-58667-404-+0.6-notebook-0.6-128,feature-58667,404,0.6,2,generated,56,0,0.6832284927368164,0.6842841665659632,0.9983257502317429,0.057746712650571554,0.029142059219468917,57,False
feature-58667-404-+0.7-notebook-0.6-128,feature-58667,404,0.7,1,prompt,91,0,0.7970998883247375,0.7978590582753275,0.9991663615782183,0.04052295642239707,0.03735225920816167,63,False
feature-58667-404-+0.7-notebook-0.6-128,feature-58667,404,0.7,1,generated,62,0,0.7970998883247375,0.7980815124127173,0.9988467616419638,0.047957073236184734,0.0340192107363574,63,False
feature-58667-404-+0.7-notebook-0.6-128,feature-58667,404,0.7,2,prompt,185,0,0.7970998883247375,0.7979460967553629,0.999068351049681,0.04277622653423129,0.036799748971227654,57,False
feature-58667-404-+0.7-notebook-0.6-128,feature-58667,404,0.7,2,generated,56,0,0.7970998883247375,0.7981796764901706,0.9987927036625999,0.049027146372411935,0.033992806249963384,57,False
feature-58667-404--0.1-notebook-0.6-128,feature-58667,404,-0.1,1,prompt,91,0,0.11387141048908234,0.11697878606699325,0.9662907903011029,0.26291601081470867,0.005475634434912865,63,False
feature-58667-404--0.1-notebook-0.6-128,feature-58667,404,-0.1,1,generated,62,0,0.11387141048908234,0.11785658124473787,0.9525095810813289,0.31475027386219273,0.005022703579837276,63,False
feature-58667-404--0.1-notebook-0.6-128,feature-58667,404,-0.1,2,prompt,185,0,0.11387141048908234,0.11728932785021293,0.9617356419563293,0.2799572966388754,0.005406299909117405,91,False
feature-58667-404--0.1-notebook-0.6-128,feature-58667,404,-0.1,2,generated,90,0,0.11387141048908234,0.11809583124187258,0.9493531982103983,0.3254689011308882,0.004962467034864757,91,False
feature-58667-404--0.2-notebook-0.6-128,feature-58667,404,-0.2,1,prompt,91,0,0.22774282097816467,0.22958335624291346,0.9902940209095294,0.13927941155302656,0.010747327925675744,63,False
feature-58667-404--0.2-notebook-0.6-128,feature-58667,404,-0.2,1,generated,62,0,0.22774282097816467,0.23051542308061354,0.9864007571051198,0.16586025744195906,0.009825014809687291,63,False
feature-58667-404--0.2-notebook-0.6-128,feature-58667,404,-0.2,2,prompt,185,0,0.22774282097816467,0.22987552687928484,0.989042275982934,0.14769001732001433,0.01059901015376798,91,False
feature-58667-404--0.2-notebook-0.6-128,feature-58667,404,-0.2,2,generated,90,0,0.22774282097816467,0.23066321644518112,0.985376183854209,0.1721348045600785,0.009692608016646571,91,False
feature-58667-404--0.3-notebook-0.6-128,feature-58667,404,-0.3,1,prompt,91,0,0.3416142463684082,0.3427952318401127,0.9955438991169353,0.09414225497416087,0.016047506799133353,63,False
feature-58667-404--0.3-notebook-0.6-128,feature-58667,404,-0.3,1,generated,62,0,0.3416142463684082,0.3432575478669136,0.9937744092556738,0.11164185957562539,0.014631165732299127,63,False
feature-58667-404--0.3-notebook-0.6-128,feature-58667,404,-0.3,2,prompt,185,0,0.3416142463684082,0.3429444282441526,0.9949904928336273,0.09949463986464449,0.015814718861460082,91,False
feature-58667-404--0.3-notebook-0.6-128,feature-58667,404,-0.3,2,generated,90,0,0.3416142463684082,0.3433083547486199,0.9933420161406199,0.11547138351533148,0.014427442227800687,91,False
feature-58667-404--0.4-notebook-0.6-128,feature-58667,404,-0.4,1,prompt,91,0,0.45548564195632935,0.45656404488689295,0.9974238440230653,0.07152408774901223,0.02137434162432328,63,False
feature-58667-404--0.4-notebook-0.6-128,feature-58667,404,-0.4,1,generated,62,0,0.45548564195632935,0.456997450801634,0.9964585583056172,0.0841340885287331,0.019479909911751747,63,False
feature-58667-404--0.4-notebook-0.6-128,feature-58667,404,-0.4,2,prompt,185,0,0.45548564195632935,0.4566981632967253,0.997124824974988,0.075323920274103,0.02106161662849371,91,False
feature-58667-404--0.4-notebook-0.6-128,feature-58667,404,-0.4,2,generated,90,0,0.45548564195632935,0.4570538759231567,0.9962046530511645,0.08711664991246329,0.019207683557437526,91,False
feature-58667-404--0.5-notebook-0.6-128,feature-58667,404,-0.5,1,prompt,91,0,0.5693570375442505,0.5702418010313433,0.998332434958154,0.05747552064585162,0.026695463432838303,63,False
feature-58667-404--0.5-notebook-0.6-128,feature-58667,404,-0.5,1,generated,62,0,0.5693570971488953,0.5706317732411046,0.9977055047788927,0.0676802376946134,0.02432330388335451,63,False
feature-58667-404--0.5-notebook-0.6-128,feature-58667,404,-0.5,2,prompt,185,0,0.5693570375442505,0.570373048975661,0.9981397596565453,0.06053363189503953,0.026303623201375876,91,False
feature-58667-404--0.5-notebook-0.6-128,feature-58667,404,-0.5,2,generated,90,0,0.5693570971488953,0.5708559069368574,0.9975411037604014,0.07008709659179052,0.02399048623111513,91,False
feature-58667-404--0.6-notebook-0.6-128,feature-58667,404,-0.6,1,prompt,91,0,0.6832284927368164,0.6839216030561007,0.9988488862802695,0.04768370263851606,0.03201809096416192,63,False
feature-58667-404--0.6-notebook-0.6-128,feature-58667,404,-0.6,1,generated,62,0,0.6832284927368164,0.6842718787731663,0.9984182157824116,0.05617000150584405,0.029167797266235276,63,False
feature-58667-404--0.6-notebook-0.6-128,feature-58667,404,-0.6,2,prompt,185,0,0.6832284927368164,0.6840458621849885,0.9987179327655483,0.05021379393701618,0.0315467500442488,74,False
feature-58667-404--0.6-notebook-0.6-128,feature-58667,404,-0.6,2,generated,73,0,0.6832284927368164,0.6843012261064085,0.9983120250375304,0.05803750322697914,0.02893015869880376,74,False
feature-58667-404--0.7-notebook-0.6-128,feature-58667,404,-0.7,1,prompt,91,0,0.7970998883247375,0.7978684587793036,0.9991681824673663,0.04048311151564121,0.03735248967595808,128,True
feature-58667-404--0.7-notebook-0.6-128,feature-58667,404,-0.7,1,generated,127,0,0.7970998883247375,0.798207721372289,0.9988247982160313,0.04841391765695857,0.03332781455824225,128,True
feature-58667-404--0.7-notebook-0.6-128,feature-58667,404,-0.7,2,prompt,251,0,0.7970998883247375,0.7980519635268891,0.9990008231178223,0.04433006174357764,0.03574920548831087,128,True
feature-58667-404--0.7-notebook-0.6-128,feature-58667,404,-0.7,2,generated,127,0,0.7970998883247375,0.7981021423039474,0.9988128852656507,0.04866519719948919,0.03365188888384132,128,True
feature-58667-505-+0.0-notebook-0.6-128,feature-58667,505,0.0,1,prompt,91,91,0.0,0.0,1.0,0.0,0.0,89,False
feature-58667-505-+0.0-notebook-0.6-128,feature-58667,505,0.0,1,generated,88,88,0.0,0.0,1.0,0.0,0.0,89,False
feature-58667-505-+0.0-notebook-0.6-128,feature-58667,505,0.0,2,prompt,211,211,0.0,0.0,1.0,0.0,0.0,93,False
feature-58667-505-+0.0-notebook-0.6-128,feature-58667,505,0.0,2,generated,92,92,0.0,0.0,1.0,0.0,0.0,93,False
feature-58667-505-+0.1-notebook-0.6-128,feature-58667,505,0.1,1,prompt,91,0,0.11387141048908234,0.11697623976966837,0.9662969813242064,0.26288200489112307,0.005475398824213758,89,False
feature-58667-505-+0.1-notebook-0.6-128,feature-58667,505,0.1,1,generated,88,0,0.11387141048908234,0.11747022912922231,0.9577736475250938,0.2956176391718062,0.00525959497529336,89,False
feature-58667-505-+0.1-notebook-0.6-128,feature-58667,505,0.1,2,prompt,211,0,0.11387141048908234,0.1171847746058663,0.9628387932528817,0.2761703602510606,0.005433127181772783,93,False
feature-58667-505-+0.1-notebook-0.6-128,feature-58667,505,0.1,2,generated,92,0,0.11387141048908234,0.11792429990094641,0.9540900983240294,0.30985767588667246,0.005197724990506211,93,False
feature-58667-505-+0.2-notebook-0.6-128,feature-58667,505,0.2,1,prompt,91,0,0.22774282097816467,0.22958606497927025,0.9902809845222221,0.13936852688317772,0.010747370906596347,89,False
feature-58667-505-+0.2-notebook-0.6-128,feature-58667,505,0.2,1,generated,88,0,0.22774282097816467,0.23016429082913833,0.9879540238868106,0.15567468784072183,0.010307927753522315,89,False
feature-58667-505-+0.2-notebook-0.6-128,feature-58667,505,0.2,2,prompt,211,0,0.22774282097816467,0.22980955864580888,0.989370935053622,0.14570912616371542,0.010657155333595545,93,False
feature-58667-505-+0.2-notebook-0.6-128,feature-58667,505,0.2,2,generated,92,0,0.22774282097816467,0.23032209082790042,0.9867793626111486,0.1635736929981605,0.010152495881218625,93,False
feature-58667-505-+0.3-notebook-0.6-128,feature-58667,505,0.3,1,prompt,91,0,0.3416142463684082,0.3427883104963617,0.9955371782019898,0.09420792725715009,0.016047245968046218,89,False
feature-58667-505-+0.3-notebook-0.6-128,feature-58667,505,0.3,1,generated,88,0,0.3416142463684082,0.34304462610320613,0.9945034459233284,0.10468259508806196,0.015364039583470334,89,False
feature-58667-505-+0.3-notebook-0.6-128,feature-58667,505,0.3,2,prompt,211,0,0.3416142463684082,0.34287049631936856,0.9951400646666215,0.09817974428288745,0.015901726214557235,93,False
feature-58667-505-+0.3-notebook-0.6-128,feature-58667,505,0.3,2,generated,92,0,0.3416142463684082,0.34328642649495084,0.99406589243723,0.10906576292346352,0.015132768950222628,93,False
feature-58667-505-+0.4-notebook-0.6-128,feature-58667,505,0.4,1,prompt,91,0,0.45548564195632935,0.45656809571025136,0.997420031945784,0.071572177030228,0.021374364524240512,89,False
feature-58667-505-+0.4-notebook-0.6-128,feature-58667,505,0.4,1,generated,88,0,0.45548564195632935,0.4568924629552798,0.9968685561960394,0.07897876931185072,0.02046377307058058,89,False
feature-58667-505-+0.4-notebook-0.6-128,feature-58667,505,0.4,2,prompt,211,0,0.45548564195632935,0.4566923187807273,0.9972093071417786,0.07436165557865283,0.021181346450257005,93,False
feature-58667-505-+0.4-notebook-0.6-128,feature-58667,505,0.4,2,generated,92,0,0.45548564195632935,0.4569374549648036,0.9966025825427927,0.08243138577951037,0.020143027559084738,93,False
feature-58667-505-+0.5-notebook-0.6-128,feature-58667,505,0.5,1,prompt,91,0,0.5693570375442505,0.5702317959659702,0.9983268131266584,0.05756618193053937,0.02669490163424308,89,False
feature-58667-505-+0.5-notebook-0.6-128,feature-58667,505,0.5,1,generated,88,0,0.5693570971488953,0.5704233978282321,0.9979655498808081,0.06360386561771686,0.025548666800287636,89,False
feature-58667-505-+0.5-notebook-0.6-128,feature-58667,505,0.5,2,prompt,211,0,0.5693570375442505,0.5703095923667836,0.9981886329244098,0.059850066759010064,0.02645069517810957,93,False
feature-58667-505-+0.5-notebook-0.6-128,feature-58667,505,0.5,2,generated,92,0,0.5693570971488953,0.570533596303152,0.997787678371305,0.06648486800005902,0.025150535547215004,93,False
feature-58667-505-+0.6-notebook-0.6-128,feature-58667,505,0.6,1,prompt,91,0,0.6832284927368164,0.6839463867983975,0.9988463710952591,0.047736297883502726,0.03201908517147895,89,False
feature-58667-505-+0.6-notebook-0.6-128,feature-58667,505,0.6,1,generated,88,0,0.6832284927368164,0.6841610636223446,0.9985882355408235,0.052959571867673236,0.03064385278743099,89,False
feature-58667-505-+0.6-notebook-0.6-128,feature-58667,505,0.6,2,prompt,211,0,0.6832284927368164,0.6840387136450311,0.9987499194122603,0.04967696964740753,0.03172632732861168,93,False
feature-58667-505-+0.6-notebook-0.6-128,feature-58667,505,0.6,2,generated,92,0,0.6832284927368164,0.6841703983752624,0.9984586187030958,0.05547329694356607,0.03016040476201021,93,False
feature-58667-505-+0.7-notebook-0.6-128,feature-58667,505,0.7,1,prompt,91,0,0.7970998883247375,0.7978590582753275,0.9991663615782183,0.04052295642239707,0.03735225920816167,89,False
feature-58667-505-+0.7-notebook-0.6-128,feature-58667,505,0.7,1,generated,88,0,0.7970998883247375,0.7980575757947835,0.9989807348359715,0.04499768082645129,0.035745036957616154,89,False
feature-58667-505-+0.7-notebook-0.6-128,feature-58667,505,0.7,2,prompt,211,0,0.7970998883247375,0.7979453220186641,0.9990967966933951,0.04220350695800442,0.03700944440940315,93,False
feature-58667-505-+0.7-notebook-0.6-128,feature-58667,505,0.7,2,generated,92,0,0.7970998883247375,0.798147412745849,0.9988906098448712,0.04706996351318515,0.03518501600331586,93,False
feature-58667-505--0.1-notebook-0.6-128,feature-58667,505,-0.1,1,prompt,91,0,0.11387141048908234,0.11697878606699325,0.9662907903011029,0.26291601081470867,0.005475634434912865,89,False
feature-58667-505--0.1-notebook-0.6-128,feature-58667,505,-0.1,1,generated,88,0,0.11387141048908234,0.11746577859263528,0.9577455906705423,0.29570062102919276,0.005259376760064201,89,False
feature-58667-505--0.1-notebook-0.6-128,feature-58667,505,-0.1,2,prompt,211,0,0.11387141048908234,0.11719142444325849,0.9628315240285973,0.27620799691191217,0.005433469390473439,93,False
feature-58667-505--0.1-notebook-0.6-128,feature-58667,505,-0.1,2,generated,92,0,0.11387141048908234,0.11792368458017059,0.9541127156952153,0.3097759329754373,0.005197718881232583,93,False
feature-58667-505--0.2-notebook-0.6-128,feature-58667,505,-0.2,1,prompt,91,0,0.22774282097816467,0.22958335624291346,0.9902940209095294,0.13927941155302656,0.010747327925675744,89,False
feature-58667-505--0.2-notebook-0.6-128,feature-58667,505,-0.2,1,generated,88,0,0.22774282097816467,0.2301880478520285,0.9879716194488786,0.15558168673041192,0.010308972528119657,89,False
feature-58667-505--0.2-notebook-0.6-128,feature-58667,505,-0.2,2,prompt,211,0,0.22774282097816467,0.22981842003444924,0.9893818025905374,0.14564613139883603,0.010657635008032386,113,False
feature-58667-505--0.2-notebook-0.6-128,feature-58667,505,-0.2,2,generated,112,0,0.22774282097816467,0.23030410746910743,0.986708402633667,0.16404145570205791,0.010130284911221159,113,False
feature-58667-505--0.3-notebook-0.6-128,feature-58667,505,-0.3,1,prompt,91,0,0.3416142463684082,0.3427952318401127,0.9955438991169353,0.09414225497416087,0.016047506799133353,89,False
feature-58667-505--0.3-notebook-0.6-128,feature-58667,505,-0.3,1,generated,88,0,0.3416142463684082,0.34301457181572914,0.9945022626356645,0.1046892292374237,0.015362737562761387,89,False
feature-58667-505--0.3-notebook-0.6-128,feature-58667,505,-0.3,2,prompt,211,0,0.3416142463684082,0.34286825606043303,0.9951459409501315,0.09812032306010689,0.015901599984761698,113,False
feature-58667-505--0.3-notebook-0.6-128,feature-58667,505,-0.3,2,generated,112,0,0.3416142463684082,0.34330648982099127,0.9940210932067463,0.10952113881441099,0.015101706384614642,113,False
feature-58667-505--0.4-notebook-0.6-128,feature-58667,505,-0.4,1,prompt,91,0,0.45548564195632935,0.45656404488689295,0.9974238440230653,0.07152408774901223,0.02137434162432328,89,False
feature-58667-505--0.4-notebook-0.6-128,feature-58667,505,-0.4,1,generated,88,0,0.45548564195632935,0.4568956849927252,0.9968702766028318,0.07895854784345085,0.020463942232626407,89,False
feature-58667-505--0.4-notebook-0.6-128,feature-58667,505,-0.4,2,prompt,211,0,0.45548564195632935,0.4567007050977499,0.9972118351131819,0.0743299968081628,0.021181864121882464,113,False
feature-58667-505--0.4-notebook-0.6-128,feature-58667,505,-0.4,2,generated,112,0,0.45548564195632935,0.4569251811397927,0.996583313282047,0.08268961350300483,0.020099790849989013,113,False
feature-58667-505--0.5-notebook-0.6-128,feature-58667,505,-0.5,1,prompt,91,0,0.5693570375442505,0.5702418010313433,0.998332434958154,0.05747552064585162,0.026695463432838303,89,False
feature-58667-505--0.5-notebook-0.6-128,feature-58667,505,-0.5,1,generated,88,0,0.5693570971488953,0.5703927366570993,0.9979658032005484,0.06359756272286177,0.025547210910272868,89,False
feature-58667-505--0.5-notebook-0.6-128,feature-58667,505,-0.5,2,prompt,211,0,0.5693570375442505,0.5703111319180348,0.9981925275653459,0.0597857155470769,0.026450838683994036,128,False
feature-58667-505--0.5-notebook-0.6-128,feature-58667,505,-0.5,2,generated,127,0,0.5693570971488953,0.5705999788336866,0.997770326344047,0.06676400353120068,0.02507513403657853,128,False
feature-58667-505--0.6-notebook-0.6-128,feature-58667,505,-0.6,1,prompt,91,0,0.6832284927368164,0.6839216030561007,0.9988488862802695,0.04768370263851606,0.03201809096416192,103,False
feature-58667-505--0.6-notebook-0.6-128,feature-58667,505,-0.6,1,generated,102,0,0.6832284927368164,0.6841423470599979,0.9985991237210292,0.05271562371476024,0.03059169589815771,103,False
feature-58667-505--0.6-notebook-0.6-128,feature-58667,505,-0.6,2,prompt,225,0,0.6832284927368164,0.6840292353100247,0.9987462038464017,0.04973393149673939,0.03164127115470668,71,False
feature-58667-505--0.6-notebook-0.6-128,feature-58667,505,-0.6,2,generated,70,0,0.6832284927368164,0.6841850544725145,0.9984564525740487,0.05550195042576109,0.030062638302998882,71,False
feature-58667-505--0.7-notebook-0.6-128,feature-58667,505,-0.7,1,prompt,91,0,0.7970998883247375,0.7978684587793036,0.9991681824673663,0.04048311151564121,0.03735248967595808,103,False
feature-58667-505--0.7-notebook-0.6-128,feature-58667,505,-0.7,1,generated,102,0,0.7970998883247375,0.7980682908319959,0.9989970016713235,0.044614177343307755,0.03568622743820443,103,False
feature-58667-505--0.7-notebook-0.6-128,feature-58667,505,-0.7,2,prompt,225,0,0.7970998883247375,0.797952716615465,0.9990987086296081,0.04215631917946869,0.0369110987169875,71,False
feature-58667-505--0.7-notebook-0.6-128,feature-58667,505,-0.7,2,generated,70,0,0.7970998883247375,0.7980465139661517,0.9988883827413831,0.047089601999947,0.035065836592444354,71,False
feature-58667-606-+0.0-notebook-0.6-128,feature-58667,606,0.0,1,prompt,91,91,0.0,0.0,1.0,0.0,0.0,92,False
feature-58667-606-+0.0-notebook-0.6-128,feature-58667,606,0.0,1,generated,91,91,0.0,0.0,1.0,0.0,0.0,92,False
feature-58667-606-+0.0-notebook-0.6-128,feature-58667,606,0.0,2,prompt,214,214,0.0,0.0,1.0,0.0,0.0,3,False
feature-58667-606-+0.0-notebook-0.6-128,feature-58667,606,0.0,2,generated,2,2,0.0,0.0,1.0,0.0,0.0,3,False
feature-58667-606-+0.1-notebook-0.6-128,feature-58667,606,0.1,1,prompt,91,0,0.11387141048908234,0.11697623976966837,0.9662969813242064,0.26288200489112307,0.005475398824213758,87,False
feature-58667-606-+0.1-notebook-0.6-128,feature-58667,606,0.1,1,generated,86,0,0.11387141048908234,0.11751017910103466,0.9569931286712026,0.2986558781460274,0.005116612780406032,87,False
feature-58667-606-+0.1-notebook-0.6-128,feature-58667,606,0.1,2,prompt,209,0,0.11387141048908234,0.11720698259093544,0.9625360577870784,0.27735181594864605,0.00537304946536958,3,False
feature-58667-606-+0.1-notebook-0.6-128,feature-58667,606,0.1,2,generated,2,0,0.11387141048908234,0.11749745905399323,0.9596712589263916,0.2901812493801117,0.005634357454255223,3,False
feature-58667-606-+0.2-notebook-0.6-128,feature-58667,606,0.2,1,prompt,91,0,0.22774282097816467,0.22958606497927025,0.9902809845222221,0.13936852688317772,0.010747370906596347,92,False
feature-58667-606-+0.2-notebook-0.6-128,feature-58667,606,0.2,1,generated,91,0,0.22774282097816467,0.230315082184561,0.9877411421838698,0.15730732548367846,0.010045718524482224,92,False
feature-58667-606-+0.2-notebook-0.6-128,feature-58667,606,0.2,2,prompt,214,0,0.22774282097816467,0.22987698631308903,0.9892496619826165,0.14660320664259874,0.010531650202389085,3,False
feature-58667-606-+0.2-notebook-0.6-128,feature-58667,606,0.2,2,generated,2,0,0.22774282097816467,0.2297850102186203,0.9885298013687134,0.1523309051990509,0.011005924083292484,3,False
feature-58667-606-+0.3-notebook-0.6-128,feature-58667,606,0.3,1,prompt,91,0,0.3416142463684082,0.3427883104963617,0.9955371782019898,0.09420792725715009,0.016047245968046218,84,False
feature-58667-606-+0.3-notebook-0.6-128,feature-58667,606,0.3,1,generated,83,0,0.3416142463684082,0.3431996703147888,0.9942046310528215,0.10750095061509006,0.014819119608097047,84,False
feature-58667-606-+0.3-notebook-0.6-128,feature-58667,606,0.3,2,prompt,206,0,0.3416142463684082,0.34294047387479576,0.9950432745577062,0.09902689589675769,0.015788241303966662,58,False
feature-58667-606-+0.3-notebook-0.6-128,feature-58667,606,0.3,2,generated,57,0,0.3416142463684082,0.3433134827697486,0.9935489014575356,0.11367158016614747,0.014581046590026011,58,False
feature-58667-606-+0.4-notebook-0.6-128,feature-58667,606,0.4,1,prompt,91,0,0.45548564195632935,0.45656809571025136,0.997420031945784,0.071572177030228,0.021374364524240512,87,False
feature-58667-606-+0.4-notebook-0.6-128,feature-58667,606,0.4,1,generated,86,0,0.45548564195632935,0.4569678916487583,0.99673936394758,0.08064470084947209,0.019901074555724166,87,False
feature-58667-606-+0.4-notebook-0.6-128,feature-58667,606,0.4,2,prompt,209,0,0.45548564195632935,0.4567115393837103,0.9971571678750253,0.07502332951820068,0.020943584329444185,3,False
feature-58667-606-+0.4-notebook-0.6-128,feature-58667,606,0.4,2,generated,2,0,0.45548564195632935,0.45658446848392487,0.9971967935562134,0.07497143745422363,0.021896354854106903,3,False
feature-58667-606-+0.5-notebook-0.6-128,feature-58667,606,0.5,1,prompt,91,0,0.5693570375442505,0.5702317959659702,0.9983268131266584,0.05756618193053937,0.02669490163424308,84,False
feature-58667-606-+0.5-notebook-0.6-128,feature-58667,606,0.5,1,generated,83,0,0.5693570971488953,0.5705369955085846,0.9978532819862825,0.06536959726587836,0.02463604220335024,84,False
feature-58667-606-+0.5-notebook-0.6-128,feature-58667,606,0.5,2,prompt,206,0,0.5693570375442505,0.5703477518072406,0.9981545195417497,0.0603391963048178,0.026258577872406763,58,False
feature-58667-606-+0.5-notebook-0.6-128,feature-58667,606,0.5,2,generated,57,0,0.5693570971488953,0.5707155246483652,0.997675173115312,0.06815596807159875,0.024425547439278217,58,False
feature-58667-606-+0.6-notebook-0.6-128,feature-58667,606,0.6,1,prompt,91,0,0.6832284927368164,0.6839463867983975,0.9988463710952591,0.047736297883502726,0.03201908517147895,87,False
feature-58667-606-+0.6-notebook-0.6-128,feature-58667,606,0.6,1,generated,86,0,0.6832284927368164,0.6841919727103655,0.9985459072645321,0.05380278106692225,0.029797033081914105,87,False
feature-58667-606-+0.6-notebook-0.6-128,feature-58667,606,0.6,2,prompt,209,0,0.6832284927368164,0.6840572776406576,0.9987335179411053,0.05000077775327498,0.031369692241576944,3,False
feature-58667-606-+0.6-notebook-0.6-128,feature-58667,606,0.6,2,generated,2,0,0.6832284927368164,0.6838212609291077,0.9986731112003326,0.0515413973480463,0.03279455937445164,3,False
feature-58667-606-+0.7-notebook-0.6-128,feature-58667,606,0.7,1,prompt,91,0,0.7970998883247375,0.7978590582753275,0.9991663615782183,0.04052295642239707,0.03735225920816167,84,False
feature-58667-606-+0.7-notebook-0.6-128,feature-58667,606,0.7,1,generated,83,0,0.7970998883247375,0.7980963695480163,0.9989235609410757,0.04627560685018459,0.03446342156504292,84,False
feature-58667-606-+0.7-notebook-0.6-128,feature-58667,606,0.7,2,prompt,206,0,0.7970998883247375,0.7979692750185439,0.999078662939442,0.04258091496394097,0.036739644688866056,58,False
feature-58667-606-+0.7-notebook-0.6-128,feature-58667,606,0.7,2,generated,57,0,0.7970998883247375,0.7981623202039484,0.9988373727129217,0.04816157828297531,0.034160418893423,58,False
feature-58667-606--0.1-notebook-0.6-128,feature-58667,606,-0.1,1,prompt,91,0,0.11387141048908234,0.11697878606699325,0.9662907903011029,0.26291601081470867,0.005475634434912865,87,False
feature-58667-606--0.1-notebook-0.6-128,feature-58667,606,-0.1,1,generated,86,0,0.11387141048908234,0.11752143502235413,0.956979840300804,0.29872518933789677,0.005117100176163191,87,False
feature-58667-606--0.1-notebook-0.6-128,feature-58667,606,-0.1,2,prompt,209,0,0.11387141048908234,0.11721369313994093,0.962534123630615,0.2773767503682506,0.005373402549768241,3,False
feature-58667-606--0.1-notebook-0.6-128,feature-58667,606,-0.1,2,generated,2,0,0.11387141048908234,0.11744187772274017,0.9595698714256287,0.29040904343128204,0.005631739040836692,3,False
feature-58667-606--0.2-notebook-0.6-128,feature-58667,606,-0.2,1,prompt,91,0,0.22774282097816467,0.22958335624291346,0.9902940209095294,0.13927941155302656,0.010747327925675744,92,False
feature-58667-606--0.2-notebook-0.6-128,feature-58667,606,-0.2,1,generated,91,0,0.22774282097816467,0.23030265183239193,0.9877388490425362,0.15730679788432278,0.010045160416636494,92,False
feature-58667-606--0.2-notebook-0.6-128,feature-58667,606,-0.2,2,prompt,214,0,0.22774282097816467,0.22986842601377272,0.9892582606489413,0.14653541227785227,0.010531219092788497,3,False
feature-58667-606--0.2-notebook-0.6-128,feature-58667,606,-0.2,2,generated,2,0,0.22774282097816467,0.22988882660865784,0.9885079860687256,0.15254203230142593,0.011010834947228432,3,False
feature-58667-606--0.3-notebook-0.6-128,feature-58667,606,-0.3,1,prompt,91,0,0.3416142463684082,0.3427952318401127,0.9955438991169353,0.09414225497416087,0.016047506799133353,84,False
feature-58667-606--0.3-notebook-0.6-128,feature-58667,606,-0.3,1,generated,83,0,0.3416142463684082,0.34317433762263105,0.9942149764083954,0.10739274969302028,0.01481814750930272,84,False
feature-58667-606--0.3-notebook-0.6-128,feature-58667,606,-0.3,2,prompt,206,0,0.3416142463684082,0.3429406252011512,0.9950512335138414,0.09894672019895419,0.015788319060077112,58,False
feature-58667-606--0.3-notebook-0.6-128,feature-58667,606,-0.3,2,generated,57,0,0.3416142463684082,0.3432972405040473,0.9935528447753504,0.11363422086364344,0.014580420071357176,58,False
feature-58667-606--0.4-notebook-0.6-128,feature-58667,606,-0.4,1,prompt,91,0,0.45548564195632935,0.45656404488689295,0.9974238440230653,0.07152408774901223,0.02137434162432328,92,False
feature-58667-606--0.4-notebook-0.6-128,feature-58667,606,-0.4,1,generated,91,0,0.45548564195632935,0.45695402399524226,0.9967709000294025,0.08024957530446104,0.01993277771296082,92,False
feature-58667-606--0.4-notebook-0.6-128,feature-58667,606,-0.4,2,prompt,214,0,0.45548564195632935,0.4567209929227829,0.9971647995097614,0.07493706157204703,0.020927544823297187,3,False
feature-58667-606--0.4-notebook-0.6-128,feature-58667,606,-0.4,2,generated,2,0,0.45548564195632935,0.4565370976924896,0.9971552789211273,0.07552463561296463,0.02186563890427351,3,False
feature-58667-606--0.5-notebook-0.6-128,feature-58667,606,-0.5,1,prompt,91,0,0.5693570375442505,0.5702418010313433,0.998332434958154,0.05747552064585162,0.026695463432838303,84,False
feature-58667-606--0.5-notebook-0.6-128,feature-58667,606,-0.5,1,generated,83,0,0.5693570971488953,0.5705359671489302,0.9978577451533582,0.06529902200023811,0.024636051628783524,84,False
feature-58667-606--0.5-notebook-0.6-128,feature-58667,606,-0.5,2,prompt,206,0,0.5693570375442505,0.5703482240149118,0.9981594427118023,0.060258544547465244,0.026258723039487467,58,False
feature-58667-606--0.5-notebook-0.6-128,feature-58667,606,-0.5,2,generated,57,0,0.5693570971488953,0.5706933726344192,0.9976131623251396,0.06903329341296564,0.024238673577967444,58,False
feature-58667-606--0.6-notebook-0.6-128,feature-58667,606,-0.6,1,prompt,91,0,0.6832284927368164,0.6839216030561007,0.9988488862802695,0.04768370263851606,0.03201809096416192,92,False
feature-58667-606--0.6-notebook-0.6-128,feature-58667,606,-0.6,1,generated,91,0,0.6832284927368164,0.6842036247253418,0.9985558967013936,0.053614419854276785,0.029846080282068515,92,False
feature-58667-606--0.6-notebook-0.6-128,feature-58667,606,-0.6,2,prompt,214,0,0.6832284927368164,0.684053733248577,0.9987346936609144,0.049981362029701194,0.03134468679912562,3,False
feature-58667-606--0.6-notebook-0.6-128,feature-58667,606,-0.6,2,generated,2,0,0.6832284927368164,0.6838180124759674,0.9986718893051147,0.051565054804086685,0.03275204077363014,3,False
feature-58667-606--0.7-notebook-0.6-128,feature-58667,606,-0.7,1,prompt,91,0,0.7970998883247375,0.7978684587793036,0.9991681824673663,0.04048311151564121,0.03735248967595808,84,False
feature-58667-606--0.7-notebook-0.6-128,feature-58667,606,-0.7,1,generated,83,0,0.7970998883247375,0.7981162559555237,0.9989263630775084,0.046219305909541715,0.03446423215230545,84,False
feature-58667-606--0.7-notebook-0.6-128,feature-58667,606,-0.7,2,prompt,206,0,0.7970998883247375,0.7979756761523127,0.9990811394256296,0.04252524764358419,0.03673986181869958,58,False
feature-58667-606--0.7-notebook-0.6-128,feature-58667,606,-0.7,2,generated,57,0,0.7970998883247375,0.7981668051920439,0.9988014907167669,0.048884056247117225,0.03390046810371834,58,False
feature-58667-707-+0.0-notebook-0.6-128,feature-58667,707,0.0,1,prompt,91,91,0.0,0.0,1.0,0.0,0.0,50,False
feature-58667-707-+0.0-notebook-0.6-128,feature-58667,707,0.0,1,generated,49,49,0.0,0.0,1.0,0.0,0.0,50,False
feature-58667-707-+0.0-notebook-0.6-128,feature-58667,707,0.0,2,prompt,172,172,0.0,0.0,1.0,0.0,0.0,82,False
feature-58667-707-+0.0-notebook-0.6-128,feature-58667,707,0.0,2,generated,81,81,0.0,0.0,1.0,0.0,0.0,82,False
feature-58667-707-+0.1-notebook-0.6-128,feature-58667,707,0.1,1,prompt,91,0,0.11387141048908234,0.11697623976966837,0.9662969813242064,0.26288200489112307,0.005475398824213758,50,False
feature-58667-707-+0.1-notebook-0.6-128,feature-58667,707,0.1,1,generated,49,0,0.11387141048908234,0.11773828842810222,0.954400084456619,0.30805665072129695,0.005052823487821282,50,False
feature-58667-707-+0.1-notebook-0.6-128,feature-58667,707,0.1,2,prompt,172,0,0.11387141048908234,0.11720251188028691,0.962978865864665,0.2754382392348245,0.005413852202002809,78,False
feature-58667-707-+0.1-notebook-0.6-128,feature-58667,707,0.1,2,generated,77,0,0.11387141048908234,0.11798559913000503,0.9514132405256296,0.31861719179463077,0.005027505520779591,78,False
feature-58667-707-+0.2-notebook-0.6-128,feature-58667,707,0.2,1,prompt,91,0,0.22774282097816467,0.22958606497927025,0.9902809845222221,0.13936852688317772,0.010747370906596347,50,False
feature-58667-707-+0.2-notebook-0.6-128,feature-58667,707,0.2,1,generated,49,0,0.22774282097816467,0.2304639141170346,0.9868369163299093,0.16313815998787784,0.009891335187213761,50,False
feature-58667-707-+0.2-notebook-0.6-128,feature-58667,707,0.2,2,prompt,172,0,0.22774282097816467,0.22980346010867939,0.989364545359168,0.1456004313171603,0.010617153888445098,82,False
feature-58667-707-+0.2-notebook-0.6-128,feature-58667,707,0.2,2,generated,81,0,0.22774282097816467,0.23043196933504975,0.9861307357564385,0.16753886603278878,0.009841118755255953,82,False
feature-58667-707-+0.3-notebook-0.6-128,feature-58667,707,0.3,1,prompt,91,0,0.3416142463684082,0.3427883104963617,0.9955371782019898,0.09420792725715009,0.016047245968046218,50,False
feature-58667-707-+0.3-notebook-0.6-128,feature-58667,707,0.3,1,generated,49,0,0.3416142463684082,0.3432412786143167,0.9940437236610724,0.10912681690284184,0.01473236891764159,50,False
feature-58667-707-+0.3-notebook-0.6-128,feature-58667,707,0.3,2,prompt,172,0,0.3416142463684082,0.3429020868484364,0.9951557433882425,0.09793252811962089,0.015844352051634668,82,False
feature-58667-707-+0.3-notebook-0.6-128,feature-58667,707,0.3,2,generated,81,0,0.3416142463684082,0.34329936276247475,0.9936623308393691,0.11266963459827282,0.014662697071922415,82,False
feature-58667-707-+0.4-notebook-0.6-128,feature-58667,707,0.4,1,prompt,91,0,0.45548564195632935,0.45656809571025136,0.997420031945784,0.071572177030228,0.021374364524240512,50,False
feature-58667-707-+0.4-notebook-0.6-128,feature-58667,707,0.4,1,generated,49,0,0.45548564195632935,0.45700593019018365,0.9966187027035928,0.08216200373610671,0.019615876735473166,50,False
feature-58667-707-+0.4-notebook-0.6-128,feature-58667,707,0.4,2,prompt,172,0,0.45548564195632935,0.45666879207588906,0.9972187557885813,0.0741586752322524,0.021101869874211504,81,False
feature-58667-707-+0.4-notebook-0.6-128,feature-58667,707,0.4,2,generated,80,0,0.45548564195632935,0.45701474212110044,0.9963421024382114,0.08551710369065404,0.01948076640255749,81,False
feature-58667-707-+0.5-notebook-0.6-128,feature-58667,707,0.5,1,prompt,91,0,0.5693570375442505,0.5702317959659702,0.9983268131266584,0.05756618193053937,0.02669490163424308,50,False
feature-58667-707-+0.5-notebook-0.6-128,feature-58667,707,0.5,1,generated,49,0,0.5693570971488953,0.5705834602823063,0.9978127637687995,0.0660526913647749,0.02449073893379192,50,False
feature-58667-707-+0.5-notebook-0.6-128,feature-58667,707,0.5,2,prompt,172,0,0.5693570375442505,0.5703292963809745,0.9981980372306912,0.05964447048947562,0.026353634990681354,82,False
feature-58667-707-+0.5-notebook-0.6-128,feature-58667,707,0.5,2,generated,81,0,0.5693570971488953,0.5708201608540099,0.9976540171069863,0.06846526803241836,0.024380579337845616,82,False
feature-58667-707-+0.6-notebook-0.6-128,feature-58667,707,0.6,1,prompt,91,0,0.6832284927368164,0.6839463867983975,0.9988463710952591,0.047736297883502726,0.03201908517147895,50,False
feature-58667-707-+0.6-notebook-0.6-128,feature-58667,707,0.6,1,generated,49,0,0.6832284927368164,0.6842075051093588,0.9984705521135914,0.0552103297442806,0.029368392857057706,50,False
feature-58667-707-+0.6-notebook-0.6-128,feature-58667,707,0.6,2,prompt,172,0,0.6832284927368164,0.6840230025524316,0.9987528632546581,0.04957009139362463,0.03160814414217765,82,False
feature-58667-707-+0.6-notebook-0.6-128,feature-58667,707,0.6,2,generated,81,0,0.6832284927368164,0.6841933528582255,0.9983854904586886,0.05674608824429689,0.02922331672851686,82,False
feature-58667-707-+0.7-notebook-0.6-128,feature-58667,707,0.7,1,prompt,91,0,0.7970998883247375,0.7978590582753275,0.9991663615782183,0.04052295642239707,0.03735225920816167,50,False
feature-58667-707-+0.7-notebook-0.6-128,feature-58667,707,0.7,1,generated,49,0,0.7970998883247375,0.7981100252696446,0.9988908621729636,0.0470224031228192,0.03425816093020293,50,False
feature-58667-707-+0.7-notebook-0.6-128,feature-58667,707,0.7,2,prompt,172,0,0.7970998883247375,0.7979403675295585,0.9990974113691685,0.042142567647144545,0.036872507922410924,82,False
feature-58667-707-+0.7-notebook-0.6-128,feature-58667,707,0.7,2,generated,81,0,0.7970998883247375,0.7981222404374017,0.9988290505644716,0.04832050415836735,0.0340895645412398,82,False
feature-58667-707--0.1-notebook-0.6-128,feature-58667,707,-0.1,1,prompt,91,0,0.11387141048908234,0.11697878606699325,0.9662907903011029,0.26291601081470867,0.005475634434912865,50,False
feature-58667-707--0.1-notebook-0.6-128,feature-58667,707,-0.1,1,generated,49,0,0.11387141048908234,0.11773854843815978,0.9544674231081592,0.30783345930430356,0.00505282021868898,50,False
feature-58667-707--0.1-notebook-0.6-128,feature-58667,707,-0.1,2,prompt,172,0,0.11387141048908234,0.1172089832726606,0.9630044639803642,0.27536658422891486,0.00541418644333621,82,False
feature-58667-707--0.1-notebook-0.6-128,feature-58667,707,-0.1,2,generated,81,0,0.11387141048908234,0.11799891495410307,0.9516383365348533,0.3179394106070201,0.005039468068445538,82,False
feature-58667-707--0.2-notebook-0.6-128,feature-58667,707,-0.2,1,prompt,91,0,0.22774282097816467,0.22958335624291346,0.9902940209095294,0.13927941155302656,0.010747327925675744,50,False
feature-58667-707--0.2-notebook-0.6-128,feature-58667,707,-0.2,1,generated,49,0,0.22774282097816467,0.2304759238447462,0.9868646300568873,0.16297122136670716,0.009891858609507278,50,False
feature-58667-707--0.2-notebook-0.6-128,feature-58667,707,-0.2,2,prompt,172,0,0.22774282097816467,0.22980566703995994,0.9893821412047674,0.14548473034140674,0.01061731180346024,78,False
feature-58667-707--0.2-notebook-0.6-128,feature-58667,707,-0.2,2,generated,77,0,0.22774282097816467,0.2304979914968664,0.986043605711553,0.16810455395803822,0.009821760214187882,78,False
feature-58667-707--0.3-notebook-0.6-128,feature-58667,707,-0.3,1,prompt,91,0,0.3416142463684082,0.3427952318401127,0.9955438991169353,0.09414225497416087,0.016047506799133353,50,False
feature-58667-707--0.3-notebook-0.6-128,feature-58667,707,-0.3,1,generated,49,0,0.3416142463684082,0.3432040494315478,0.9940511754580906,0.10904286619351834,0.014730795685734068,50,False
feature-58667-707--0.3-notebook-0.6-128,feature-58667,707,-0.3,2,prompt,172,0,0.3416142463684082,0.34290685348732525,0.9951600432395935,0.09789096910593122,0.015844624533539985,82,False
feature-58667-707--0.3-notebook-0.6-128,feature-58667,707,-0.3,2,generated,81,0,0.3416142463684082,0.3432795618787224,0.9936659571565227,0.11263214318472663,0.014661864745488137,82,False
feature-58667-707--0.4-notebook-0.6-128,feature-58667,707,-0.4,1,prompt,91,0,0.45548564195632935,0.45656404488689295,0.9974238440230653,0.07152408774901223,0.02137434162432328,50,False
feature-58667-707--0.4-notebook-0.6-128,feature-58667,707,-0.4,1,generated,49,0,0.45548564195632935,0.4569614560020213,0.996617717402322,0.08216865345531581,0.019613750164910237,50,False
feature-58667-707--0.4-notebook-0.6-128,feature-58667,707,-0.4,2,prompt,172,0,0.45548564195632935,0.45665144417868103,0.9972199714461039,0.0741425147929857,0.021101232911500713,82,False
feature-58667-707--0.4-notebook-0.6-128,feature-58667,707,-0.4,2,generated,81,0,0.45548564195632935,0.45700924227267137,0.9963628708580394,0.08527924985061457,0.019519372693734403,82,False
feature-58667-707--0.5-notebook-0.6-128,feature-58667,707,-0.5,1,prompt,91,0,0.5693570375442505,0.5702418010313433,0.998332434958154,0.05747552064585162,0.026695463432838303,50,False
feature-58667-707--0.5-notebook-0.6-128,feature-58667,707,-0.5,1,generated,49,0,0.5693570971488953,0.5705738128448019,0.9978124292529359,0.06605014988050169,0.024490414491417457,50,False
feature-58667-707--0.5-notebook-0.6-128,feature-58667,707,-0.5,2,prompt,172,0,0.5693570375442505,0.5703373641468757,0.9982007804305054,0.05959797282378341,0.026354111398050432,81,False
feature-58667-707--0.5-notebook-0.6-128,feature-58667,707,-0.5,2,generated,80,0,0.5693570971488953,0.5707826122641564,0.9976465031504631,0.06857426860369742,0.024330426892265677,81,False
feature-58667-707--0.6-notebook-0.6-128,feature-58667,707,-0.6,1,prompt,91,0,0.6832284927368164,0.6839216030561007,0.9988488862802695,0.04768370263851606,0.03201809096416192,50,False
feature-58667-707--0.6-notebook-0.6-128,feature-58667,707,-0.6,1,generated,49,0,0.6832284927368164,0.6842381382475093,0.9984716979824767,0.05519002744433831,0.029369580654465422,50,False
feature-58667-707--0.6-notebook-0.6-128,feature-58667,707,-0.6,2,prompt,172,0,0.6832284927368164,0.6840233892895454,0.9987556016029313,0.04951663568702548,0.031608134241460625,81,False
feature-58667-707--0.6-notebook-0.6-128,feature-58667,707,-0.6,2,generated,80,0,0.6832284927368164,0.6842416554689408,0.9983775839209557,0.05689338385127485,0.0291672837221995,81,False
feature-58667-707--0.7-notebook-0.6-128,feature-58667,707,-0.7,1,prompt,91,0,0.7970998883247375,0.7978684587793036,0.9991681824673663,0.04048311151564121,0.03735248967595808,50,False
feature-58667-707--0.7-notebook-0.6-128,feature-58667,707,-0.7,1,generated,49,0,0.7970998883247375,0.7981223609982705,0.998891932623727,0.04700126126408577,0.03425848058291844,50,False
feature-58667-707--0.7-notebook-0.6-128,feature-58667,707,-0.7,2,prompt,172,0,0.7970998883247375,0.7979536687218866,0.9990992005481276,0.04210382127094754,0.03687290734676427,52,False
feature-58667-707--0.7-notebook-0.6-128,feature-58667,707,-0.7,2,generated,51,0,0.7970998883247375,0.7981968054584428,0.9988231951115178,0.048413884990355545,0.03413337144051112,52,False
feature-58667-808-+0.0-notebook-0.6-128,feature-58667,808,0.0,1,prompt,91,91,0.0,0.0,1.0,0.0,0.0,81,False
feature-58667-808-+0.0-notebook-0.6-128,feature-58667,808,0.0,1,generated,80,80,0.0,0.0,1.0,0.0,0.0,81,False
feature-58667-808-+0.0-notebook-0.6-128,feature-58667,808,0.0,2,prompt,203,203,0.0,0.0,1.0,0.0,0.0,94,False
feature-58667-808-+0.0-notebook-0.6-128,feature-58667,808,0.0,2,generated,93,93,0.0,0.0,1.0,0.0,0.0,94,False
feature-58667-808-+0.1-notebook-0.6-128,feature-58667,808,0.1,1,prompt,91,0,0.11387141048908234,0.11697623976966837,0.9662969813242064,0.26288200489112307,0.005475398824213758,81,False
feature-58667-808-+0.1-notebook-0.6-128,feature-58667,808,0.1,1,generated,80,0,0.11387141048908234,0.11748245852068066,0.957366781681776,0.2970493337139487,0.00524736195220612,81,False
feature-58667-808-+0.1-notebook-0.6-128,feature-58667,808,0.1,2,prompt,203,0,0.11387141048908234,0.11717973289818599,0.9628624211391205,0.2760145139371233,0.005434054910366451,94,False
feature-58667-808-+0.1-notebook-0.6-128,feature-58667,808,0.1,2,generated,93,0,0.11387141048908234,0.11788471579872152,0.9540046440657749,0.3098219468068051,0.005198305557852471,94,False
feature-58667-808-+0.2-notebook-0.6-128,feature-58667,808,0.2,1,prompt,91,0,0.22774282097816467,0.22958606497927025,0.9902809845222221,0.13936852688317772,0.010747370906596347,81,False
feature-58667-808-+0.2-notebook-0.6-128,feature-58667,808,0.2,1,generated,80,0,0.22774282097816467,0.2302052455022931,0.9878259919583797,0.15652070567011833,0.010284794052131474,81,False
feature-58667-808-+0.2-notebook-0.6-128,feature-58667,808,0.2,2,prompt,203,0,0.22774282097816467,0.22980749320807714,0.9893690479800031,0.14569409584323761,0.010659283308198748,94,False
feature-58667-808-+0.2-notebook-0.6-128,feature-58667,808,0.2,2,generated,93,0,0.22774282097816467,0.2303204018903035,0.9868318118074889,0.16314816563039697,0.010157376988440431,94,False
feature-58667-808-+0.3-notebook-0.6-128,feature-58667,808,0.3,1,prompt,91,0,0.3416142463684082,0.3427883104963617,0.9955371782019898,0.09420792725715009,0.016047245968046218,81,False
feature-58667-808-+0.3-notebook-0.6-128,feature-58667,808,0.3,1,generated,80,0,0.3416142463684082,0.34308177828788755,0.9944516442716121,0.10517649934627116,0.015328549221158028,81,False
feature-58667-808-+0.3-notebook-0.6-128,feature-58667,808,0.3,2,prompt,203,0,0.3416142463684082,0.342882874857616,0.9951435133741406,0.09812611253390759,0.015905738435169507,94,False
feature-58667-808-+0.3-notebook-0.6-128,feature-58667,808,0.3,2,generated,93,0,0.3416142463684082,0.3431942123238758,0.9940241389377142,0.10934182080209896,0.015136403932927115,94,False
feature-58667-808-+0.4-notebook-0.6-128,feature-58667,808,0.4,1,prompt,91,0,0.45548564195632935,0.45656809571025136,0.997420031945784,0.071572177030228,0.021374364524240512,81,False
feature-58667-808-+0.4-notebook-0.6-128,feature-58667,808,0.4,1,generated,80,0,0.45548564195632935,0.45691280961036684,0.9968347936868668,0.07939933314919471,0.020415284857153892,81,False
feature-58667-808-+0.4-notebook-0.6-128,feature-58667,808,0.4,2,prompt,203,0,0.45548564195632935,0.4566924630714755,0.9972104656285253,0.0743263985392789,0.021185929890437594,94,False
feature-58667-808-+0.4-notebook-0.6-128,feature-58667,808,0.4,2,generated,93,0,0.45548564195632935,0.45690301188858606,0.9965903150138035,0.08251594964374778,0.020151375162024653,94,False
feature-58667-808-+0.5-notebook-0.6-128,feature-58667,808,0.5,1,prompt,91,0,0.5693570375442505,0.5702317959659702,0.9983268131266584,0.05756618193053937,0.02669490163424308,81,False
feature-58667-808-+0.5-notebook-0.6-128,feature-58667,808,0.5,1,generated,80,0,0.5693570971488953,0.5704037934541702,0.9979452982544899,0.06390940379351377,0.025486044771969318,81,False
feature-58667-808-+0.5-notebook-0.6-128,feature-58667,808,0.5,2,prompt,203,0,0.5693570375442505,0.5703118064720643,0.9981896263625234,0.05981815020952906,0.026456541936326166,94,False
feature-58667-808-+0.5-notebook-0.6-128,feature-58667,808,0.5,2,generated,93,0,0.5693570971488953,0.5706145225032684,0.9977875166041876,0.06644086703978559,0.025166986349930046,94,False
feature-58667-808-+0.6-notebook-0.6-128,feature-58667,808,0.6,1,prompt,91,0,0.6832284927368164,0.6839463867983975,0.9988463710952591,0.047736297883502726,0.03201908517147895,63,False
feature-58667-808-+0.6-notebook-0.6-128,feature-58667,808,0.6,1,generated,62,0,0.6832284927368164,0.6841945552056835,0.9985109596483169,0.054501466813587376,0.030003154680373206,63,False
feature-58667-808-+0.6-notebook-0.6-128,feature-58667,808,0.6,2,prompt,185,0,0.6832284927368164,0.6840459755949072,0.9987455889985368,0.049751231557614094,0.031637580834983574,78,False
feature-58667-808-+0.6-notebook-0.6-128,feature-58667,808,0.6,2,generated,77,0,0.6832284927368164,0.6841079832671525,0.9984213469864486,0.05608594040204952,0.029857535979577472,78,False
feature-58667-808-+0.7-notebook-0.6-128,feature-58667,808,0.7,1,prompt,91,0,0.7970998883247375,0.7978590582753275,0.9991663615782183,0.04052295642239707,0.03735225920816167,81,False
feature-58667-808-+0.7-notebook-0.6-128,feature-58667,808,0.7,1,generated,80,0,0.7970998883247375,0.7980547539889813,0.9989697650074959,0.04523576905485242,0.03565849713049829,81,False
feature-58667-808-+0.7-notebook-0.6-128,feature-58667,808,0.7,2,prompt,203,0,0.7970998883247375,0.7979389432028596,0.999096486662409,0.04219988223367137,0.0370171356968022,94,False
feature-58667-808-+0.7-notebook-0.6-128,feature-58667,808,0.7,2,generated,93,0,0.7970998883247375,0.7981550385875087,0.998895255468225,0.04693596453596187,0.0352033181616696,94,False
feature-58667-808--0.1-notebook-0.6-128,feature-58667,808,-0.1,1,prompt,91,0,0.11387141048908234,0.11697878606699325,0.9662907903011029,0.26291601081470867,0.005475634434912865,81,False
feature-58667-808--0.1-notebook-0.6-128,feature-58667,808,-0.1,1,generated,80,0,0.11387141048908234,0.11747857322916389,0.9573472760617733,0.2970990577712655,0.00524716186337173,81,False
feature-58667-808--0.1-notebook-0.6-128,feature-58667,808,-0.1,2,prompt,203,0,0.11387141048908234,0.11718684684466846,0.9628536213794953,0.2760593836824295,0.005434444851873975,94,False
feature-58667-808--0.1-notebook-0.6-128,feature-58667,808,-0.1,2,generated,93,0,0.11387141048908234,0.11789652000191392,0.9540280770230037,0.30978040188871403,0.005198815416905188,94,False
feature-58667-808--0.2-notebook-0.6-128,feature-58667,808,-0.2,1,prompt,91,0,0.22774282097816467,0.22958335624291346,0.9902940209095294,0.13927941155302656,0.010747327925675744,81,False
feature-58667-808--0.2-notebook-0.6-128,feature-58667,808,-0.2,1,generated,80,0,0.22774282097816467,0.23022200278937816,0.9878427527844906,0.15643243854865432,0.010285494686104357,81,False
feature-58667-808--0.2-notebook-0.6-128,feature-58667,808,-0.2,2,prompt,203,0,0.22774282097816467,0.2298113051893676,0.9893806209705146,0.14562426584547963,0.010659480114608516,94,False
feature-58667-808--0.2-notebook-0.6-128,feature-58667,808,-0.2,2,generated,93,0,0.22774282097816467,0.23030891645980137,0.9868480467027233,0.16303650369887712,0.01015679939820241,94,False
feature-58667-808--0.3-notebook-0.6-128,feature-58667,808,-0.3,1,prompt,91,0,0.3416142463684082,0.3427952318401127,0.9955438991169353,0.09414225497416087,0.016047506799133353,81,False
feature-58667-808--0.3-notebook-0.6-128,feature-58667,808,-0.3,1,generated,80,0,0.3416142463684082,0.34305470511317254,0.9944510817527771,0.10517820627428591,0.015327380190137773,81,False
feature-58667-808--0.3-notebook-0.6-128,feature-58667,808,-0.3,2,prompt,203,0,0.3416142463684082,0.3428768013498466,0.9951480944168392,0.09807940001778415,0.015905438354032415,80,False
feature-58667-808--0.3-notebook-0.6-128,feature-58667,808,-0.3,2,generated,79,0,0.3416142463684082,0.3431705081764656,0.9940770343889164,0.10893666574472113,0.015186638594899752,80,False
feature-58667-808--0.4-notebook-0.6-128,feature-58667,808,-0.4,1,prompt,91,0,0.45548564195632935,0.45656404488689295,0.9974238440230653,0.07152408774901223,0.02137434162432328,81,False
feature-58667-808--0.4-notebook-0.6-128,feature-58667,808,-0.4,1,generated,80,0,0.45548564195632935,0.45692311488091947,0.9968378812074661,0.07936281030997634,0.020415810332633556,81,False
feature-58667-808--0.4-notebook-0.6-128,feature-58667,808,-0.4,2,prompt,203,0,0.45548564195632935,0.45670444213698064,0.997212046766516,0.0743104423134785,0.02118664153758666,94,False
feature-58667-808--0.4-notebook-0.6-128,feature-58667,808,-0.4,2,generated,93,0,0.45548564195632935,0.45690003902681414,0.9965973368255041,0.08242797711363403,0.02015128591528503,94,False
feature-58667-808--0.5-notebook-0.6-128,feature-58667,808,-0.5,1,prompt,91,0,0.5693570375442505,0.5702418010313433,0.998332434958154,0.05747552064585162,0.026695463432838303,81,False
feature-58667-808--0.5-notebook-0.6-128,feature-58667,808,-0.5,1,generated,80,0,0.5693570971488953,0.5703807473182678,0.997945249825716,0.06390892183408141,0.025484907976351678,81,False
feature-58667-808--0.5-notebook-0.6-128,feature-58667,808,-0.5,2,prompt,203,0,0.5693570375442505,0.5703174210534308,0.9981932017603531,0.059759916489934686,0.02645678383532196,94,False
feature-58667-808--0.5-notebook-0.6-128,feature-58667,808,-0.5,2,generated,93,0,0.5693570971488953,0.5706239983599674,0.997793411695829,0.06635506018515556,0.025167378967487684,94,False
feature-58667-808--0.6-notebook-0.6-128,feature-58667,808,-0.6,1,prompt,91,0,0.6832284927368164,0.6839216030561007,0.9988488862802695,0.04768370263851606,0.03201809096416192,81,False
feature-58667-808--0.6-notebook-0.6-128,feature-58667,808,-0.6,1,generated,80,0,0.6832284927368164,0.6841163136065006,0.998574248701334,0.0532118784962222,0.030567659414373338,81,False
feature-58667-808--0.6-notebook-0.6-128,feature-58667,808,-0.6,2,prompt,203,0,0.6832284927368164,0.6840082929639394,0.9987519195514359,0.049621320994836945,0.0317318813056396,94,False
feature-58667-808--0.6-notebook-0.6-128,feature-58667,808,-0.6,2,generated,93,0,0.6832284927368164,0.6841540964700843,0.9984730283419291,0.05517162550841608,0.030174952521119066,94,False
feature-58667-808--0.7-notebook-0.6-128,feature-58667,808,-0.7,1,prompt,91,0,0.7970998883247375,0.7978684587793036,0.9991681824673663,0.04048311151564121,0.03735248967595808,81,False
feature-58667-808--0.7-notebook-0.6-128,feature-58667,808,-0.7,1,generated,80,0,0.7970998883247375,0.7980670429766178,0.9989716440439225,0.04519333406351507,0.035659153992310164,81,False
feature-58667-808--0.7-notebook-0.6-128,feature-58667,808,-0.7,2,prompt,203,0,0.7970998883247375,0.7979431677921652,0.9990986982002634,0.04214914760602812,0.03701716700908292,80,False
feature-58667-808--0.7-notebook-0.6-128,feature-58667,808,-0.7,2,generated,79,0,0.7970998883247375,0.7981103749214848,0.9989037091218973,0.046783489281240896,0.03532048281800898,80,False
feature-58667-909-+0.0-notebook-0.6-128,feature-58667,909,0.0,1,prompt,91,91,0.0,0.0,1.0,0.0,0.0,81,False
feature-58667-909-+0.0-notebook-0.6-128,feature-58667,909,0.0,1,generated,80,80,0.0,0.0,1.0,0.0,0.0,81,False
feature-58667-909-+0.0-notebook-0.6-128,feature-58667,909,0.0,2,prompt,203,203,0.0,0.0,1.0,0.0,0.0,89,False
feature-58667-909-+0.0-notebook-0.6-128,feature-58667,909,0.0,2,generated,88,88,0.0,0.0,1.0,0.0,0.0,89,False
feature-58667-909-+0.1-notebook-0.6-128,feature-58667,909,0.1,1,prompt,91,0,0.11387141048908234,0.11697623976966837,0.9662969813242064,0.26288200489112307,0.005475398824213758,81,False
feature-58667-909-+0.1-notebook-0.6-128,feature-58667,909,0.1,1,generated,80,0,0.11387141048908234,0.11748245852068066,0.957366781681776,0.2970493337139487,0.00524736195220612,81,False
feature-58667-909-+0.1-notebook-0.6-128,feature-58667,909,0.1,2,prompt,203,0,0.11387141048908234,0.11717973289818599,0.9628624211391205,0.2760145139371233,0.005434054910366451,89,False
feature-58667-909-+0.1-notebook-0.6-128,feature-58667,909,0.1,2,generated,88,0,0.11387141048908234,0.11780886191197416,0.955291792073033,0.305443734946576,0.005182065011467785,89,False
feature-58667-909-+0.2-notebook-0.6-128,feature-58667,909,0.2,1,prompt,91,0,0.22774282097816467,0.22958606497927025,0.9902809845222221,0.13936852688317772,0.010747370906596347,81,False
feature-58667-909-+0.2-notebook-0.6-128,feature-58667,909,0.2,1,generated,80,0,0.22774282097816467,0.2302052455022931,0.9878259919583797,0.15652070567011833,0.010284794052131474,81,False
feature-58667-909-+0.2-notebook-0.6-128,feature-58667,909,0.2,2,prompt,203,0,0.22774282097816467,0.22980749320807714,0.9893690479800031,0.14569409584323761,0.010659283308198748,89,False
feature-58667-909-+0.2-notebook-0.6-128,feature-58667,909,0.2,2,generated,88,0,0.22774282097816467,0.230287152427164,0.9871369728987868,0.16131201149387794,0.010129902511835098,89,False
feature-58667-909-+0.3-notebook-0.6-128,feature-58667,909,0.3,1,prompt,91,0,0.3416142463684082,0.3427883104963617,0.9955371782019898,0.09420792725715009,0.016047245968046218,81,False
feature-58667-909-+0.3-notebook-0.6-128,feature-58667,909,0.3,1,generated,80,0,0.3416142463684082,0.34308177828788755,0.9944516442716121,0.10517649934627116,0.015328549221158028,81,False
feature-58667-909-+0.3-notebook-0.6-128,feature-58667,909,0.3,2,prompt,203,0,0.3416142463684082,0.342882874857616,0.9951435133741406,0.09812611253390759,0.015905738435169507,89,False
feature-58667-909-+0.3-notebook-0.6-128,feature-58667,909,0.3,2,generated,88,0,0.3416142463684082,0.34318928522142494,0.994169490581209,0.10806507524102926,0.015097290446812456,89,False
feature-58667-909-+0.4-notebook-0.6-128,feature-58667,909,0.4,1,prompt,91,0,0.45548564195632935,0.45656809571025136,0.997420031945784,0.071572177030228,0.021374364524240512,81,False
feature-58667-909-+0.4-notebook-0.6-128,feature-58667,909,0.4,1,generated,80,0,0.45548564195632935,0.45691280961036684,0.9968347936868668,0.07939933314919471,0.020415284857153892,81,False
feature-58667-909-+0.4-notebook-0.6-128,feature-58667,909,0.4,2,prompt,203,0,0.45548564195632935,0.4566924630714755,0.9972104656285253,0.0743263985392789,0.021185929890437594,89,False
feature-58667-909-+0.4-notebook-0.6-128,feature-58667,909,0.4,2,generated,88,0,0.45548564195632935,0.4568998383527452,0.9966536408120935,0.08179617478427562,0.020099810769104144,89,False
feature-58667-909-+0.5-notebook-0.6-128,feature-58667,909,0.5,1,prompt,91,0,0.5693570375442505,0.5702317959659702,0.9983268131266584,0.05756618193053937,0.02669490163424308,47,False
feature-58667-909-+0.5-notebook-0.6-128,feature-58667,909,0.5,1,generated,46,0,0.5693570971488953,0.5707890857820925,0.9977195807125258,0.06750796152197797,0.024399601166015087,47,False
feature-58667-909-+0.5-notebook-0.6-128,feature-58667,909,0.5,2,prompt,169,0,0.5693570375442505,0.5703762043157273,0.9981785346065047,0.059946419858544535,0.026472455771645455,49,False
feature-58667-909-+0.5-notebook-0.6-128,feature-58667,909,0.5,2,generated,48,0,0.5693570971488953,0.5706349176665148,0.9977101385593414,0.06763118893528978,0.024595615880874295,49,False
feature-58667-909-+0.6-notebook-0.6-128,feature-58667,909,0.6,1,prompt,91,0,0.6832284927368164,0.6839463867983975,0.9988463710952591,0.047736297883502726,0.03201908517147895,47,False
feature-58667-909-+0.6-notebook-0.6-128,feature-58667,909,0.6,1,generated,46,0,0.6832284927368164,0.6843084563379702,0.9984258024588876,0.05604480709070745,0.029252609359505383,47,False
feature-58667-909-+0.6-notebook-0.6-128,feature-58667,909,0.6,2,prompt,169,0,0.6832284927368164,0.6840549799112173,0.9987454276818496,0.04970748413949323,0.031749433464475375,49,False
feature-58667-909-+0.6-notebook-0.6-128,feature-58667,909,0.6,2,generated,48,0,0.6832284927368164,0.6842233228186766,0.9984190501272678,0.05617103981785476,0.029491633409634233,49,False
feature-58667-909-+0.7-notebook-0.6-128,feature-58667,909,0.7,1,prompt,91,0,0.7970998883247375,0.7978590582753275,0.9991663615782183,0.04052295642239707,0.03735225920816167,47,False
feature-58667-909-+0.7-notebook-0.6-128,feature-58667,909,0.7,1,generated,46,0,0.7970998883247375,0.7980757485265317,0.9988781097142593,0.0473103997014139,0.03411588603225739,47,False
feature-58667-909-+0.7-notebook-0.6-128,feature-58667,909,0.7,2,prompt,169,0,0.7970998883247375,0.7979239197172356,0.9990972654353938,0.042144487121489625,0.0370348523138091,49,False
feature-58667-909-+0.7-notebook-0.6-128,feature-58667,909,0.7,2,generated,48,0,0.7970998883247375,0.7981404289603233,0.9988600996633371,0.04769996569181482,0.034401728228355445,49,False
feature-58667-909--0.1-notebook-0.6-128,feature-58667,909,-0.1,1,prompt,91,0,0.11387141048908234,0.11697878606699325,0.9662907903011029,0.26291601081470867,0.005475634434912865,81,False
feature-58667-909--0.1-notebook-0.6-128,feature-58667,909,-0.1,1,generated,80,0,0.11387141048908234,0.11747857322916389,0.9573472760617733,0.2970990577712655,0.00524716186337173,81,False
feature-58667-909--0.1-notebook-0.6-128,feature-58667,909,-0.1,2,prompt,203,0,0.11387141048908234,0.11718684684466846,0.9628536213794953,0.2760593836824295,0.005434444851873975,89,False
feature-58667-909--0.1-notebook-0.6-128,feature-58667,909,-0.1,2,generated,88,0,0.11387141048908234,0.11781380621885712,0.9553171680732206,0.30536987632513046,0.005182251577604224,89,False
feature-58667-909--0.2-notebook-0.6-128,feature-58667,909,-0.2,1,prompt,91,0,0.22774282097816467,0.22958335624291346,0.9902940209095294,0.13927941155302656,0.010747327925675744,81,False
feature-58667-909--0.2-notebook-0.6-128,feature-58667,909,-0.2,1,generated,80,0,0.22774282097816467,0.23022200278937816,0.9878427527844906,0.15643243854865432,0.010285494686104357,81,False
feature-58667-909--0.2-notebook-0.6-128,feature-58667,909,-0.2,2,prompt,203,0,0.22774282097816467,0.2298113051893676,0.9893806209705146,0.14562426584547963,0.010659480114608516,89,False
feature-58667-909--0.2-notebook-0.6-128,feature-58667,909,-0.2,2,generated,88,0,0.22774282097816467,0.23030002957040613,0.987148096615618,0.16124943982471118,0.010130410495383496,89,False
feature-58667-909--0.3-notebook-0.6-128,feature-58667,909,-0.3,1,prompt,91,0,0.3416142463684082,0.3427952318401127,0.9955438991169353,0.09414225497416087,0.016047506799133353,128,True
feature-58667-909--0.3-notebook-0.6-128,feature-58667,909,-0.3,1,generated,127,0,0.3416142463684082,0.3431041864898261,0.9944034462838661,0.10568650207650943,0.015186299855901501,128,True
feature-58667-909--0.3-notebook-0.6-128,feature-58667,909,-0.3,2,prompt,251,0,0.3416142463684082,0.34294045838226833,0.995004060496372,0.0995277739853498,0.0158066216089106,72,False
feature-58667-909--0.3-notebook-0.6-128,feature-58667,909,-0.3,2,generated,71,0,0.3416142463684082,0.3433056524102117,0.9940037895256365,0.10959402073017309,0.015193022512109347,72,False
feature-58667-909--0.4-notebook-0.6-128,feature-58667,909,-0.4,1,prompt,91,0,0.45548564195632935,0.45656404488689295,0.9974238440230653,0.07152408774901223,0.02137434162432328,128,True
feature-58667-909--0.4-notebook-0.6-128,feature-58667,909,-0.4,1,generated,127,0,0.45548564195632935,0.4568953849668578,0.9968089489486274,0.07977764355385397,0.020223409098785693,128,True
feature-58667-909--0.4-notebook-0.6-128,feature-58667,909,-0.4,2,prompt,251,0,0.45548564195632935,0.45672164898944567,0.9971361378749528,0.07531463427550764,0.02105183073897397,72,False
feature-58667-909--0.4-notebook-0.6-128,feature-58667,909,-0.4,2,generated,71,0,0.45548564195632935,0.45688753228792,0.9965957025407066,0.08245928491085348,0.020219732600618417,72,False
feature-58667-909--0.5-notebook-0.6-128,feature-58667,909,-0.5,1,prompt,91,0,0.5693570375442505,0.5702418010313433,0.998332434958154,0.05747552064585162,0.026695463432838303,128,True
feature-58667-909--0.5-notebook-0.6-128,feature-58667,909,-0.5,1,generated,127,0,0.5693570971488953,0.5704818419584139,0.9979293299472238,0.06422278032762797,0.025251140348671926,128,True
feature-58667-909--0.5-notebook-0.6-128,feature-58667,909,-0.5,2,prompt,251,0,0.5693570375442505,0.5703671327625138,0.9981433388246483,0.06059799309211423,0.026289830954589574,72,False
feature-58667-909--0.5-notebook-0.6-128,feature-58667,909,-0.5,2,generated,71,0,0.5693570971488953,0.570630239768767,0.997799276466101,0.0662775634145233,0.02525376502267072,72,False
feature-58667-909--0.6-notebook-0.6-128,feature-58667,909,-0.6,1,prompt,91,0,0.6832284927368164,0.6839216030561007,0.9988488862802695,0.04768370263851606,0.03201809096416192,54,False
feature-58667-909--0.6-notebook-0.6-128,feature-58667,909,-0.6,1,generated,53,0,0.6832284927368164,0.6841894197014143,0.9983721814065609,0.05694257692908341,0.028758247224789747,54,False
feature-58667-909--0.6-notebook-0.6-128,feature-58667,909,-0.6,2,prompt,176,0,0.6832284927368164,0.6840036762031642,0.9987219968302683,0.05009972082916647,0.031579903214482,61,False
feature-58667-909--0.6-notebook-0.6-128,feature-58667,909,-0.6,2,generated,60,0,0.6832284927368164,0.6841793904701868,0.9984054466088613,0.056416467390954496,0.029672169250746568,61,False
feature-58667-909--0.7-notebook-0.6-128,feature-58667,909,-0.7,1,prompt,91,0,0.7970998883247375,0.7978684587793036,0.9991681824673663,0.04048311151564121,0.03735248967595808,97,False
feature-58667-909--0.7-notebook-0.6-128,feature-58667,909,-0.7,1,generated,96,0,0.7970998883247375,0.7980416386077801,0.9989351785431305,0.04606015013996512,0.03487816451039786,97,False
feature-58667-909--0.7-notebook-0.6-128,feature-58667,909,-0.7,2,prompt,219,0,0.7970998883247375,0.7979542302758726,0.9990754903179325,0.042685706831821026,0.03679054580867018,90,False
feature-58667-909--0.7-notebook-0.6-128,feature-58667,909,-0.7,2,generated,89,0,0.7970998883247375,0.7980263561345218,0.9988464117050171,0.047956908644919985,0.03467072452303399,90,False
