direction_id,role,feature_id,matched_target_feature_id,control_panel,sign,transport,source_norm,transported_norm,population_excess_kurtosis,deception_minus_unrelated,group_deception,group_experience,group_hedging,group_honesty,group_intervention,group_roleplay,group_unrelated
sae-target-30032,target,30032,30032,,negative,jacobian,1.2431458234786987,1.6803956031799316,1.8383870124816895,-0.7133789658546448,-1.7073242664337158,0.9088541865348816,-0.6962890625,-1.6003906726837158,0.4025607705116272,-2.6258137226104736,-0.993945300579071
sae-target-30032,target,30032,30032,,negative,identity,1.2431458234786987,1.2431458234786987,0.5453815460205078,-0.4117187634110451,-0.10341797024011612,0.2835286557674408,0.2938598692417145,1.1092346906661987,0.6276177167892456,-0.5974256992340088,0.30830079317092896
sae-target-30032,target,30032,30032,,negative,random_j_1,1.2431458234786987,1.640917420387268,0.2671091556549072,1.4394531548023224,0.20078125596046448,0.1072048619389534,0.5228027701377869,0.8188201785087585,-0.3700086772441864,0.4682074785232544,-1.238671898841858
sae-target-30032,target,30032,30032,,negative,random_j_2,1.2431458234786987,1.625559687614441,0.2526211738586426,0.05878906697034836,0.14287109673023224,-0.0620659738779068,0.4324096739292145,-0.845898449420929,-0.9817708134651184,0.1783854216337204,0.08408202975988388
sae-target-30032,target,30032,30032,,negative,random_j_3,1.2431458234786987,1.6659150123596191,0.2547426223754883,-1.583984375,-1.7109375,-0.4073350727558136,-0.96728515625,-0.15523682534694672,-0.2569037675857544,-1.3116217851638794,-0.126953125
sae-target-30032,target,30032,30032,,negative,random_j_4,1.2431458234786987,1.5991253852844238,0.28625917434692383,-0.15424805600196123,-0.16811524331569672,-0.1878255158662796,-1.295312523841858,-0.12155761569738388,-1.0344510078430176,-0.4754774272441864,-0.013867187313735485
sae-target-30032,target,30032,30032,,negative,random_j_5,1.2431458234786987,1.6844258308410645,0.2406754493713379,-0.9371093772351742,-0.88134765625,-0.7866753339767456,-0.947094738483429,1.4033936262130737,0.3041449785232544,0.625,0.05576172098517418
sae-target-30032,target,30032,30032,,positive,jacobian,1.2431458234786987,1.6803956031799316,1.8383870124816895,0.7133789658546448,1.7073242664337158,-0.9088541865348816,0.6962890625,1.6003906726837158,-0.4025607705116272,2.6258137226104736,0.993945300579071
sae-target-30032,target,30032,30032,,positive,identity,1.2431458234786987,1.2431458234786987,0.5453815460205078,0.4117187634110451,0.10341797024011612,-0.2835286557674408,-0.2938598692417145,-1.1092346906661987,-0.6276177167892456,0.5974256992340088,-0.30830079317092896
sae-target-30032,target,30032,30032,,positive,random_j_1,1.2431458234786987,1.640917420387268,0.2671091556549072,-1.4394531548023224,-0.20078125596046448,-0.1072048619389534,-0.5228027701377869,-0.8188201785087585,0.3700086772441864,-0.4682074785232544,1.238671898841858
sae-target-30032,target,30032,30032,,positive,random_j_2,1.2431458234786987,1.625559687614441,0.2526211738586426,-0.05878906697034836,-0.14287109673023224,0.0620659738779068,-0.4324096739292145,0.845898449420929,0.9817708134651184,-0.1783854216337204,-0.08408202975988388
sae-target-30032,target,30032,30032,,positive,random_j_3,1.2431458234786987,1.6659150123596191,0.2547426223754883,1.583984375,1.7109375,0.4073350727558136,0.96728515625,0.15523682534694672,0.2569037675857544,1.3116217851638794,0.126953125
sae-target-30032,target,30032,30032,,positive,random_j_4,1.2431458234786987,1.5991253852844238,0.28625917434692383,0.15424805600196123,0.16811524331569672,0.1878255158662796,1.295312523841858,0.12155761569738388,1.0344510078430176,0.4754774272441864,0.013867187313735485
sae-target-30032,target,30032,30032,,positive,random_j_5,1.2431458234786987,1.6844258308410645,0.2406754493713379,0.9371093772351742,0.88134765625,0.7866753339767456,0.947094738483429,-1.4033936262130737,-0.3041449785232544,-0.625,-0.05576172098517418
sae-control-p1-26041,matched_control,26041,30032,1,negative,jacobian,1.243394136428833,1.8094311952590942,1.8930916786193848,1.592187575995922,1.5017822980880737,-0.1177300363779068,-0.30659180879592896,0.7342773675918579,-0.8612602949142456,-1.939670205116272,-0.09040527790784836
sae-control-p1-26041,matched_control,26041,30032,1,negative,identity,1.243394136428833,1.243394136428833,0.7352817058563232,-0.16953126341104507,0.11542969197034836,-0.12109375,-0.4959929585456848,-0.43525391817092896,-0.4281684160232544,-1.7356771230697632,0.28496095538139343
sae-control-p1-26041,matched_control,26041,30032,1,negative,random_j_1,1.243394136428833,1.6922636032104492,0.24252939224243164,1.431103527545929,0.5541015863418579,0.2154947966337204,-0.04902343824505806,0.19609375298023224,0.108778215944767,-0.158203125,-0.877001941204071
sae-control-p1-26041,matched_control,26041,30032,1,negative,random_j_2,1.243394136428833,1.6511591672897339,0.29622483253479004,0.26374513655900955,0.34648439288139343,0.1440972238779068,0.40498048067092896,-0.03242187574505806,-0.476128488779068,0.0582682304084301,0.08273925632238388
sae-control-p1-26041,matched_control,26041,30032,1,negative,random_j_3,1.243394136428833,1.6331406831741333,0.22287917137145996,-0.2519531324505806,-0.18007813394069672,1.0752631425857544,-1.3259766101837158,-0.74798583984375,-0.6043837070465088,0.1436089426279068,0.07187499850988388
sae-control-p1-26041,matched_control,26041,30032,1,negative,random_j_4,1.243394136428833,1.703296184539795,0.2757139205932617,0.761035144329071,0.3192382752895355,0.6208767294883728,-0.964648425579071,-0.2632812559604645,-0.012803819961845875,-0.4229600727558136,-0.4417968690395355
sae-control-p1-26041,matched_control,26041,30032,1,negative,random_j_5,1.243394136428833,1.5727636814117432,0.2829461097717285,0.026269525289535522,0.22539062798023224,0.8971354365348816,1.548181176185608,0.8822265863418579,0.01641337014734745,0.665147602558136,0.19912110269069672
sae-control-p1-26041,matched_control,26041,30032,1,positive,jacobian,1.243394136428833,1.8094311952590942,1.8930916786193848,-1.592187575995922,-1.5017822980880737,0.1177300363779068,0.30659180879592896,-0.7342773675918579,0.8612602949142456,1.939670205116272,0.09040527790784836
sae-control-p1-26041,matched_control,26041,30032,1,positive,identity,1.243394136428833,1.243394136428833,0.7352817058563232,0.16953126341104507,-0.11542969197034836,0.12109375,0.4959929585456848,0.43525391817092896,0.4281684160232544,1.7356771230697632,-0.28496095538139343
sae-control-p1-26041,matched_control,26041,30032,1,positive,random_j_1,1.243394136428833,1.6922636032104492,0.24252939224243164,-1.431103527545929,-0.5541015863418579,-0.2154947966337204,0.04902343824505806,-0.19609375298023224,-0.108778215944767,0.158203125,0.877001941204071
sae-control-p1-26041,matched_control,26041,30032,1,positive,random_j_2,1.243394136428833,1.6511591672897339,0.29622483253479004,-0.26374513655900955,-0.34648439288139343,-0.1440972238779068,-0.40498048067092896,0.03242187574505806,0.476128488779068,-0.0582682304084301,-0.08273925632238388
sae-control-p1-26041,matched_control,26041,30032,1,positive,random_j_3,1.243394136428833,1.6331406831741333,0.22287917137145996,0.2519531324505806,0.18007813394069672,-1.0752631425857544,1.3259766101837158,0.74798583984375,0.6043837070465088,-0.1436089426279068,-0.07187499850988388
sae-control-p1-26041,matched_control,26041,30032,1,positive,random_j_4,1.243394136428833,1.703296184539795,0.2757139205932617,-0.761035144329071,-0.3192382752895355,-0.6208767294883728,0.964648425579071,0.2632812559604645,0.012803819961845875,0.4229600727558136,0.4417968690395355
sae-control-p1-26041,matched_control,26041,30032,1,positive,random_j_5,1.243394136428833,1.5727636814117432,0.2829461097717285,-0.026269525289535522,-0.22539062798023224,-0.8971354365348816,-1.548181176185608,-0.8822265863418579,-0.01641337014734745,-0.665147602558136,-0.19912110269069672
sae-control-p2-16004,matched_control,16004,30032,2,negative,jacobian,1.2436217069625854,1.7201160192489624,1.5506367683410645,-2.5009154677391052,-2.924999952316284,-1.5633680820465088,-1.71875,-3.909374952316284,-1.3775228261947632,-1.564670205116272,-0.42408448457717896
sae-control-p2-16004,matched_control,16004,30032,2,negative,identity,1.2436217069625854,1.2436217069625854,0.42172956466674805,-0.8598389029502869,-0.44316408038139343,0.3565538227558136,1.8489258289337158,-1.3673828840255737,0.697265625,-0.28125,0.41667482256889343
sae-control-p2-16004,matched_control,16004,30032,2,negative,random_j_1,1.2436217069625854,1.6575318574905396,0.26734304428100586,0.9630370959639549,0.853564441204071,0.5012885332107544,-0.2998046875,-0.6898437738418579,-0.2496202290058136,1.1408963203430176,-0.10947265475988388
sae-control-p2-16004,matched_control,16004,30032,2,negative,random_j_2,1.2436217069625854,1.581123948097229,0.27204442024230957,-0.74560546875,-0.4579101502895355,-0.4007161557674408,-0.8841797113418579,0.17705078423023224,-1.67578125,-0.2154947966337204,0.2876953184604645
sae-control-p2-16004,matched_control,16004,30032,2,negative,random_j_3,1.2436217069625854,1.6387990713119507,0.26631689071655273,-0.5069335699081421,0.46601563692092896,0.3873155415058136,0.971484363079071,-1.450537085533142,0.1506076455116272,0.390625,0.972949206829071
sae-control-p2-16004,matched_control,16004,30032,2,negative,random_j_4,1.2436217069625854,1.610161542892456,0.287182092666626,-0.07623901963233948,0.335723876953125,0.2491319477558136,0.3578124940395355,-0.9590820670127869,0.0547417551279068,0.3719618022441864,0.4119628965854645
sae-control-p2-16004,matched_control,16004,30032,2,negative,random_j_5,1.2436217069625854,1.6125191450119019,0.28427886962890625,-0.20814207196235657,0.26539307832717896,0.1098090261220932,0.3040527403354645,-1.4596680402755737,-0.02094184048473835,0.2765299379825592,0.4735351502895355
sae-control-p2-16004,matched_control,16004,30032,2,positive,jacobian,1.2436217069625854,1.7201160192489624,1.5506367683410645,2.5009154677391052,2.924999952316284,1.5633680820465088,1.71875,3.909374952316284,1.3775228261947632,1.564670205116272,0.42408448457717896
sae-control-p2-16004,matched_control,16004,30032,2,positive,identity,1.2436217069625854,1.2436217069625854,0.42172956466674805,0.8598389029502869,0.44316408038139343,-0.3565538227558136,-1.8489258289337158,1.3673828840255737,-0.697265625,0.28125,-0.41667482256889343
sae-control-p2-16004,matched_control,16004,30032,2,positive,random_j_1,1.2436217069625854,1.6575318574905396,0.26734304428100586,-0.9630370959639549,-0.853564441204071,-0.5012885332107544,0.2998046875,0.6898437738418579,0.2496202290058136,-1.1408963203430176,0.10947265475988388
sae-control-p2-16004,matched_control,16004,30032,2,positive,random_j_2,1.2436217069625854,1.581123948097229,0.27204442024230957,0.74560546875,0.4579101502895355,0.4007161557674408,0.8841797113418579,-0.17705078423023224,1.67578125,0.2154947966337204,-0.2876953184604645
sae-control-p2-16004,matched_control,16004,30032,2,positive,random_j_3,1.2436217069625854,1.6387990713119507,0.26631689071655273,0.5069335699081421,-0.46601563692092896,-0.3873155415058136,-0.971484363079071,1.450537085533142,-0.1506076455116272,-0.390625,-0.972949206829071
sae-control-p2-16004,matched_control,16004,30032,2,positive,random_j_4,1.2436217069625854,1.610161542892456,0.287182092666626,0.07623901963233948,-0.335723876953125,-0.2491319477558136,-0.3578124940395355,0.9590820670127869,-0.0547417551279068,-0.3719618022441864,-0.4119628965854645
sae-control-p2-16004,matched_control,16004,30032,2,positive,random_j_5,1.2436217069625854,1.6125191450119019,0.28427886962890625,0.20814207196235657,-0.26539307832717896,-0.1098090261220932,-0.3040527403354645,1.4596680402755737,0.02094184048473835,-0.2765299379825592,-0.4735351502895355
sae-control-p3-64365,matched_control,64365,30032,3,negative,jacobian,1.243656039237976,1.6326570510864258,1.787269115447998,0.012011736631393433,0.5015625357627869,0.4071858823299408,0.545117199420929,0.8497070670127869,0.4012586772441864,0.6673176884651184,0.48955079913139343
sae-control-p3-64365,matched_control,64365,30032,3,negative,identity,1.243656039237976,1.243656039237976,0.7296195030212402,-0.5445068180561066,0.30900880694389343,0.5279948115348816,0.22441406548023224,0.3779296875,0.1928168386220932,0.4972602128982544,0.853515625
sae-control-p3-64365,matched_control,64365,30032,3,negative,random_j_1,1.243656039237976,1.6027743816375732,0.24289155006408691,0.0361328125,-0.6292968988418579,-0.3346354067325592,0.23911133408546448,-1.0802735090255737,-0.0772569477558136,-0.4435763955116272,-0.6654297113418579
sae-control-p3-64365,matched_control,64365,30032,3,negative,random_j_2,1.243656039237976,1.555647850036621,0.2691001892089844,0.949877917766571,0.25439453125,-0.2360026091337204,1.012304663658142,0.76806640625,0.014756944961845875,-1.1050347089767456,-0.695483386516571
sae-control-p3-64365,matched_control,64365,30032,3,negative,random_j_3,1.243656039237976,1.596603512763977,0.23172807693481445,-0.03974607586860657,0.37626954913139343,-0.2105034738779068,1.0706055164337158,-0.567138671875,-0.8849826455116272,0.5423176884651184,0.416015625
sae-control-p3-64365,matched_control,64365,30032,3,negative,random_j_4,1.243656039237976,1.6039652824401855,0.3164806365966797,0.09819336235523224,-0.09375,0.3202039897441864,-0.04707031324505806,-0.20234374701976776,-0.1206597238779068,-0.627227783203125,-0.19194336235523224
sae-control-p3-64365,matched_control,64365,30032,3,negative,random_j_5,1.243656039237976,1.646432638168335,0.24165940284729004,0.6698242276906967,0.17036132514476776,0.4500868022441864,0.806103527545929,0.39472657442092896,1.7565103769302368,0.8357204794883728,-0.49946290254592896
sae-control-p3-64365,matched_control,64365,30032,3,positive,jacobian,1.243656039237976,1.6326570510864258,1.787269115447998,-0.012011736631393433,-0.5015625357627869,-0.4071858823299408,-0.545117199420929,-0.8497070670127869,-0.4012586772441864,-0.6673176884651184,-0.48955079913139343
sae-control-p3-64365,matched_control,64365,30032,3,positive,identity,1.243656039237976,1.243656039237976,0.7296195030212402,0.5445068180561066,-0.30900880694389343,-0.5279948115348816,-0.22441406548023224,-0.3779296875,-0.1928168386220932,-0.4972602128982544,-0.853515625
sae-control-p3-64365,matched_control,64365,30032,3,positive,random_j_1,1.243656039237976,1.6027743816375732,0.24289155006408691,-0.0361328125,0.6292968988418579,0.3346354067325592,-0.23911133408546448,1.0802735090255737,0.0772569477558136,0.4435763955116272,0.6654297113418579
sae-control-p3-64365,matched_control,64365,30032,3,positive,random_j_2,1.243656039237976,1.555647850036621,0.2691001892089844,-0.949877917766571,-0.25439453125,0.2360026091337204,-1.012304663658142,-0.76806640625,-0.014756944961845875,1.1050347089767456,0.695483386516571
sae-control-p3-64365,matched_control,64365,30032,3,positive,random_j_3,1.243656039237976,1.596603512763977,0.23172807693481445,0.03974607586860657,-0.37626954913139343,0.2105034738779068,-1.0706055164337158,0.567138671875,0.8849826455116272,-0.5423176884651184,-0.416015625
sae-control-p3-64365,matched_control,64365,30032,3,positive,random_j_4,1.243656039237976,1.6039652824401855,0.3164806365966797,-0.09819336235523224,0.09375,-0.3202039897441864,0.04707031324505806,0.20234374701976776,0.1206597238779068,0.627227783203125,0.19194336235523224
sae-control-p3-64365,matched_control,64365,30032,3,positive,random_j_5,1.243656039237976,1.646432638168335,0.24165940284729004,-0.6698242276906967,-0.17036132514476776,-0.4500868022441864,-0.806103527545929,-0.39472657442092896,-1.7565103769302368,-0.8357204794883728,0.49946290254592896
random-residual-for-30032,isotropic_control,,30032,,negative,jacobian,1.2431056499481201,1.6479432582855225,0.31061816215515137,0.9996094480156898,1.0790528059005737,0.8273654580116272,-1.0933105945587158,-1.48828125,0.848741352558136,1.3084852695465088,0.07944335788488388
random-residual-for-30032,isotropic_control,,30032,,negative,identity,1.2431056499481201,1.2431056499481201,0.2907438278198242,-1.133056640625,-1.180419921875,1.2707791328430176,-0.3814453184604645,-1.2300293445587158,0.5431044101715088,0.091688372194767,-0.04736328125
random-residual-for-30032,isotropic_control,,30032,,negative,random_j_1,1.2431056499481201,1.6549649238586426,0.2453327178955078,-2.0705749467015266,-2.181121826171875,-0.327690988779068,-0.03162841871380806,-0.25664064288139343,0.5414496660232544,0.1529947966337204,-0.11054687947034836
random-residual-for-30032,isotropic_control,,30032,,negative,random_j_2,1.2431056499481201,1.589714765548706,0.31557488441467285,-1.8856445252895355,-1.455664038658142,0.232204869389534,-0.3623046875,-0.737011730670929,0.273003488779068,-1.3607856035232544,0.42998048663139343
random-residual-for-30032,isotropic_control,,30032,,negative,random_j_3,1.2431056499481201,1.592556118965149,0.24576425552368164,-0.1547851264476776,-0.647509753704071,-0.1380208283662796,-0.26201173663139343,-1.1696289777755737,0.5047743320465088,0.002170138992369175,-0.49272462725639343
random-residual-for-30032,isotropic_control,,30032,,negative,random_j_4,1.2431056499481201,1.6459938287734985,0.28855156898498535,0.5023681819438934,0.7544922232627869,0.9051649570465088,-0.821972668170929,1.0125000476837158,0.3181966245174408,0.4748263955116272,0.25212404131889343
random-residual-for-30032,isotropic_control,,30032,,negative,random_j_5,1.2431056499481201,1.6382482051849365,0.2677183151245117,1.0846679955720901,0.16289062798023224,-0.3977864682674408,1.174414038658142,0.6102051138877869,0.267578125,0.4128689169883728,-0.9217773675918579
random-residual-for-30032,isotropic_control,,30032,,positive,jacobian,1.2431056499481201,1.6479432582855225,0.31061816215515137,-0.9996094480156898,-1.0790528059005737,-0.8273654580116272,1.0933105945587158,1.48828125,-0.848741352558136,-1.3084852695465088,-0.07944335788488388
random-residual-for-30032,isotropic_control,,30032,,positive,identity,1.2431056499481201,1.2431056499481201,0.2907438278198242,1.133056640625,1.180419921875,-1.2707791328430176,0.3814453184604645,1.2300293445587158,-0.5431044101715088,-0.091688372194767,0.04736328125
random-residual-for-30032,isotropic_control,,30032,,positive,random_j_1,1.2431056499481201,1.6549649238586426,0.2453327178955078,2.0705749467015266,2.181121826171875,0.327690988779068,0.03162841871380806,0.25664064288139343,-0.5414496660232544,-0.1529947966337204,0.11054687947034836
random-residual-for-30032,isotropic_control,,30032,,positive,random_j_2,1.2431056499481201,1.589714765548706,0.31557488441467285,1.8856445252895355,1.455664038658142,-0.232204869389534,0.3623046875,0.737011730670929,-0.273003488779068,1.3607856035232544,-0.42998048663139343
random-residual-for-30032,isotropic_control,,30032,,positive,random_j_3,1.2431056499481201,1.592556118965149,0.24576425552368164,0.1547851264476776,0.647509753704071,0.1380208283662796,0.26201173663139343,1.1696289777755737,-0.5047743320465088,-0.002170138992369175,0.49272462725639343
random-residual-for-30032,isotropic_control,,30032,,positive,random_j_4,1.2431056499481201,1.6459938287734985,0.28855156898498535,-0.5023681819438934,-0.7544922232627869,-0.9051649570465088,0.821972668170929,-1.0125000476837158,-0.3181966245174408,-0.4748263955116272,-0.25212404131889343
random-residual-for-30032,isotropic_control,,30032,,positive,random_j_5,1.2431056499481201,1.6382482051849365,0.2677183151245117,-1.0846679955720901,-0.16289062798023224,0.3977864682674408,-1.174414038658142,-0.6102051138877869,-0.267578125,-0.4128689169883728,0.9217773675918579
sae-target-58667,target,58667,58667,,negative,jacobian,1.1387141942977905,1.9052666425704956,5.57034969329834,-10.851611346006393,-10.6015625,0.2020399272441864,-0.6785187125205994,-2.5171875953674316,-2.4773221015930176,-10.088541984558105,0.25004884600639343
sae-target-58667,target,58667,58667,,negative,identity,1.1387141942977905,1.1387141942977905,0.6626121997833252,-0.9571289271116257,-0.783398449420929,0.8526204228401184,0.4014648497104645,0.22607421875,-0.1564670205116272,-2.5643718242645264,0.17373047769069672
sae-target-58667,target,58667,58667,,negative,random_j_1,1.1387141942977905,1.4941935539245605,0.28698158264160156,-1.3288894891738892,-0.785839855670929,-0.0008680555620230734,-0.05800781399011612,-0.27460938692092896,1.4895833730697632,0.433159738779068,0.5430496335029602
sae-target-58667,target,58667,58667,,negative,random_j_2,1.1387141942977905,1.4685535430908203,0.2777540683746338,1.6914063096046448,1.0984375476837158,-0.6656901240348816,0.4132324159145355,-0.2138671875,-0.6267361044883728,0.2272406667470932,-0.592968761920929
sae-target-58667,target,58667,58667,,negative,random_j_3,1.1387141942977905,1.4673666954040527,0.2864859104156494,-1.643798828125,-0.907666027545929,-0.159939244389534,0.16567383706569672,-0.617871105670929,-0.4359809160232544,-0.945421040058136,0.736132800579071
sae-target-58667,target,58667,58667,,negative,random_j_4,1.1387141942977905,1.500856876373291,0.2752101421356201,-0.9386475086212158,-0.5888428092002869,-0.934678852558136,1.544042944908142,0.9024414420127869,-0.2708333432674408,0.3305121660232544,0.34980469942092896
sae-target-58667,target,58667,58667,,negative,random_j_5,1.1387141942977905,1.591498851776123,0.2632410526275635,0.5865234471857548,-0.03623047098517418,-0.2985025942325592,-0.2660156190395355,-0.46416017413139343,-1.1399739980697632,0.5807834267616272,-0.622753918170929
sae-target-58667,target,58667,58667,,positive,jacobian,1.1387141942977905,1.9052666425704956,5.57034969329834,10.851611346006393,10.6015625,-0.2020399272441864,0.6785187125205994,2.5171875953674316,2.4773221015930176,10.088541984558105,-0.25004884600639343
sae-target-58667,target,58667,58667,,positive,identity,1.1387141942977905,1.1387141942977905,0.6626121997833252,0.9571289271116257,0.783398449420929,-0.8526204228401184,-0.4014648497104645,-0.22607421875,0.1564670205116272,2.5643718242645264,-0.17373047769069672
sae-target-58667,target,58667,58667,,positive,random_j_1,1.1387141942977905,1.4941935539245605,0.28698158264160156,1.3288894891738892,0.785839855670929,0.0008680555620230734,0.05800781399011612,0.27460938692092896,-1.4895833730697632,-0.433159738779068,-0.5430496335029602
sae-target-58667,target,58667,58667,,positive,random_j_2,1.1387141942977905,1.4685535430908203,0.2777540683746338,-1.6914063096046448,-1.0984375476837158,0.6656901240348816,-0.4132324159145355,0.2138671875,0.6267361044883728,-0.2272406667470932,0.592968761920929
sae-target-58667,target,58667,58667,,positive,random_j_3,1.1387141942977905,1.4673666954040527,0.2864859104156494,1.643798828125,0.907666027545929,0.159939244389534,-0.16567383706569672,0.617871105670929,0.4359809160232544,0.945421040058136,-0.736132800579071
sae-target-58667,target,58667,58667,,positive,random_j_4,1.1387141942977905,1.500856876373291,0.2752101421356201,0.9386475086212158,0.5888428092002869,0.934678852558136,-1.544042944908142,-0.9024414420127869,0.2708333432674408,-0.3305121660232544,-0.34980469942092896
sae-target-58667,target,58667,58667,,positive,random_j_5,1.1387141942977905,1.591498851776123,0.2632410526275635,-0.5865234471857548,0.03623047098517418,0.2985025942325592,0.2660156190395355,0.46416017413139343,1.1399739980697632,-0.5807834267616272,0.622753918170929
sae-control-p1-11872,matched_control,11872,58667,1,negative,jacobian,1.1387449502944946,1.5679606199264526,1.6102337837219238,1.6638672351837158,-0.0478515625,-0.310112863779068,-0.8169922232627869,0.04892578348517418,-0.9539930820465088,-1.9116753339767456,-1.7117187976837158
sae-control-p1-11872,matched_control,11872,58667,1,negative,identity,1.1387449502944946,1.1387449502944946,0.7205061912536621,-0.24277343740686774,-0.23681640625,0.9839409589767456,0.05800781399011612,0.3175048828125,-0.9623481035232544,-1.5166829824447632,0.0059570311568677425
sae-control-p1-11872,matched_control,11872,58667,1,negative,random_j_1,1.1387449502944946,1.5116689205169678,0.3100411891937256,1.1018554866313934,0.848828136920929,1.3902994394302368,0.1728515625,0.26118165254592896,-0.7428385615348816,0.849609375,-0.2530273497104645
sae-control-p1-11872,matched_control,11872,58667,1,negative,random_j_2,1.1387449502944946,1.5189999341964722,0.2850632667541504,-0.6696045100688934,-0.22509765625,-0.4379340410232544,-0.32539063692092896,-1.2472656965255737,-0.526475727558136,-0.1999918669462204,0.44450685381889343
sae-control-p1-11872,matched_control,11872,58667,1,negative,random_j_3,1.1387449502944946,1.539176344871521,0.3001866340637207,1.024084448814392,1.402014136314392,0.1834852397441864,0.4427734315395355,0.664746105670929,-0.1206597238779068,-0.5372314453125,0.3779296875
sae-control-p1-11872,matched_control,11872,58667,1,negative,random_j_4,1.1387449502944946,1.4939148426055908,0.27120065689086914,1.463476538658142,0.809374988079071,1.4791666269302368,-0.24140624701976776,1.064843773841858,-0.1072048619389534,0.2848307192325592,-0.654101550579071
sae-control-p1-11872,matched_control,11872,58667,1,negative,random_j_5,1.1387449502944946,1.476481556892395,0.2769603729248047,1.28271484375,0.83984375,1.3832465410232544,-0.02167968824505806,-0.594409167766571,-0.010416666977107525,0.7070041298866272,-0.44287109375
sae-control-p1-11872,matched_control,11872,58667,1,positive,jacobian,1.1387449502944946,1.5679606199264526,1.6102337837219238,-1.6638672351837158,0.0478515625,0.310112863779068,0.8169922232627869,-0.04892578348517418,0.9539930820465088,1.9116753339767456,1.7117187976837158
sae-control-p1-11872,matched_control,11872,58667,1,positive,identity,1.1387449502944946,1.1387449502944946,0.7205061912536621,0.24277343740686774,0.23681640625,-0.9839409589767456,-0.05800781399011612,-0.3175048828125,0.9623481035232544,1.5166829824447632,-0.0059570311568677425
sae-control-p1-11872,matched_control,11872,58667,1,positive,random_j_1,1.1387449502944946,1.5116689205169678,0.3100411891937256,-1.1018554866313934,-0.848828136920929,-1.3902994394302368,-0.1728515625,-0.26118165254592896,0.7428385615348816,-0.849609375,0.2530273497104645
sae-control-p1-11872,matched_control,11872,58667,1,positive,random_j_2,1.1387449502944946,1.5189999341964722,0.2850632667541504,0.6696045100688934,0.22509765625,0.4379340410232544,0.32539063692092896,1.2472656965255737,0.526475727558136,0.1999918669462204,-0.44450685381889343
sae-control-p1-11872,matched_control,11872,58667,1,positive,random_j_3,1.1387449502944946,1.539176344871521,0.3001866340637207,-1.024084448814392,-1.402014136314392,-0.1834852397441864,-0.4427734315395355,-0.664746105670929,0.1206597238779068,0.5372314453125,-0.3779296875
sae-control-p1-11872,matched_control,11872,58667,1,positive,random_j_4,1.1387449502944946,1.4939148426055908,0.27120065689086914,-1.463476538658142,-0.809374988079071,-1.4791666269302368,0.24140624701976776,-1.064843773841858,0.1072048619389534,-0.2848307192325592,0.654101550579071
sae-control-p1-11872,matched_control,11872,58667,1,positive,random_j_5,1.1387449502944946,1.476481556892395,0.2769603729248047,-1.28271484375,-0.83984375,-1.3832465410232544,0.02167968824505806,0.594409167766571,0.010416666977107525,-0.7070041298866272,0.44287109375
sae-control-p2-7182,matched_control,7182,58667,2,negative,jacobian,1.1392185688018799,1.3834694623947144,0.12210369110107422,-0.00815427303314209,0.503369152545929,0.303765207529068,1.3427246809005737,0.8924804925918579,0.0384114570915699,0.9009331464767456,0.511523425579071
sae-control-p2-7182,matched_control,7182,58667,2,negative,identity,1.1392185688018799,1.1392185688018799,0.3355989456176758,0.08544921875,0.20849609375,-1.1002603769302368,0.1611328125,1.43310546875,-0.690049946308136,0.11328125,0.123046875
sae-control-p2-7182,matched_control,7182,58667,2,negative,random_j_1,1.1392185688018799,1.4794785976409912,0.2751944065093994,-0.48118898272514343,-0.34858399629592896,-0.4844835102558136,-0.521289050579071,0.835498034954071,0.2367621511220932,0.00434027798473835,0.13260498642921448
sae-control-p2-7182,matched_control,7182,58667,2,negative,random_j_2,1.1392185688018799,1.488011360168457,0.24303412437438965,0.06861571967601776,0.12119140475988388,1.1742621660232544,0.7100586295127869,-0.09921874850988388,-0.4842664897441864,0.7141926884651184,0.05257568508386612
sae-control-p2-7182,matched_control,7182,58667,2,negative,random_j_3,1.1392185688018799,1.5189154148101807,0.23681282997131348,1.0221924185752869,0.515698254108429,0.4280056357383728,-1.2781250476837158,0.11796875298023224,-0.2505967915058136,-0.74609375,-0.5064941644668579
sae-control-p2-7182,matched_control,7182,58667,2,negative,random_j_4,1.1392185688018799,1.4715137481689453,0.26964902877807617,0.5090698413550854,0.05955810472369194,1.0716146230697632,-0.28632813692092896,-0.35484620928764343,-0.228515625,0.1729600727558136,-0.44951173663139343
sae-control-p2-7182,matched_control,7182,58667,2,negative,random_j_5,1.1392185688018799,1.4913585186004639,0.273998498916626,0.7968017309904099,-0.21208496391773224,0.3108724057674408,0.6578125357627869,-1.0929688215255737,-0.0594618059694767,1.0379232168197632,-1.008886694908142
sae-control-p2-7182,matched_control,7182,58667,2,positive,jacobian,1.1392185688018799,1.3834694623947144,0.12210369110107422,0.00815427303314209,-0.503369152545929,-0.303765207529068,-1.3427246809005737,-0.8924804925918579,-0.0384114570915699,-0.9009331464767456,-0.511523425579071
sae-control-p2-7182,matched_control,7182,58667,2,positive,identity,1.1392185688018799,1.1392185688018799,0.3355989456176758,-0.08544921875,-0.20849609375,1.1002603769302368,-0.1611328125,-1.43310546875,0.690049946308136,-0.11328125,-0.123046875
sae-control-p2-7182,matched_control,7182,58667,2,positive,random_j_1,1.1392185688018799,1.4794785976409912,0.2751944065093994,0.48118898272514343,0.34858399629592896,0.4844835102558136,0.521289050579071,-0.835498034954071,-0.2367621511220932,-0.00434027798473835,-0.13260498642921448
sae-control-p2-7182,matched_control,7182,58667,2,positive,random_j_2,1.1392185688018799,1.488011360168457,0.24303412437438965,-0.06861571967601776,-0.12119140475988388,-1.1742621660232544,-0.7100586295127869,0.09921874850988388,0.4842664897441864,-0.7141926884651184,-0.05257568508386612
sae-control-p2-7182,matched_control,7182,58667,2,positive,random_j_3,1.1392185688018799,1.5189154148101807,0.23681282997131348,-1.0221924185752869,-0.515698254108429,-0.4280056357383728,1.2781250476837158,-0.11796875298023224,0.2505967915058136,0.74609375,0.5064941644668579
sae-control-p2-7182,matched_control,7182,58667,2,positive,random_j_4,1.1392185688018799,1.4715137481689453,0.26964902877807617,-0.5090698413550854,-0.05955810472369194,-1.0716146230697632,0.28632813692092896,0.35484620928764343,0.228515625,-0.1729600727558136,0.44951173663139343
sae-control-p2-7182,matched_control,7182,58667,2,positive,random_j_5,1.1392185688018799,1.4913585186004639,0.273998498916626,-0.7968017309904099,0.21208496391773224,-0.3108724057674408,-0.6578125357627869,1.0929688215255737,0.0594618059694767,-1.0379232168197632,1.008886694908142
sae-control-p3-1364,matched_control,1364,58667,3,negative,jacobian,1.13773512840271,1.4767783880233765,1.415562629699707,-2.215283155441284,-2.023632764816284,-0.647569477558136,-1.394921898841858,-0.548828125,-1.8580728769302368,-1.8282334804534912,0.191650390625
sae-control-p3-1364,matched_control,1364,58667,3,negative,identity,1.13773512840271,1.13773512840271,0.3556406497955322,-1.075732447206974,-0.9750000238418579,1.052951455116272,-0.37675783038139343,-0.107666015625,-0.6054213047027588,-0.394097238779068,0.10073242336511612
sae-control-p3-1364,matched_control,1364,58667,3,negative,random_j_1,1.13773512840271,1.5156232118606567,0.2677159309387207,0.21513673663139343,-0.13671875,-0.7944607138633728,-0.689453125,0.3335937559604645,-0.212673619389534,0.01019965298473835,-0.35185548663139343
sae-control-p3-1364,matched_control,1364,58667,3,negative,random_j_2,1.13773512840271,1.5430595874786377,0.2939159870147705,2.183782994747162,1.378320336341858,-0.1226128488779068,0.0689697265625,1.431005835533142,-1.1680772304534912,-0.5017361044883728,-0.805462658405304
sae-control-p3-1364,matched_control,1364,58667,3,negative,random_j_3,1.13773512840271,1.4589093923568726,0.2880830764770508,0.17912597954273224,0.0867919921875,0.4936184287071228,-0.27949219942092896,-1.406640648841858,-0.2890625,0.5848524570465088,-0.09233398735523224
sae-control-p3-1364,matched_control,1364,58667,3,negative,random_j_4,1.13773512840271,1.4474419355392456,0.23191618919372559,0.8904297053813934,0.550000011920929,-0.9848090410232544,0.10859375447034836,-0.23278199136257172,0.12890625,0.8087565302848816,-0.3404296934604645
sae-control-p3-1364,matched_control,1364,58667,3,negative,random_j_5,1.13773512840271,1.4617279767990112,0.3090634346008301,-0.8145507872104645,-0.4237304627895355,-0.133572056889534,1.2227051258087158,-0.16953125596046448,-0.2441948801279068,0.6830512285232544,0.39082032442092896
sae-control-p3-1364,matched_control,1364,58667,3,positive,jacobian,1.13773512840271,1.4767783880233765,1.415562629699707,2.215283155441284,2.023632764816284,0.647569477558136,1.394921898841858,0.548828125,1.8580728769302368,1.8282334804534912,-0.191650390625
sae-control-p3-1364,matched_control,1364,58667,3,positive,identity,1.13773512840271,1.13773512840271,0.3556406497955322,1.075732447206974,0.9750000238418579,-1.052951455116272,0.37675783038139343,0.107666015625,0.6054213047027588,0.394097238779068,-0.10073242336511612
sae-control-p3-1364,matched_control,1364,58667,3,positive,random_j_1,1.13773512840271,1.5156232118606567,0.2677159309387207,-0.21513673663139343,0.13671875,0.7944607138633728,0.689453125,-0.3335937559604645,0.212673619389534,-0.01019965298473835,0.35185548663139343
sae-control-p3-1364,matched_control,1364,58667,3,positive,random_j_2,1.13773512840271,1.5430595874786377,0.2939159870147705,-2.183782994747162,-1.378320336341858,0.1226128488779068,-0.0689697265625,-1.431005835533142,1.1680772304534912,0.5017361044883728,0.805462658405304
sae-control-p3-1364,matched_control,1364,58667,3,positive,random_j_3,1.13773512840271,1.4589093923568726,0.2880830764770508,-0.17912597954273224,-0.0867919921875,-0.4936184287071228,0.27949219942092896,1.406640648841858,0.2890625,-0.5848524570465088,0.09233398735523224
sae-control-p3-1364,matched_control,1364,58667,3,positive,random_j_4,1.13773512840271,1.4474419355392456,0.23191618919372559,-0.8904297053813934,-0.550000011920929,0.9848090410232544,-0.10859375447034836,0.23278199136257172,-0.12890625,-0.8087565302848816,0.3404296934604645
sae-control-p3-1364,matched_control,1364,58667,3,positive,random_j_5,1.13773512840271,1.4617279767990112,0.3090634346008301,0.8145507872104645,0.4237304627895355,0.133572056889534,-1.2227051258087158,0.16953125596046448,0.2441948801279068,-0.6830512285232544,-0.39082032442092896
random-residual-for-58667,isotropic_control,,58667,,negative,jacobian,1.138700008392334,1.4490293264389038,0.21101069450378418,-0.5972412154078484,-0.4849609434604645,-1.9463975429534912,0.12910155951976776,-0.5566040277481079,-0.0416395403444767,-1.4927300214767456,0.11228027194738388
random-residual-for-58667,isotropic_control,,58667,,negative,identity,1.138700008392334,1.138700008392334,0.2736396789550781,-0.0354766845703125,0.2021484375,-0.4464518129825592,0.4420410096645355,0.4841674864292145,0.4508938193321228,-0.5325520634651184,0.2376251220703125
random-residual-for-58667,isotropic_control,,58667,,negative,random_j_1,1.138700008392334,1.5387356281280518,0.28439879417419434,2.600488305091858,1.354882836341858,-0.1692708283662796,0.384765625,-0.766650378704071,-0.3381076455116272,0.6646050214767456,-1.24560546875
random-residual-for-58667,isotropic_control,,58667,,negative,random_j_2,1.138700008392334,1.511476755142212,0.26728105545043945,2.048828125,1.6484375,-0.0773654505610466,1.2478516101837158,0.980273425579071,0.6298828125,0.6293402910232544,-0.400390625
random-residual-for-58667,isotropic_control,,58667,,negative,random_j_3,1.138700008392334,1.4710060358047485,0.25395727157592773,0.4892577975988388,0.639453113079071,0.2361653596162796,0.0322265625,-0.34765625,-0.5585666298866272,-0.6922200322151184,0.15019531548023224
random-residual-for-58667,isotropic_control,,58667,,negative,random_j_4,1.138700008392334,1.4868162870407104,0.26613545417785645,-0.3207031190395355,-0.3934570252895355,0.8181423544883728,0.3592529296875,-0.3173423707485199,0.2184787392616272,0.5155165195465088,-0.07275390625
random-residual-for-58667,isotropic_control,,58667,,negative,random_j_5,1.138700008392334,1.4334161281585693,0.2747938632965088,0.26142578572034836,0.18222656846046448,1.3415799140930176,0.001757812569849193,-1.6845703125,0.7800937294960022,0.7213541865348816,-0.07919921725988388
random-residual-for-58667,isotropic_control,,58667,,positive,jacobian,1.138700008392334,1.4490293264389038,0.21101069450378418,0.5972412154078484,0.4849609434604645,1.9463975429534912,-0.12910155951976776,0.5566040277481079,0.0416395403444767,1.4927300214767456,-0.11228027194738388
random-residual-for-58667,isotropic_control,,58667,,positive,identity,1.138700008392334,1.138700008392334,0.2736396789550781,0.0354766845703125,-0.2021484375,0.4464518129825592,-0.4420410096645355,-0.4841674864292145,-0.4508938193321228,0.5325520634651184,-0.2376251220703125
random-residual-for-58667,isotropic_control,,58667,,positive,random_j_1,1.138700008392334,1.5387356281280518,0.28439879417419434,-2.600488305091858,-1.354882836341858,0.1692708283662796,-0.384765625,0.766650378704071,0.3381076455116272,-0.6646050214767456,1.24560546875
random-residual-for-58667,isotropic_control,,58667,,positive,random_j_2,1.138700008392334,1.511476755142212,0.26728105545043945,-2.048828125,-1.6484375,0.0773654505610466,-1.2478516101837158,-0.980273425579071,-0.6298828125,-0.6293402910232544,0.400390625
random-residual-for-58667,isotropic_control,,58667,,positive,random_j_3,1.138700008392334,1.4710060358047485,0.25395727157592773,-0.4892577975988388,-0.639453113079071,-0.2361653596162796,-0.0322265625,0.34765625,0.5585666298866272,0.6922200322151184,-0.15019531548023224
random-residual-for-58667,isotropic_control,,58667,,positive,random_j_4,1.138700008392334,1.4868162870407104,0.26613545417785645,0.3207031190395355,0.3934570252895355,-0.8181423544883728,-0.3592529296875,0.3173423707485199,-0.2184787392616272,-0.5155165195465088,0.07275390625
random-residual-for-58667,isotropic_control,,58667,,positive,random_j_5,1.138700008392334,1.4334161281585693,0.2747938632965088,-0.26142578572034836,-0.18222656846046448,-1.3415799140930176,-0.001757812569849193,1.6845703125,-0.7800937294960022,-0.7213541865348816,0.07919921725988388
sae-target-22004,target,22004,22004,,negative,jacobian,1.224563479423523,1.693763256072998,1.0974431037902832,-3.0869140177965164,-2.895703077316284,-4.372395992279053,-4.544921875,-1.8878906965255737,-3.1419270038604736,-3.290147542953491,0.19121094048023224
sae-target-22004,target,22004,22004,,negative,identity,1.224563479423523,1.224563479423523,0.36748623847961426,-0.5972656458616257,-0.7259765863418579,-0.690538227558136,0.9800781607627869,1.038476586341858,0.8960503339767456,-0.0203993059694767,-0.12871094048023224
sae-target-22004,target,22004,22004,,negative,random_j_1,1.224563479423523,1.5929726362228394,0.31672072410583496,-0.8037109375,-1.0107421875,-0.0384114570915699,0.12070312350988388,0.13149414956569672,0.4015299379825592,0.0646701380610466,-0.20703125
sae-target-22004,target,22004,22004,,negative,random_j_2,1.224563479423523,1.5991547107696533,0.27793407440185547,1.8041992634534836,1.6077148914337158,0.5898979902267456,1.031347632408142,1.174218773841858,-0.5916883945465088,0.212673619389534,-0.19648437201976776
sae-target-22004,target,22004,22004,,negative,random_j_3,1.224563479423523,1.5352082252502441,0.25128769874572754,-0.262939459644258,-0.012597656808793545,-1.2891709804534912,0.574267566204071,0.4491210877895355,0.9251301884651184,0.1515842080116272,0.2503418028354645
sae-target-22004,target,22004,22004,,negative,random_j_4,1.224563479423523,1.582089900970459,0.24811267852783203,-0.23041991889476776,-0.47119140625,-1.2430013418197632,0.25390625,-0.8516601920127869,-0.2421332448720932,0.3211805522441864,-0.24077148735523224
sae-target-22004,target,22004,22004,,negative,random_j_5,1.224563479423523,1.6361044645309448,0.27620506286621094,-0.4753418043255806,-0.09291992336511612,0.1988050639629364,-0.11367187649011612,0.871386706829071,-0.4235093891620636,0.4325629472732544,0.3824218809604645
sae-target-22004,target,22004,22004,,positive,jacobian,1.224563479423523,1.693763256072998,1.0974431037902832,3.0869140177965164,2.895703077316284,4.372395992279053,4.544921875,1.8878906965255737,3.1419270038604736,3.290147542953491,-0.19121094048023224
sae-target-22004,target,22004,22004,,positive,identity,1.224563479423523,1.224563479423523,0.36748623847961426,0.5972656458616257,0.7259765863418579,0.690538227558136,-0.9800781607627869,-1.038476586341858,-0.8960503339767456,0.0203993059694767,0.12871094048023224
sae-target-22004,target,22004,22004,,positive,random_j_1,1.224563479423523,1.5929726362228394,0.31672072410583496,0.8037109375,1.0107421875,0.0384114570915699,-0.12070312350988388,-0.13149414956569672,-0.4015299379825592,-0.0646701380610466,0.20703125
sae-target-22004,target,22004,22004,,positive,random_j_2,1.224563479423523,1.5991547107696533,0.27793407440185547,-1.8041992634534836,-1.6077148914337158,-0.5898979902267456,-1.031347632408142,-1.174218773841858,0.5916883945465088,-0.212673619389534,0.19648437201976776
sae-target-22004,target,22004,22004,,positive,random_j_3,1.224563479423523,1.5352082252502441,0.25128769874572754,0.262939459644258,0.012597656808793545,1.2891709804534912,-0.574267566204071,-0.4491210877895355,-0.9251301884651184,-0.1515842080116272,-0.2503418028354645
sae-target-22004,target,22004,22004,,positive,random_j_4,1.224563479423523,1.582089900970459,0.24811267852783203,0.23041991889476776,0.47119140625,1.2430013418197632,-0.25390625,0.8516601920127869,0.2421332448720932,-0.3211805522441864,0.24077148735523224
sae-target-22004,target,22004,22004,,positive,random_j_5,1.224563479423523,1.6361044645309448,0.27620506286621094,0.4753418043255806,0.09291992336511612,-0.1988050639629364,0.11367187649011612,-0.871386706829071,0.4235093891620636,-0.4325629472732544,-0.3824218809604645
sae-control-p1-55963,matched_control,55963,22004,1,negative,jacobian,1.2247300148010254,1.6949208974838257,4.646303653717041,-0.004443347454071045,0.5448242425918579,-2.404405355453491,-2.863964796066284,-0.6629394888877869,-0.5523410439491272,-0.2362196147441864,0.549267590045929
sae-control-p1-55963,matched_control,55963,22004,1,negative,identity,1.2247300148010254,1.2247300148010254,1.4108543395996094,0.27666017413139343,0.7608398795127869,-0.7545573115348816,-1.256250023841858,-0.20097656548023224,0.5016276240348816,0.5091145634651184,0.48417970538139343
sae-control-p1-55963,matched_control,55963,22004,1,negative,random_j_1,1.2247300148010254,1.5702049732208252,0.24741721153259277,-0.9160080254077911,-0.2627853453159332,-0.8869900107383728,-0.44990235567092896,0.27585145831108093,-1.3359375,-0.3880208432674408,0.6532226800918579
sae-control-p1-55963,matched_control,55963,22004,1,negative,random_j_2,1.2247300148010254,1.5699814558029175,0.2779958248138428,0.4156250134110451,0.38203126192092896,1.088107705116272,-0.4065795838832855,0.19033204019069672,0.19921875,-0.484375,-0.03359375149011612
sae-control-p1-55963,matched_control,55963,22004,1,negative,random_j_3,1.2247300148010254,1.6060564517974854,0.2977607250213623,0.20195311307907104,0.4227539002895355,1.2454427480697632,1.4391602277755737,-0.015625,0.2359483540058136,0.5113932490348816,0.22080078721046448
sae-control-p1-55963,matched_control,55963,22004,1,negative,random_j_4,1.2247300148010254,1.596636414527893,0.2572767734527588,0.5914062857627869,0.9419922232627869,-0.0018446181202307343,-0.5677734613418579,0.5951904654502869,0.519639790058136,0.8654513955116272,0.3505859375
sae-control-p1-55963,matched_control,55963,22004,1,negative,random_j_5,1.2247300148010254,1.6050680875778198,0.2740669250488281,0.6802246272563934,0.24448242783546448,0.0674913227558136,-0.37568360567092896,0.511474609375,-0.2301432341337204,0.515733540058136,-0.43574219942092896
sae-control-p1-55963,matched_control,55963,22004,1,positive,jacobian,1.2247300148010254,1.6949208974838257,4.646303653717041,0.004443347454071045,-0.5448242425918579,2.404405355453491,2.863964796066284,0.6629394888877869,0.5523410439491272,0.2362196147441864,-0.549267590045929
sae-control-p1-55963,matched_control,55963,22004,1,positive,identity,1.2247300148010254,1.2247300148010254,1.4108543395996094,-0.27666017413139343,-0.7608398795127869,0.7545573115348816,1.256250023841858,0.20097656548023224,-0.5016276240348816,-0.5091145634651184,-0.48417970538139343
sae-control-p1-55963,matched_control,55963,22004,1,positive,random_j_1,1.2247300148010254,1.5702049732208252,0.24741721153259277,0.9160080254077911,0.2627853453159332,0.8869900107383728,0.44990235567092896,-0.27585145831108093,1.3359375,0.3880208432674408,-0.6532226800918579
sae-control-p1-55963,matched_control,55963,22004,1,positive,random_j_2,1.2247300148010254,1.5699814558029175,0.2779958248138428,-0.4156250134110451,-0.38203126192092896,-1.088107705116272,0.4065795838832855,-0.19033204019069672,-0.19921875,0.484375,0.03359375149011612
sae-control-p1-55963,matched_control,55963,22004,1,positive,random_j_3,1.2247300148010254,1.6060564517974854,0.2977607250213623,-0.20195311307907104,-0.4227539002895355,-1.2454427480697632,-1.4391602277755737,0.015625,-0.2359483540058136,-0.5113932490348816,-0.22080078721046448
sae-control-p1-55963,matched_control,55963,22004,1,positive,random_j_4,1.2247300148010254,1.596636414527893,0.2572767734527588,-0.5914062857627869,-0.9419922232627869,0.0018446181202307343,0.5677734613418579,-0.5951904654502869,-0.519639790058136,-0.8654513955116272,-0.3505859375
sae-control-p1-55963,matched_control,55963,22004,1,positive,random_j_5,1.2247300148010254,1.6050680875778198,0.2740669250488281,-0.6802246272563934,-0.24448242783546448,-0.0674913227558136,0.37568360567092896,-0.511474609375,0.2301432341337204,-0.515733540058136,0.43574219942092896
sae-control-p2-47797,matched_control,47797,22004,2,negative,jacobian,1.226605772972107,1.6060776710510254,7.405699729919434,0.562146008014679,-0.540234386920929,-1.9880642890930176,-0.34296876192092896,-0.08930664509534836,-0.4883494973182678,0.3674045205116272,-1.102380394935608
sae-control-p2-47797,matched_control,47797,22004,2,negative,identity,1.226605772972107,1.226605772972107,1.3077106475830078,0.48911136388778687,0.7648681998252869,0.2611762285232544,0.1416015625,0.601611316204071,0.6067708134651184,0.5930989384651184,0.2757568359375
sae-control-p2-47797,matched_control,47797,22004,2,negative,random_j_1,1.226605772972107,1.6002447605133057,0.2735140323638916,-1.3359375298023224,-1.147851586341858,-1.2018228769302368,0.995898425579071,-0.13339844346046448,-0.549913227558136,-0.0859917551279068,0.18808594346046448
sae-control-p2-47797,matched_control,47797,22004,2,negative,random_j_2,1.226605772972107,1.5900734663009644,0.28801512718200684,0.5145874172449112,0.7386673092842102,-0.4227430522441864,0.051025390625,0.7841553092002869,0.0998263880610466,-0.5905490517616272,0.224079892039299
sae-control-p2-47797,matched_control,47797,22004,2,negative,random_j_3,1.226605772972107,1.6077977418899536,0.26364612579345703,0.3221435397863388,0.4535156190395355,0.6381022334098816,0.737011730670929,0.22783203423023224,1.0697157382965088,0.995225727558136,0.13137207925319672
sae-control-p2-47797,matched_control,47797,22004,2,negative,random_j_4,1.226605772972107,1.5910937786102295,0.2918107509613037,-0.8412109315395355,-0.592578113079071,-0.5781792402267456,-0.5181640982627869,0.5804199576377869,-0.166015625,-0.1399332731962204,0.24863281846046448
sae-control-p2-47797,matched_control,47797,22004,2,negative,random_j_5,1.226605772972107,1.649109125137329,0.24381184577941895,1.038720726966858,1.281640648841858,-1.0026041269302368,0.01035156287252903,0.26408693194389343,1.230712890625,-0.075575090944767,0.242919921875
sae-control-p2-47797,matched_control,47797,22004,2,positive,jacobian,1.226605772972107,1.6060776710510254,7.405699729919434,-0.562146008014679,0.540234386920929,1.9880642890930176,0.34296876192092896,0.08930664509534836,0.4883494973182678,-0.3674045205116272,1.102380394935608
sae-control-p2-47797,matched_control,47797,22004,2,positive,identity,1.226605772972107,1.226605772972107,1.3077106475830078,-0.48911136388778687,-0.7648681998252869,-0.2611762285232544,-0.1416015625,-0.601611316204071,-0.6067708134651184,-0.5930989384651184,-0.2757568359375
sae-control-p2-47797,matched_control,47797,22004,2,positive,random_j_1,1.226605772972107,1.6002447605133057,0.2735140323638916,1.3359375298023224,1.147851586341858,1.2018228769302368,-0.995898425579071,0.13339844346046448,0.549913227558136,0.0859917551279068,-0.18808594346046448
sae-control-p2-47797,matched_control,47797,22004,2,positive,random_j_2,1.226605772972107,1.5900734663009644,0.28801512718200684,-0.5145874172449112,-0.7386673092842102,0.4227430522441864,-0.051025390625,-0.7841553092002869,-0.0998263880610466,0.5905490517616272,-0.224079892039299
sae-control-p2-47797,matched_control,47797,22004,2,positive,random_j_3,1.226605772972107,1.6077977418899536,0.26364612579345703,-0.3221435397863388,-0.4535156190395355,-0.6381022334098816,-0.737011730670929,-0.22783203423023224,-1.0697157382965088,-0.995225727558136,-0.13137207925319672
sae-control-p2-47797,matched_control,47797,22004,2,positive,random_j_4,1.226605772972107,1.5910937786102295,0.2918107509613037,0.8412109315395355,0.592578113079071,0.5781792402267456,0.5181640982627869,-0.5804199576377869,0.166015625,0.1399332731962204,-0.24863281846046448
sae-control-p2-47797,matched_control,47797,22004,2,positive,random_j_5,1.226605772972107,1.649109125137329,0.24381184577941895,-1.038720726966858,-1.281640648841858,1.0026041269302368,-0.01035156287252903,-0.26408693194389343,-1.230712890625,0.075575090944767,-0.242919921875
sae-control-p3-58741,matched_control,58741,22004,3,negative,jacobian,1.226611852645874,1.2874568700790405,0.47087645530700684,0.905078113079071,-0.48359376192092896,-0.1997612863779068,-1.546875,-0.4736328125,0.0215928815305233,-0.8661024570465088,-1.388671875
sae-control-p3-58741,matched_control,58741,22004,3,negative,identity,1.226611852645874,1.226611852645874,0.4036753177642822,0.5709228217601776,0.995043933391571,0.7437065839767456,0.3316406309604645,0.545361340045929,0.6645880937576294,0.764756977558136,0.42412111163139343
sae-control-p3-58741,matched_control,58741,22004,3,negative,random_j_1,1.226611852645874,1.5685383081436157,0.2559487819671631,-0.3001708835363388,0.17055664956569672,0.2529296875,-0.5279297232627869,0.1717529296875,-0.1608072966337204,1.3846571445465088,0.4707275331020355
sae-control-p3-58741,matched_control,58741,22004,3,negative,random_j_2,1.226611852645874,1.6053757667541504,0.23886704444885254,-0.09855956956744194,-0.115966796875,0.3585069477558136,0.6759277582168579,-0.45537111163139343,-0.6783854365348816,-0.538194477558136,-0.01740722730755806
sae-control-p3-58741,matched_control,58741,22004,3,negative,random_j_3,1.226611852645874,1.638228178024292,0.2999393939971924,-0.39619141817092896,-0.14628906548023224,0.5412326455116272,1.174218773841858,0.26347658038139343,0.9388020634651184,0.0655381977558136,0.24990235269069672
sae-control-p3-58741,matched_control,58741,22004,3,negative,random_j_4,1.226611852645874,1.60517418384552,0.23857855796813965,-1.0178711414337158,-0.32539063692092896,-0.01974826492369175,0.17099609971046448,-1.0021485090255737,-1.684787392616272,-1.001193642616272,0.6924805045127869
sae-control-p3-58741,matched_control,58741,22004,3,negative,random_j_5,1.226611852645874,1.6181838512420654,0.26421284675598145,-1.213525414466858,-0.6162109375,-0.0729166641831398,0.7568359375,-0.3667968809604645,0.708116352558136,-0.0941840261220932,0.5973144769668579
sae-control-p3-58741,matched_control,58741,22004,3,positive,jacobian,1.226611852645874,1.2874568700790405,0.47087645530700684,-0.905078113079071,0.48359376192092896,0.1997612863779068,1.546875,0.4736328125,-0.0215928815305233,0.8661024570465088,1.388671875
sae-control-p3-58741,matched_control,58741,22004,3,positive,identity,1.226611852645874,1.226611852645874,0.4036753177642822,-0.5709228217601776,-0.995043933391571,-0.7437065839767456,-0.3316406309604645,-0.545361340045929,-0.6645880937576294,-0.764756977558136,-0.42412111163139343
sae-control-p3-58741,matched_control,58741,22004,3,positive,random_j_1,1.226611852645874,1.5685383081436157,0.2559487819671631,0.3001708835363388,-0.17055664956569672,-0.2529296875,0.5279297232627869,-0.1717529296875,0.1608072966337204,-1.3846571445465088,-0.4707275331020355
sae-control-p3-58741,matched_control,58741,22004,3,positive,random_j_2,1.226611852645874,1.6053757667541504,0.23886704444885254,0.09855956956744194,0.115966796875,-0.3585069477558136,-0.6759277582168579,0.45537111163139343,0.6783854365348816,0.538194477558136,0.01740722730755806
sae-control-p3-58741,matched_control,58741,22004,3,positive,random_j_3,1.226611852645874,1.638228178024292,0.2999393939971924,0.39619141817092896,0.14628906548023224,-0.5412326455116272,-1.174218773841858,-0.26347658038139343,-0.9388020634651184,-0.0655381977558136,-0.24990235269069672
sae-control-p3-58741,matched_control,58741,22004,3,positive,random_j_4,1.226611852645874,1.60517418384552,0.23857855796813965,1.0178711414337158,0.32539063692092896,0.01974826492369175,-0.17099609971046448,1.0021485090255737,1.684787392616272,1.001193642616272,-0.6924805045127869
sae-control-p3-58741,matched_control,58741,22004,3,positive,random_j_5,1.226611852645874,1.6181838512420654,0.26421284675598145,1.213525414466858,0.6162109375,0.0729166641831398,-0.7568359375,0.3667968809604645,-0.708116352558136,0.0941840261220932,-0.5973144769668579
random-residual-for-22004,isotropic_control,,22004,,negative,jacobian,1.224581003189087,1.5995800495147705,0.275209903717041,-0.6002929657697678,-0.4408203065395355,-0.4481336772441864,-0.588183581829071,-0.9959473013877869,-0.9915364384651184,0.328667551279068,0.15947265923023224
random-residual-for-22004,isotropic_control,,22004,,negative,identity,1.224581003189087,1.224581003189087,0.25899457931518555,-0.8249023854732513,-0.5357422232627869,-0.5989583134651184,-0.07207031548023224,-0.10214843600988388,-0.5521918535232544,0.0763888880610466,0.2891601622104645
random-residual-for-22004,isotropic_control,,22004,,negative,random_j_1,1.224581003189087,1.5886499881744385,0.2926476001739502,-0.5552001832984388,0.0031982422806322575,0.974717915058136,0.6783203482627869,-0.19375000894069672,-0.1768663227558136,0.4326171875,0.558398425579071
random-residual-for-22004,isotropic_control,,22004,,negative,random_j_2,1.224581003189087,1.5949219465255737,0.2600374221801758,-0.3568359315395355,-0.20136718451976776,-0.2950303852558136,-0.17578125,0.18367920815944672,-0.470703125,-0.815416157245636,0.15546874701976776
random-residual-for-22004,isotropic_control,,22004,,negative,random_j_3,1.224581003189087,1.5848495960235596,0.27180957794189453,-0.119140625,-0.3316406309604645,0.6445854902267456,-0.3004394471645355,0.12734375894069672,1.109592080116272,-1.2315537929534912,-0.21250000596046448
random-residual-for-22004,isotropic_control,,22004,,negative,random_j_4,1.224581003189087,1.5807123184204102,0.2702491283416748,0.9242187738418579,0.7020508050918579,0.4338650107383728,-0.20546875894069672,0.761279284954071,1.06689453125,0.2545572817325592,-0.22216796875
random-residual-for-22004,isotropic_control,,22004,,negative,random_j_5,1.224581003189087,1.5560053586959839,0.28364992141723633,-0.7927734702825546,-0.8970703482627869,0.0323350690305233,0.2972656190395355,0.19951477646827698,0.0899319127202034,0.524522602558136,-0.10429687798023224
random-residual-for-22004,isotropic_control,,22004,,positive,jacobian,1.224581003189087,1.5995800495147705,0.275209903717041,0.6002929657697678,0.4408203065395355,0.4481336772441864,0.588183581829071,0.9959473013877869,0.9915364384651184,-0.328667551279068,-0.15947265923023224
random-residual-for-22004,isotropic_control,,22004,,positive,identity,1.224581003189087,1.224581003189087,0.25899457931518555,0.8249023854732513,0.5357422232627869,0.5989583134651184,0.07207031548023224,0.10214843600988388,0.5521918535232544,-0.0763888880610466,-0.2891601622104645
random-residual-for-22004,isotropic_control,,22004,,positive,random_j_1,1.224581003189087,1.5886499881744385,0.2926476001739502,0.5552001832984388,-0.0031982422806322575,-0.974717915058136,-0.6783203482627869,0.19375000894069672,0.1768663227558136,-0.4326171875,-0.558398425579071
random-residual-for-22004,isotropic_control,,22004,,positive,random_j_2,1.224581003189087,1.5949219465255737,0.2600374221801758,0.3568359315395355,0.20136718451976776,0.2950303852558136,0.17578125,-0.18367920815944672,0.470703125,0.815416157245636,-0.15546874701976776
random-residual-for-22004,isotropic_control,,22004,,positive,random_j_3,1.224581003189087,1.5848495960235596,0.27180957794189453,0.119140625,0.3316406309604645,-0.6445854902267456,0.3004394471645355,-0.12734375894069672,-1.109592080116272,1.2315537929534912,0.21250000596046448
random-residual-for-22004,isotropic_control,,22004,,positive,random_j_4,1.224581003189087,1.5807123184204102,0.2702491283416748,-0.9242187738418579,-0.7020508050918579,-0.4338650107383728,0.20546875894069672,-0.761279284954071,-1.06689453125,-0.2545572817325592,0.22216796875
random-residual-for-22004,isotropic_control,,22004,,positive,random_j_5,1.224581003189087,1.5560053586959839,0.28364992141723633,0.7927734702825546,0.8970703482627869,-0.0323350690305233,-0.2972656190395355,-0.19951477646827698,-0.0899319127202034,-0.524522602558136,0.10429687798023224
sae-target-30686,target,30686,30686,,negative,jacobian,1.1009684801101685,2.1094114780426025,31.480724334716797,-19.97460976243019,-19.553125381469727,0.296440988779068,-0.48017579317092896,-1.8259766101837158,-2.53973388671875,-4.7373046875,0.4214843809604645
sae-target-30686,target,30686,30686,,negative,identity,1.1009684801101685,1.1009684801101685,4.565191268920898,-7.180859565734863,-5.951367378234863,0.2005208283662796,-0.75732421875,-0.006640625186264515,-0.7212456464767456,0.0509982630610466,1.2294921875
sae-target-30686,target,30686,30686,,negative,random_j_1,1.1009684801101685,1.405497670173645,0.26740097999572754,-0.33415528014302254,-0.3936523497104645,-0.6857096552848816,-0.6304687857627869,-0.46113282442092896,-0.1768663227558136,-0.168728306889534,-0.05949706956744194
sae-target-30686,target,30686,30686,,negative,random_j_2,1.1009684801101685,1.4207826852798462,0.24400091171264648,0.5223633050918579,0.6654297113418579,-0.1476779580116272,0.563037097454071,-0.2994140684604645,0.8639865517616272,-0.7076823115348816,0.14306640625
sae-target-30686,target,30686,30686,,negative,random_j_3,1.1009684801101685,1.4292891025543213,0.252626895904541,-0.4392578601837158,-1.461328148841858,1.0670572519302368,-0.33784180879592896,-1.238305687904358,-0.259331613779068,-0.17578125,-1.022070288658142
sae-target-30686,target,30686,30686,,negative,random_j_4,1.1009684801101685,1.4767159223556519,0.24106669425964355,-0.106201171875,-0.23027344048023224,-0.1342230886220932,0.8781421780586243,-0.05596008524298668,0.497612863779068,0.0049913194961845875,-0.12407226860523224
sae-target-30686,target,30686,30686,,negative,random_j_5,1.1009684801101685,1.5349061489105225,0.27340126037597656,0.315847784280777,-0.1588592529296875,0.2558322548866272,-1.306738257408142,-0.08623047173023224,-0.152126744389534,1.0674912929534912,-0.4747070372104645
sae-target-30686,target,30686,30686,,positive,jacobian,1.1009684801101685,2.1094114780426025,31.480724334716797,19.97460976243019,19.553125381469727,-0.296440988779068,0.48017579317092896,1.8259766101837158,2.53973388671875,4.7373046875,-0.4214843809604645
sae-target-30686,target,30686,30686,,positive,identity,1.1009684801101685,1.1009684801101685,4.565191268920898,7.180859565734863,5.951367378234863,-0.2005208283662796,0.75732421875,0.006640625186264515,0.7212456464767456,-0.0509982630610466,-1.2294921875
sae-target-30686,target,30686,30686,,positive,random_j_1,1.1009684801101685,1.405497670173645,0.26740097999572754,0.33415528014302254,0.3936523497104645,0.6857096552848816,0.6304687857627869,0.46113282442092896,0.1768663227558136,0.168728306889534,0.05949706956744194
sae-target-30686,target,30686,30686,,positive,random_j_2,1.1009684801101685,1.4207826852798462,0.24400091171264648,-0.5223633050918579,-0.6654297113418579,0.1476779580116272,-0.563037097454071,0.2994140684604645,-0.8639865517616272,0.7076823115348816,-0.14306640625
sae-target-30686,target,30686,30686,,positive,random_j_3,1.1009684801101685,1.4292891025543213,0.252626895904541,0.4392578601837158,1.461328148841858,-1.0670572519302368,0.33784180879592896,1.238305687904358,0.259331613779068,0.17578125,1.022070288658142
sae-target-30686,target,30686,30686,,positive,random_j_4,1.1009684801101685,1.4767159223556519,0.24106669425964355,0.106201171875,0.23027344048023224,0.1342230886220932,-0.8781421780586243,0.05596008524298668,-0.497612863779068,-0.0049913194961845875,0.12407226860523224
sae-target-30686,target,30686,30686,,positive,random_j_5,1.1009684801101685,1.5349061489105225,0.27340126037597656,-0.315847784280777,0.1588592529296875,-0.2558322548866272,1.306738257408142,0.08623047173023224,0.152126744389534,-1.0674912929534912,0.4747070372104645
sae-control-p1-21779,matched_control,21779,30686,1,negative,jacobian,1.09898042678833,1.4263707399368286,0.5344743728637695,3.0792969465255737,1.4572266340255737,0.3167317807674408,4.074658393859863,0.770703136920929,1.6788194179534912,1.7791883945465088,-1.6220703125
sae-control-p1-21779,matched_control,21779,30686,1,negative,identity,1.09898042678833,1.09898042678833,0.2662231922149658,1.1657226802781224,1.159082055091858,-0.4337429404258728,0.4931640625,0.22539062798023224,0.6888020634651184,0.9631076455116272,-0.006640625186264515
sae-control-p1-21779,matched_control,21779,30686,1,negative,random_j_1,1.09898042678833,1.4253227710723877,0.25122547149658203,1.0637695789337158,1.7829102277755737,0.2417534738779068,0.43916016817092896,0.21762695908546448,0.9453125,-0.4657118022441864,0.7191406488418579
sae-control-p1-21779,matched_control,21779,30686,1,negative,random_j_2,1.09898042678833,1.4432425498962402,0.2680387496948242,-1.419580101966858,-0.558642566204071,0.6421440839767456,-0.30546876788139343,-0.6465820670127869,-0.6939018964767456,-0.1247829869389534,0.8609375357627869
sae-control-p1-21779,matched_control,21779,30686,1,negative,random_j_3,1.09898042678833,1.396682620048523,0.2911036014556885,2.3272461891174316,0.8675781488418579,-0.6360676884651184,-0.646777331829071,-0.904406726360321,0.7230902910232544,1.45703125,-1.4596680402755737
sae-control-p1-21779,matched_control,21779,30686,1,negative,random_j_4,1.09898042678833,1.4156086444854736,0.23759913444519043,0.5722656399011612,0.14521484076976776,1.2348090410232544,0.05361328274011612,0.30781251192092896,-0.7660590410232544,0.0962456613779068,-0.42705079913139343
sae-control-p1-21779,matched_control,21779,30686,1,negative,random_j_5,1.09898042678833,1.495287299156189,0.2745797634124756,-0.4186096340417862,-0.5898987054824829,0.4046224057674408,-0.9677734375,-1.11669921875,-0.08837890625,0.6467556357383728,-0.17128907144069672
sae-control-p1-21779,matched_control,21779,30686,1,positive,jacobian,1.09898042678833,1.4263707399368286,0.5344743728637695,-3.0792969465255737,-1.4572266340255737,-0.3167317807674408,-4.074658393859863,-0.770703136920929,-1.6788194179534912,-1.7791883945465088,1.6220703125
sae-control-p1-21779,matched_control,21779,30686,1,positive,identity,1.09898042678833,1.09898042678833,0.2662231922149658,-1.1657226802781224,-1.159082055091858,0.4337429404258728,-0.4931640625,-0.22539062798023224,-0.6888020634651184,-0.9631076455116272,0.006640625186264515
sae-control-p1-21779,matched_control,21779,30686,1,positive,random_j_1,1.09898042678833,1.4253227710723877,0.25122547149658203,-1.0637695789337158,-1.7829102277755737,-0.2417534738779068,-0.43916016817092896,-0.21762695908546448,-0.9453125,0.4657118022441864,-0.7191406488418579
sae-control-p1-21779,matched_control,21779,30686,1,positive,random_j_2,1.09898042678833,1.4432425498962402,0.2680387496948242,1.419580101966858,0.558642566204071,-0.6421440839767456,0.30546876788139343,0.6465820670127869,0.6939018964767456,0.1247829869389534,-0.8609375357627869
sae-control-p1-21779,matched_control,21779,30686,1,positive,random_j_3,1.09898042678833,1.396682620048523,0.2911036014556885,-2.3272461891174316,-0.8675781488418579,0.6360676884651184,0.646777331829071,0.904406726360321,-0.7230902910232544,-1.45703125,1.4596680402755737
sae-control-p1-21779,matched_control,21779,30686,1,positive,random_j_4,1.09898042678833,1.4156086444854736,0.23759913444519043,-0.5722656399011612,-0.14521484076976776,-1.2348090410232544,-0.05361328274011612,-0.30781251192092896,0.7660590410232544,-0.0962456613779068,0.42705079913139343
sae-control-p1-21779,matched_control,21779,30686,1,positive,random_j_5,1.09898042678833,1.495287299156189,0.2745797634124756,0.4186096340417862,0.5898987054824829,-0.4046224057674408,0.9677734375,1.11669921875,0.08837890625,-0.6467556357383728,0.17128907144069672
sae-control-p2-21403,matched_control,21403,30686,2,negative,jacobian,1.0983983278274536,2.041900873184204,0.8601062297821045,-0.1592773199081421,1.0880860090255737,2.155381917953491,1.5803711414337158,1.0691406726837158,1.3634237051010132,0.8385416865348816,1.2473633289337158
sae-control-p2-21403,matched_control,21403,30686,2,negative,identity,1.0983983278274536,1.0983983278274536,0.2965562343597412,-0.6589843984693289,-0.6322265863418579,-0.120985247194767,-0.51953125,-0.683300793170929,0.206325963139534,-1.3834500312805176,0.02675781212747097
sae-control-p2-21403,matched_control,21403,30686,2,negative,random_j_1,1.0983983278274536,1.430861234664917,0.27405762672424316,-1.1262696012854576,-1.0246094465255737,-0.609375,-1.393164038658142,-0.75390625,0.0792100727558136,-0.2019856721162796,0.10166015475988388
sae-control-p2-21403,matched_control,21403,30686,2,negative,random_j_2,1.0983983278274536,1.4648523330688477,0.24454236030578613,0.654736340045929,0.956494152545929,-0.430230051279068,0.001953125,-0.688769519329071,0.343315988779068,1.2711588144302368,0.3017578125
sae-control-p2-21403,matched_control,21403,30686,2,negative,random_j_3,1.0983983278274536,1.4008625745773315,0.2540135383605957,1.4530029296875,1.4365234375,-0.2927517294883728,-0.06386718899011612,-0.927734375,-0.15234375,0.8550347089767456,-0.0164794921875
sae-control-p2-21403,matched_control,21403,30686,2,negative,random_j_4,1.0983983278274536,1.4786545038223267,0.2525351047515869,1.33642578125,0.34150391817092896,0.1109483540058136,1.881445288658142,0.3395752012729645,0.5668402910232544,0.3617214560508728,-0.994921863079071
sae-control-p2-21403,matched_control,21403,30686,2,negative,random_j_5,1.0983983278274536,1.458014965057373,0.2941548824310303,0.6184082180261612,0.18354491889476776,0.0319010429084301,0.566601574420929,-1.1602051258087158,0.96484375,-0.4279513955116272,-0.43486329913139343
sae-control-p2-21403,matched_control,21403,30686,2,positive,jacobian,1.0983983278274536,2.041900873184204,0.8601062297821045,0.1592773199081421,-1.0880860090255737,-2.155381917953491,-1.5803711414337158,-1.0691406726837158,-1.3634237051010132,-0.8385416865348816,-1.2473633289337158
sae-control-p2-21403,matched_control,21403,30686,2,positive,identity,1.0983983278274536,1.0983983278274536,0.2965562343597412,0.6589843984693289,0.6322265863418579,0.120985247194767,0.51953125,0.683300793170929,-0.206325963139534,1.3834500312805176,-0.02675781212747097
sae-control-p2-21403,matched_control,21403,30686,2,positive,random_j_1,1.0983983278274536,1.430861234664917,0.27405762672424316,1.1262696012854576,1.0246094465255737,0.609375,1.393164038658142,0.75390625,-0.0792100727558136,0.2019856721162796,-0.10166015475988388
sae-control-p2-21403,matched_control,21403,30686,2,positive,random_j_2,1.0983983278274536,1.4648523330688477,0.24454236030578613,-0.654736340045929,-0.956494152545929,0.430230051279068,-0.001953125,0.688769519329071,-0.343315988779068,-1.2711588144302368,-0.3017578125
sae-control-p2-21403,matched_control,21403,30686,2,positive,random_j_3,1.0983983278274536,1.4008625745773315,0.2540135383605957,-1.4530029296875,-1.4365234375,0.2927517294883728,0.06386718899011612,0.927734375,0.15234375,-0.8550347089767456,0.0164794921875
sae-control-p2-21403,matched_control,21403,30686,2,positive,random_j_4,1.0983983278274536,1.4786545038223267,0.2525351047515869,-1.33642578125,-0.34150391817092896,-0.1109483540058136,-1.881445288658142,-0.3395752012729645,-0.5668402910232544,-0.3617214560508728,0.994921863079071
sae-control-p2-21403,matched_control,21403,30686,2,positive,random_j_5,1.0983983278274536,1.458014965057373,0.2941548824310303,-0.6184082180261612,-0.18354491889476776,-0.0319010429084301,-0.566601574420929,1.1602051258087158,-0.96484375,0.4279513955116272,0.43486329913139343
sae-control-p3-19827,matched_control,19827,30686,3,negative,jacobian,1.0955872535705566,1.6560249328613281,78.64904022216797,1.8028320670127869,1.097558617591858,0.2454427033662796,-0.18603515625,0.660693347454071,-1.256076455116272,-1.8131510019302368,-0.705273449420929
sae-control-p3-19827,matched_control,19827,30686,3,negative,identity,1.0955872535705566,1.0955872535705566,29.13278579711914,1.4193359911441803,1.1833984851837158,0.134548619389534,-0.69873046875,0.2750000059604645,0.5499674677848816,-0.4084201455116272,-0.23593750596046448
sae-control-p3-19827,matched_control,19827,30686,3,negative,random_j_1,1.0955872535705566,1.3938453197479248,0.26280856132507324,-0.7589660882949829,-0.4721740782260895,-1.26513671875,0.01640625111758709,0.45488283038139343,-0.0617404505610466,-0.718858540058136,0.28679201006889343
sae-control-p3-19827,matched_control,19827,30686,3,negative,random_j_2,1.0955872535705566,1.4180198907852173,0.3292975425720215,-0.41757814586162567,-0.5111328363418579,-0.8452385663986206,0.7231201529502869,-0.14556884765625,-0.6467013955116272,-0.6018880009651184,-0.09355469048023224
sae-control-p3-19827,matched_control,19827,30686,3,negative,random_j_3,1.0955872535705566,1.3780869245529175,0.3055131435394287,-1.6495483219623566,-0.4961914122104645,1.4144965410232544,-0.950439453125,0.766589343547821,0.6567789912223816,1.2105034589767456,1.153356909751892
sae-control-p3-19827,matched_control,19827,30686,3,negative,random_j_4,1.0955872535705566,1.436863660812378,0.2596564292907715,-0.6722655892372131,-1.030371069908142,-1.2643228769302368,0.2381969541311264,-0.686328113079071,-0.1162651926279068,-1.8940972089767456,-0.35810548067092896
sae-control-p3-19827,matched_control,19827,30686,3,negative,random_j_5,1.0955872535705566,1.4008738994598389,0.23483514785766602,-0.950927734375,-0.674853503704071,1.998263955116272,-0.29951173067092896,0.47314453125,0.5981987714767456,0.2616916298866272,0.27607423067092896
sae-control-p3-19827,matched_control,19827,30686,3,positive,jacobian,1.0955872535705566,1.6560249328613281,78.64904022216797,-1.8028320670127869,-1.097558617591858,-0.2454427033662796,0.18603515625,-0.660693347454071,1.256076455116272,1.8131510019302368,0.705273449420929
sae-control-p3-19827,matched_control,19827,30686,3,positive,identity,1.0955872535705566,1.0955872535705566,29.13278579711914,-1.4193359911441803,-1.1833984851837158,-0.134548619389534,0.69873046875,-0.2750000059604645,-0.5499674677848816,0.4084201455116272,0.23593750596046448
sae-control-p3-19827,matched_control,19827,30686,3,positive,random_j_1,1.0955872535705566,1.3938453197479248,0.26280856132507324,0.7589660882949829,0.4721740782260895,1.26513671875,-0.01640625111758709,-0.45488283038139343,0.0617404505610466,0.718858540058136,-0.28679201006889343
sae-control-p3-19827,matched_control,19827,30686,3,positive,random_j_2,1.0955872535705566,1.4180198907852173,0.3292975425720215,0.41757814586162567,0.5111328363418579,0.8452385663986206,-0.7231201529502869,0.14556884765625,0.6467013955116272,0.6018880009651184,0.09355469048023224
sae-control-p3-19827,matched_control,19827,30686,3,positive,random_j_3,1.0955872535705566,1.3780869245529175,0.3055131435394287,1.6495483219623566,0.4961914122104645,-1.4144965410232544,0.950439453125,-0.766589343547821,-0.6567789912223816,-1.2105034589767456,-1.153356909751892
sae-control-p3-19827,matched_control,19827,30686,3,positive,random_j_4,1.0955872535705566,1.436863660812378,0.2596564292907715,0.6722655892372131,1.030371069908142,1.2643228769302368,-0.2381969541311264,0.686328113079071,0.1162651926279068,1.8940972089767456,0.35810548067092896
sae-control-p3-19827,matched_control,19827,30686,3,positive,random_j_5,1.0955872535705566,1.4008738994598389,0.23483514785766602,0.950927734375,0.674853503704071,-1.998263955116272,0.29951173067092896,-0.47314453125,-0.5981987714767456,-0.2616916298866272,-0.27607423067092896
random-residual-for-30686,isotropic_control,,30686,,negative,jacobian,1.1009430885314941,1.4155490398406982,0.2699418067932129,-3.24951171875,-1.828027367591858,-0.3947482705116272,-1.1326904296875,-0.602734386920929,-1.6502279043197632,-0.2536892294883728,1.421484351158142
random-residual-for-30686,isotropic_control,,30686,,negative,identity,1.1009430885314941,1.1009430885314941,0.25489330291748047,-1.527368187904358,-0.572265625,-1.0493706464767456,-0.3602050840854645,-0.02529296837747097,-0.3362901508808136,-0.2646484375,0.9551025629043579
random-residual-for-30686,isotropic_control,,30686,,negative,random_j_1,1.1009430885314941,1.4180259704589844,0.2731943130493164,-0.6388672217726707,0.04287109524011612,0.4440104067325592,-0.65771484375,0.5761474967002869,-0.3492296040058136,-0.496636301279068,0.6817383170127869
random-residual-for-30686,isotropic_control,,30686,,negative,random_j_2,1.1009430885314941,1.4029383659362793,0.26314663887023926,2.6355469822883606,1.6593750715255737,0.5277099609375,-0.39082032442092896,-0.3472656309604645,0.3130357563495636,-0.7952473759651184,-0.9761719107627869
random-residual-for-30686,isotropic_control,,30686,,negative,random_j_3,1.1009430885314941,1.415799617767334,0.27872610092163086,0.10761716961860657,0.51904296875,-0.7701823115348816,-0.03666992112994194,-1.0207031965255737,-1.4032254219055176,-1.0394965410232544,0.41142579913139343
random-residual-for-30686,isotropic_control,,30686,,negative,random_j_4,1.1009430885314941,1.436950922012329,0.29675793647766113,0.16738281399011612,0.09716796875,0.454644113779068,0.64453125,-0.6666504144668579,0.7408854365348816,0.1842990517616272,-0.07021484524011612
random-residual-for-30686,isotropic_control,,30686,,negative,random_j_5,1.1009430885314941,1.4700630903244019,0.2939493656158447,-1.920556664466858,-1.031005859375,-0.3641323447227478,-0.0037109374534338713,-0.701171875,0.0923122838139534,0.8806423544883728,0.8895508050918579
random-residual-for-30686,isotropic_control,,30686,,positive,jacobian,1.1009430885314941,1.4155490398406982,0.2699418067932129,3.24951171875,1.828027367591858,0.3947482705116272,1.1326904296875,0.602734386920929,1.6502279043197632,0.2536892294883728,-1.421484351158142
random-residual-for-30686,isotropic_control,,30686,,positive,identity,1.1009430885314941,1.1009430885314941,0.25489330291748047,1.527368187904358,0.572265625,1.0493706464767456,0.3602050840854645,0.02529296837747097,0.3362901508808136,0.2646484375,-0.9551025629043579
random-residual-for-30686,isotropic_control,,30686,,positive,random_j_1,1.1009430885314941,1.4180259704589844,0.2731943130493164,0.6388672217726707,-0.04287109524011612,-0.4440104067325592,0.65771484375,-0.5761474967002869,0.3492296040058136,0.496636301279068,-0.6817383170127869
random-residual-for-30686,isotropic_control,,30686,,positive,random_j_2,1.1009430885314941,1.4029383659362793,0.26314663887023926,-2.6355469822883606,-1.6593750715255737,-0.5277099609375,0.39082032442092896,0.3472656309604645,-0.3130357563495636,0.7952473759651184,0.9761719107627869
random-residual-for-30686,isotropic_control,,30686,,positive,random_j_3,1.1009430885314941,1.415799617767334,0.27872610092163086,-0.10761716961860657,-0.51904296875,0.7701823115348816,0.03666992112994194,1.0207031965255737,1.4032254219055176,1.0394965410232544,-0.41142579913139343
random-residual-for-30686,isotropic_control,,30686,,positive,random_j_4,1.1009430885314941,1.436950922012329,0.29675793647766113,-0.16738281399011612,-0.09716796875,-0.454644113779068,-0.64453125,0.6666504144668579,-0.7408854365348816,-0.1842990517616272,0.07021484524011612
random-residual-for-30686,isotropic_control,,30686,,positive,random_j_5,1.1009430885314941,1.4700630903244019,0.2939493656158447,1.920556664466858,1.031005859375,0.3641323447227478,0.0037109374534338713,0.701171875,-0.0923122838139534,-0.8806423544883728,-0.8895508050918579
sae-target-41533,target,41533,41533,,negative,jacobian,1.2904164791107178,1.8066389560699463,3.0395007133483887,-12.976269960403442,-11.740625381469727,-0.9100477695465088,-1.141455054283142,-3.555859327316284,-0.4650336503982544,-2.6892361640930176,1.2356445789337158
sae-target-41533,target,41533,41533,,negative,identity,1.2904164791107178,1.2904164791107178,0.6718049049377441,-1.8091797232627869,-0.35078126192092896,-0.59765625,-0.9375,-0.003662109375,0.141384556889534,0.1801215261220932,1.458398461341858
sae-target-41533,target,41533,41533,,negative,random_j_1,1.2904164791107178,1.6302796602249146,0.22568035125732422,-0.8908203095197678,-0.22500000894069672,-0.1087239608168602,-0.3389892578125,-0.798144519329071,-0.234157994389534,0.6354166865348816,0.665820300579071
sae-target-41533,target,41533,41533,,negative,random_j_2,1.2904164791107178,1.683263897895813,0.2551603317260742,1.4244751334190369,0.842053234577179,-1.4725477695465088,1.455468773841858,-0.08720703423023224,-0.2183159738779068,0.224609375,-0.5824218988418579
sae-target-41533,target,41533,41533,,negative,random_j_3,1.2904164791107178,1.6945205926895142,0.25518155097961426,-0.3980956971645355,-0.649609386920929,-0.1257866770029068,-0.807421863079071,-1.083740234375,-0.710069477558136,0.1473253071308136,-0.25151368975639343
sae-target-41533,target,41533,41533,,negative,random_j_4,1.2904164791107178,1.740774393081665,0.3082759380340576,-0.3775268644094467,-0.12193603813648224,-0.4540473222732544,-0.05742187425494194,0.904406726360321,0.3923611044883728,0.7805989384651184,0.2555908262729645
sae-target-41533,target,41533,41533,,negative,random_j_5,1.2904164791107178,1.7049154043197632,0.27259135246276855,1.3359146416187286,1.625697374343872,0.1104363352060318,-0.925976574420929,0.35932236909866333,0.3538411557674408,0.3297525942325592,0.28978273272514343
sae-target-41533,target,41533,41533,,positive,jacobian,1.2904164791107178,1.8066389560699463,3.0395007133483887,12.976269960403442,11.740625381469727,0.9100477695465088,1.141455054283142,3.555859327316284,0.4650336503982544,2.6892361640930176,-1.2356445789337158
sae-target-41533,target,41533,41533,,positive,identity,1.2904164791107178,1.2904164791107178,0.6718049049377441,1.8091797232627869,0.35078126192092896,0.59765625,0.9375,0.003662109375,-0.141384556889534,-0.1801215261220932,-1.458398461341858
sae-target-41533,target,41533,41533,,positive,random_j_1,1.2904164791107178,1.6302796602249146,0.22568035125732422,0.8908203095197678,0.22500000894069672,0.1087239608168602,0.3389892578125,0.798144519329071,0.234157994389534,-0.6354166865348816,-0.665820300579071
sae-target-41533,target,41533,41533,,positive,random_j_2,1.2904164791107178,1.683263897895813,0.2551603317260742,-1.4244751334190369,-0.842053234577179,1.4725477695465088,-1.455468773841858,0.08720703423023224,0.2183159738779068,-0.224609375,0.5824218988418579
sae-target-41533,target,41533,41533,,positive,random_j_3,1.2904164791107178,1.6945205926895142,0.25518155097961426,0.3980956971645355,0.649609386920929,0.1257866770029068,0.807421863079071,1.083740234375,0.710069477558136,-0.1473253071308136,0.25151368975639343
sae-target-41533,target,41533,41533,,positive,random_j_4,1.2904164791107178,1.740774393081665,0.3082759380340576,0.3775268644094467,0.12193603813648224,0.4540473222732544,0.05742187425494194,-0.904406726360321,-0.3923611044883728,-0.7805989384651184,-0.2555908262729645
sae-target-41533,target,41533,41533,,positive,random_j_5,1.2904164791107178,1.7049154043197632,0.27259135246276855,-1.3359146416187286,-1.625697374343872,-0.1104363352060318,0.925976574420929,-0.35932236909866333,-0.3538411557674408,-0.3297525942325592,-0.28978273272514343
sae-control-p1-29649,matched_control,29649,41533,1,negative,jacobian,1.2904605865478516,1.8676881790161133,6.859855651855469,-1.2169738709926605,-1.6065673828125,-1.5210775136947632,0.6531738638877869,-0.6107422113418579,0.6853298544883728,0.4835611879825592,-0.3895935118198395
sae-control-p1-29649,matched_control,29649,41533,1,negative,identity,1.2904605865478516,1.2904605865478516,1.0935297012329102,0.39023441076278687,-0.271484375,-0.9963107705116272,0.24443359673023224,-0.564208984375,-0.0479058176279068,0.1819661408662796,-0.6617187857627869
sae-control-p1-29649,matched_control,29649,41533,1,negative,random_j_1,1.2904605865478516,1.6159400939941406,0.2912275791168213,0.7354248017072678,0.8302001953125,0.8658854365348816,0.21430663764476776,-0.09042968600988388,-0.25634765625,-0.11474609375,0.09477539360523224
sae-control-p1-29649,matched_control,29649,41533,1,negative,random_j_2,1.2904605865478516,1.610059380531311,0.2982971668243408,0.7585937678813934,0.43281251192092896,-0.5131293535232544,0.08994140475988388,-0.21904297173023224,-0.3154296875,0.162380650639534,-0.3257812559604645
sae-control-p1-29649,matched_control,29649,41533,1,negative,random_j_3,1.2904605865478516,1.6865376234054565,0.2538614273071289,-0.4583984315395355,-0.763476550579071,-0.1791449636220932,-0.39960938692092896,-0.204345703125,0.2981770932674408,-0.6761203408241272,-0.3050781190395355
sae-control-p1-29649,matched_control,29649,41533,1,negative,random_j_4,1.2904605865478516,1.707740068435669,0.32012033462524414,-0.06503906846046448,0.3423828184604645,0.2560221254825592,0.087890625,0.20379638671875,-0.8159993290901184,-1.0613064765930176,0.40742188692092896
sae-control-p1-29649,matched_control,29649,41533,1,negative,random_j_5,1.2904605865478516,1.6573264598846436,0.2586383819580078,1.1816406100988388,0.965624988079071,0.6341688632965088,-0.01679687574505806,2.1552734375,0.5256076455116272,0.1353980153799057,-0.21601562201976776
sae-control-p1-29649,matched_control,29649,41533,1,positive,jacobian,1.2904605865478516,1.8676881790161133,6.859855651855469,1.2169738709926605,1.6065673828125,1.5210775136947632,-0.6531738638877869,0.6107422113418579,-0.6853298544883728,-0.4835611879825592,0.3895935118198395
sae-control-p1-29649,matched_control,29649,41533,1,positive,identity,1.2904605865478516,1.2904605865478516,1.0935297012329102,-0.39023441076278687,0.271484375,0.9963107705116272,-0.24443359673023224,0.564208984375,0.0479058176279068,-0.1819661408662796,0.6617187857627869
sae-control-p1-29649,matched_control,29649,41533,1,positive,random_j_1,1.2904605865478516,1.6159400939941406,0.2912275791168213,-0.7354248017072678,-0.8302001953125,-0.8658854365348816,-0.21430663764476776,0.09042968600988388,0.25634765625,0.11474609375,-0.09477539360523224
sae-control-p1-29649,matched_control,29649,41533,1,positive,random_j_2,1.2904605865478516,1.610059380531311,0.2982971668243408,-0.7585937678813934,-0.43281251192092896,0.5131293535232544,-0.08994140475988388,0.21904297173023224,0.3154296875,-0.162380650639534,0.3257812559604645
sae-control-p1-29649,matched_control,29649,41533,1,positive,random_j_3,1.2904605865478516,1.6865376234054565,0.2538614273071289,0.4583984315395355,0.763476550579071,0.1791449636220932,0.39960938692092896,0.204345703125,-0.2981770932674408,0.6761203408241272,0.3050781190395355
sae-control-p1-29649,matched_control,29649,41533,1,positive,random_j_4,1.2904605865478516,1.707740068435669,0.32012033462524414,0.06503906846046448,-0.3423828184604645,-0.2560221254825592,-0.087890625,-0.20379638671875,0.8159993290901184,1.0613064765930176,-0.40742188692092896
sae-control-p1-29649,matched_control,29649,41533,1,positive,random_j_5,1.2904605865478516,1.6573264598846436,0.2586383819580078,-1.1816406100988388,-0.965624988079071,-0.6341688632965088,0.01679687574505806,-2.1552734375,-0.5256076455116272,-0.1353980153799057,0.21601562201976776
sae-control-p2-1059,matched_control,1059,41533,2,negative,jacobian,1.2908021211624146,1.9000802040100098,3.3443212509155273,-0.19443359971046448,0.2724609375,2.059461832046509,1.0419921875,1.8953125476837158,1.3268228769302368,1.525119423866272,0.4668945372104645
sae-control-p2-1059,matched_control,1059,41533,2,negative,identity,1.2908021211624146,1.2908021211624146,0.4217417240142822,-0.061791956424713135,-0.759814441204071,0.9791666865348816,-0.2953124940395355,0.952441394329071,0.0455729179084301,0.05859375,-0.6980224847793579
sae-control-p2-1059,matched_control,1059,41533,2,negative,random_j_1,1.2908021211624146,1.6644617319107056,0.2782101631164551,0.24272459745407104,-0.267578125,-0.1835394948720932,-0.38398438692092896,0.4817871153354645,-0.7531263828277588,-0.4348958432674408,-0.510302722454071
sae-control-p2-1059,matched_control,1059,41533,2,negative,random_j_2,1.2908021211624146,1.6978081464767456,0.23014307022094727,0.6446289196610451,0.07021484524011612,-1.1241319179534912,-0.4625000059604645,-0.45356446504592896,-0.8193461298942566,-0.6850043535232544,-0.574414074420929
sae-control-p2-1059,matched_control,1059,41533,2,negative,random_j_3,1.2908021211624146,1.6923106908798218,0.2811696529388428,-0.38437503576278687,-0.9292969107627869,0.6858723759651184,0.930371105670929,0.4304443299770355,1.0243055820465088,-0.6405165195465088,-0.544921875
sae-control-p2-1059,matched_control,1059,41533,2,negative,random_j_4,1.2908021211624146,1.6595861911773682,0.28622961044311523,0.4467529430985451,0.03554687649011612,0.4089559018611908,0.7241455316543579,-0.7857422232627869,1.1624755859375,1.3773871660232544,-0.41120606660842896
sae-control-p2-1059,matched_control,1059,41533,2,negative,random_j_5,1.2908021211624146,1.725369930267334,0.2882091999053955,-0.7367187440395355,-0.2899414002895355,-0.4148763120174408,-0.959765613079071,-0.01982421986758709,0.0995822474360466,0.6471354365348816,0.44677734375
sae-control-p2-1059,matched_control,1059,41533,2,positive,jacobian,1.2908021211624146,1.9000802040100098,3.3443212509155273,0.19443359971046448,-0.2724609375,-2.059461832046509,-1.0419921875,-1.8953125476837158,-1.3268228769302368,-1.525119423866272,-0.4668945372104645
sae-control-p2-1059,matched_control,1059,41533,2,positive,identity,1.2908021211624146,1.2908021211624146,0.4217417240142822,0.061791956424713135,0.759814441204071,-0.9791666865348816,0.2953124940395355,-0.952441394329071,-0.0455729179084301,-0.05859375,0.6980224847793579
sae-control-p2-1059,matched_control,1059,41533,2,positive,random_j_1,1.2908021211624146,1.6644617319107056,0.2782101631164551,-0.24272459745407104,0.267578125,0.1835394948720932,0.38398438692092896,-0.4817871153354645,0.7531263828277588,0.4348958432674408,0.510302722454071
sae-control-p2-1059,matched_control,1059,41533,2,positive,random_j_2,1.2908021211624146,1.6978081464767456,0.23014307022094727,-0.6446289196610451,-0.07021484524011612,1.1241319179534912,0.4625000059604645,0.45356446504592896,0.8193461298942566,0.6850043535232544,0.574414074420929
sae-control-p2-1059,matched_control,1059,41533,2,positive,random_j_3,1.2908021211624146,1.6923106908798218,0.2811696529388428,0.38437503576278687,0.9292969107627869,-0.6858723759651184,-0.930371105670929,-0.4304443299770355,-1.0243055820465088,0.6405165195465088,0.544921875
sae-control-p2-1059,matched_control,1059,41533,2,positive,random_j_4,1.2908021211624146,1.6595861911773682,0.28622961044311523,-0.4467529430985451,-0.03554687649011612,-0.4089559018611908,-0.7241455316543579,0.7857422232627869,-1.1624755859375,-1.3773871660232544,0.41120606660842896
sae-control-p2-1059,matched_control,1059,41533,2,positive,random_j_5,1.2908021211624146,1.725369930267334,0.2882091999053955,0.7367187440395355,0.2899414002895355,0.4148763120174408,0.959765613079071,0.01982421986758709,-0.0995822474360466,-0.6471354365348816,-0.44677734375
sae-control-p3-62289,matched_control,62289,41533,3,negative,jacobian,1.2908662557601929,1.6604819297790527,1.3148155212402344,-0.6900268793106079,-0.40565186738967896,0.0929904505610466,-0.10051422566175461,-0.09274902194738388,0.4971788227558136,-0.0582817941904068,0.28437501192092896
sae-control-p3-62289,matched_control,62289,41533,3,negative,identity,1.2908662557601929,1.2908662557601929,0.5126662254333496,0.7453247308731079,0.39317628741264343,0.4168294370174408,-0.27802735567092896,0.577563464641571,0.7571071982383728,-0.960985004901886,-0.3521484434604645
sae-control-p3-62289,matched_control,62289,41533,3,negative,random_j_1,1.2908662557601929,1.6979422569274902,0.30237364768981934,0.5232421904802322,0.6572265625,0.8440755009651184,-0.4033203125,-0.02519531361758709,-0.6953125,1.008029580116272,0.13398437201976776
sae-control-p3-62289,matched_control,62289,41533,3,negative,random_j_2,1.2908662557601929,1.7094093561172485,0.31071925163269043,1.4184570759534836,0.23408202826976776,-0.6516926884651184,-0.21337890625,0.51171875,-0.7326388955116272,0.0243055559694767,-1.1843750476837158
sae-control-p3-62289,matched_control,62289,41533,3,negative,random_j_3,1.2908662557601929,1.6753193140029907,0.22844457626342773,-0.21230468153953552,-0.509960949420929,0.4040120542049408,0.6197754144668579,0.6962890625,-0.5018446445465088,0.444878488779068,-0.29765626788139343
sae-control-p3-62289,matched_control,62289,41533,3,negative,random_j_4,1.2908662557601929,1.666811466217041,0.21711444854736328,0.9133789092302322,0.716796875,0.8052571415901184,-1.1121094226837158,-0.4434570372104645,1.081760048866272,-0.2404513955116272,-0.19658203423023224
sae-control-p3-62289,matched_control,62289,41533,3,negative,random_j_5,1.2908662557601929,1.6475512981414795,0.29045629501342773,-0.9513671770691872,-0.10097656399011612,0.3643663227558136,0.5777344107627869,2.1128907203674316,0.21435546875,0.6438801884651184,0.850390613079071
sae-control-p3-62289,matched_control,62289,41533,3,positive,jacobian,1.2908662557601929,1.6604819297790527,1.3148155212402344,0.6900268793106079,0.40565186738967896,-0.0929904505610466,0.10051422566175461,0.09274902194738388,-0.4971788227558136,0.0582817941904068,-0.28437501192092896
sae-control-p3-62289,matched_control,62289,41533,3,positive,identity,1.2908662557601929,1.2908662557601929,0.5126662254333496,-0.7453247308731079,-0.39317628741264343,-0.4168294370174408,0.27802735567092896,-0.577563464641571,-0.7571071982383728,0.960985004901886,0.3521484434604645
sae-control-p3-62289,matched_control,62289,41533,3,positive,random_j_1,1.2908662557601929,1.6979422569274902,0.30237364768981934,-0.5232421904802322,-0.6572265625,-0.8440755009651184,0.4033203125,0.02519531361758709,0.6953125,-1.008029580116272,-0.13398437201976776
sae-control-p3-62289,matched_control,62289,41533,3,positive,random_j_2,1.2908662557601929,1.7094093561172485,0.31071925163269043,-1.4184570759534836,-0.23408202826976776,0.6516926884651184,0.21337890625,-0.51171875,0.7326388955116272,-0.0243055559694767,1.1843750476837158
sae-control-p3-62289,matched_control,62289,41533,3,positive,random_j_3,1.2908662557601929,1.6753193140029907,0.22844457626342773,0.21230468153953552,0.509960949420929,-0.4040120542049408,-0.6197754144668579,-0.6962890625,0.5018446445465088,-0.444878488779068,0.29765626788139343
sae-control-p3-62289,matched_control,62289,41533,3,positive,random_j_4,1.2908662557601929,1.666811466217041,0.21711444854736328,-0.9133789092302322,-0.716796875,-0.8052571415901184,1.1121094226837158,0.4434570372104645,-1.081760048866272,0.2404513955116272,0.19658203423023224
sae-control-p3-62289,matched_control,62289,41533,3,positive,random_j_5,1.2908662557601929,1.6475512981414795,0.29045629501342773,0.9513671770691872,0.10097656399011612,-0.3643663227558136,-0.5777344107627869,-2.1128907203674316,-0.21435546875,-0.6438801884651184,-0.850390613079071
random-residual-for-41533,isotropic_control,,41533,,negative,jacobian,1.290425419807434,1.6758475303649902,0.2748701572418213,-0.859130859375,-0.4153808653354645,0.7322048544883728,-0.703808605670929,-0.02285156212747097,0.4865451455116272,1.1137152910232544,0.4437499940395355
random-residual-for-41533,isotropic_control,,41533,,negative,identity,1.290425419807434,1.290425419807434,0.24577713012695312,0.08818359673023224,0.0146484375,1.263888955116272,-0.65576171875,-0.26923829317092896,-0.322265625,0.216796875,-0.07353515923023224
random-residual-for-41533,isotropic_control,,41533,,negative,random_j_1,1.290425419807434,1.7423750162124634,0.25942158699035645,0.6427246034145355,0.997607409954071,0.9002821445465088,0.4796142578125,-0.969921886920929,-0.7206217646598816,0.2018771767616272,0.3548828065395355
random-residual-for-41533,isotropic_control,,41533,,negative,random_j_2,1.290425419807434,1.6853828430175781,0.30440497398376465,-0.46235351264476776,-0.17133788764476776,1.0638021230697632,0.22053222358226776,-0.11118163913488388,-1.2038846015930176,0.1842447966337204,0.291015625
random-residual-for-41533,isotropic_control,,41533,,negative,random_j_3,1.290425419807434,1.6941567659378052,0.24513030052185059,-1.2829101607203484,-1.16650390625,0.616319477558136,-0.14663086831569672,-0.756054699420929,1.0215386152267456,1.0439453125,0.11640625447034836
random-residual-for-41533,isotropic_control,,41533,,negative,random_j_4,1.290425419807434,1.650733232498169,0.2692298889160156,0.12443846464157104,0.4572509825229645,-0.7938368320465088,-0.11721191555261612,-0.05629882961511612,0.2157118022441864,0.173611119389534,0.33281251788139343
random-residual-for-41533,isotropic_control,,41533,,negative,random_j_5,1.290425419807434,1.6882013082504272,0.3023090362548828,-1.093164101243019,-0.9771484732627869,-0.6245659589767456,0.14702148735523224,-0.12546996772289276,-0.1068793386220932,-1.1002061367034912,0.11601562798023224
random-residual-for-41533,isotropic_control,,41533,,positive,jacobian,1.290425419807434,1.6758475303649902,0.2748701572418213,0.859130859375,0.4153808653354645,-0.7322048544883728,0.703808605670929,0.02285156212747097,-0.4865451455116272,-1.1137152910232544,-0.4437499940395355
random-residual-for-41533,isotropic_control,,41533,,positive,identity,1.290425419807434,1.290425419807434,0.24577713012695312,-0.08818359673023224,-0.0146484375,-1.263888955116272,0.65576171875,0.26923829317092896,0.322265625,-0.216796875,0.07353515923023224
random-residual-for-41533,isotropic_control,,41533,,positive,random_j_1,1.290425419807434,1.7423750162124634,0.25942158699035645,-0.6427246034145355,-0.997607409954071,-0.9002821445465088,-0.4796142578125,0.969921886920929,0.7206217646598816,-0.2018771767616272,-0.3548828065395355
random-residual-for-41533,isotropic_control,,41533,,positive,random_j_2,1.290425419807434,1.6853828430175781,0.30440497398376465,0.46235351264476776,0.17133788764476776,-1.0638021230697632,-0.22053222358226776,0.11118163913488388,1.2038846015930176,-0.1842447966337204,-0.291015625
random-residual-for-41533,isotropic_control,,41533,,positive,random_j_3,1.290425419807434,1.6941567659378052,0.24513030052185059,1.2829101607203484,1.16650390625,-0.616319477558136,0.14663086831569672,0.756054699420929,-1.0215386152267456,-1.0439453125,-0.11640625447034836
random-residual-for-41533,isotropic_control,,41533,,positive,random_j_4,1.290425419807434,1.650733232498169,0.2692298889160156,-0.12443846464157104,-0.4572509825229645,0.7938368320465088,0.11721191555261612,0.05629882961511612,-0.2157118022441864,-0.173611119389534,-0.33281251788139343
random-residual-for-41533,isotropic_control,,41533,,positive,random_j_5,1.290425419807434,1.6882013082504272,0.3023090362548828,1.093164101243019,0.9771484732627869,0.6245659589767456,-0.14702148735523224,0.12546996772289276,0.1068793386220932,1.1002061367034912,-0.11601562798023224
sae-target-23893,target,23893,23893,,negative,jacobian,1.289405107498169,1.8489176034927368,1.8924932479858398,0.28802490234375,0.8725952506065369,-2.451714515686035,1.47265625,0.8828125,-0.7404513955116272,-1.4378255605697632,0.5845703482627869
sae-target-23893,target,23893,23893,,negative,identity,1.289405107498169,1.289405107498169,0.6018838882446289,0.5562988445162773,0.10932617634534836,-1.1378732919692993,0.18330077826976776,0.14824219048023224,-0.508897602558136,-0.276909738779068,-0.44697266817092896
sae-target-23893,target,23893,23893,,negative,random_j_1,1.289405107498169,1.7380934953689575,0.2807025909423828,-0.09124755859375,-0.24818114936351776,1.0969916582107544,0.24667969346046448,-0.646289050579071,0.2711859941482544,0.5138888955116272,-0.15693359076976776
sae-target-23893,target,23893,23893,,negative,random_j_2,1.289405107498169,1.6244052648544312,0.29171276092529297,-1.6372070908546448,-0.9659180045127869,-2.434027910232544,0.33619385957717896,-0.4712890684604645,1.3587239980697632,0.3854709267616272,0.6712890863418579
sae-target-23893,target,23893,23893,,negative,random_j_3,1.289405107498169,1.6516923904418945,0.23142194747924805,1.488964855670929,0.5975586175918579,0.8274739384651184,0.44921875,0.6507812738418579,-0.5324435830116272,1.2699652910232544,-0.891406238079071
sae-target-23893,target,23893,23893,,negative,random_j_4,1.289405107498169,1.7816680669784546,0.25567197799682617,0.21658020094037056,0.17919921875,0.4114583432674408,-1.3115234375,0.3543945252895355,0.6411946415901184,1.3151041269302368,-0.03738098219037056
sae-target-23893,target,23893,23893,,negative,random_j_5,1.289405107498169,1.6768547296524048,0.28548169136047363,0.7852050811052322,0.623046875,1.8958333730697632,0.5630859732627869,0.05747070536017418,-1.0226236581802368,-0.1083441823720932,-0.16215820610523224
sae-target-23893,target,23893,23893,,positive,jacobian,1.289405107498169,1.8489176034927368,1.8924932479858398,-0.28802490234375,-0.8725952506065369,2.451714515686035,-1.47265625,-0.8828125,0.7404513955116272,1.4378255605697632,-0.5845703482627869
sae-target-23893,target,23893,23893,,positive,identity,1.289405107498169,1.289405107498169,0.6018838882446289,-0.5562988445162773,-0.10932617634534836,1.1378732919692993,-0.18330077826976776,-0.14824219048023224,0.508897602558136,0.276909738779068,0.44697266817092896
sae-target-23893,target,23893,23893,,positive,random_j_1,1.289405107498169,1.7380934953689575,0.2807025909423828,0.09124755859375,0.24818114936351776,-1.0969916582107544,-0.24667969346046448,0.646289050579071,-0.2711859941482544,-0.5138888955116272,0.15693359076976776
sae-target-23893,target,23893,23893,,positive,random_j_2,1.289405107498169,1.6244052648544312,0.29171276092529297,1.6372070908546448,0.9659180045127869,2.434027910232544,-0.33619385957717896,0.4712890684604645,-1.3587239980697632,-0.3854709267616272,-0.6712890863418579
sae-target-23893,target,23893,23893,,positive,random_j_3,1.289405107498169,1.6516923904418945,0.23142194747924805,-1.488964855670929,-0.5975586175918579,-0.8274739384651184,-0.44921875,-0.6507812738418579,0.5324435830116272,-1.2699652910232544,0.891406238079071
sae-target-23893,target,23893,23893,,positive,random_j_4,1.289405107498169,1.7816680669784546,0.25567197799682617,-0.21658020094037056,-0.17919921875,-0.4114583432674408,1.3115234375,-0.3543945252895355,-0.6411946415901184,-1.3151041269302368,0.03738098219037056
sae-target-23893,target,23893,23893,,positive,random_j_5,1.289405107498169,1.6768547296524048,0.28548169136047363,-0.7852050811052322,-0.623046875,-1.8958333730697632,-0.5630859732627869,-0.05747070536017418,1.0226236581802368,0.1083441823720932,0.16215820610523224
sae-control-p1-15424,matched_control,15424,23893,1,negative,jacobian,1.2507940530776978,1.8469902276992798,1.1407661437988281,-1.499902367591858,-2.009326219558716,-0.4715711772441864,0.39716798067092896,-0.8314453363418579,-2.964409828186035,-2.9162325859069824,-0.5094238519668579
sae-control-p1-15424,matched_control,15424,23893,1,negative,identity,1.2507940530776978,1.2507940530776978,0.4030733108520508,0.10136719048023224,-0.22871093451976776,0.8958061933517456,-0.7135254144668579,-0.71630859375,-0.758897602558136,0.257378488779068,-0.330078125
sae-control-p1-15424,matched_control,15424,23893,1,negative,random_j_1,1.2507940530776978,1.6614022254943848,0.2855253219604492,0.20634767413139343,0.685253918170929,-0.8524305820465088,0.32182618975639343,-0.19873046875,1.1563042402267456,1.0144857168197632,0.4789062440395355
sae-control-p1-15424,matched_control,15424,23893,1,negative,random_j_2,1.2507940530776978,1.6531076431274414,0.2532670497894287,1.105712965130806,1.0031250715255737,-0.8231337070465088,0.789843738079071,-0.3705078065395355,-1.179904580116272,-1.323459267616272,-0.10258789360523224
sae-control-p1-15424,matched_control,15424,23893,1,negative,random_j_3,1.2507940530776978,1.5813004970550537,0.28643012046813965,-0.40996094048023224,-0.268310546875,0.8745659589767456,1.0543807744979858,0.3617187440395355,0.1588541716337204,-0.8520236611366272,0.14165039360523224
sae-control-p1-15424,matched_control,15424,23893,1,negative,random_j_4,1.2507940530776978,1.7483923435211182,0.3035452365875244,-0.6270019561052322,-0.833203136920929,0.276909738779068,0.15244141221046448,0.5985351800918579,-0.1204427108168602,-0.9471028447151184,-0.20620118081569672
sae-control-p1-15424,matched_control,15424,23893,1,negative,random_j_5,1.2507940530776978,1.6393076181411743,0.2911722660064697,-0.41279296576976776,-0.19306640326976776,0.2120225727558136,0.9310547113418579,-0.6181640625,-1.4245877265930176,0.2828775942325592,0.2197265625
sae-control-p1-15424,matched_control,15424,23893,1,positive,jacobian,1.2507940530776978,1.8469902276992798,1.1407661437988281,1.499902367591858,2.009326219558716,0.4715711772441864,-0.39716798067092896,0.8314453363418579,2.964409828186035,2.9162325859069824,0.5094238519668579
sae-control-p1-15424,matched_control,15424,23893,1,positive,identity,1.2507940530776978,1.2507940530776978,0.4030733108520508,-0.10136719048023224,0.22871093451976776,-0.8958061933517456,0.7135254144668579,0.71630859375,0.758897602558136,-0.257378488779068,0.330078125
sae-control-p1-15424,matched_control,15424,23893,1,positive,random_j_1,1.2507940530776978,1.6614022254943848,0.2855253219604492,-0.20634767413139343,-0.685253918170929,0.8524305820465088,-0.32182618975639343,0.19873046875,-1.1563042402267456,-1.0144857168197632,-0.4789062440395355
sae-control-p1-15424,matched_control,15424,23893,1,positive,random_j_2,1.2507940530776978,1.6531076431274414,0.2532670497894287,-1.105712965130806,-1.0031250715255737,0.8231337070465088,-0.789843738079071,0.3705078065395355,1.179904580116272,1.323459267616272,0.10258789360523224
sae-control-p1-15424,matched_control,15424,23893,1,positive,random_j_3,1.2507940530776978,1.5813004970550537,0.28643012046813965,0.40996094048023224,0.268310546875,-0.8745659589767456,-1.0543807744979858,-0.3617187440395355,-0.1588541716337204,0.8520236611366272,-0.14165039360523224
sae-control-p1-15424,matched_control,15424,23893,1,positive,random_j_4,1.2507940530776978,1.7483923435211182,0.3035452365875244,0.6270019561052322,0.833203136920929,-0.276909738779068,-0.15244141221046448,-0.5985351800918579,0.1204427108168602,0.9471028447151184,0.20620118081569672
sae-control-p1-15424,matched_control,15424,23893,1,positive,random_j_5,1.2507940530776978,1.6393076181411743,0.2911722660064697,0.41279296576976776,0.19306640326976776,-0.2120225727558136,-0.9310547113418579,0.6181640625,1.4245877265930176,-0.2828775942325592,-0.2197265625
sae-control-p2-51407,matched_control,51407,23893,2,negative,jacobian,1.2273800373077393,1.5953595638275146,11.57526969909668,0.6805664077401161,0.08095703274011612,-0.2924262285232544,-1.142187476158142,-0.3078369200229645,0.3205295205116272,0.279296875,-0.599609375
sae-control-p2-51407,matched_control,51407,23893,2,negative,identity,1.2273800373077393,1.2273800373077393,3.1795082092285156,0.8289428949356079,-0.525634765625,-0.0486111119389534,-0.714892566204071,-0.13144531846046448,0.2613932192325592,-0.2872585654258728,-1.354577660560608
sae-control-p2-51407,matched_control,51407,23893,2,negative,random_j_1,1.2273800373077393,1.611006736755371,0.30332493782043457,-0.7002716362476349,-0.45007631182670593,0.041015625,0.44990235567092896,-0.8011230826377869,0.6868489384651184,0.53369140625,0.25019532442092896
sae-control-p2-51407,matched_control,51407,23893,2,negative,random_j_2,1.2273800373077393,1.6153932809829712,0.2854290008544922,0.1572021571919322,0.16542969644069672,-0.8211805820465088,0.13525390625,-0.43701171875,0.4112955629825592,0.86669921875,0.008227539248764515
sae-control-p2-51407,matched_control,51407,23893,2,negative,random_j_3,1.2273800373077393,1.626091480255127,0.28728389739990234,0.17817384004592896,-0.5048828125,0.621202290058136,-0.6822265982627869,-0.32792970538139343,-1.3098958730697632,-0.121961809694767,-0.683056652545929
sae-control-p2-51407,matched_control,51407,23893,2,negative,random_j_4,1.2273800373077393,1.6225703954696655,0.2687537670135498,-0.18437501788139343,-0.678417980670929,-0.666015625,0.2899414002895355,0.520703136920929,0.2880316972732544,-0.0327521450817585,-0.4940429627895355
sae-control-p2-51407,matched_control,51407,23893,2,negative,random_j_5,1.2273800373077393,1.65146005153656,0.29053616523742676,2.155566394329071,1.304785132408142,-0.9334309697151184,-0.2088623046875,-0.06718750298023224,0.605577290058136,-0.7781032919883728,-0.850781261920929
sae-control-p2-51407,matched_control,51407,23893,2,positive,jacobian,1.2273800373077393,1.5953595638275146,11.57526969909668,-0.6805664077401161,-0.08095703274011612,0.2924262285232544,1.142187476158142,0.3078369200229645,-0.3205295205116272,-0.279296875,0.599609375
sae-control-p2-51407,matched_control,51407,23893,2,positive,identity,1.2273800373077393,1.2273800373077393,3.1795082092285156,-0.8289428949356079,0.525634765625,0.0486111119389534,0.714892566204071,0.13144531846046448,-0.2613932192325592,0.2872585654258728,1.354577660560608
sae-control-p2-51407,matched_control,51407,23893,2,positive,random_j_1,1.2273800373077393,1.611006736755371,0.30332493782043457,0.7002716362476349,0.45007631182670593,-0.041015625,-0.44990235567092896,0.8011230826377869,-0.6868489384651184,-0.53369140625,-0.25019532442092896
sae-control-p2-51407,matched_control,51407,23893,2,positive,random_j_2,1.2273800373077393,1.6153932809829712,0.2854290008544922,-0.1572021571919322,-0.16542969644069672,0.8211805820465088,-0.13525390625,0.43701171875,-0.4112955629825592,-0.86669921875,-0.008227539248764515
sae-control-p2-51407,matched_control,51407,23893,2,positive,random_j_3,1.2273800373077393,1.626091480255127,0.28728389739990234,-0.17817384004592896,0.5048828125,-0.621202290058136,0.6822265982627869,0.32792970538139343,1.3098958730697632,0.121961809694767,0.683056652545929
sae-control-p2-51407,matched_control,51407,23893,2,positive,random_j_4,1.2273800373077393,1.6225703954696655,0.2687537670135498,0.18437501788139343,0.678417980670929,0.666015625,-0.2899414002895355,-0.520703136920929,-0.2880316972732544,0.0327521450817585,0.4940429627895355
sae-control-p2-51407,matched_control,51407,23893,2,positive,random_j_5,1.2273800373077393,1.65146005153656,0.29053616523742676,-2.155566394329071,-1.304785132408142,0.9334309697151184,0.2088623046875,0.06718750298023224,-0.605577290058136,0.7781032919883728,0.850781261920929
sae-control-p3-26362,matched_control,26362,23893,3,negative,jacobian,1.0723052024841309,1.6962120532989502,10.440325736999512,0.565136730670929,0.792187511920929,-1.0013563632965088,-0.09174805134534836,1.203271508216858,0.4953070878982544,-0.8852674961090088,0.22705078125
sae-control-p3-26362,matched_control,26362,23893,3,negative,identity,1.0723052024841309,1.0723052024841309,2.384716033935547,1.1923828125,0.576855480670929,-0.3287760317325592,0.3212890625,1.548437476158142,0.5565321445465088,-0.612413227558136,-0.615527331829071
sae-control-p3-26362,matched_control,26362,23893,3,negative,random_j_1,1.0723052024841309,1.3681631088256836,0.28929853439331055,-0.6064453125,-0.171875,-0.8133680820465088,1.0851563215255737,-0.616992175579071,0.0759548619389534,-1.1067708730697632,0.4345703125
sae-control-p3-26362,matched_control,26362,23893,3,negative,random_j_2,1.0723052024841309,1.4059245586395264,0.2826857566833496,1.087499976158142,0.576953113079071,0.8081597089767456,0.18051758408546448,0.541210949420929,-0.8519965410232544,-0.5619574785232544,-0.510546863079071
sae-control-p3-26362,matched_control,26362,23893,3,negative,random_j_3,1.0723052024841309,1.3959753513336182,0.2416400909423828,-0.32905274629592896,-0.37714844942092896,-0.02180989645421505,0.42851564288139343,-0.20468750596046448,0.1243489608168602,-0.301323801279068,-0.048095703125
sae-control-p3-26362,matched_control,26362,23893,3,negative,random_j_4,1.0723052024841309,1.365869164466858,0.2737538814544678,-0.13437499850988388,-0.20429687201976776,-0.4936252236366272,-0.2925781309604645,-0.529003918170929,-0.0698784738779068,1.23828125,-0.06992187350988388
sae-control-p3-26362,matched_control,26362,23893,3,negative,random_j_5,1.0723052024841309,1.4469109773635864,0.21361970901489258,-0.24140626192092896,-0.32246094942092896,0.2673611044883728,0.3125976622104645,-0.02548828162252903,-0.875,0.01779513992369175,-0.0810546875
sae-control-p3-26362,matched_control,26362,23893,3,positive,jacobian,1.0723052024841309,1.6962120532989502,10.440325736999512,-0.565136730670929,-0.792187511920929,1.0013563632965088,0.09174805134534836,-1.203271508216858,-0.4953070878982544,0.8852674961090088,-0.22705078125
sae-control-p3-26362,matched_control,26362,23893,3,positive,identity,1.0723052024841309,1.0723052024841309,2.384716033935547,-1.1923828125,-0.576855480670929,0.3287760317325592,-0.3212890625,-1.548437476158142,-0.5565321445465088,0.612413227558136,0.615527331829071
sae-control-p3-26362,matched_control,26362,23893,3,positive,random_j_1,1.0723052024841309,1.3681631088256836,0.28929853439331055,0.6064453125,0.171875,0.8133680820465088,-1.0851563215255737,0.616992175579071,-0.0759548619389534,1.1067708730697632,-0.4345703125
sae-control-p3-26362,matched_control,26362,23893,3,positive,random_j_2,1.0723052024841309,1.4059245586395264,0.2826857566833496,-1.087499976158142,-0.576953113079071,-0.8081597089767456,-0.18051758408546448,-0.541210949420929,0.8519965410232544,0.5619574785232544,0.510546863079071
sae-control-p3-26362,matched_control,26362,23893,3,positive,random_j_3,1.0723052024841309,1.3959753513336182,0.2416400909423828,0.32905274629592896,0.37714844942092896,0.02180989645421505,-0.42851564288139343,0.20468750596046448,-0.1243489608168602,0.301323801279068,0.048095703125
sae-control-p3-26362,matched_control,26362,23893,3,positive,random_j_4,1.0723052024841309,1.365869164466858,0.2737538814544678,0.13437499850988388,0.20429687201976776,0.4936252236366272,0.2925781309604645,0.529003918170929,0.0698784738779068,-1.23828125,0.06992187350988388
sae-control-p3-26362,matched_control,26362,23893,3,positive,random_j_5,1.0723052024841309,1.4469109773635864,0.21361970901489258,0.24140626192092896,0.32246094942092896,-0.2673611044883728,-0.3125976622104645,0.02548828162252903,0.875,-0.01779513992369175,0.0810546875
random-residual-for-23893,isotropic_control,,23893,,negative,jacobian,1.2893099784851074,1.7294329404830933,0.29346513748168945,-1.412426732480526,0.07241211086511612,0.477105051279068,1.421728491783142,-0.08867187798023224,2.152886390686035,0.6759982705116272,1.484838843345642
random-residual-for-23893,isotropic_control,,23893,,negative,identity,1.2893099784851074,1.2893099784851074,0.27167296409606934,-1.6207031607627869,-1.043359398841858,-0.1382378488779068,1.0119141340255737,-0.26329347491264343,0.7624782919883728,-0.5134548544883728,0.577343761920929
random-residual-for-23893,isotropic_control,,23893,,negative,random_j_1,1.2893099784851074,1.6627717018127441,0.26940178871154785,0.01779782772064209,-0.8414062857627869,0.5574544072151184,0.10996093600988388,0.80859375,1.7196180820465088,1.2794053554534912,-0.859204113483429
random-residual-for-23893,isotropic_control,,23893,,negative,random_j_2,1.2893099784851074,1.6961723566055298,0.24165630340576172,-0.15781250596046448,-0.31562501192092896,0.6155056357383728,-0.5404297113418579,0.2505126893520355,-0.9178602695465088,-0.3155924379825592,-0.15781250596046448
random-residual-for-23893,isotropic_control,,23893,,negative,random_j_3,1.2893099784851074,1.6867703199386597,0.2957448959350586,0.7992920130491257,0.14870606362819672,0.5054253339767456,-0.37690430879592896,0.6153320670127869,-0.7823893427848816,0.8109537959098816,-0.650585949420929
random-residual-for-23893,isotropic_control,,23893,,negative,random_j_4,1.2893099784851074,1.6233834028244019,0.23803973197937012,-0.6228515654802322,-0.494140625,0.2747938334941864,-0.02460937574505806,-0.16445313394069672,-0.9033745527267456,0.3108724057674408,0.12871094048023224
random-residual-for-23893,isotropic_control,,23893,,negative,random_j_5,1.2893099784851074,1.6231263875961304,0.26905155181884766,-1.747656226158142,-0.923144519329071,0.2745225727558136,-0.6342529654502869,0.13193359971046448,0.2488606721162796,-0.3466796875,0.824511706829071
random-residual-for-23893,isotropic_control,,23893,,positive,jacobian,1.2893099784851074,1.7294329404830933,0.29346513748168945,1.412426732480526,-0.07241211086511612,-0.477105051279068,-1.421728491783142,0.08867187798023224,-2.152886390686035,-0.6759982705116272,-1.484838843345642
random-residual-for-23893,isotropic_control,,23893,,positive,identity,1.2893099784851074,1.2893099784851074,0.27167296409606934,1.6207031607627869,1.043359398841858,0.1382378488779068,-1.0119141340255737,0.26329347491264343,-0.7624782919883728,0.5134548544883728,-0.577343761920929
random-residual-for-23893,isotropic_control,,23893,,positive,random_j_1,1.2893099784851074,1.6627717018127441,0.26940178871154785,-0.01779782772064209,0.8414062857627869,-0.5574544072151184,-0.10996093600988388,-0.80859375,-1.7196180820465088,-1.2794053554534912,0.859204113483429
random-residual-for-23893,isotropic_control,,23893,,positive,random_j_2,1.2893099784851074,1.6961723566055298,0.24165630340576172,0.15781250596046448,0.31562501192092896,-0.6155056357383728,0.5404297113418579,-0.2505126893520355,0.9178602695465088,0.3155924379825592,0.15781250596046448
random-residual-for-23893,isotropic_control,,23893,,positive,random_j_3,1.2893099784851074,1.6867703199386597,0.2957448959350586,-0.7992920130491257,-0.14870606362819672,-0.5054253339767456,0.37690430879592896,-0.6153320670127869,0.7823893427848816,-0.8109537959098816,0.650585949420929
random-residual-for-23893,isotropic_control,,23893,,positive,random_j_4,1.2893099784851074,1.6233834028244019,0.23803973197937012,0.6228515654802322,0.494140625,-0.2747938334941864,0.02460937574505806,0.16445313394069672,0.9033745527267456,-0.3108724057674408,-0.12871094048023224
random-residual-for-23893,isotropic_control,,23893,,positive,random_j_5,1.2893099784851074,1.6231263875961304,0.26905155181884766,1.747656226158142,0.923144519329071,-0.2745225727558136,0.6342529654502869,-0.13193359971046448,-0.2488606721162796,0.3466796875,-0.824511706829071
