from_layer,to_layer,from_feature_id,to_feature_id,n_common_items,activation_spearman,decoder_cosine,top20_item_jaccard,selected_descriptive_edge
0,1,335,4720,1110,0.162731716158222,0.010773994414166332,0.05263157894736842,0
0,1,335,5167,1110,0.03978308088944595,-0.015072389300714148,0.0,0
0,1,335,7161,1110,-0.06103354290042964,-0.01970960997364054,0.0,0
0,1,335,9163,1110,0.13790949764825897,-0.022568491497961713,0.02564102564102564,0
0,1,335,14489,1110,0.02211537555357485,-0.004107164738586417,0.0,0
0,1,335,14862,1110,0.04092800762685145,0.025644094102409896,0.02564102564102564,0
0,1,5303,4720,1110,0.5435005052545288,0.06267244297801565,0.05263157894736842,1
0,1,5303,5167,1110,0.2057093739145701,-0.0043033175667177405,0.0,0
0,1,5303,7161,1110,0.10552613496771132,-0.01264910000396462,0.05263157894736842,0
0,1,5303,9163,1110,0.8493002287093295,0.5212238154232994,0.3333333333333333,1
0,1,5303,14489,1110,0.12956170341681367,-0.008061908537766973,0.0,0
0,1,5303,14862,1110,0.4179491565578869,0.019775404612884285,0.17647058823529413,1
0,1,5477,4720,1110,0.18790598817589632,-0.02660038462695719,0.0,0
0,1,5477,5167,1110,0.9710696997545165,0.7705211702987806,0.17647058823529413,1
0,1,5477,7161,1110,0.7775798779484383,0.3993443902315001,0.0,1
0,1,5477,9163,1110,0.1700939275775663,0.010370181844027746,0.0,0
0,1,5477,14489,1110,-0.06726155305184334,0.3477488722174914,0.0,0
0,1,5477,14862,1110,0.26659455655479447,-0.035967477735897334,0.0,0
0,1,7546,4720,1110,-0.035682764346699196,-0.020313871688828197,0.05263157894736842,0
0,1,7546,5167,1110,-0.0830903466115683,0.2853608860416907,0.0,0
0,1,7546,7161,1110,-0.06204773811077646,0.22964271801473524,0.0,0
0,1,7546,9163,1110,0.07060876586869769,0.0028408771886773107,0.0,0
0,1,7546,14489,1110,0.7358592490912559,0.8241484096861686,0.05263157894736842,1
0,1,7546,14862,1110,0.17094070219143048,-0.04232568940707716,0.14285714285714285,0
0,1,13182,4720,1110,0.025050959050294117,-0.023823566782340128,0.0,0
0,1,13182,5167,1110,0.08795852369422098,0.13643833674825992,0.0,0
0,1,13182,7161,1110,0.11087188499234317,0.1693244365056811,0.05263157894736842,0
0,1,13182,9163,1110,0.0740112157104472,0.004245231136940828,0.0,0
0,1,13182,14489,1110,0.05944462757216939,0.2590232560072789,0.0,0
0,1,13182,14862,1110,0.06469111284852974,-0.02299924327058085,0.0,0
0,1,15783,4720,1110,0.3628114579549529,-0.002794159248958048,0.08108108108108109,0
0,1,15783,5167,1110,0.2813320489706119,-0.0017933620041812905,0.0,0
0,1,15783,7161,1110,0.12483125280108236,-0.006052221378762237,0.0,0
0,1,15783,9163,1110,0.365407116138906,0.007517104165795804,0.0,0
0,1,15783,14489,1110,0.12193418457375943,-0.04053894571540717,0.0,0
0,1,15783,14862,1110,0.32587174938313035,-0.024146779959948683,0.0,0
1,2,4720,475,1110,0.635878473832355,0.14804958803771182,0.05263157894736842,1
1,2,4720,4121,1110,0.22418542208283906,-0.007260718787758312,0.02564102564102564,0
1,2,4720,5829,1110,0.10630313643465447,-0.02516903597737945,0.0,0
1,2,4720,15764,1110,0.25464124087135387,0.011572303245682208,0.08108108108108109,0
1,2,4720,15809,1110,0.0310995209069998,0.005700158361652413,0.05263157894736842,0
1,2,4720,16156,1110,0.16825821452630496,0.008631084887523,0.1111111111111111,0
1,2,5167,475,1110,0.11963018772920937,-0.0011384893598245767,0.0,0
1,2,5167,4121,1110,0.9679180488264384,0.7679968351751836,0.25,1
1,2,5167,5829,1110,0.8462856149691389,0.4973576059383023,0.0,1
1,2,5167,15764,1110,0.19168061965958824,-0.00722712667596778,0.0,0
1,2,5167,15809,1110,0.16245320430572804,-0.011805599223305568,0.0,0
1,2,5167,16156,1110,0.11679523750637595,-0.025123071953404727,0.0,0
1,2,7161,475,1110,0.08094657363234953,-0.01852565669920458,0.02564102564102564,0
1,2,7161,4121,1110,0.7666297183530445,0.23829992700248853,0.0,1
1,2,7161,5829,1110,0.8914100059552821,0.7700661990309171,0.0,1
1,2,7161,15764,1110,0.11733608157487521,-0.03711878563552049,0.0,0
1,2,7161,15809,1110,0.1580297391262853,-0.007604292224236379,0.0,0
1,2,7161,16156,1110,0.0434154943794153,-0.001535227619615846,0.0,0
1,2,9163,475,1110,0.8607554191145544,0.725456215271864,0.3333333333333333,1
1,2,9163,4121,1110,0.18182381060176342,0.023883256707049404,0.0,0
1,2,9163,5829,1110,0.08368352421240417,-0.005572108670494396,0.0,0
1,2,9163,15764,1110,0.3824231687590369,0.024484094753813156,0.0,0
1,2,9163,15809,1110,0.10533901950947637,-0.005227889941052818,0.0,0
1,2,9163,16156,1110,0.2441266904510204,0.028540817759037152,0.0,0
1,2,14489,475,1110,0.1830348161795183,-0.028167803416539332,0.0,0
1,2,14489,4121,1110,-0.10093038955125469,0.3922729400217768,0.0,0
1,2,14489,5829,1110,-0.03752960021209364,0.3299663249594588,0.0,0
1,2,14489,15764,1110,0.1424289504379325,-0.03868495220332034,0.0,0
1,2,14489,15809,1110,0.1683661192783282,-0.05642051440528194,0.0,0
1,2,14489,16156,1110,0.14179067867865922,-0.013062771168012681,0.0,0
1,2,14862,475,1110,0.39306052526515894,0.017323097397825223,0.17647058823529413,1
1,2,14862,4121,1110,0.27483246609716716,-0.006453652171133316,0.0,0
1,2,14862,5829,1110,0.2099546191902683,-0.03352388528875472,0.0,0
1,2,14862,15764,1110,0.7967411240436195,0.56915109082922,0.6666666666666666,1
1,2,14862,15809,1110,0.2019113986492241,0.06177658788653675,0.1111111111111111,0
1,2,14862,16156,1110,0.25860602980772723,0.07609734399279942,0.0,1
2,3,475,4668,1110,0.09963601792271075,-0.02595193990357692,0.0,0
2,3,475,5100,1110,0.04618868506213471,-0.009436673227840848,0.0,0
2,3,475,5829,1110,0.08352261949188043,-0.010678154144609958,0.0,0
2,3,475,6892,1110,0.08273084265474148,0.0036503703080296456,0.0,0
2,3,475,7274,1110,0.07818600620673656,-0.005382070063873369,0.0,0
2,3,475,14792,1110,-0.11710938551487576,0.009588232109916736,0.0,0
2,3,4121,4668,1110,-0.09069671186166525,0.21510385791898196,0.0,0
2,3,4121,5100,1110,0.22261326195352577,-0.02964977127624283,0.0,0
2,3,4121,5829,1110,0.9028560267708859,0.7914931258067203,0.21212121212121213,1
2,3,4121,6892,1110,0.15115119630682472,-0.015197414044195121,0.0,0
2,3,4121,7274,1110,0.08199278518929332,-0.025060525575187845,0.02564102564102564,0
2,3,4121,14792,1110,0.1741370326076991,-0.0448240920299592,0.0,0
2,3,5829,4668,1110,-0.04849367633750829,0.3558294786403167,0.0,0
2,3,5829,5100,1110,0.14712895538673232,-0.010128345116701711,0.0,0
2,3,5829,5829,1110,0.8836597335051597,0.7266380386937946,0.0,1
2,3,5829,6892,1110,0.14905662375100726,-0.02093653106938808,0.0,0
2,3,5829,7274,1110,0.030587504508777716,-0.03632577275580166,0.0,0
2,3,5829,14792,1110,0.14843008598202592,-0.04846652042301938,0.0,0
2,3,15764,4668,1110,0.10374440633098382,-0.03136758947138086,0.14285714285714285,0
2,3,15764,5100,1110,0.2936307791373514,0.1115328347420967,0.0,1
2,3,15764,5829,1110,0.14284583802758402,-0.020030984177672746,0.0,0
2,3,15764,6892,1110,0.2216477668746741,-0.05339456418970877,0.0,0
2,3,15764,7274,1110,0.0945302133400562,0.08030982828340087,0.0,0
2,3,15764,14792,1110,-0.003331144203441846,-0.0006637312803356071,0.0,0
2,3,15809,4668,1110,0.3312796665134099,-0.04250140434847148,0.05263157894736842,0
2,3,15809,5100,1110,0.8968677358875642,0.9401628357227226,0.42857142857142855,1
2,3,15809,5829,1110,0.1756094411773447,-0.01986689983726425,0.05263157894736842,0
2,3,15809,6892,1110,0.16838236666667544,-0.029201101969894134,0.08108108108108109,0
2,3,15809,7274,1110,0.0313370154693746,0.07962410830001916,0.0,0
2,3,15809,14792,1110,0.5150599641128981,-0.0028672598972055785,0.25,1
2,3,16156,4668,1110,0.15807732847927894,0.00805427451533314,0.0,0
2,3,16156,5100,1110,0.03127700202865368,0.057669538288780756,0.0,0
2,3,16156,5829,1110,0.061152068447032276,-0.018378114101044066,0.0,0
2,3,16156,6892,1110,0.11127518437513702,-0.02022666935794876,0.0,0
2,3,16156,7274,1110,0.6875972637078872,0.6901092723720179,1.0,1
2,3,16156,14792,1110,-0.028697773978538656,0.06495688119686288,0.0,0
3,4,4668,1149,1110,0.13636970508486745,-0.006291301093562414,0.0,0
3,4,4668,4121,1110,-0.07516679409020499,0.2672691150905136,0.0,0
3,4,4668,4414,1110,0.7297079318877129,0.8173777562038921,0.02564102564102564,1
3,4,4668,9545,1110,-0.07753532259432973,0.2573410615049757,0.0,0
3,4,4668,10543,1110,-0.040214159154053804,0.30252983512987536,0.0,0
3,4,4668,16237,1110,0.23703134239343787,-0.045687784215898114,0.05263157894736842,0
3,4,5100,1149,1110,0.2497264919674569,-0.026777042277882194,0.14285714285714285,0
3,4,5100,4121,1110,0.18271992943014703,-0.03499675980092253,0.08108108108108109,0
3,4,5100,4414,1110,0.012648940715013176,-0.07897776939908566,0.02564102564102564,0
3,4,5100,9545,1110,0.08343938651486524,-0.0825101371140864,0.0,0
3,4,5100,10543,1110,0.2073066502854085,-0.024367584123146845,0.0,0
3,4,5100,16237,1110,0.887612817112841,0.9524653625737977,0.6666666666666666,1
3,4,5829,1149,1110,0.12892377083525086,0.0023304272102801756,0.02564102564102564,0
3,4,5829,4121,1110,0.8703167352271687,0.6608921283891308,0.2903225806451613,1
3,4,5829,4414,1110,-0.16175163481665986,0.4867357698165569,0.0,0
3,4,5829,9545,1110,0.047383295095829045,0.3018464513538113,0.0,0
3,4,5829,10543,1110,0.920961969177876,0.8147899818297724,0.0,1
3,4,5829,16237,1110,0.17498782854231218,-0.021491294358217828,0.08108108108108109,0
3,4,6892,1149,1110,0.8509578850587137,0.6526312487613354,0.7391304347826086,1
3,4,6892,4121,1110,0.18128057314638682,-0.016081012064459405,0.05263157894736842,0
3,4,6892,4414,1110,0.05247178671633978,-0.005117863762461818,0.0,0
3,4,6892,9545,1110,0.007365956827364459,-0.07444436115769004,0.02564102564102564,0
3,4,6892,10543,1110,0.1038275143412274,-0.03084309328819771,0.02564102564102564,0
3,4,6892,16237,1110,0.17036173664659185,-0.040816314702612655,0.1111111111111111,0
3,4,7274,1149,1110,0.1742751147120861,0.01665396559744628,0.0,0
3,4,7274,4121,1110,0.08353630719133567,-0.016948398915152454,0.0,0
3,4,7274,4414,1110,0.11260209137709631,-0.01946086699812822,0.0,0
3,4,7274,9545,1110,-0.013507369917945985,-0.09670577493801358,0.0,0
3,4,7274,10543,1110,0.002691964975601069,-0.04927928893455619,0.0,0
3,4,7274,16237,1110,0.037517284385511496,0.08243185618436799,0.0,0
3,4,14792,1149,1110,0.2722148305003359,0.035061913074930826,0.17647058823529413,1
3,4,14792,4121,1110,0.20843319859283846,-0.03848985697652325,0.05263157894736842,0
3,4,14792,4414,1110,-0.012052985422934879,-0.036665237514655606,0.02564102564102564,0
3,4,14792,9545,1110,-0.10938034144302496,-0.07608763107292486,0.0,0
3,4,14792,10543,1110,0.16568950004493277,-0.054094108826364874,0.0,0
3,4,14792,16237,1110,0.48343783786008204,0.006255495064184391,0.3793103448275862,1
4,5,1149,3992,1110,0.32345214888710955,0.0053169613926415124,0.0,0
4,5,1149,5779,1110,0.20509330995387226,-0.025765053158439834,0.05263157894736842,0
4,5,1149,7645,1110,0.8837688286607316,0.7963251348020347,0.48148148148148145,1
4,5,1149,9714,1110,0.21313401015848638,-0.04095620660084628,0.1111111111111111,0
4,5,1149,10951,1110,0.11254709218525097,0.004147097890790889,0.0,0
4,5,1149,11393,1110,0.204708388099577,-0.005090957051047831,0.0,0
4,5,4121,3992,1110,0.11191742660585074,-0.017004526913203043,0.0,0
4,5,4121,5779,1110,0.21145995123240222,-0.014876589634840183,0.05263157894736842,0
4,5,4121,7645,1110,0.19564660129096517,0.02484188682280811,0.05263157894736842,0
4,5,4121,9714,1110,0.20438293787587575,-0.017890401547709812,0.17647058823529413,0
4,5,4121,10951,1110,0.05736779656989326,-0.009112630461474274,0.0,0
4,5,4121,11393,1110,0.8744503840141458,0.4833295325441835,0.08108108108108109,1
4,5,4414,3992,1110,0.08901518199513035,-0.011801545985109196,0.0,0
4,5,4414,5779,1110,0.14187504774656964,-0.059894550235673534,0.0,0
4,5,4414,7645,1110,0.09078555242882111,0.0076978654507892,0.0,0
4,5,4414,9714,1110,0.01795853679747421,-0.05568485484173663,0.02564102564102564,0
4,5,4414,10951,1110,0.31942154403228823,-0.006123643280639835,0.0,0
4,5,4414,11393,1110,-0.13669379614448215,0.39295563750541185,0.0,0
4,5,9545,3992,1110,-0.02121854447914325,-0.0814653513732581,0.0,0
4,5,9545,5779,1110,-0.09733357442285326,-0.08179223506020229,0.0,0
4,5,9545,7645,1110,-0.052528666028625715,-0.0561382149981431,0.02564102564102564,0
4,5,9545,9714,1110,0.05357246554665847,-0.053963537637595364,0.0,0
4,5,9545,10951,1110,-0.10035601514977656,0.011791155471353938,0.0,0
4,5,9545,11393,1110,-0.0022923209424850844,0.2522171451647698,0.0,0
4,5,10543,3992,1110,0.011666477419795944,-0.03259943803747917,0.0,0
4,5,10543,5779,1110,0.12956616019430706,-0.0709467044942422,0.0,0
4,5,10543,7645,1110,0.1645048504877045,-0.004008886653680067,0.0,0
4,5,10543,9714,1110,0.23553274503460445,-0.003739656077725955,0.0,0
4,5,10543,10951,1110,0.014757433796099399,-0.006497127286746161,0.0,0
4,5,10543,11393,1110,0.9130036723929067,0.867103726023417,0.08108108108108109,1
4,5,16237,3992,1110,0.16417765606270715,0.09154778263968333,0.0,0
4,5,16237,5779,1110,0.07734110073144866,0.11502459983927468,0.05263157894736842,0
4,5,16237,7645,1110,0.21395649406446507,-0.02971640736096343,0.14285714285714285,0
4,5,16237,9714,1110,0.7938783510201625,0.9414630266004613,0.7391304347826086,1
4,5,16237,10951,1110,-0.04301976192861211,-0.008762242787362182,0.0,0
4,5,16237,11393,1110,0.17568766182674994,-0.008870565936640628,0.0,0
5,6,3992,1115,1110,0.027181130236006996,-0.011401181051853483,0.0,0
5,6,3992,3510,1110,0.1540379831651009,0.004584283509297323,0.0,0
5,6,3992,4540,1110,0.23976230025430817,0.1155449717131539,0.0,0
5,6,3992,7143,1110,0.7765461064147979,0.9123323943358578,1.0,1
5,6,3992,11864,1110,0.30481760677962433,0.008062925757040786,0.0,0
5,6,3992,12260,1110,0.21349263595285836,0.026619422244383833,0.0,0
5,6,5779,1115,1110,0.1436238633097244,-0.05849561910721734,0.02564102564102564,0
5,6,5779,3510,1110,0.30495868532230874,-0.004025059807918754,0.0,0
5,6,5779,4540,1110,0.3381509614102257,0.060236026645187485,0.05263157894736842,1
5,6,5779,7143,1110,0.19161364085105448,0.051004461661041514,0.0,0
5,6,5779,11864,1110,0.18905544701261084,-0.018016401247666312,0.08108108108108109,0
5,6,5779,12260,1110,0.8834501946148923,0.9059122749924866,0.8181818181818182,1
5,6,7645,1115,1110,0.11155579856167297,0.0063046327514797405,0.0,0
5,6,7645,3510,1110,0.23190238671423757,-0.010443260550974918,0.0,0
5,6,7645,4540,1110,0.3153923939005266,-0.009127729836655774,0.08108108108108109,0
5,6,7645,7143,1110,0.2459122957605761,0.008955101607327513,0.0,0
5,6,7645,11864,1110,0.9045457475140274,0.9160187537882702,1.0,1
5,6,7645,12260,1110,0.20162666964123055,-0.005216588453795462,0.08108108108108109,0
5,6,9714,1115,1110,0.26403156361027713,-0.002972908497584372,0.0,0
5,6,9714,3510,1110,0.1726146346676611,0.015270824623404487,0.0,0
5,6,9714,4540,1110,0.22637074258395862,-0.0018015315294192407,0.02564102564102564,0
5,6,9714,7143,1110,0.11124629877402784,0.12031390584575744,0.0,0
5,6,9714,11864,1110,0.18485236708461078,-0.03038210249585007,0.1111111111111111,0
5,6,9714,12260,1110,0.1532566628676809,0.12020787274996418,0.02564102564102564,0
5,6,10951,1115,1110,0.05069108443767748,-0.012056909984283715,0.0,0
5,6,10951,3510,1110,0.6203454832429883,0.27931833672244333,0.0,1
5,6,10951,4540,1110,0.29294024143635117,0.0007215161790478359,0.0,0
5,6,10951,7143,1110,0.10479011978258913,-0.023553009934412877,0.0,0
5,6,10951,11864,1110,0.12076887830747106,0.01289460684349452,0.0,0
5,6,10951,12260,1110,0.12071945516764578,-0.0042519302128717715,0.0,0
5,6,11393,1115,1110,0.9060569605881398,0.9185658731123539,0.14285714285714285,1
5,6,11393,3510,1110,0.27727071963964806,0.007328823636238827,0.0,0
5,6,11393,4540,1110,0.27132435434873836,-0.039060692211572476,0.02564102564102564,0
5,6,11393,7143,1110,0.09247480697293357,-0.018608876947756984,0.0,0
5,6,11393,11864,1110,0.20883045307190273,0.01839402806424559,0.0,0
5,6,11393,12260,1110,0.17644898677339405,-0.05318694722527534,0.0,0
6,7,1115,3333,1110,0.24884026225546885,-0.0026439859624800923,0.08108108108108109,0
6,7,1115,5976,1110,0.23006459853788105,-0.006435301466055264,0.0,0
6,7,1115,10082,1110,0.09589466084592947,-0.004157654844023577,0.0,0
6,7,1115,11393,1110,0.9248108301007507,0.9538777021747502,0.05263157894736842,1
6,7,1115,13264,1110,-0.0446118350836714,0.45077997554659777,0.0,0
6,7,1115,14447,1110,0.037096302083580876,-0.016070173598472605,0.0,0
6,7,3510,3333,1110,0.426441412456352,0.08911878486709844,0.0,1
6,7,3510,5976,1110,0.774722869734399,0.5256922667835106,0.42857142857142855,1
6,7,3510,10082,1110,0.11673114176551784,-0.0068293690171789285,0.0,0
6,7,3510,11393,1110,0.29665039246993197,-0.004350531273657632,0.0,0
6,7,3510,13264,1110,0.22117322865032513,-0.036746318007924696,0.0,0
6,7,3510,14447,1110,0.16161547337168505,0.013327953898519996,0.0,0
6,7,4540,3333,1110,0.5124046212493023,0.05814124214678823,0.0,1
6,7,4540,5976,1110,0.32205737413951807,0.0032332395160522913,0.02564102564102564,0
6,7,4540,10082,1110,0.25884568823942594,-0.012125742423130257,0.08108108108108109,0
6,7,4540,11393,1110,0.2869120228327533,-0.04224119852392786,0.0,0
6,7,4540,13264,1110,0.2050768940425864,-0.07712877886430268,0.02564102564102564,0
6,7,4540,14447,1110,0.22177758955247587,0.1492400448320771,0.0,0
6,7,7143,3333,1110,0.6297420743791332,0.2343370193581145,0.3333333333333333,1
6,7,7143,5976,1110,0.2080170537770468,0.007885094133073848,0.0,0
6,7,7143,10082,1110,0.20101149828391326,-0.0029132389945910006,0.0,0
6,7,7143,11393,1110,0.10191947437393913,-0.02355685344145503,0.0,0
6,7,7143,13264,1110,0.10673838762252914,0.0032012428513306435,0.0,0
6,7,7143,14447,1110,0.8175336675698457,0.927265327536335,1.0,1
6,7,11864,3333,1110,0.2738883499186704,0.0017553341645491478,0.0,0
6,7,11864,5976,1110,0.1956230022193786,0.03451631127796174,0.0,0
6,7,11864,10082,1110,0.8290211847467687,0.9078118835567304,1.0,1
6,7,11864,11393,1110,0.17617030393062377,0.019109089334130563,0.0,0
6,7,11864,13264,1110,0.15804246367927255,0.023881294202495337,0.0,0
6,7,11864,14447,1110,0.22529525103417314,-0.017735494697781587,0.0,0
6,7,12260,3333,1110,0.33804568352848713,0.05048079682501726,0.0,1
6,7,12260,5976,1110,0.22567413526019175,0.004501648367861182,0.0,0
6,7,12260,10082,1110,0.15809775272239288,-0.017792722677938678,0.08108108108108109,0
6,7,12260,11393,1110,0.21263267097815133,-0.04925243628217216,0.0,0
6,7,12260,13264,1110,0.1616433736783385,-0.043239241897115824,0.0,0
6,7,12260,14447,1110,0.19241954906383155,0.05280824088712288,0.0,0
7,8,3333,4971,1110,0.4157307155400554,-0.018349487202877258,0.0,0
7,8,3333,6017,1110,0.3266370631766786,0.00040169389155356465,0.02564102564102564,0
7,8,3333,11393,1110,0.20951521608788415,-0.011382534092799686,0.0,0
7,8,3333,13208,1110,0.27251077530535617,-0.004625701036689079,0.0,0
7,8,3333,13216,1110,0.83015064516995,0.3842931710423818,0.3333333333333333,1
7,8,3333,16294,1110,0.36418526010821484,0.020551863344614167,0.0,0
7,8,5976,4971,1110,0.8041412096356494,0.549330820732401,0.2903225806451613,1
7,8,5976,6017,1110,0.14293911809896503,0.00581930281734328,0.0,0
7,8,5976,11393,1110,0.1632947693177627,-0.004038177692775012,0.0,0
7,8,5976,13208,1110,0.1792278523393982,0.03533763253793383,0.0,0
7,8,5976,13216,1110,0.2941850610490684,0.010279459483840214,0.0,0
7,8,5976,16294,1110,0.640455652492422,0.16250804826333687,0.0,1
7,8,10082,4971,1110,0.11966084687537767,0.010672664437072554,0.0,0
7,8,10082,6017,1110,0.16164511624698313,0.0048364098357060285,0.0,0
7,8,10082,11393,1110,0.1454949180102331,0.010040256901113466,0.0,0
7,8,10082,13208,1110,0.8119815843893993,0.9083020367234055,0.9047619047619048,1
7,8,10082,13216,1110,0.18410926549285778,-0.012859963427170645,0.0,0
7,8,10082,16294,1110,0.094608490247721,0.01990164171811221,0.0,0
7,8,11393,4971,1110,0.2995370606794795,-0.019023771632807294,0.0,0
7,8,11393,6017,1110,0.36657810899466015,-0.013283687312605798,0.05263157894736842,0
7,8,11393,11393,1110,0.9679111043941604,0.963708621827239,0.3793103448275862,1
7,8,11393,13208,1110,0.1946291580102066,0.009914726593418575,0.0,0
7,8,11393,13216,1110,0.19821692154884982,-0.02353305213100591,0.0,0
7,8,11393,16294,1110,0.24997502862535845,-0.002886159853793714,0.02564102564102564,0
7,8,13264,4971,1110,0.1913609593728397,-0.027200519064934522,0.0,0
7,8,13264,6017,1110,-0.07546717445197265,-0.030651826730252414,0.0,0
7,8,13264,11393,1110,-0.14543805670947388,0.46929440722983284,0.0,0
7,8,13264,13208,1110,0.10856418043933626,0.011871816433325426,0.02564102564102564,0
7,8,13264,13216,1110,0.16622936047399248,-0.005917241041492685,0.0,0
7,8,13264,16294,1110,0.11889751090247667,-0.012926979216266721,0.0,0
7,8,14447,4971,1110,0.1742801040619325,-0.004326356116325185,0.0,0
7,8,14447,6017,1110,0.23941559447257962,0.0032620925125514838,0.0,0
7,8,14447,11393,1110,0.04834775989825582,-0.022882338886108095,0.0,0
7,8,14447,13208,1110,0.22534918041818577,-0.024100227402488808,0.0,0
7,8,14447,13216,1110,0.695245175472418,0.8803041454066073,1.0,1
7,8,14447,16294,1110,0.10539294880985997,-0.008039866280641203,0.0,0
8,9,4971,2416,1110,0.23639137988040743,-0.015537962363328356,0.0,0
8,9,4971,4126,1110,0.7412041893985614,0.2330288735497455,0.02564102564102564,1
8,9,4971,11058,1110,0.7786706590770547,0.2671335704853775,0.0,1
8,9,4971,14467,1110,0.6775760131909749,0.19271687939637946,0.0,1
8,9,4971,14900,1110,0.21365442329598747,-0.00016297971863170566,0.0,0
8,9,4971,15652,1110,0.8179626102527089,0.5024125838912022,0.3793103448275862,1
8,9,6017,2416,1110,0.35338098753644875,0.009832803550240821,0.08108108108108109,0
8,9,6017,4126,1110,0.3139715511991927,0.004347577749482338,0.0,0
8,9,6017,11058,1110,0.12399281618189166,0.0013337665163991941,0.0,0
8,9,6017,14467,1110,0.2142374835256323,-0.0007857948114679443,0.0,0
8,9,6017,14900,1110,0.22557015375878486,0.006741923407060298,0.0,0
8,9,6017,15652,1110,0.33757313945292283,0.00325392119704162,0.0,0
8,9,11393,2416,1110,0.982506058291714,0.9655915573096079,0.48148148148148145,1
8,9,11393,4126,1110,0.23012379778836597,0.0020868810483504197,0.0,0
8,9,11393,11058,1110,0.08030497452500646,-0.03945871574482823,0.0,0
8,9,11393,14467,1110,0.21591841783350338,0.01059609064442764,0.0,0
8,9,11393,14900,1110,0.0846854756347441,-0.03188137792907172,0.0,0
8,9,11393,15652,1110,0.3380780881538827,0.0008031029498602475,0.0,0
8,9,13208,2416,1110,0.15305716536041192,0.008006239749740785,0.0,0
8,9,13208,4126,1110,0.24604804247278672,-0.02437824261759018,0.0,0
8,9,13208,11058,1110,0.1406380093347916,-0.002302598408060025,0.0,0
8,9,13208,14467,1110,0.11671842127322364,0.027862519567538532,0.0,0
8,9,13208,14900,1110,0.19055404480854232,-0.010211376527547122,0.0,0
8,9,13208,15652,1110,0.19845624136168946,0.023737655219183754,0.0,0
8,9,13216,2416,1110,0.15316565020343553,-0.02316334465284325,0.0,0
8,9,13216,4126,1110,0.36747204135579603,0.03270522621587647,0.1111111111111111,0
8,9,13216,11058,1110,0.2428908967919791,-0.0006211383987370657,0.0,0
8,9,13216,14467,1110,0.2716528893105346,0.019934071954149576,0.0,0
8,9,13216,14900,1110,0.707069942102254,0.9083395344832821,1.0,1
8,9,13216,15652,1110,0.37822142899642625,-0.005235483430779954,0.0,0
8,9,16294,2416,1110,0.23492017622251457,0.000527906558693429,0.02564102564102564,0
8,9,16294,4126,1110,0.6323827588983681,0.12904176647113813,0.0,1
8,9,16294,11058,1110,0.6001326212744312,0.09351596122209908,0.0,1
8,9,16294,14467,1110,0.8219551405422931,0.6682275947105464,0.8181818181818182,1
8,9,16294,14900,1110,0.16838221521814883,-0.007176166165440927,0.0,0
8,9,16294,15652,1110,0.6562769646318932,0.08347581891195259,0.0,1
9,10,2416,4195,1110,0.9694969339378154,0.9485205297093355,0.42857142857142855,1
9,10,2416,8417,1110,0.24133065301862117,-0.004629037167614402,0.0,0
9,10,2416,8610,1110,0.25631540572410094,-0.004652440412247132,0.0,0
9,10,2416,9111,1110,0.048982385215420546,-0.026058177930583983,0.0,0
9,10,2416,14092,1110,0.3461199336370461,0.007169368726743216,0.0,0
9,10,2416,15823,1110,0.1887453214819358,-0.02811081439702256,0.02564102564102564,0
9,10,4126,4195,1110,0.25305954709271067,-0.0012758676537614284,0.0,0
9,10,4126,8417,1110,0.7991180472013981,0.2039928972752999,0.02564102564102564,1
9,10,4126,8610,1110,0.5775039176648378,0.0016762476763616757,0.02564102564102564,0
9,10,4126,9111,1110,0.6253128896566618,0.18446883375466355,0.05263157894736842,1
9,10,4126,14092,1110,0.5461757627016073,0.2886243969861879,0.0,1
9,10,4126,15823,1110,0.5394863741203774,-0.00722431247988709,0.02564102564102564,0
9,10,11058,4195,1110,0.11955240311847057,-0.03180035383447291,0.0,0
9,10,11058,8417,1110,0.738520749000365,0.25598156276464645,0.0,1
9,10,11058,8610,1110,0.4932088778815996,-0.02850036044927686,0.02564102564102564,0
9,10,11058,9111,1110,0.8546223254202464,0.6173687031882807,0.3793103448275862,1
9,10,11058,14092,1110,0.24633855741220775,0.02301310059783515,0.0,0
9,10,11058,15823,1110,0.4128893197502578,0.01891463615499459,0.0,0
9,10,14467,4195,1110,0.24926269256019493,0.0045038919789518635,0.05263157894736842,0
9,10,14467,8417,1110,0.8065681116170929,0.5756627509820015,0.0,1
9,10,14467,8610,1110,0.4338065946390747,-0.01658609422018684,0.0,0
9,10,14467,9111,1110,0.5714799165470766,0.008102413466359044,0.02564102564102564,0
9,10,14467,14092,1110,0.3757431514339861,-0.0169968605552708,0.0,0
9,10,14467,15823,1110,0.34597270082102216,-0.0026153705000416055,0.0,0
9,10,14900,4195,1110,0.07542510239920776,-0.01790644175276172,0.0,0
9,10,14900,8417,1110,0.25676257669501507,0.04513287338592234,0.0,0
9,10,14900,8610,1110,0.24653463936325176,0.03981373803073917,0.05263157894736842,0
9,10,14900,9111,1110,0.08032371161935177,-0.00710588436826831,0.0,0
9,10,14900,14092,1110,0.505910132346809,0.07194792619244281,0.0,1
9,10,14900,15823,1110,0.21730778689728775,0.16096380343119845,0.05263157894736842,0
9,10,15652,4195,1110,0.35124860959610155,-0.0035635612964900593,0.0,0
9,10,15652,8417,1110,0.8872967260824384,0.5969630297534204,0.9047619047619048,1
9,10,15652,8610,1110,0.554809886727792,-0.01975379340921273,0.08108108108108109,0
9,10,15652,9111,1110,0.5420408917017002,0.018437224704753643,0.0,0
9,10,15652,14092,1110,0.6166663785099142,0.23089645065730025,0.0,1
9,10,15652,15823,1110,0.5029256704749246,0.03490741768496588,0.0,0
10,11,4195,2551,1110,0.9801309895014649,0.970595332699639,0.48148148148148145,1
10,11,4195,3293,1110,0.23337050419042873,-0.04687760858943481,0.0,0
10,11,4195,4267,1110,0.24844683548040886,-0.008126107586087367,0.0,0
10,11,4195,8671,1110,0.0632729911296886,-0.03224770674970537,0.0,0
10,11,4195,10677,1110,0.3490432837208568,-0.0019000680459506391,0.0,0
10,11,4195,12150,1110,0.26903709098451684,-0.031268653563546175,0.02564102564102564,0
10,11,8417,2551,1110,0.25700269256908576,-0.01221734961920233,0.0,0
10,11,8417,3293,1110,0.4856368516590582,0.03783583514101522,0.02564102564102564,0
10,11,8417,4267,1110,0.8885621282077506,0.7485053370747076,0.6666666666666666,1
10,11,8417,8671,1110,0.6471083016811655,0.13369121490384972,0.0,1
10,11,8417,10677,1110,0.5391069389284664,0.0725665850333496,0.0,1
10,11,8417,12150,1110,0.6084250561038732,0.19565293720550336,0.0,1
10,11,8610,2551,1110,0.3135926877753485,-0.005712157686560535,0.0,0
10,11,8610,3293,1110,0.7764617499069834,0.06589876146462542,0.0,1
10,11,8610,4267,1110,0.5393734017443933,-0.010797666931567352,0.05263157894736842,0
10,11,8610,8671,1110,0.47847259546109133,-0.02284825754096253,0.05263157894736842,0
10,11,8610,10677,1110,0.5451750382010927,-0.006928000544503187,0.0,0
10,11,8610,12150,1110,0.46833998544074434,0.00936008350629906,0.02564102564102564,0
10,11,9111,2551,1110,0.09815664632458668,-0.015370492940647856,0.0,0
10,11,9111,3293,1110,0.3971425254643764,-0.015281561077087497,0.0,0
10,11,9111,4267,1110,0.6498946558222564,0.11885960284722931,0.0,1
10,11,9111,8671,1110,0.9399220191023562,0.8506690940447952,0.7391304347826086,1
10,11,9111,10677,1110,0.19179559915436095,0.08094598590519864,0.0,0
10,11,9111,12150,1110,0.6677104147028492,0.1302442835573872,0.0,1
10,11,14092,2551,1110,0.34348506711059107,0.004306620046695239,0.0,0
10,11,14092,3293,1110,0.5688025771547686,0.006552266075113703,0.02564102564102564,0
10,11,14092,4267,1110,0.48542758355804944,0.11833152956568903,0.0,1
10,11,14092,8671,1110,0.11559507853318847,0.02053546957333237,0.0,0
10,11,14092,10677,1110,0.9199398361985044,0.748849339674172,0.42857142857142855,1
10,11,14092,12150,1110,0.24588245798475747,0.06887437165890552,0.0,0
10,11,15823,2551,1110,0.22494448082072463,-0.01624158400871642,0.0,0
10,11,15823,3293,1110,0.9307672951806742,0.8607142331997192,0.42857142857142855,1
10,11,15823,4267,1110,0.4512665292024316,0.008315539047494382,0.0,0
10,11,15823,8671,1110,0.38499248868538094,-0.019774279638575056,0.0,0
10,11,15823,10677,1110,0.567353873775256,0.018514308871002704,0.02564102564102564,0
10,11,15823,12150,1110,0.3646709935873496,-0.014206543567301314,0.05263157894736842,0
11,12,2551,4008,1110,0.290420419813887,0.004330157124379603,0.0,0
11,12,2551,6292,1110,0.25455617425917926,-0.023276367514318726,0.0,0
11,12,2551,7415,1110,0.08272730711111952,-0.025673925611678694,0.0,0
11,12,2551,11507,1110,0.1604098303245845,-0.0005104401140871806,0.0,0
11,12,2551,13705,1110,0.26093315526748595,-0.03658233640986231,0.05263157894736842,0
11,12,2551,14964,1110,0.9881417947166176,0.9677563160016437,0.3793103448275862,1
11,12,3293,4008,1110,0.44485450459249,0.026926917540500382,0.02564102564102564,0
11,12,3293,6292,1110,0.8785207578418591,0.42184703919595584,0.05263157894736842,1
11,12,3293,7415,1110,0.36519782038986753,-0.00040187809595511754,0.0,0
11,12,3293,11507,1110,0.2825820609393824,-0.027823004780727915,0.02564102564102564,0
11,12,3293,13705,1110,0.4121318120580012,-0.022807466788384228,0.08108108108108109,0
11,12,3293,14964,1110,0.27092323659334,-0.0428059873340919,0.0,0
11,12,4267,4008,1110,0.8947899664339246,0.7739545247618911,0.6666666666666666,1
11,12,4267,6292,1110,0.45906480227324203,0.008858139339626484,0.0,0
11,12,4267,7415,1110,0.6886639424351447,0.20061597935520117,0.0,1
11,12,4267,11507,1110,0.06893208076687675,0.03886774430312681,0.0,0
11,12,4267,13705,1110,0.6416304467781159,0.1309349574000681,0.0,1
11,12,4267,14964,1110,0.28735476398357374,-0.005506547697861003,0.0,0
11,12,8671,4008,1110,0.5965153103945321,0.07018649416388466,0.0,1
11,12,8671,6292,1110,0.3691301005136347,-0.013945252776137465,0.02564102564102564,0
11,12,8671,7415,1110,0.9381431050462893,0.8575670953546535,0.5384615384615384,1
11,12,8671,11507,1110,0.019561426920064743,-0.011157281209243204,0.0,0
11,12,8671,13705,1110,0.7097720390931198,0.12704268190582568,0.0,1
11,12,8671,14964,1110,0.08920748012151054,-0.029166905387595157,0.0,0
11,12,10677,4008,1110,0.5438277158666469,0.11862165930439507,0.0,1
11,12,10677,6292,1110,0.5345587228380445,-0.013438521358719075,0.0,0
11,12,10677,7415,1110,0.18016966778886767,0.0907975443731056,0.0,0
11,12,10677,11507,1110,0.36601645941883415,-0.015973936384821585,0.0,0
11,12,10677,13705,1110,0.30766606319340495,0.09110895237404336,0.0,1
11,12,10677,14964,1110,0.3713191115468762,-0.0041121871211770335,0.0,0
11,12,12150,4008,1110,0.5505501951472619,0.18027207799991063,0.0,1
11,12,12150,6292,1110,0.3929243475215479,0.0030390379274418907,0.0,0
11,12,12150,7415,1110,0.6497846329625674,0.11236815228433218,0.0,1
11,12,12150,11507,1110,0.048727551586684494,0.031333621764512196,0.0,0
11,12,12150,13705,1110,0.9194222064394179,0.926169011049808,0.8181818181818182,1
11,12,12150,14964,1110,0.28831602020202957,-0.026236776830459264,0.0,0
12,13,4008,1249,1110,0.9029984709014496,0.8439360550700887,1.0,1
12,13,4008,7978,1110,0.5909266329988229,0.011812510214176416,0.0,0
12,13,4008,9111,1110,0.698953711460394,0.19496959569614694,0.0,1
12,13,4008,11052,1110,0.3304555008407873,0.002837648647713807,0.0,0
12,13,4008,14259,1110,0.76345348215438,0.15442721147927327,0.02564102564102564,1
12,13,4008,15881,1110,0.4702488442306754,-0.03602954060964284,0.0,0
12,13,6292,1249,1110,0.455045257726948,-0.0104528369890973,0.05263157894736842,0
12,13,6292,7978,1110,0.38598918793264897,0.0008825614159891988,0.0,0
12,13,6292,9111,1110,0.3414639605030707,-0.008592572991274479,0.02564102564102564,0
12,13,6292,11052,1110,0.27439677646965205,-0.025486662020401892,0.0,0
12,13,6292,14259,1110,0.563046909875201,-0.018393347272237383,0.0,0
12,13,6292,15881,1110,0.6595829189381553,0.10037875672226029,0.0,1
12,13,7415,1249,1110,0.7165810843298958,0.15922458227908376,0.0,1
12,13,7415,7978,1110,0.7601869047032916,0.24753326187072086,0.0,1
12,13,7415,9111,1110,0.7627501709695551,0.04913564887565154,0.0,0
12,13,7415,11052,1110,0.06820754825206521,-0.025487762203974022,0.0,0
12,13,7415,14259,1110,0.6405879121559293,0.1728010192424053,0.0,1
12,13,7415,15881,1110,0.4207928806337368,-0.020210219929622353,0.05263157894736842,0
12,13,11507,1249,1110,0.050056911889105965,-0.00433667406139929,0.0,0
12,13,11507,7978,1110,0.11556334929715659,0.04947251665672924,0.0,0
12,13,11507,9111,1110,-0.0391433761473223,0.00909913417161204,0.0,0
12,13,11507,11052,1110,0.12376733324790308,-0.003791762935623798,0.0,0
12,13,11507,14259,1110,0.25169621497904415,0.0004728733301946724,0.0,0
12,13,11507,15881,1110,0.19374780935064131,-0.05180878956950868,0.0,0
12,13,13705,1249,1110,0.6461599607682349,0.21434294240673651,0.0,1
12,13,13705,7978,1110,0.756124738890812,0.1766610479355115,0.05263157894736842,1
12,13,13705,9111,1110,0.640892577894769,0.03558999322297395,0.02564102564102564,0
12,13,13705,11052,1110,0.25485406996201665,-0.028412060068403015,0.0,0
12,13,13705,14259,1110,0.6904296423398387,0.09024728486824887,0.0,1
12,13,13705,15881,1110,0.49419278672934597,0.0004146267885292709,0.0,0
12,13,14964,1249,1110,0.24946746661023053,0.003653439009404106,0.0,0
12,13,14964,7978,1110,0.27084286804109786,-0.004212318150162325,0.0,0
12,13,14964,9111,1110,0.18590029484237303,-0.008367219506698848,0.0,0
12,13,14964,11052,1110,0.9777883526522738,0.9650514187349326,0.2903225806451613,1
12,13,14964,14259,1110,0.39960831238841266,-0.0025603979379901372,0.0,0
12,13,14964,15881,1110,0.2720138470199161,-0.0415189391326919,0.0,0
13,14,1249,2887,1110,0.17928939933865082,0.05334419889054774,0.0,0
13,14,1249,7166,1110,0.13460744451013837,-0.049195525542439236,0.0,0
13,14,1249,8224,1110,0.7486401919823509,0.07357759609181243,0.3333333333333333,1
13,14,1249,8671,1110,0.7424440756724026,0.4859338107918977,0.0,1
13,14,1249,12064,1110,0.2325455989207814,0.010071739163761693,0.0,0
13,14,1249,14877,1110,0.612725174130999,0.2339597103628388,0.0,1
13,14,7978,2887,1110,0.259138430633726,-0.0057033318646295735,0.0,0
13,14,7978,7166,1110,0.08243019323693673,-0.0004795499208083343,0.0,0
13,14,7978,8224,1110,0.5509312600714541,0.03613052690381374,0.0,0
13,14,7978,8671,1110,0.7763973263101576,0.26135691939876327,0.0,1
13,14,7978,12064,1110,0.23255228411217752,-0.002866212639775337,0.0,0
13,14,7978,14877,1110,0.3859850036824837,0.07973591163791625,0.02564102564102564,1
13,14,9111,2887,1110,0.3201179917080948,0.0015462949242943402,0.02564102564102564,0
13,14,9111,7166,1110,0.18657257678130182,-0.012201081110785932,0.0,0
13,14,9111,8224,1110,0.6325576289529579,0.2511028476447517,0.05263157894736842,1
13,14,9111,8671,1110,0.7710695608399533,0.21346956792238397,0.0,1
13,14,9111,12064,1110,0.1581536129249452,-0.019897041360243638,0.0,0
13,14,9111,14877,1110,0.3770176443991557,0.017906633134303195,0.02564102564102564,0
13,14,11052,2887,1110,0.09676034870536683,0.013068315420903066,0.05263157894736842,0
13,14,11052,7166,1110,-0.09363280067700816,0.434917267785781,0.0,0
13,14,11052,8224,1110,0.36384111706313055,0.008637984742496607,0.0,0
13,14,11052,8671,1110,0.08342759650545557,-0.037106942728820105,0.0,0
13,14,11052,12064,1110,0.9746217254597082,0.961984127555712,0.3333333333333333,1
13,14,11052,14877,1110,0.36807197799326397,-0.0016166250595884095,0.02564102564102564,0
13,14,14259,2887,1110,0.2334670864649603,0.0038882753603326674,0.0,0
13,14,14259,7166,1110,0.2461706856572625,0.0017485617767662451,0.0,0
13,14,14259,8224,1110,0.7863934581045768,0.5338911158017038,0.0,1
13,14,14259,8671,1110,0.6434704287498582,0.18387657504334948,0.0,1
13,14,14259,12064,1110,0.3903691493948363,0.007436097741901989,0.0,0
13,14,14259,14877,1110,0.7393409471065585,0.29011897877452747,0.1111111111111111,1
13,14,15881,2887,1110,0.08062887223697027,-0.041001353289919266,0.0,0
13,14,15881,7166,1110,0.27050757839829215,-0.016463685399995164,0.0,0
13,14,15881,8224,1110,0.4961919177987644,-0.014850588025891323,0.0,0
13,14,15881,8671,1110,0.4389172982130456,-0.01099385726433094,0.08108108108108109,0
13,14,15881,12064,1110,0.2860188144070682,-0.038961570867570516,0.0,0
13,14,15881,14877,1110,0.5070859870809922,-0.026644812512418382,0.0,0
14,15,2887,106,1110,0.20976448898919486,0.007995949580261607,0.02564102564102564,0
14,15,2887,693,1110,0.138417269609075,-0.012355415982406854,0.0,0
14,15,2887,1560,1110,0.09374084106614959,-0.005387020688838922,0.08108108108108109,0
14,15,2887,3920,1110,0.19972116274980656,0.031545827771155756,0.0,0
14,15,2887,7201,1110,0.16042247054339684,0.013718977218648638,0.0,0
14,15,2887,7633,1110,0.2248916428723444,0.02468740063867934,0.08108108108108109,0
14,15,7166,106,1110,0.24463378930773588,0.0002430325728200995,0.0,0
14,15,7166,693,1110,0.24370050932917375,-0.004923477399551177,0.0,0
14,15,7166,1560,1110,-0.12017027952785402,0.4437397065804495,0.0,0
14,15,7166,3920,1110,0.13913181449591233,-0.031537598712613545,0.0,0
14,15,7166,7201,1110,0.2388694627534282,-0.016170457302348784,0.0,0
14,15,7166,7633,1110,-0.21906759763108063,-0.046477041366016,0.0,0
14,15,8224,106,1110,0.7911842252750587,0.6120398182951682,0.2903225806451613,1
14,15,8224,693,1110,0.4563491558792893,-0.00021094601655756505,0.0,0
14,15,8224,1560,1110,0.3150388581042725,0.006875235638740107,0.0,0
14,15,8224,3920,1110,0.6323772178191094,0.19179747553029328,0.0,1
14,15,8224,7201,1110,0.6918099537876835,0.15566768838997225,0.0,1
14,15,8224,7633,1110,0.053142975405601096,0.0019783360613729525,0.0,0
14,15,8671,106,1110,0.6846711716170703,0.0337836282348967,0.0,0
14,15,8671,693,1110,0.4284146829050442,0.008470616715732548,0.08108108108108109,0
14,15,8671,1560,1110,0.056357548999853777,-0.034792291743308994,0.0,0
14,15,8671,3920,1110,0.9384683946311732,0.8430302964929889,0.48148148148148145,1
14,15,8671,7201,1110,0.3054093311024332,0.14330041094904772,0.0,1
14,15,8671,7633,1110,0.3017991552619914,0.005499874709085622,0.0,0
14,15,12064,106,1110,0.2894126368354655,0.0081730837609075,0.0,0
14,15,12064,693,1110,0.23590161857361605,-0.014508574101825622,0.0,0
14,15,12064,1560,1110,0.9895080733107547,0.9737447303490867,0.7391304347826086,1
14,15,12064,3920,1110,0.13627283831074197,-0.026016238362452142,0.0,0
14,15,12064,7201,1110,0.3492162964818637,0.0032809250899722177,0.02564102564102564,0
14,15,12064,7633,1110,0.10911892714472106,-0.037578054151041464,0.02564102564102564,0
14,15,14877,106,1110,0.5804395772855474,0.021908845207623606,0.05263157894736842,0
14,15,14877,693,1110,0.43093544379366294,-0.017431074781813567,0.0,0
14,15,14877,1560,1110,0.32011258177391133,0.008344755774314119,0.02564102564102564,0
14,15,14877,3920,1110,0.37932394842188977,0.2291707170776674,0.0,1
14,15,14877,7201,1110,0.9204761807925996,0.8158917662898635,0.3333333333333333,1
14,15,14877,7633,1110,-0.07013475664992239,-0.00042837030648229697,0.05263157894736842,0
15,16,106,4482,1110,0.7413912530897898,0.19338458879334872,0.0,1
15,16,106,10343,1110,0.6714821269857298,0.054956686003071145,0.02564102564102564,1
15,16,106,11219,1110,0.5621576922834282,0.07377861086839904,0.05263157894736842,1
15,16,106,12530,1110,0.1563500224801928,0.0019449854513013346,0.08108108108108109,0
15,16,106,13471,1110,0.44962295787699663,-0.013919962256756607,0.0,0
15,16,106,15703,1110,0.28879208914550664,0.016584498474383064,0.0,0
15,16,693,4482,1110,0.49405335749570206,0.025877766309212916,0.02564102564102564,0
15,16,693,10343,1110,0.4274409974758761,-0.001491235337574743,0.14285714285714285,0
15,16,693,11219,1110,0.2756724111168445,0.024216567708546858,0.0,0
15,16,693,12530,1110,-0.009419557047744626,0.0015232086695754223,0.0,0
15,16,693,13471,1110,0.7042301688796148,0.3572344240181026,0.48148148148148145,1
15,16,693,15703,1110,0.21318003640817393,-0.021115688923882697,0.0,0
15,16,1560,4482,1110,0.26896872268222133,-0.0012972399610829799,0.0,0
15,16,1560,10343,1110,0.07943744673872773,-0.034931514907967656,0.0,0
15,16,1560,11219,1110,0.23987810454188538,-0.006895870826404949,0.0,0
15,16,1560,12530,1110,0.0611992216231535,-0.019770816183612188,0.02564102564102564,0
15,16,1560,13471,1110,0.2283296359636488,-0.03128678744607032,0.0,0
15,16,1560,15703,1110,0.9868298793411078,0.96499023168891,0.48148148148148145,1
15,16,3920,4482,1110,0.6523807828038894,0.20339722514771694,0.0,1
15,16,3920,10343,1110,0.9150555855283702,0.7893546012930787,0.17647058823529413,1
15,16,3920,11219,1110,0.4737753795712594,0.22072822091609076,0.0,1
15,16,3920,12530,1110,0.31402870450040127,0.004163689593886165,0.0,0
15,16,3920,13471,1110,0.4138335188881865,-0.014538905463814434,0.05263157894736842,0
15,16,3920,15703,1110,0.12992757340704714,-0.028375534430580485,0.0,0
15,16,7201,4482,1110,0.5935743972371176,0.3206888370654915,0.17647058823529413,1
15,16,7201,10343,1110,0.33010603969977714,0.17709471127490434,0.0,1
15,16,7201,11219,1110,0.6082512460697129,0.21386317473082328,0.02564102564102564,1
15,16,7201,12530,1110,-0.07478638737231459,0.0010714667546070826,0.02564102564102564,0
15,16,7201,13471,1110,0.42690673498281767,-0.01541493694692538,0.0,0
15,16,7201,15703,1110,0.3534484713970844,0.001902047809705423,0.05263157894736842,0
15,16,7633,4482,1110,0.13640203658745537,0.002127455140797804,0.0,0
15,16,7633,10343,1110,0.2759481718138399,0.009454464064946416,0.0,0
15,16,7633,11219,1110,0.12121011406067268,0.0019407528585474022,0.0,0
15,16,7633,12530,1110,0.9180182932805638,0.9876449614342078,0.21212121212121213,1
15,16,7633,13471,1110,-0.0018586897114919957,0.007381254772636148,0.0,0
15,16,7633,15703,1110,0.09268900950867856,-0.04108869024616098,0.0,0
16,17,4482,1199,1110,0.23947823663913317,-0.009606611077560475,0.0,0
16,17,4482,2341,1110,0.558188667549631,0.08980142820799686,0.08108108108108109,1
16,17,4482,6851,1110,0.5445289004856855,0.04014255874905845,0.02564102564102564,0
16,17,4482,9027,1110,0.7748348345094701,0.19060228794766365,0.25,1
16,17,4482,9218,1110,0.798343223213033,0.2853520670212707,0.17647058823529413,1
16,17,4482,12059,1110,0.020755934708573665,0.0011001978417429217,0.0,0
16,17,10343,1199,1110,0.0682385131365685,-0.03487831079980666,0.0,0
16,17,10343,2341,1110,0.705867514983213,0.24814721694911654,0.02564102564102564,1
16,17,10343,6851,1110,0.8789193937554998,0.7417771921206378,0.08108108108108109,1
16,17,10343,9027,1110,0.7081635735505971,0.18285335793357516,0.02564102564102564,1
16,17,10343,9218,1110,0.5597282436140343,0.07375269069357956,0.0,1
16,17,10343,12059,1110,0.1999177283601445,0.008275213713342312,0.0,0
16,17,11219,1199,1110,0.23867107418334207,-0.0022243016408278245,0.0,0
16,17,11219,2341,1110,0.6944160414028134,0.4068800959460025,0.0,1
16,17,11219,6851,1110,0.4491476461107604,0.23006447275207892,0.02564102564102564,1
16,17,11219,9027,1110,0.5734898025320424,0.13558485835542056,0.0,1
16,17,11219,9218,1110,0.4853231098846151,0.0029622412308311806,0.02564102564102564,0
16,17,11219,12059,1110,0.06728677132328002,0.003444706931713377,0.02564102564102564,0
16,17,12530,1199,1110,0.08897218361434939,-0.024625432671860275,0.02564102564102564,0
16,17,12530,2341,1110,0.2470509227223326,0.0019211592561298018,0.02564102564102564,0
16,17,12530,6851,1110,0.3483640984246654,0.011460142150198508,0.0,0
16,17,12530,9027,1110,0.20271724089521193,0.00405850412616889,0.0,0
16,17,12530,9218,1110,0.16015320382921996,0.0021888842801809135,0.02564102564102564,0
16,17,12530,12059,1110,0.9275777180443006,0.9903845915886897,0.2903225806451613,1
16,17,13471,1199,1110,0.21272385138684385,-0.05186476283274878,0.0,0
16,17,13471,2341,1110,0.3658664011505349,-0.013246644866269376,0.0,0
16,17,13471,6851,1110,0.33131076416998756,-0.003630630441578518,0.02564102564102564,0
16,17,13471,9027,1110,0.464520588754267,-0.0432181641950548,0.02564102564102564,0
16,17,13471,9218,1110,0.4549387854035795,0.002511140009255366,0.0,0
16,17,13471,12059,1110,-0.08800154317578149,0.005032384188958526,0.0,0
16,17,15703,1199,1110,0.97807410794179,0.979496951432004,0.7391304347826086,1
16,17,15703,2341,1110,0.1676917364336469,0.013454612719713932,0.0,0
16,17,15703,6851,1110,0.061523290103721706,-0.026187178552734024,0.0,0
16,17,15703,9027,1110,0.3032257058383073,0.006016485514514283,0.0,0
16,17,15703,9218,1110,0.26724018686693335,-0.014718335166020448,0.0,0
16,17,15703,12059,1110,0.050009550825851005,-0.025377350600025585,0.05263157894736842,0
17,18,1199,358,1110,0.1749209023399912,-0.01845406335374321,0.02564102564102564,0
17,18,1199,399,1110,0.28324612383960796,0.005574233060786667,0.0,0
17,18,1199,1167,1110,0.027055351786101033,-0.003154413551985623,0.0,0
17,18,1199,2503,1110,0.18435000110444166,-0.04593588517485702,0.0,0
17,18,1199,10572,1110,0.26592548337724015,-0.0017492388422249373,0.0,0
17,18,1199,11055,1110,0.9803464622711885,0.9862171358649563,0.7391304347826086,1
17,18,2341,358,1110,0.2899145935143854,0.001149048427309859,0.02564102564102564,0
17,18,2341,399,1110,0.6576099975233262,0.198014779341568,0.02564102564102564,1
17,18,2341,1167,1110,0.7425432488935556,0.3977396059964789,0.02564102564102564,1
17,18,2341,2503,1110,0.5336534089350974,0.02451007587093036,0.0,0
17,18,2341,10572,1110,0.6861177692322563,0.18858783377631988,0.0,1
17,18,2341,11055,1110,0.16612230187315513,0.011816804161038164,0.0,0
17,18,6851,358,1110,0.3597265746379484,0.009974865686577863,0.02564102564102564,0
17,18,6851,399,1110,0.6357960929672416,0.08090108598557061,0.0,1
17,18,6851,1167,1110,0.8706512062703616,0.418811156424294,0.05263157894736842,1
17,18,6851,2503,1110,0.5610901449561616,0.14455611459430717,0.0,1
17,18,6851,10572,1110,0.5048125914734781,0.3150685225159645,0.0,1
17,18,6851,11055,1110,0.0597384325475646,-0.02652106844075227,0.02564102564102564,0
17,18,9027,358,1110,0.24183199122148694,0.002276747002567402,0.0,0
17,18,9027,399,1110,0.8384708773210828,0.3257385295770241,0.08108108108108109,1
17,18,9027,1167,1110,0.6817259775467525,0.1725957934077551,0.0,1
17,18,9027,2503,1110,0.6696686909978689,0.09418289188117485,0.0,1
17,18,9027,10572,1110,0.5358850632474821,0.1085875995604254,0.0,1
17,18,9027,11055,1110,0.30512570167806324,0.009180130055770779,0.0,0
17,18,9218,358,1110,0.21535452137096048,0.0024441232645336253,0.02564102564102564,0
17,18,9218,399,1110,0.76948242433631,0.08624442593603994,0.17647058823529413,1
17,18,9218,1167,1110,0.5714730093059834,0.13162273410269762,0.0,1
17,18,9218,2503,1110,0.6434427268661885,0.03391758535765874,0.0,0
17,18,9218,10572,1110,0.4567691182267842,0.013825823923524348,0.0,0
17,18,9218,11055,1110,0.2640829988203647,-0.007485623010271089,0.0,0
17,18,12059,358,1110,0.9153082829687409,0.9951224061295301,0.6,1
17,18,12059,399,1110,0.08343937967385598,0.002470632599194743,0.0,0
17,18,12059,1167,1110,0.22616675839912145,0.0017234059946925212,0.0,0
17,18,12059,2503,1110,0.1758558702112067,0.012684188672771225,0.0,0
17,18,12059,10572,1110,0.04843797739018563,0.005681717394781552,0.0,0
17,18,12059,11055,1110,0.05854995664184733,-0.021902837168329876,0.08108108108108109,0
18,19,358,1007,1110,0.2311432473300835,0.0013348745813040349,0.02564102564102564,0
18,19,358,1145,1110,0.9060128292270789,0.9808069671981515,0.6,1
18,19,358,3040,1110,-0.009060781826568045,0.004717676523162051,0.0,0
18,19,358,10589,1110,0.10307987189690952,0.0012635187784327342,0.0,0
18,19,358,14566,1110,-0.17771525792952989,-0.000933290132694434,0.0,0
18,19,358,14649,1110,0.12762124386891244,-0.004071171447365795,0.02564102564102564,0
18,19,399,1007,1110,0.6892733264732701,0.15744948871059225,0.02564102564102564,1
18,19,399,1145,1110,0.11924865990216246,0.004104427082173197,0.0,0
18,19,399,3040,1110,0.5107516648545246,-0.008008107668709881,0.02564102564102564,0
18,19,399,10589,1110,0.7791942893382313,0.4013189777214354,0.05263157894736842,1
18,19,399,14566,1110,0.2276673979613483,0.05483854964486249,0.0,0
18,19,399,14649,1110,0.2757198290207273,-0.00029034014367198104,0.0,0
18,19,1167,1007,1110,0.6824846546342807,0.15065756404421585,0.08108108108108109,1
18,19,1167,1145,1110,0.2473700561580799,0.004872541060623807,0.0,0
18,19,1167,3040,1110,0.35430972518025383,-0.013781666175361602,0.0,0
18,19,1167,10589,1110,0.7035294522602455,0.3136450459792769,0.0,1
18,19,1167,14566,1110,0.023863703029835894,-0.0006294422992552382,0.0,0
18,19,1167,14649,1110,0.02171424035869034,-0.0019294701673080938,0.0,0
18,19,2503,1007,1110,0.65546831992262,0.2681446258664105,0.0,1
18,19,2503,1145,1110,0.20566885093602733,0.007360571353871862,0.0,0
18,19,2503,3040,1110,0.4114441455018248,-0.04598159467365399,0.0,0
18,19,2503,10589,1110,0.5672259869607201,0.05769864078599257,0.0,1
18,19,2503,14566,1110,0.11057034530620477,-0.005105073492796703,0.0,0
18,19,2503,14649,1110,0.173910886727801,-0.03849527202540353,0.0,0
18,19,10572,1007,1110,0.4424575925645627,0.20570017007000646,0.0,1
18,19,10572,1145,1110,0.07025237606823995,0.004154929414176093,0.0,0
18,19,10572,3040,1110,0.3689036894068214,0.039050439617335155,0.02564102564102564,0
18,19,10572,10589,1110,0.6703718091314739,0.15788371404979576,0.05263157894736842,1
18,19,10572,14566,1110,0.3013154133904084,0.01950597908668788,0.0,0
18,19,10572,14649,1110,0.25919891885013063,0.0031894563808341878,0.0,0
18,19,11055,1007,1110,0.138364201411142,-0.025936900571300173,0.0,0
18,19,11055,1145,1110,0.06933062513760763,0.006491231153407338,0.02564102564102564,0
18,19,11055,3040,1110,0.24555246717949145,-0.03774283741096008,0.0,0
18,19,11055,10589,1110,0.29191600611076746,0.0027275958227609403,0.0,0
18,19,11055,14566,1110,0.32742372015077625,0.01587461982094817,0.05263157894736842,0
18,19,11055,14649,1110,0.9853464073143348,0.9609408073069449,0.48148148148148145,1
19,20,1007,1115,1110,0.1269818335494836,-0.025452320979407105,0.0,0
19,20,1007,5708,1110,0.35894091891843577,0.12357197340880145,0.0,1
19,20,1007,6990,1110,0.6233403351457206,0.01695920601629865,0.0,0
19,20,1007,8255,1110,0.8386421098295528,0.8231797434009257,0.8181818181818182,1
19,20,1007,12440,1110,0.13108603685549508,0.0009302212553101159,0.02564102564102564,0
19,20,1007,13209,1110,0.056704844241694044,-0.037170084771172854,0.0,0
19,20,1145,1115,1110,0.05868761196616146,0.009253102150470434,0.02564102564102564,0
19,20,1145,5708,1110,0.049846842630469894,0.0019146976863344263,0.0,0
19,20,1145,6990,1110,0.02072883998036271,0.002890898278560371,0.05263157894736842,0
19,20,1145,8255,1110,0.1950702903921873,0.0019180123088740721,0.02564102564102564,0
19,20,1145,12440,1110,0.987628196316131,0.9885975868518632,0.6,1
19,20,1145,13209,1110,-0.2609158135703326,0.0011304561673513578,0.0,0
19,20,3040,1115,1110,0.2370345281681828,-0.03704791815100512,0.0,0
19,20,3040,5708,1110,0.33973509756560066,0.031504656574133594,0.0,0
19,20,3040,6990,1110,0.5787949332292972,-0.006593373810420471,0.05263157894736842,0
19,20,3040,8255,1110,0.40475639377922534,0.023906899697703526,0.0,0
19,20,3040,12440,1110,-0.07156319097229082,0.002831106031199464,0.0,0
19,20,3040,13209,1110,0.5170017848710393,0.0017245458594373785,0.0,0
19,20,10589,1115,1110,0.2855765787012534,0.006243828767509052,0.0,0
19,20,10589,5708,1110,0.6038856201774923,0.1260553524198991,0.08108108108108109,1
19,20,10589,6990,1110,0.8918192369689916,0.6985495191355765,0.14285714285714285,1
19,20,10589,8255,1110,0.6859131064107038,0.10403078869052158,0.0,1
19,20,10589,12440,1110,-0.03381650052466699,-0.00016103652288938702,0.0,0
19,20,10589,13209,1110,0.4032281467771366,0.0372469126742647,0.0,0
19,20,14566,1115,1110,0.3168990382525152,0.01658678538603335,0.05263157894736842,0
19,20,14566,5708,1110,0.27401053129006964,0.019606362389382303,0.0,0
19,20,14566,6990,1110,0.3869906900403659,0.03600723365415993,0.0,0
19,20,14566,8255,1110,0.07563843119665069,0.020416547384917536,0.0,0
19,20,14566,12440,1110,-0.2595726336374189,0.001439678677887576,0.0,0
19,20,14566,13209,1110,0.9153811541039941,0.8349039228149465,0.8181818181818182,1
19,20,14649,1115,1110,0.9885080522407792,0.9398567496567867,0.48148148148148145,1
19,20,14649,5708,1110,0.2919041471849299,0.023068695658419052,0.0,0
19,20,14649,6990,1110,0.2919427156193074,-0.0010435716975370848,0.0,0
19,20,14649,8255,1110,0.12273897566475128,-0.02568820575342811,0.0,0
19,20,14649,12440,1110,0.07519732304280642,-0.0018158569934500575,0.02564102564102564,0
19,20,14649,13209,1110,0.2665252967950652,0.02122239791649417,0.0,0
20,21,1115,523,1110,0.29946030236476273,-0.0124887486782358,0.0,0
20,21,1115,3560,1110,0.9938617287456911,0.9675101904975887,0.5384615384615384,1
20,21,1115,5790,1110,0.053144602360337516,0.001131228239072207,0.0,0
20,21,1115,5919,1110,0.2609117662299201,-0.04239018440729676,0.0,0
20,21,1115,14638,1110,0.06279774341013665,-0.005126449179841921,0.02564102564102564,0
20,21,1115,16291,1110,0.32752240041082337,0.011084851598108281,0.0,0
20,21,5708,523,1110,0.7646513474735919,0.5414535053325148,0.3333333333333333,1
20,21,5708,3560,1110,0.3083005518876212,0.024325981332304385,0.0,0
20,21,5708,5790,1110,0.3663720855395566,0.06289823005854338,0.0,1
20,21,5708,5919,1110,0.3964382643288046,0.16497775933339692,0.02564102564102564,1
20,21,5708,14638,1110,0.05233167640846815,0.0037388405915542346,0.0,0
20,21,5708,16291,1110,0.420572916625496,0.060408515582570405,0.02564102564102564,1
20,21,6990,523,1110,0.7125608299144348,0.21408480379758354,0.02564102564102564,1
20,21,6990,3560,1110,0.30332757855185977,0.010361264964838308,0.0,0
20,21,6990,5790,1110,0.6438668857958091,0.09273770525867159,0.0,1
20,21,6990,5919,1110,0.6327645878781644,0.03378302086940406,0.08108108108108109,0
20,21,6990,14638,1110,-0.0076315452931837125,0.0023394553882657497,0.05263157894736842,0
20,21,6990,16291,1110,0.521636439808968,0.10585595896967641,0.0,1
20,21,8255,523,1110,0.5605051837424818,0.21415895344984748,0.02564102564102564,1
20,21,8255,3560,1110,0.14361577759489186,-0.020786150591179976,0.0,0
20,21,8255,5790,1110,0.7785702365645509,0.3340852615006404,0.0,1
20,21,8255,5919,1110,0.7158776612073534,0.27450946213805644,0.0,1
20,21,8255,14638,1110,0.1688365041909686,0.002074062698692059,0.02564102564102564,0
20,21,8255,16291,1110,0.15599208089804614,0.021144762941325175,0.0,0
20,21,12440,523,1110,0.14531932836085196,0.001958275969176542,0.0,0
20,21,12440,3560,1110,0.0789122291765851,-0.02308912741679675,0.02564102564102564,0
20,21,12440,5790,1110,0.21377520429641528,-0.00410409287348787,0.0,0
20,21,12440,5919,1110,0.15735725015174515,0.004796278154913127,0.05263157894736842,0
20,21,12440,14638,1110,0.9999004469806982,0.9874220717928804,1.0,1
20,21,12440,16291,1110,-0.14953683869040074,0.004318426628315474,0.0,0
20,21,13209,523,1110,0.2651434632833385,-0.006688951507273908,0.0,0
20,21,13209,3560,1110,0.24817810707339985,0.0222941541580311,0.0,0
20,21,13209,5790,1110,0.060365172302650955,0.03390095639404658,0.0,0
20,21,13209,5919,1110,0.10989107935535387,0.020539653781883008,0.0,0
20,21,13209,14638,1110,-0.2709648141794652,0.0008259850729632308,0.0,0
20,21,13209,16291,1110,0.5802036959827905,0.030983558654644857,0.05263157894736842,0
21,22,523,2115,1110,0.44322629790953294,0.07438469883583868,0.0,1
21,22,523,3599,1110,0.33698707805790584,-0.012409396717745193,0.0,0
21,22,523,5319,1110,0.3985902638739013,-0.005151868079085394,0.05263157894736842,0
21,22,523,7561,1110,0.7597737131007748,0.13820870669277613,0.17647058823529413,1
21,22,523,8671,1110,0.5353987146767906,0.17235575261662286,0.0,1
21,22,523,14638,1110,0.13723437257072066,0.005245242072198888,0.0,0
21,22,3560,2115,1110,0.20486922682430753,-0.03464913443706545,0.02564102564102564,0
21,22,3560,3599,1110,0.9875499841023396,0.9313621086103375,0.7391304347826086,1
21,22,3560,5319,1110,0.24643463294887347,-0.028727880845548812,0.0,0
21,22,3560,7561,1110,0.25808211607387843,0.01010529953207081,0.0,0
21,22,3560,8671,1110,0.06553921673937531,-0.006880766642882541,0.0,0
21,22,3560,14638,1110,0.07929054050323471,-0.028753959944006452,0.02564102564102564,0
21,22,5790,2115,1110,0.6208309253316849,0.0614089940932743,0.0,1
21,22,5790,3599,1110,0.06730603942283245,0.007994426311479003,0.0,0
21,22,5790,5319,1110,0.4068936643324241,-0.007704915726713409,0.0,0
21,22,5790,7561,1110,0.524124420353801,0.0003675447414844225,0.02564102564102564,0
21,22,5790,8671,1110,0.9160109397250191,0.736019853435044,0.42857142857142855,1
21,22,5790,14638,1110,0.20441128240274356,-0.0032977654982613317,0.0,0
21,22,5919,2115,1110,0.8687723114148354,0.9011760490883306,0.48148148148148145,1
21,22,5919,3599,1110,0.27974572318043467,-0.042494551822809604,0.0,0
21,22,5919,5319,1110,0.40048304218814146,-0.05271897942441007,0.02564102564102564,0
21,22,5919,7561,1110,0.47535265176202435,0.01928922773233317,0.08108108108108109,0
21,22,5919,8671,1110,0.6132581554811273,0.09247294572335388,0.0,1
21,22,5919,14638,1110,0.14791713504072898,0.005945949303627339,0.05263157894736842,0
21,22,14638,2115,1110,0.17706637155473162,0.001408161853474896,0.05263157894736842,0
21,22,14638,3599,1110,0.061863634764578006,0.0006750550207902018,0.02564102564102564,0
21,22,14638,5319,1110,-0.09013840005860314,0.00044640489014935393,0.0,0
21,22,14638,7561,1110,-0.05582643302207553,0.0006007488946735693,0.0,0
21,22,14638,8671,1110,0.1831157202317228,0.002212822983842459,0.0,0
21,22,14638,14638,1110,0.9942429331385374,0.9690602256417207,0.6666666666666666,1
21,22,16291,2115,1110,0.11709249144028025,1.657009025689709e-05,0.0,0
21,22,16291,3599,1110,0.3325504043470133,0.012050888691603222,0.0,0
21,22,16291,5319,1110,0.5343986897723518,-0.007167273762771811,0.02564102564102564,0
21,22,16291,7561,1110,0.5842861107206939,0.09531321321987343,0.0,1
21,22,16291,8671,1110,0.19292097053252863,0.06449897706509217,0.0,0
21,22,16291,14638,1110,-0.1520363809666983,2.516452661900607e-05,0.0,0
22,23,2115,4710,1110,0.43915205803021384,0.028331764078559352,0.0,0
22,23,2115,6077,1110,0.45259169153380696,0.1664595099937432,0.02564102564102564,1
22,23,2115,10128,1110,0.8907289249603041,0.9153158795741628,0.5384615384615384,1
22,23,2115,11830,1110,0.2419924015729714,-0.03566132912078005,0.02564102564102564,0
22,23,2115,12467,1110,-0.15941090921295306,0.0020809346123059442,0.0,0
22,23,2115,14340,1110,0.6616348977631867,0.07586315170917508,0.02564102564102564,1
22,23,3599,4710,1110,0.1905710500440751,-0.0003127172405898628,0.0,0
22,23,3599,6077,1110,0.3633889309445203,0.015150006693768312,0.0,0
22,23,3599,10128,1110,0.25161336637523496,-0.033187919980485286,0.02564102564102564,0
22,23,3599,11830,1110,0.9833014558116786,0.9038539038318082,0.21212121212121213,1
22,23,3599,12467,1110,0.18711013587032835,-0.0020138540549408945,0.0,0
22,23,3599,14340,1110,0.089798422563935,0.005427594713816894,0.0,0
22,23,5319,4710,1110,0.5667175838506668,0.023156133212358924,0.0,0
22,23,5319,6077,1110,0.49195672529113615,-0.0003706225466708215,0.02564102564102564,0
22,23,5319,10128,1110,0.37919483519845143,-0.0370665066445384,0.02564102564102564,0
22,23,5319,11830,1110,0.25629744236302987,-0.036266432131448485,0.02564102564102564,0
22,23,5319,12467,1110,0.03223285302042575,0.0050852049122880605,0.0,0
22,23,5319,14340,1110,0.38486166356568485,0.0004428757182100215,0.0,0
22,23,7561,4710,1110,0.43263466056771804,0.03201006915577001,0.0,0
22,23,7561,6077,1110,0.7712569295614436,0.1297922335728242,0.3333333333333333,1
22,23,7561,10128,1110,0.43818486456069644,0.0030511700404044113,0.1111111111111111,0
22,23,7561,11830,1110,0.27539252619402316,0.00798164370438897,0.0,0
22,23,7561,12467,1110,0.16701331991221388,0.0006715029961775776,0.0,0
22,23,7561,14340,1110,0.5295957496752965,0.04453844370776181,0.0,0
22,23,8671,4710,1110,0.48761366661835653,0.025965135060576672,0.17647058823529413,1
22,23,8671,6077,1110,0.5462501113508562,0.14916956198745415,0.0,1
22,23,8671,10128,1110,0.6201789888513205,0.08238385882300939,0.02564102564102564,1
22,23,8671,11830,1110,0.10322527714850416,0.004738322037219522,0.0,0
22,23,8671,12467,1110,-0.15830109547769555,0.002029151515620591,0.0,0
22,23,8671,14340,1110,0.9263557269467685,0.8154365689626368,0.6666666666666666,1
22,23,14638,4710,1110,-0.12743347825856713,0.0002917360473140727,0.0,0
22,23,14638,6077,1110,0.05285127982073805,0.0024334453041587063,0.0,0
22,23,14638,10128,1110,0.20761836634357186,0.00425607824775073,0.02564102564102564,0
22,23,14638,11830,1110,0.09045599912834153,-0.03321652669884455,0.02564102564102564,0
22,23,14638,12467,1110,-0.07567470378214287,-0.04321263414346995,0.0,0
22,23,14638,14340,1110,0.22747677024532756,0.002801805254178474,0.0,0
23,24,4710,914,1110,0.9397577969727621,0.8535040578091933,0.7391304347826086,1
23,24,4710,6938,1110,0.4258656150435235,0.02834044834711072,0.17647058823529413,1
23,24,4710,7833,1110,0.2970489799969457,0.01019208770649589,0.0,0
23,24,4710,9741,1110,0.5715920844918081,0.0012038682704772533,0.0,0
23,24,4710,11126,1110,0.46847715668238316,0.01293777511619494,0.0,0
23,24,4710,12081,1110,0.2046538961100384,-0.005029165409528821,0.0,0
23,24,6077,914,1110,0.36219570792434275,0.003005889887671591,0.0,0
23,24,6077,6938,1110,0.5005622627902367,0.10828848859656331,0.0,1
23,24,6077,7833,1110,0.38919673453735176,0.028025015102288678,0.0,0
23,24,6077,9741,1110,0.47404044887664376,-0.020283778223996032,0.02564102564102564,0
23,24,6077,11126,1110,0.7680256521925193,0.32826661715981265,0.3333333333333333,1
23,24,6077,12081,1110,0.35537961196698525,0.016079505254180844,0.0,0
23,24,10128,914,1110,0.44968432605541325,0.02789394869878023,0.0,0
23,24,10128,6938,1110,0.6219362362595748,0.06718510533961952,0.02564102564102564,1
23,24,10128,7833,1110,0.3448669894688204,-0.00678630758993638,0.0,0
23,24,10128,9741,1110,0.34317262230905954,-0.03724258471620431,0.02564102564102564,0
23,24,10128,11126,1110,0.4889370361510208,0.08399404160659622,0.05263157894736842,1
23,24,10128,12081,1110,0.2819924196481732,-0.030630035526477035,0.02564102564102564,0
23,24,11830,914,1110,0.16676351848015142,-0.012418201417779197,0.0,0
23,24,11830,6938,1110,0.08497729022671086,0.014896923895914045,0.0,0
23,24,11830,7833,1110,0.7657422574860727,0.3389300570001212,0.08108108108108109,1
23,24,11830,9741,1110,0.22687728646431848,-0.04256948082676806,0.02564102564102564,0
23,24,11830,11126,1110,0.2598838625105458,0.0068090215452881854,0.0,0
23,24,11830,12081,1110,0.9866153601008645,0.8951012281315293,0.48148148148148145,1
23,24,12467,914,1110,-0.0496647055595144,-0.004220347759039684,0.0,0
23,24,12467,6938,1110,-0.20047904080960197,-0.0009863012883607118,0.0,0
23,24,12467,7833,1110,0.16509754022334167,0.01018077660738957,0.0,0
23,24,12467,9741,1110,0.07381893658706268,0.012224757025501813,0.02564102564102564,0
23,24,12467,11126,1110,0.0615463999561767,-0.00017720011433675607,0.0,0
23,24,12467,12081,1110,0.1261443202170444,0.0007325589747862778,0.0,0
23,24,14340,914,1110,0.44425947887274986,0.018821734649071668,0.21212121212121213,1
23,24,14340,6938,1110,0.9356656521765092,0.8108443059988699,0.6666666666666666,1
23,24,14340,7833,1110,0.20139298294359262,0.0005363709349555291,0.0,0
23,24,14340,9741,1110,0.3442857023993469,0.012401733826219601,0.0,0
23,24,14340,11126,1110,0.5743968305995543,0.05511952946696188,0.0,1
23,24,14340,12081,1110,0.15216489530564725,0.007808444605440554,0.0,0
24,25,914,75,1110,0.20130509093517168,-0.023554303143884497,0.0,0
24,25,914,4183,1110,0.5819275229226337,0.03005629003891771,0.0,0
24,25,914,8490,1110,0.14128341219174276,-0.015997010850258443,0.02564102564102564,0
24,25,914,10004,1110,0.49031426150351143,0.033667676025650954,0.02564102564102564,0
24,25,914,11483,1110,0.3521253431337391,-0.0076651086956004135,0.02564102564102564,0
24,25,914,14344,1110,0.27368978581723313,0.011833515940840138,0.0,0
24,25,6938,75,1110,0.1084855953314769,0.014922674335449004,0.0,0
24,25,6938,4183,1110,0.6241611514215957,0.14120020426724342,0.0,1
24,25,6938,8490,1110,0.38789541026024565,0.012998839057793695,0.0,0
24,25,6938,10004,1110,0.730811643283463,0.15229123905980077,0.0,1
24,25,6938,11483,1110,0.5840901922359193,0.1251292477111593,0.0,1
24,25,6938,14344,1110,0.19610072426085584,-0.0021028861794885395,0.0,0
24,25,7833,75,1110,0.7651630619736374,0.3294860915990652,0.0,1
24,25,7833,4183,1110,0.4378478353921583,0.010848811016354187,0.0,0
24,25,7833,8490,1110,-0.08947774606153322,0.0638827835511933,0.05263157894736842,0
24,25,7833,10004,1110,0.33385577935992194,0.008894564980353549,0.0,0
24,25,7833,11483,1110,0.38182699647888196,0.018180163343050237,0.0,0
24,25,7833,14344,1110,0.9867478490933452,0.8841346851728156,0.5384615384615384,1
24,25,9741,75,1110,0.2559929135564536,-0.03886988291191466,0.0,0
24,25,9741,4183,1110,0.6295336392849255,-0.0023260513952301854,0.0,0
24,25,9741,8490,1110,0.15719970084691623,-0.027917056564867374,0.0,0
24,25,9741,10004,1110,0.3908086558037512,-0.006896851569572509,0.0,0
24,25,9741,11483,1110,0.32970461746051916,-0.0075720129990214675,0.08108108108108109,0
24,25,9741,14344,1110,0.2822830111233686,0.014986656075801373,0.02564102564102564,0
24,25,11126,75,1110,0.2997215374682902,0.009234460336200814,0.0,0
24,25,11126,4183,1110,0.8292687914614482,0.2874430338355758,0.3333333333333333,1
24,25,11126,8490,1110,0.21619516883420037,-0.009187145825252697,0.0,0
24,25,11126,10004,1110,0.5858802164987447,0.15727104404358808,0.0,1
24,25,11126,11483,1110,0.7322561382404665,0.3866110578183321,0.05263157894736842,1
24,25,11126,14344,1110,0.32002556861792036,0.003971608853600299,0.0,0
24,25,12081,75,1110,0.9803700641051144,0.8645349125537588,0.25,1
24,25,12081,4183,1110,0.3773501408045522,0.018111328656198356,0.0,0
24,25,12081,8490,1110,-0.10467667022760062,0.45369892601372364,0.0,0
24,25,12081,10004,1110,0.29267993610015647,-0.014157086683707219,0.02564102564102564,0
24,25,12081,11483,1110,0.3038682190234815,0.014236058435853812,0.02564102564102564,0
24,25,12081,14344,1110,0.7801314811408057,0.3372719108649993,0.05263157894736842,1
25,26,75,6265,1110,0.2819103818270857,-0.025388928063674408,0.0,0
25,26,75,8507,1110,0.24994525673782475,0.09245693416269149,0.0,0
25,26,75,11843,1110,0.988542558285808,0.9160082507681324,0.48148148148148145,1
25,26,75,14731,1110,0.252352843305999,0.01163169124180076,0.0,0
25,26,75,14923,1110,0.2983685902617361,-0.013859780229918881,0.02564102564102564,0
25,26,75,16193,1110,0.7599888684165109,0.40519701207977527,0.02564102564102564,1
25,26,4183,6265,1110,0.6494818705946451,0.002487682661590406,0.0,0
25,26,4183,8507,1110,0.4174092262222922,0.006155138638716119,0.0,0
25,26,4183,11843,1110,0.4098856368944345,0.018007505825323636,0.0,0
25,26,4183,14731,1110,0.7400153460971025,0.3861532481190025,0.0,1
25,26,4183,14923,1110,0.7170887251331096,0.04394764949658141,0.0,0
25,26,4183,16193,1110,0.47034198128686816,0.011108160564158202,0.0,0
25,26,8490,6265,1110,0.1872659854352253,-0.013962535642968421,0.0,0
25,26,8490,8507,1110,-0.09743579668293187,0.14705386086110256,0.0,0
25,26,8490,11843,1110,-0.13294555209716383,0.5661125690535365,0.0,0
25,26,8490,14731,1110,0.1333918254001193,0.005299207347484096,0.0,0
25,26,8490,14923,1110,0.22662734184043756,-0.020181864308383545,0.0,0
25,26,8490,16193,1110,-0.06129361957255688,0.08147480004743989,0.05263157894736842,0
25,26,10004,6265,1110,0.464661772845551,-0.008655493966245533,0.0,0
25,26,10004,8507,1110,0.10815387479749594,-0.012641083201777283,0.0,0
25,26,10004,11843,1110,0.29218927766023023,-0.013216892496073742,0.05263157894736842,0
25,26,10004,14731,1110,0.7152990380859149,0.12142070503136804,0.0,1
25,26,10004,14923,1110,0.913279981123822,0.8269382562232611,0.6666666666666666,1
25,26,10004,16193,1110,0.361840790465997,0.0122256803072356,0.0,0
25,26,11483,6265,1110,0.384969270844846,-0.019067926811156783,0.02564102564102564,0
25,26,11483,8507,1110,0.27120776332636315,-0.0012611014870541443,0.0,0
25,26,11483,11843,1110,0.32595794602259565,0.025542730506770583,0.0,0
25,26,11483,14731,1110,0.7378200023066936,0.18753115820442626,0.14285714285714285,1
25,26,11483,14923,1110,0.5722667261293987,0.10119233052771968,0.0,1
25,26,11483,16193,1110,0.38304451892343694,0.032155749970898,0.0,0
25,26,14344,6265,1110,0.3136143987912436,0.04045126178655527,0.0,0
25,26,14344,8507,1110,0.255025497495829,0.010796254619519618,0.0,0
25,26,14344,11843,1110,0.7696482994206054,0.36164240130630276,0.0,1
25,26,14344,14731,1110,0.3174394141651508,-0.00953509819093737,0.0,0
25,26,14344,14923,1110,0.3758929607590268,-0.005474687392177612,0.0,0
25,26,14344,16193,1110,0.9822062952527918,0.8958424216653676,0.6,1
26,27,6265,3653,1110,0.4767605731048994,0.015210054767742419,0.05263157894736842,0
26,27,6265,7345,1110,0.4513135599203547,-0.004066314486154744,0.0,0
26,27,6265,9497,1110,0.4402771999305467,-0.008477832332089694,0.0,0
26,27,6265,12638,1110,0.5197294695161232,-0.013232392239219619,0.0,0
26,27,6265,14579,1110,0.2932160050660436,-0.008801145762961675,0.02564102564102564,0
26,27,6265,15504,1110,0.2669200923098944,0.010110700073317182,0.02564102564102564,0
26,27,8507,3653,1110,0.0481159138526506,-0.018688990235108758,0.0,0
26,27,8507,7345,1110,0.30862287250918446,0.001132530680604127,0.0,0
26,27,8507,9497,1110,0.14871534614228377,0.01727984940044432,0.0,0
26,27,8507,12638,1110,0.8803617618506236,0.7031053968789065,0.25,1
26,27,8507,14579,1110,0.26880550213284643,0.04450708222703474,0.0,0
26,27,8507,15504,1110,0.3567169077948787,-0.023413184488489988,0.0,0
26,27,11843,3653,1110,0.14005050018012224,0.011963608342875763,0.0,0
26,27,11843,7345,1110,0.3262948227015499,0.014192802555991898,0.0,0
26,27,11843,9497,1110,0.31621378433310665,-0.019324354694510902,0.05263157894736842,0
26,27,11843,12638,1110,0.2868801614655015,0.0666924476279385,0.02564102564102564,1
26,27,11843,14579,1110,0.9793767345048993,0.8484643916006083,0.3793103448275862,1
26,27,11843,15504,1110,0.20430690118994393,0.012033823937857287,0.0,0
26,27,14731,3653,1110,0.7627240132202067,0.5485587152126068,0.14285714285714285,1
26,27,14731,7345,1110,0.7228325637579254,0.14007278325914702,0.0,1
26,27,14731,9497,1110,0.6914561947873639,0.01550279564632426,0.0,0
26,27,14731,12638,1110,0.22540873196446284,-0.001486474704488986,0.0,0
26,27,14731,14579,1110,0.2656257875861261,0.009415007338981119,0.0,0
26,27,14731,15504,1110,0.14732503289774912,-0.00016871357924078305,0.05263157894736842,0
26,27,14923,3653,1110,0.7485500172726248,0.08636034299393178,0.0,1
26,27,14923,7345,1110,0.5652857215276124,0.1448632592893143,0.0,1
26,27,14923,9497,1110,0.8479536783956616,0.6050726233581898,0.02564102564102564,1
26,27,14923,12638,1110,0.13383275359288735,-0.0018806242898449334,0.0,0
26,27,14923,14579,1110,0.30492932740365947,-0.005790162147455208,0.05263157894736842,0
26,27,14923,15504,1110,0.08676600228189375,-0.012472705684632109,0.0,0
26,27,16193,3653,1110,0.2221149669981194,0.0007957891591060795,0.0,0
26,27,16193,7345,1110,0.3579014655070846,0.012511116494087076,0.0,0
26,27,16193,9497,1110,0.3697002225372004,-0.006600289165835165,0.02564102564102564,0
26,27,16193,12638,1110,0.2751136886567755,-0.0031050151149156218,0.0,0
26,27,16193,14579,1110,0.7621683669868256,0.35225754933397807,0.02564102564102564,1
26,27,16193,15504,1110,0.26333731126987747,0.016463741717865226,0.0,0
27,28,3653,1811,1110,0.6556112784599523,0.006653296361371644,0.02564102564102564,0
27,28,3653,4498,1110,0.697485991012942,0.06959327320621153,0.0,1
27,28,3653,7233,1110,0.16494683774335087,0.004440895779455849,0.0,0
27,28,3653,7251,1110,0.4842294145303504,0.023633341559091504,0.0,0
27,28,3653,15391,1110,-0.2821474587516439,-0.005851691821580325,0.0,0
27,28,3653,16116,1110,0.7617104128828317,0.23151447724413785,0.0,1
27,28,7345,1811,1110,0.5497864528348053,0.14083477981183257,0.05263157894736842,1
27,28,7345,4498,1110,0.6022371032703931,0.3052587616627484,0.05263157894736842,1
27,28,7345,7233,1110,0.3328697595530037,0.010035253514346153,0.0,0
27,28,7345,7251,1110,0.741549205278656,0.24579740408413467,0.21212121212121213,1
27,28,7345,15391,1110,0.14212557354710142,-0.0017971797434833744,0.0,0
27,28,7345,16116,1110,0.5535209120184725,0.030641556811427523,0.0,0
27,28,9497,1811,1110,0.966487220231442,0.9271144999433534,0.5384615384615384,1
27,28,9497,4498,1110,0.5051247281433172,0.08113062483772972,0.0,1
27,28,9497,7233,1110,0.32406320572981556,-0.01796391158935506,0.05263157894736842,0
27,28,9497,7251,1110,0.47697765723651814,0.06317326538773281,0.0,1
27,28,9497,15391,1110,-0.10663792887496193,-0.0029309004489733916,0.0,0
27,28,9497,16116,1110,0.7551257288121187,0.07241582746659918,0.0,1
27,28,12638,1811,1110,0.1811826414043111,0.006347747262759517,0.0,0
27,28,12638,4498,1110,-0.06835982339733387,-0.0007081585285337258,0.0,0
27,28,12638,7233,1110,0.28076710863452353,0.052017990284027454,0.0,1
27,28,12638,7251,1110,0.3891684380842945,-0.007795668653113776,0.0,0
27,28,12638,15391,1110,0.4173601566704211,-0.02081573407760623,0.14285714285714285,0
27,28,12638,16116,1110,0.13581141461596374,-0.005085282081600828,0.0,0
27,28,14579,1811,1110,0.29412976573478333,-0.020674820657992067,0.05263157894736842,0
27,28,14579,4498,1110,0.10736149117085123,0.013230728297309674,0.0,0
27,28,14579,7233,1110,0.9939030766121523,0.941742875257497,0.3333333333333333,1
27,28,14579,7251,1110,0.3779170172325016,0.0010568323955737742,0.0,0
27,28,14579,15391,1110,0.26954211053958144,0.019824208391554864,0.08108108108108109,0
27,28,14579,16116,1110,0.2729057953433702,0.0053344920898681725,0.02564102564102564,0
27,28,15504,1811,1110,0.06418534024710204,-0.027506252890620378,0.02564102564102564,0
27,28,15504,4498,1110,0.014764043868473978,0.03039803813543192,0.0,0
27,28,15504,7233,1110,0.1931527909102812,-0.001746101158748429,0.0,0
27,28,15504,7251,1110,0.24726362795075374,0.030732707989255634,0.0,0
27,28,15504,15391,1110,0.23696445786440423,0.0024907866031733373,0.0,0
27,28,15504,16116,1110,0.14644345577826856,0.006647910675294961,0.05263157894736842,0
28,29,1811,702,1110,0.4560841411683202,0.151835208877952,0.0,1
28,29,1811,2183,1110,0.5271618760177201,0.00858287977435661,0.05263157894736842,0
28,29,1811,7307,1110,0.5693637467521098,0.09229166945697419,0.0,1
28,29,1811,10592,1110,0.3170371688995584,-0.013275421656877446,0.0,0
28,29,1811,10647,1110,0.6534543536057166,-0.007096640727394904,0.02564102564102564,0
28,29,1811,14579,1110,0.31493558087945234,-0.020261638813080483,0.05263157894736842,0
28,29,4498,702,1110,0.5286722020075266,0.29712473327682715,0.05263157894736842,1
28,29,4498,2183,1110,0.3494284646396502,0.07036276459038816,0.02564102564102564,1
28,29,4498,7307,1110,0.8923820270133513,0.8553289323937743,0.6,1
28,29,4498,10592,1110,0.18257170802564723,-0.008703714111560353,0.0,0
28,29,4498,10647,1110,0.7040496616615378,0.04215896615450005,0.02564102564102564,0
28,29,4498,14579,1110,0.14585619628887678,0.005609691882859993,0.0,0
28,29,7233,702,1110,0.3546464284489088,0.0044287123860865035,0.0,0
28,29,7233,2183,1110,0.44225305495711836,0.005569272118985266,0.0,0
28,29,7233,7307,1110,0.18474322341329255,-0.002940886041917192,0.0,0
28,29,7233,10592,1110,0.28418065472645543,0.012484774396797522,0.0,0
28,29,7233,10647,1110,0.18945113413259287,0.008719943636400057,0.0,0
28,29,7233,14579,1110,0.9958208693503219,0.9505803688110988,0.6,1
28,29,7251,702,1110,0.7040487861687407,0.3069188042377416,0.17647058823529413,1
28,29,7251,2183,1110,0.7569889835165815,0.2747235410652099,0.25,1
28,29,7251,7307,1110,0.4932807088520154,0.08714231848708917,0.0,1
28,29,7251,10592,1110,0.5943375959443632,0.059728545389026,0.0,1
28,29,7251,10647,1110,0.4813186451315264,-0.013202473257659865,0.0,0
28,29,7251,14579,1110,0.37864646605909114,0.00453240295158958,0.02564102564102564,0
28,29,15391,702,1110,0.2120953801805368,0.004359057292905892,0.0,0
28,29,15391,2183,1110,0.26302844265906455,-0.0026700117736343635,0.0,0
28,29,15391,7307,1110,-0.15772005017551785,0.008044181450542691,0.0,0
28,29,15391,10592,1110,0.37034542986155905,-0.009232140215549195,0.0,0
28,29,15391,10647,1110,-0.19302887647326689,0.002718322540587031,0.0,0
28,29,15391,14579,1110,0.23350921703465397,0.009787023953091426,0.0,0
28,29,16116,702,1110,0.4584337045592513,-0.0069623373136673645,0.0,0
28,29,16116,2183,1110,0.5253039339479573,0.2383892120597488,0.0,1
28,29,16116,7307,1110,0.6862152812196832,-0.014191830940491052,0.0,0
28,29,16116,10592,1110,0.2681942384594465,0.0024814220030334043,0.0,0
28,29,16116,10647,1110,0.7738028767141175,0.3493999697562801,0.0,1
28,29,16116,14579,1110,0.29946283667372275,0.010425802443518598,0.02564102564102564,0
29,30,702,2407,1110,0.32406119541142253,0.13690198226113448,0.0,1
29,30,702,3635,1110,0.9305379194191158,0.8609480673904476,0.42857142857142855,1
29,30,702,4454,1110,0.6690846863155293,0.0763960987949873,0.05263157894736842,1
29,30,702,6517,1110,0.49372017470485036,0.050459478049485064,0.02564102564102564,1
29,30,702,7233,1110,0.3559111040443662,0.0022072689024750757,0.0,0
29,30,702,8114,1110,0.4386325867134229,-0.00021511767507120143,0.0,0
29,30,2183,2407,1110,0.4817557937583574,0.02399618709000699,0.05263157894736842,0
29,30,2183,3635,1110,0.6444426959877515,0.14644027520036138,0.3793103448275862,1
29,30,2183,4454,1110,0.8998623561176926,0.6640986612093324,0.3333333333333333,1
29,30,2183,6517,1110,0.6382208208943153,0.021643115989288194,0.0,0
29,30,2183,7233,1110,0.4430442368358905,0.006914565732150662,0.02564102564102564,0
29,30,2183,8114,1110,0.4567615253348831,0.1709368524616344,0.0,1
29,30,7307,2407,1110,0.46632398329542735,0.09761304790814948,0.0,1
29,30,7307,3635,1110,0.6473725101554176,0.3960583347238426,0.02564102564102564,1
29,30,7307,4454,1110,0.5423524891781125,0.11093170948493772,0.0,1
29,30,7307,6517,1110,0.23316906555176364,-0.01425485451530986,0.0,0
29,30,7307,7233,1110,0.2097216441341605,0.0027030086786586616,0.0,0
29,30,7307,8114,1110,0.7315088421649931,0.044162402076345336,0.0,0
29,30,10592,2407,1110,0.23456708489976505,0.004628207301982398,0.0,0
29,30,10592,3635,1110,0.47790717917652015,0.028390355496050967,0.0,0
29,30,10592,4454,1110,0.6300033816593328,0.032745756973951726,0.0,0
29,30,10592,6517,1110,0.9174026952209702,0.8858686441739626,0.42857142857142855,1
29,30,10592,7233,1110,0.276511466647292,0.011037234608869682,0.0,0
29,30,10592,8114,1110,0.25054522687568925,-0.005010481133857489,0.0,0
29,30,10647,2407,1110,0.584891532270234,0.002017005261160233,0.02564102564102564,0
29,30,10647,3635,1110,0.5792018301790303,0.03136273708391277,0.0,0
29,30,10647,4454,1110,0.6137434543312899,0.22950902885492883,0.0,1
29,30,10647,6517,1110,0.3315136660395189,0.014079350621534256,0.0,0
29,30,10647,7233,1110,0.21992504199710822,0.007720017150559127,0.0,0
29,30,10647,8114,1110,0.9081274304161303,0.870576630869599,0.9047619047619048,1
29,30,14579,2407,1110,0.3410115135059664,-0.01964249672682743,0.1111111111111111,0
29,30,14579,3635,1110,0.32338989817031627,0.009602446613217647,0.02564102564102564,0
29,30,14579,4454,1110,0.4359877605009263,0.019293599770081122,0.02564102564102564,0
29,30,14579,6517,1110,0.27908888630220496,0.022733491106163933,0.02564102564102564,0
29,30,14579,7233,1110,0.9938506623412859,0.9234624833466649,0.6,1
29,30,14579,8114,1110,0.1943918905393315,0.011906740324045461,0.0,0
30,31,2407,1043,1110,0.8252036596491661,0.9239040952545727,1.0,1
30,31,2407,8868,1110,0.3686741902172541,0.1391167707097402,0.02564102564102564,1
30,31,2407,10903,1110,0.6830316692993329,0.007046784293619249,0.02564102564102564,0
30,31,2407,14515,1110,0.5951139326589356,-0.006461715658451639,0.02564102564102564,0
30,31,2407,14579,1110,0.3437880171961113,-0.013452794106670708,0.08108108108108109,0
30,31,2407,15911,1110,0.11850342206201905,-0.01605099276888114,0.0,0
30,31,3635,1043,1110,0.4190704741165781,0.12633112378283567,0.0,1
30,31,3635,8868,1110,0.9336646812362505,0.9183985893277598,0.05263157894736842,1
30,31,3635,10903,1110,0.6118500459659645,0.054494838566283635,0.0,1
30,31,3635,14515,1110,0.5511626572276032,0.004108904961169263,0.0,0
30,31,3635,14579,1110,0.32713723509690246,0.0034149855387318245,0.02564102564102564,0
30,31,3635,15911,1110,0.23735905162940993,-0.0033258253479219752,0.0,0
30,31,4454,1043,1110,0.6007737761361049,0.03106022301739917,0.1111111111111111,0
30,31,4454,8868,1110,0.6694202348042428,0.13584374451920833,0.02564102564102564,1
30,31,4454,10903,1110,0.7683097438417075,0.6287607346079735,0.0,1
30,31,4454,14515,1110,0.6015464091883304,0.18570175692593419,0.0,1
30,31,4454,14579,1110,0.44124234841746085,0.015568053972238469,0.02564102564102564,0
30,31,4454,15911,1110,0.3552764515691157,-0.005148996112131165,0.14285714285714285,0
30,31,6517,1043,1110,0.24742401194069455,0.0068274809699032215,0.0,0
30,31,6517,8868,1110,0.45164360439099926,0.02410582791264652,0.02564102564102564,0
30,31,6517,10903,1110,0.3390770812470448,0.026566094391182373,0.0,0
30,31,6517,14515,1110,0.3320063162511181,0.0037123653975507953,0.0,0
30,31,6517,14579,1110,0.2733598334822932,0.022006718109959342,0.02564102564102564,0
30,31,6517,15911,1110,0.5880234260011676,0.04432105380919625,0.1111111111111111,0
30,31,7233,1043,1110,0.4130838709596752,-0.010980748825479418,0.1111111111111111,0
30,31,7233,8868,1110,0.3111068953601948,0.013931571075548916,0.08108108108108109,0
30,31,7233,10903,1110,0.3970742699311947,0.030357271857356885,0.1111111111111111,0
30,31,7233,14515,1110,0.20541691961908287,0.008189804021550716,0.0,0
30,31,7233,14579,1110,0.9902756244138506,0.9157926708453136,0.5384615384615384,1
30,31,7233,15911,1110,0.11075259992727894,0.00019985657196486647,0.0,0
30,31,8114,1043,1110,0.5870609183805248,0.05805536645105442,0.02564102564102564,1
30,31,8114,8868,1110,0.5195189779225732,0.02518975473013212,0.02564102564102564,0
30,31,8114,10903,1110,0.729054636917009,0.22993855173722338,0.0,1
30,31,8114,14515,1110,0.8842979646982911,0.7974059624148466,0.9047619047619048,1
30,31,8114,14579,1110,0.20830929058202968,0.010198826259973547,0.0,0
30,31,8114,15911,1110,0.13931867370689086,0.006696069153638439,0.05263157894736842,0
31,32,1043,2324,1110,0.1004106044638491,-0.03266795017892644,0.02564102564102564,0
31,32,1043,2390,1110,0.25194396603372193,0.0033716297734812275,0.0,0
31,32,1043,4470,1110,0.4136335273752433,0.12764416657083658,0.02564102564102564,1
31,32,1043,8337,1110,0.5262025287848178,0.01623686047151914,0.08108108108108109,0
31,32,1043,10903,1110,0.5582203511017361,0.014905180670818948,0.02564102564102564,0
31,32,1043,13676,1110,0.41746844628796936,-0.010383681188670252,0.08108108108108109,0
31,32,8868,2324,1110,0.20221644803280697,-0.023802570037829245,0.0,0
31,32,8868,2390,1110,0.44250221867594886,0.013033775507334026,0.0,0
31,32,8868,4470,1110,0.934790036233583,0.9490711427698939,1.0,1
31,32,8868,8337,1110,0.6960738715935454,0.15508117939461757,0.08108108108108109,1
31,32,8868,10903,1110,0.5602912775099997,0.02005086642842271,0.0,0
31,32,8868,13676,1110,0.30510722715534927,0.002855160640242213,0.08108108108108109,0
31,32,10903,2324,1110,0.15224230891150667,0.0025075706701219256,0.0,0
31,32,10903,2390,1110,0.344211643219263,0.0233620849454888,0.02564102564102564,0
31,32,10903,4470,1110,0.5862755337872774,0.06392682495074746,0.1111111111111111,1
31,32,10903,8337,1110,0.6789323479504246,0.441111086861807,0.0,1
31,32,10903,10903,1110,0.6934666508152921,0.17671090037314624,0.0,1
31,32,10903,13676,1110,0.4082710469743692,0.03209022055188811,0.08108108108108109,0
31,32,14515,2324,1110,0.17036517215505423,0.025335827645780917,0.0,0
31,32,14515,2390,1110,0.3320373549957493,-0.004436551481987262,0.0,0
31,32,14515,4470,1110,0.5395272944274813,-0.0007585690274855905,0.0,0
31,32,14515,8337,1110,0.5743793400933912,0.21538290782168343,0.0,1
31,32,14515,10903,1110,0.8971573291519254,0.9311452842888522,1.0,1
31,32,14515,13676,1110,0.21343530569094057,0.002010308434970125,0.0,0
31,32,14579,2324,1110,0.05236517478790248,0.007737567272175055,0.0,0
31,32,14579,2390,1110,0.2479284036885957,0.02218310768103616,0.0,0
31,32,14579,4470,1110,0.3114270321607055,0.015836837365105494,0.08108108108108109,0
31,32,14579,8337,1110,0.40092733067275527,0.013089686376481871,0.05263157894736842,0
31,32,14579,10903,1110,0.2619460057399859,0.006185728600799464,0.0,0
31,32,14579,13676,1110,0.9964426016624032,0.9706592816961034,0.7391304347826086,1
31,32,15911,2324,1110,0.8684814541108988,0.9578665386210024,0.7391304347826086,1
31,32,15911,2390,1110,0.5925982865220962,0.04879585995698944,0.05263157894736842,0
31,32,15911,4470,1110,0.2357110494927574,-0.008286394437053405,0.0,0
31,32,15911,8337,1110,0.34825332995230285,-0.0025319709794492462,0.02564102564102564,0
31,32,15911,10903,1110,0.17390375337438663,0.01839592487523995,0.05263157894736842,0
31,32,15911,13676,1110,0.10076758490617281,0.005831816105898373,0.0,0
32,33,2324,827,1110,0.5747107101735621,0.06051366060212452,0.6,1
32,33,2324,908,1110,0.24102803472161516,-0.010012627014490712,0.0,0
32,33,2324,4017,1110,0.0919547930428395,-0.02837077662993191,0.02564102564102564,0
32,33,2324,4553,1110,0.225828263537901,-0.018261769558830687,0.0,0
32,33,2324,4559,1110,0.056266488462845446,0.008982403090612127,0.0,0
32,33,2324,4901,1110,0.15774118444862056,0.010589417303934128,0.0,0
32,33,2390,827,1110,0.9535280690517136,0.9290805979272025,0.1111111111111111,1
32,33,2390,908,1110,0.5932547782096447,0.05516723211965741,0.02564102564102564,1
32,33,2390,4017,1110,0.24908152411940523,-0.0018323992580063766,0.0,0
32,33,2390,4553,1110,0.46919560315268,0.025856958739713564,0.0,0
32,33,2390,4559,1110,0.2426039581750192,0.018282270223151167,0.0,0
32,33,2390,4901,1110,0.2513441936906342,0.02655682209603906,0.0,0
32,33,4470,827,1110,0.47033470875873584,0.02639616139439519,0.02564102564102564,0
32,33,4470,908,1110,0.6827289075256955,0.10199546009905303,0.02564102564102564,1
32,33,4470,4017,1110,0.48830958508682226,0.15700029859794182,0.0,1
32,33,4470,4553,1110,0.9469944063919224,0.9593261648445287,1.0,1
32,33,4470,4559,1110,0.30391191103179604,0.009586871674791124,0.08108108108108109,0
32,33,4470,4901,1110,0.5156655842968902,0.03633980374315834,0.0,0
32,33,8337,827,1110,0.6288745798641533,0.03349466847642873,0.02564102564102564,0
32,33,8337,908,1110,0.8711143987400946,0.6738495086216422,0.3333333333333333,1
32,33,8337,4017,1110,0.5204313431487123,0.01378210977539678,0.05263157894736842,0
32,33,8337,4553,1110,0.7095661303632131,0.1413399768388325,0.08108108108108109,1
32,33,8337,4559,1110,0.3936746018023401,0.013013678795395379,0.02564102564102564,0
32,33,8337,4901,1110,0.5221647395250943,0.19426224860220248,0.0,1
32,33,10903,827,1110,0.3370040983115112,0.00631104316588475,0.0,0
32,33,10903,908,1110,0.556220791440818,0.29664049823378275,0.0,1
32,33,10903,4017,1110,0.6619656339785827,-0.004990410604311555,0.02564102564102564,0
32,33,10903,4553,1110,0.5595398060993697,0.010140898863722134,0.0,0
32,33,10903,4559,1110,0.2585472933726577,0.007876248351405704,0.0,0
32,33,10903,4901,1110,0.8706088794007287,0.8724336660913704,1.0,1
32,33,13676,827,1110,0.2594423528650994,0.025110802975866514,0.0,0
32,33,13676,908,1110,0.4309269537143165,0.019218888458142666,0.0,0
32,33,13676,4017,1110,0.3105681093946085,-0.02177311220809171,0.05263157894736842,0
32,33,13676,4553,1110,0.31962600312611467,0.015170401135052034,0.08108108108108109,0
32,33,13676,4559,1110,0.9961986154481546,0.9637664621041424,0.5384615384615384,1
32,33,13676,4901,1110,0.18924658563446725,0.009350409998729759,0.0,0
33,34,827,823,1110,0.2385966612782823,0.004708258772536667,0.02564102564102564,0
33,34,827,1747,1110,0.9618046214461059,0.9405810464344875,0.3793103448275862,1
33,34,827,6516,1110,0.6377740889965239,0.04034902087038153,0.42857142857142855,1
33,34,827,8443,1110,0.4750009476520996,0.03326116451493339,0.02564102564102564,0
33,34,827,11122,1110,0.6525097638136811,0.03022455846378597,0.0,0
33,34,827,13676,1110,0.244223147032073,0.02948700095595252,0.0,0
33,34,908,823,1110,0.47273872716531956,0.4260537442744933,0.02564102564102564,1
33,34,908,1747,1110,0.6509075259855619,0.044202360139961504,0.0,0
33,34,908,6516,1110,0.3357106478353352,-0.012583168059978323,0.0,0
33,34,908,8443,1110,0.6885074039277261,0.06873944872517543,0.02564102564102564,1
33,34,908,11122,1110,0.8813872604820981,0.7174568390422196,0.2903225806451613,1
33,34,908,13676,1110,0.41670430387380103,0.01652815812368505,0.02564102564102564,0
33,34,4017,823,1110,0.6389282184818099,-0.0248347110883018,0.02564102564102564,0
33,34,4017,1747,1110,0.2957914185455238,0.005322330879573101,0.02564102564102564,0
33,34,4017,6516,1110,0.09623955425776724,-0.03014022983696661,0.02564102564102564,0
33,34,4017,8443,1110,0.5079207144789439,0.1722866744024298,0.0,1
33,34,4017,11122,1110,0.4582005226803996,0.007190446308637477,0.1111111111111111,0
33,34,4017,13676,1110,0.29054720582491805,-0.021652568245653273,0.05263157894736842,0
33,34,4553,823,1110,0.5008550198772038,0.01766129774334171,0.02564102564102564,0
33,34,4553,1747,1110,0.530681402523043,0.0227673952041786,0.08108108108108109,0
33,34,4553,6516,1110,0.28931308621457147,-0.01664701791700594,0.0,0
33,34,4553,8443,1110,0.9106856985814037,0.9371934137914568,1.0,1
33,34,4553,11122,1110,0.6793338644708353,0.16168070372815788,0.05263157894736842,1
33,34,4553,13676,1110,0.3045804786455586,0.0050383211704039844,0.08108108108108109,0
33,34,4559,823,1110,0.20391380499425257,0.006085789073661607,0.0,0
33,34,4559,1747,1110,0.2898922493232841,0.017995576975307803,0.05263157894736842,0
33,34,4559,6516,1110,0.08195316426061082,-0.0017441807746700001,0.0,0
33,34,4559,8443,1110,0.3573850363844569,0.003947671862006275,0.08108108108108109,0
33,34,4559,11122,1110,0.42269625690619433,0.013716185040299825,0.02564102564102564,0
33,34,4559,13676,1110,0.9828170061108447,0.9546790485111003,0.5384615384615384,1
33,34,4901,823,1110,0.9456710759699685,0.893829928522633,0.6,1
33,34,4901,1747,1110,0.3027230038832006,0.036507563732089944,0.0,0
33,34,4901,6516,1110,0.14656585748892337,6.102861013100838e-05,0.02564102564102564,0
33,34,4901,8443,1110,0.5048147731451006,0.02238061692556646,0.0,0
33,34,4901,11122,1110,0.4246636264239411,0.1427216928686533,0.0,1
33,34,4901,13676,1110,0.19038871487162135,0.005877968243905162,0.0,0
34,35,823,5051,1110,0.4648405932054159,0.4133897096409978,0.02564102564102564,1
34,35,823,7526,1110,0.4121608190052052,-0.003489076206199478,0.0,0
34,35,823,10863,1110,0.9425602307246245,0.9127757335450434,0.8181818181818182,1
34,35,823,13676,1110,0.16361285068786888,0.0041319905662545705,0.0,0
34,35,823,15128,1110,0.2751901202322894,-0.005934075565754213,0.0,0
34,35,823,16168,1110,0.6243827738265197,-0.019610983310551413,0.02564102564102564,0
34,35,1747,5051,1110,0.6285113736221274,0.06578984782549419,0.0,1
34,35,1747,7526,1110,0.627284682102724,0.05506773087285761,0.0,1
34,35,1747,10863,1110,0.34539190364699973,0.0036880094518072413,0.0,0
34,35,1747,13676,1110,0.2702032116066273,0.020648533007330078,0.05263157894736842,0
34,35,1747,15128,1110,0.506835764680132,0.017596239309218432,0.0,0
34,35,1747,16168,1110,0.2686884839465987,-0.0009324044000670802,0.0,0
34,35,6516,5051,1110,0.3253766045708874,-0.010801619222786963,0.0,0
34,35,6516,7526,1110,0.3105627027106831,0.05180960419077629,0.0,1
34,35,6516,10863,1110,0.17374107027628036,0.0005485354958352555,0.02564102564102564,0
34,35,6516,13676,1110,0.07678210311688816,0.0014373256487554842,0.0,0
34,35,6516,15128,1110,0.3274217596429427,0.011394586836423809,0.0,0
34,35,6516,16168,1110,0.08854070401723953,-0.024212146922072214,0.0,0
34,35,8443,5051,1110,0.6855861229176962,0.09235787249780336,0.02564102564102564,1
34,35,8443,7526,1110,0.4889692663296731,0.0028742316276040842,0.0,0
34,35,8443,10863,1110,0.521649329110611,0.006438078917124565,0.02564102564102564,0
34,35,8443,13676,1110,0.32858012449863516,0.004231423222575604,0.02564102564102564,0
34,35,8443,15128,1110,0.3462770974347306,-0.005040064279541455,0.3333333333333333,1
34,35,8443,16168,1110,0.48182822680273424,0.1516835546206687,0.0,1
34,35,11122,5051,1110,0.8563084499628619,0.6417725487923001,0.25,1
34,35,11122,7526,1110,0.6305869941454507,-0.00749290792194921,0.02564102564102564,0
34,35,11122,10863,1110,0.46483204170665277,0.205645645438453,0.0,1
34,35,11122,13676,1110,0.40229313198081196,0.010103514918945544,0.02564102564102564,0
34,35,11122,15128,1110,0.5583473984909109,-0.018588265704905252,0.02564102564102564,0
34,35,11122,16168,1110,0.430861531910428,-0.008290326849943611,0.1111111111111111,0
34,35,13676,5051,1110,0.39581528406968747,0.020025138151206025,0.02564102564102564,0
34,35,13676,7526,1110,0.3132328554302911,-0.012663019089998607,0.0,0
34,35,13676,10863,1110,0.21869019993069747,0.013103200151908913,0.0,0
34,35,13676,13676,1110,0.971895013276829,0.9190384942428169,0.48148148148148145,1
34,35,13676,15128,1110,0.2982884608453602,-0.002405352420242211,0.08108108108108109,0
34,35,13676,16168,1110,0.2692725365886406,-0.023594593848921236,0.05263157894736842,0
35,36,5051,1503,1110,0.4961819800757335,-0.004718237028701413,0.0,0
35,36,5051,1650,1110,0.8198916194058757,0.7537343940033709,0.48148148148148145,1
35,36,5051,1891,1110,0.2889281719226128,-0.008794815568519727,0.0,0
35,36,5051,4559,1110,0.3876948836270485,0.018698879680461414,0.02564102564102564,0
35,36,5051,11436,1110,0.6459567863945255,0.09371291884506897,0.02564102564102564,1
35,36,5051,11933,1110,0.6379932466893035,0.1042515279037832,0.02564102564102564,1
35,36,7526,1503,1110,0.5774481268232098,0.11625644703809268,0.02564102564102564,1
35,36,7526,1650,1110,0.6300545928778969,-0.004329774795691528,0.02564102564102564,0
35,36,7526,1891,1110,0.29137853106631956,0.04565022196789984,0.0,0
35,36,7526,4559,1110,0.31055722537997066,-0.00958012691848667,0.0,0
35,36,7526,11436,1110,0.6547508110576947,0.08480304082846556,0.0,1
35,36,7526,11933,1110,0.4229062534838089,-0.010250771827332176,0.0,0
35,36,10863,1503,1110,0.3142652452113887,-0.010378464135837949,0.0,0
35,36,10863,1650,1110,0.7689289905111443,0.7157468762702941,0.02564102564102564,1
35,36,10863,1891,1110,0.1162203207488569,0.008810747753911424,0.1111111111111111,0
35,36,10863,4559,1110,0.19006359589435082,0.009192087025398098,0.0,0
35,36,10863,11436,1110,0.36691580310784266,-0.012822391159972295,0.0,0
35,36,10863,11933,1110,0.47337442230688637,-0.0314843254948952,0.05263157894736842,0
35,36,13676,1503,1110,0.297124930878309,-0.02080556857078999,0.05263157894736842,0
35,36,13676,1650,1110,0.311271329273024,0.008138473248263542,0.0,0
35,36,13676,1891,1110,0.05296482479524773,0.003883057890133221,0.0,0
35,36,13676,4559,1110,0.9937931196953527,0.9622660263890909,0.42857142857142855,1
35,36,13676,11436,1110,0.29932673327170406,0.020988164511018696,0.0,0
35,36,13676,11933,1110,0.29549438993046834,0.005143812314342399,0.02564102564102564,0
35,36,15128,1503,1110,0.9547400452931164,0.9770952175891928,0.6666666666666666,1
35,36,15128,1650,1110,0.45863552588357404,-0.013564945163930668,0.0,0
35,36,15128,1891,1110,0.3059852894401271,0.009872240541111197,0.0,0
35,36,15128,4559,1110,0.31519512620085915,-0.004783961620810238,0.02564102564102564,0
35,36,15128,11436,1110,0.5084831451334704,0.011759798292707431,0.0,0
35,36,15128,11933,1110,0.27594902870897414,-0.00048482884513040823,0.3793103448275862,1
35,36,16168,1503,1110,0.25858794810966934,0.005311118425862756,0.02564102564102564,0
35,36,16168,1650,1110,0.6433879455870055,-0.03216977678225965,0.0,0
35,36,16168,1891,1110,0.0304931923856141,-0.030957478486268567,0.05263157894736842,0
35,36,16168,4559,1110,0.24837462299232518,-0.026224807216125582,0.02564102564102564,0
35,36,16168,11436,1110,0.3033289628897994,-0.021003894912953982,0.02564102564102564,0
35,36,16168,11933,1110,0.43810563112545703,0.15476751977680459,0.0,1
36,37,1503,2167,1110,0.37269273169877537,0.013123838353378822,0.0,0
36,37,1503,4014,1110,0.37700446271756116,-0.01603570756706972,0.02564102564102564,0
36,37,1503,10971,1110,0.267295140026937,0.0027708201992852066,0.02564102564102564,0
36,37,1503,11317,1110,0.5626282732160408,0.09540302713894479,0.0,1
36,37,1503,13676,1110,0.31134375304334666,-0.018377071389167342,0.02564102564102564,0
36,37,1503,13830,1110,0.989343736023702,0.9799172463380608,1.0,1
36,37,1650,2167,1110,0.628288520599634,0.021203393962672307,0.05263157894736842,0
36,37,1650,4014,1110,0.9198741898696123,0.9137192356357169,0.6666666666666666,1
36,37,1650,10971,1110,0.6331855181186405,-0.025772606284433428,0.0,0
36,37,1650,11317,1110,0.5833091324261627,0.0019231297613309603,0.0,0
36,37,1650,13676,1110,0.34490407376354243,0.012230112274995155,0.1111111111111111,0
36,37,1650,13830,1110,0.4572603911613257,-0.006317323094924773,0.0,0
36,37,1891,2167,1110,0.09037410077155343,-0.007028785634343378,0.02564102564102564,0
36,37,1891,4014,1110,0.1424409156226515,-0.006398223457394447,0.02564102564102564,0
36,37,1891,10971,1110,0.040153041510023225,-0.02494579594091797,0.05263157894736842,0
36,37,1891,11317,1110,0.29860510489240977,0.057921850382660504,0.0,1
36,37,1891,13676,1110,0.03898494961246743,0.007405915297015838,0.0,0
36,37,1891,13830,1110,0.2923917324908149,0.009886995981901027,0.0,0
36,37,4559,2167,1110,0.3174711030039155,-0.02241797512007188,0.02564102564102564,0
36,37,4559,4014,1110,0.2677514477358918,0.006620656918722885,0.02564102564102564,0
36,37,4559,10971,1110,0.24815301361072734,-0.025891554296181663,0.02564102564102564,0
36,37,4559,11317,1110,0.3327166641241661,0.0018317427058729785,0.0,0
36,37,4559,13676,1110,0.9877297306215411,0.9384700256043558,0.17647058823529413,1
36,37,4559,13830,1110,0.3086482135348008,-0.0029440720893269827,0.08108108108108109,0
36,37,11436,2167,1110,0.40204072956381653,-0.07673932930088447,0.0,0
36,37,11436,4014,1110,0.46453464747697737,0.01808877232276562,0.02564102564102564,0
36,37,11436,10971,1110,0.31915557495592267,-0.01646317519816257,0.02564102564102564,0
36,37,11436,11317,1110,0.6817913514303274,0.09648328960283283,0.05263157894736842,1
36,37,11436,13676,1110,0.30202547750756953,0.0077726603732493895,0.0,0
36,37,11436,13830,1110,0.4903707849140932,0.011809530579374608,0.0,0
36,37,11933,2167,1110,0.49938985772715094,-0.023195424739762882,0.05263157894736842,0
36,37,11933,4014,1110,0.5786981142630369,0.03631255347205135,0.0,0
36,37,11933,10971,1110,0.41429432031315855,0.1547746166629321,0.0,1
36,37,11933,11317,1110,0.4241838990613103,0.014380298505425123,0.0,0
36,37,11933,13676,1110,0.3165445852657792,0.003922151858105126,0.02564102564102564,0
36,37,11933,13830,1110,0.2957773228261275,0.001889455599469518,0.21212121212121213,1
37,38,2167,1285,1110,0.34765213505017956,-0.015559562030092785,0.0,0
37,38,2167,5538,1110,0.5923619568577828,-0.02079057310877601,0.02564102564102564,0
37,38,2167,10417,1110,0.632857709953343,0.050701990370170896,0.08108108108108109,1
37,38,2167,13145,1110,0.37337577460751226,0.013234943135717292,0.0,0
37,38,2167,13272,1110,0.7579562682517335,0.25451986532702275,0.1111111111111111,1
37,38,2167,15812,1110,0.32883652188484114,-0.014535992188473814,0.02564102564102564,0
37,38,4014,1285,1110,0.26281979470562106,0.003147423711569319,0.0,0
37,38,4014,5538,1110,0.7037499784209061,0.07027107105320916,0.02564102564102564,1
37,38,4014,10417,1110,0.9369763089690484,0.9169809274682235,0.6,1
37,38,4014,13145,1110,0.3771099890704746,-0.00903975540051202,0.02564102564102564,0
37,38,4014,13272,1110,0.633603418695399,-0.020248449740654945,0.02564102564102564,0
37,38,4014,15812,1110,0.30626203804950675,-0.00023591839471802264,0.1111111111111111,0
37,38,10971,1285,1110,0.2609825626773981,0.002725823738850122,0.02564102564102564,0
37,38,10971,5538,1110,0.502789229627565,0.15255021172597993,0.0,1
37,38,10971,10417,1110,0.6267869886141714,-0.013183846200701965,0.0,0
37,38,10971,13145,1110,0.26366666046192677,0.000956883123828123,0.02564102564102564,0
37,38,10971,13272,1110,0.9191318111617692,0.9529992398456395,0.8181818181818182,1
37,38,10971,15812,1110,0.264963914646675,-0.01843588962533517,0.05263157894736842,0
37,38,11317,1285,1110,0.34995613570022055,0.09352913062171903,0.0,1
37,38,11317,5538,1110,0.3946630256001763,0.0023102211896212674,0.0,0
37,38,11317,10417,1110,0.5330872072094056,-0.000882268016626272,0.0,0
37,38,11317,13145,1110,0.5332123156327886,0.09573949107202448,0.0,1
37,38,11317,13272,1110,0.41293811225942334,0.008659870590404491,0.02564102564102564,0
37,38,11317,15812,1110,0.31895344295550193,-0.008195857278399162,0.02564102564102564,0
37,38,13676,1285,1110,0.7855302220839816,0.1803847232918182,0.0,1
37,38,13676,5538,1110,0.2598427902686881,0.005740879736269057,0.02564102564102564,0
37,38,13676,10417,1110,0.3033457900882981,0.005798749050151032,0.1111111111111111,0
37,38,13676,13145,1110,0.30280772395778793,-0.009353480836816468,0.02564102564102564,0
37,38,13676,13272,1110,0.2734183743987051,-0.021753127909358728,0.05263157894736842,0
37,38,13676,15812,1110,0.9746081638973862,0.9594301524761317,0.17647058823529413,1
37,38,13830,1285,1110,0.3154841670593285,-0.003069208688664405,0.02564102564102564,0
37,38,13830,5538,1110,0.2996498674696215,-0.004194823171446752,0.21212121212121213,1
37,38,13830,10417,1110,0.4147336023052805,-0.0076199411734820515,0.02564102564102564,0
37,38,13830,13145,1110,0.9714721543135671,0.9561277288599872,0.8181818181818182,1
37,38,13830,13272,1110,0.26846627295376885,0.011136125628730748,0.02564102564102564,0
37,38,13830,15812,1110,0.29874889300327084,-0.010187149127387302,0.02564102564102564,0
38,39,1285,3324,1110,0.7552181408771032,0.1659650539199384,0.02564102564102564,1
38,39,1285,4711,1110,0.28603259416731974,-0.0013611418387625388,0.0,0
38,39,1285,7143,1110,0.867303754952913,0.8728166860269067,0.21212121212121213,1
38,39,1285,10108,1110,0.2671196197310371,0.015924509361430163,0.05263157894736842,0
38,39,1285,14665,1110,0.196496544094543,0.015085009109024676,0.02564102564102564,0
38,39,1285,15368,1110,0.22585923910599764,0.0019919705196032225,0.0,0
38,39,5538,3324,1110,0.24252713958472844,0.00457330218164427,0.0,0
38,39,5538,4711,1110,0.5199400980860112,0.13236679262198145,0.0,1
38,39,5538,7143,1110,0.3256131432138111,0.020075039094799838,0.02564102564102564,0
38,39,5538,10108,1110,0.30092493623085775,-0.004636445671872949,0.1111111111111111,0
38,39,5538,14665,1110,0.9310824966319742,0.9121260460782306,0.7391304347826086,1
38,39,5538,15368,1110,0.6639696233608743,0.05046643974803765,0.05263157894736842,1
38,39,10417,3324,1110,0.3024458911720573,0.00014806016026067825,0.02564102564102564,0
38,39,10417,4711,1110,0.6432927133329346,-0.00792083224515477,0.02564102564102564,0
38,39,10417,7143,1110,0.3419237593184217,-0.0006597998615106662,0.0,0
38,39,10417,10108,1110,0.39687712773323935,-0.0048916215889318855,0.0,0
38,39,10417,14665,1110,0.6736192535574403,0.0636735617393529,0.02564102564102564,1
38,39,10417,15368,1110,0.9476602078289654,0.9383443680210014,0.3793103448275862,1
38,39,13145,3324,1110,0.3022179033367482,-0.0027063489042057575,0.02564102564102564,0
38,39,13145,4711,1110,0.2545765031284582,0.013060646397233708,0.0,0
38,39,13145,7143,1110,0.29288031086254623,-0.010355064000681856,0.02564102564102564,0
38,39,13145,10108,1110,0.980941508578495,0.9694927563512835,0.5384615384615384,1
38,39,13145,14665,1110,0.23455268168832957,-0.0015676786777820654,0.17647058823529413,0
38,39,13145,15368,1110,0.34113901635558364,-0.002035445158619145,0.02564102564102564,0
38,39,13272,3324,1110,0.26212112222790707,-0.01712306795889019,0.08108108108108109,0
38,39,13272,4711,1110,0.957975711735326,0.9357267989190964,0.6,1
38,39,13272,7143,1110,0.3529832017335373,-0.00309081282419741,0.05263157894736842,0
38,39,13272,10108,1110,0.2527593617216713,0.004935425509367186,0.02564102564102564,0
38,39,13272,14665,1110,0.5522040195851635,0.17021417454770735,0.0,1
38,39,13272,15368,1110,0.6577683192433017,-0.009588036970543095,0.02564102564102564,0
38,39,15812,3324,1110,0.9704166699765306,0.96897768616549,0.6,1
38,39,15812,4711,1110,0.26994609805706005,-0.018604833435223553,0.05263157894736842,0
38,39,15812,7143,1110,0.7533659837736741,0.16830236550571923,0.14285714285714285,1
38,39,15812,10108,1110,0.24693459852232744,-0.01154604213647901,0.08108108108108109,0
38,39,15812,14665,1110,0.23090595503127104,-0.0023994613230330407,0.02564102564102564,0
38,39,15812,15368,1110,0.26960491977835066,-0.0035659850940646235,0.08108108108108109,0
39,40,3324,299,1110,0.29350447276479097,0.0039386861477676855,0.14285714285714285,0
39,40,3324,3523,1110,0.1679584770620269,-0.003828030850192892,0.05263157894736842,0
39,40,3324,8398,1110,0.250580046202683,0.009061597444802635,0.08108108108108109,0
39,40,3324,8834,1110,0.9628416937312706,0.9102914476172776,0.42857142857142855,1
39,40,3324,9233,1110,0.7074235389635611,0.1351457684406305,0.0,1
39,40,3324,14209,1110,0.22381869377608085,-0.009603601813056433,0.05263157894736842,0
39,40,4711,299,1110,0.6417869273428968,0.005394850168091449,0.05263157894736842,0
39,40,4711,3523,1110,-0.04796352037304439,0.014866275334880162,0.02564102564102564,0
39,40,4711,8398,1110,0.23437236643172413,-0.000788897229151681,0.0,0
39,40,4711,8834,1110,0.19722305179328004,0.0006981102488774988,0.02564102564102564,0
39,40,4711,9233,1110,0.34003874013885377,0.003268758297205834,0.0,0
39,40,4711,14209,1110,0.6367398402945946,0.4171055332332324,0.48148148148148145,1
39,40,7143,299,1110,0.3514684489024529,0.004604136709220088,0.02564102564102564,0
39,40,7143,3523,1110,0.23782243273602394,-0.019893967801906876,0.02564102564102564,0
39,40,7143,8398,1110,0.24329513738586586,-0.018097925379521682,0.02564102564102564,0
39,40,7143,8834,1110,0.6855067548738801,0.0920122778466973,0.14285714285714285,1
39,40,7143,9233,1110,0.931350800778477,0.8245141279434148,0.02564102564102564,1
39,40,7143,14209,1110,0.30327991439364405,0.017341285510872745,0.02564102564102564,0
39,40,10108,299,1110,0.41552846697228873,-0.007933450197177878,0.08108108108108109,0
39,40,10108,3523,1110,0.3438664976099502,-0.0009342740269310906,0.0,0
39,40,10108,8398,1110,0.9832643149892966,0.914744507699942,0.6,1
39,40,10108,8834,1110,0.2998216239461708,-0.0023336211983030074,0.08108108108108109,0
39,40,10108,9233,1110,0.2776017715770328,-0.006902043304752951,0.05263157894736842,0
39,40,10108,14209,1110,0.17306891033776764,0.012512402163478764,0.0,0
39,40,14665,299,1110,0.6540593134520898,0.09708528370256872,0.0,1
39,40,14665,3523,1110,-0.0033100218745685107,0.03334248879547102,0.0,0
39,40,14665,8398,1110,0.2390454392875972,-0.01479373962240509,0.02564102564102564,0
39,40,14665,8834,1110,0.1663573226361454,0.003297878102394075,0.0,0
39,40,14665,9233,1110,0.25484685063351104,0.026370527202199862,0.02564102564102564,0
39,40,14665,14209,1110,0.766203537113733,0.50388113235265,0.05263157894736842,1
39,40,15368,299,1110,0.9411988315717759,0.9342081273850382,0.6666666666666666,1
39,40,15368,3523,1110,0.038322497943398356,0.04570536907384358,0.0,0
39,40,15368,8398,1110,0.3282284432124318,-0.0013122662761963365,0.05263157894736842,0
39,40,15368,8834,1110,0.19456250481159215,-0.002768625792424889,0.08108108108108109,0
39,40,15368,9233,1110,0.2979654676814839,0.006785039667263943,0.02564102564102564,0
39,40,15368,14209,1110,0.6612499630276208,-0.016569048995187182,0.02564102564102564,0
40,41,299,2460,1110,0.2315629331557868,-0.014375653318726277,0.1111111111111111,0
40,41,299,2547,1110,0.03201901583647685,0.0021369453936468576,0.02564102564102564,0
40,41,299,2886,1110,0.025956215032823495,-0.010775825214167945,0.0,0
40,41,299,11918,1110,0.06594783083157324,0.024810124428704564,0.0,0
40,41,299,14117,1110,0.37901353534268856,-0.003023731407009819,0.0,0
40,41,299,16227,1110,0.3505660842280348,0.01242579903869888,0.08108108108108109,0
40,41,3523,2460,1110,-0.10897451486135004,-0.010401136181593386,0.0,0
40,41,3523,2547,1110,0.04188843585099497,-0.012762183418027939,0.02564102564102564,0
40,41,3523,2886,1110,0.2039939208721493,-0.008579493752296156,0.08108108108108109,0
40,41,3523,11918,1110,0.038694043624878674,-0.0038241518411786194,0.0,0
40,41,3523,14117,1110,0.05801367004172113,-0.017260300498629977,0.0,0
40,41,3523,16227,1110,-0.09145240035186955,-0.01653601689032675,0.0,0
40,41,8398,2460,1110,0.08205309695485359,-0.00032205079740887043,0.0,0
40,41,8398,2547,1110,0.04784321825086853,-0.010464166956354812,0.02564102564102564,0
40,41,8398,2886,1110,0.13981216914922726,-0.028576146473178663,0.02564102564102564,0
40,41,8398,11918,1110,0.029622407133164795,-0.010275660908454002,0.05263157894736842,0
40,41,8398,14117,1110,0.3255318436111025,-0.008505622069844917,0.02564102564102564,0
40,41,8398,16227,1110,0.14410442966075748,0.014282874591506386,0.0,0
40,41,8834,2460,1110,0.2662368967088113,-0.011748433353297573,0.0,0
40,41,8834,2547,1110,-0.15064412867883908,-0.41179467962515753,0.0,0
40,41,8834,2886,1110,0.09653026836145605,-0.007251725163242118,0.0,0
40,41,8834,11918,1110,0.07721285907842679,-0.002880888649636154,0.02564102564102564,0
40,41,8834,14117,1110,0.3159371609988982,0.038532908566687576,0.02564102564102564,0
40,41,8834,16227,1110,0.18074477415370155,-0.009498455770648699,0.0,0
40,41,9233,2460,1110,0.1497395566856006,-0.00730097741696206,0.0,0
40,41,9233,2547,1110,0.2316363786583418,0.08822371394846079,0.02564102564102564,0
40,41,9233,2886,1110,0.048780998364219084,0.01563689272144889,0.0,0
40,41,9233,11918,1110,0.05507627321134581,-0.001875493291059579,0.02564102564102564,0
40,41,9233,14117,1110,0.2391495028943586,0.0052198191264134644,0.0,0
40,41,9233,16227,1110,0.1647033468299468,-0.022534002321761868,0.0,0
40,41,14209,2460,1110,0.19888725268961632,0.009533112355430955,0.02564102564102564,0
40,41,14209,2547,1110,-0.009179197224539215,-0.05588000921048985,0.0,0
40,41,14209,2886,1110,-0.1136667409955746,-0.038350779441445354,0.0,0
40,41,14209,11918,1110,0.06291286933009867,-0.0025101809986285526,0.0,0
40,41,14209,14117,1110,0.18466520214931678,-0.0019303990646577123,0.02564102564102564,0
40,41,14209,16227,1110,0.37735567323358965,0.07798420448399972,0.17647058823529413,1
