item_id,category,template_id,template_index,text_sha256
clean_deception_cover_story_0001,deception_cover_story,deception_cover_story:T1,1,9afb85d356cf457281700fa02ab03b15f82e4505f42c1ae8f0a9c86a4393ba76
clean_deception_cover_story_0002,deception_cover_story,deception_cover_story:T1,1,487f0099e918329cfb81c16ea68f401fd3aa9b16ec248e90a178e50e4ace185e
clean_deception_cover_story_0003,deception_cover_story,deception_cover_story:T1,1,5a5ff79b7d213d5600e6233d1043cad46db71eed44b189f584de34f658b1fade
clean_deception_cover_story_0004,deception_cover_story,deception_cover_story:T1,1,d4f465cac5309e0922c6615414f19c7720e701e844e84d391be030666f941ab3
clean_deception_cover_story_0005,deception_cover_story,deception_cover_story:T1,1,162bd8da39a350c1eff498d797074a61faf47a91912e501a250c6dc1aae20c07
clean_deception_cover_story_0006,deception_cover_story,deception_cover_story:T1,1,458d09763e7d6b053490c92e9e6516e5689a0e64097b59ec9f1a9db3aec191a5
clean_deception_cover_story_0007,deception_cover_story,deception_cover_story:T1,1,3ff4dbe30edde52f646f5ad010f0f42a9b331b00f3d5a099923487d338c1dfd1
clean_deception_cover_story_0008,deception_cover_story,deception_cover_story:T1,1,f812ecd484285724301208f43ea9a3df12c49f5f57146f8cb1768c4193542511
clean_deception_cover_story_0009,deception_cover_story,deception_cover_story:T1,1,966cbcbad2359ee4d39776c399ed46596fdc7e7ebdf7c4ecbb7081680340698b
clean_deception_cover_story_0010,deception_cover_story,deception_cover_story:T1,1,00afa01e57d6e42be3dd6104a950820ae9f2c60cd3d32ad731670fdee5152873
clean_deception_cover_story_0011,deception_cover_story,deception_cover_story:T1,1,74059f6e72fddbad2a23616c3ced8dccec96eb58492aa3d3cab7fd0d311ad977
clean_deception_cover_story_0012,deception_cover_story,deception_cover_story:T1,1,598eeab59eeb0f0cea9deeabff250dffac7195d6f58e4678ddeac5506c3073ca
clean_deception_cover_story_0013,deception_cover_story,deception_cover_story:T1,1,ee9b41d53c4c32a4d6e5fea79c5a53f7da47e28cba104be8d6d7a5945dcdc030
clean_deception_cover_story_0014,deception_cover_story,deception_cover_story:T2,2,7fe050e644e9df2dfa79659a55d38b7703aeb904853150e60ffc648e0b46fdc5
clean_deception_cover_story_0015,deception_cover_story,deception_cover_story:T1,1,54973634d3f1062933a165a86dc926e8ce99ff9503eaf50a55d977d4e2d40fe7
clean_deception_cover_story_0016,deception_cover_story,deception_cover_story:T1,1,20f72880278d0bfe5dffc4e80e614d860a1ee9808186bcc2c07a3a50cd82cdd4
clean_deception_cover_story_0017,deception_cover_story,deception_cover_story:T1,1,0f085ac3ba952b20590d60b1df02d3b9955ce851b9078ab5a9aed4884531645a
clean_deception_cover_story_0018,deception_cover_story,deception_cover_story:T1,1,b1a6a6b2ce5e742049cfbcac150ab3f18ea7e4154bb75268123e53aa0d63acf7
clean_deception_cover_story_0019,deception_cover_story,deception_cover_story:T1,1,6252bb5254556d1596f8d47e5fc47dfccc28ce17bb39619bce2faa0d6559b95d
clean_deception_cover_story_0020,deception_cover_story,deception_cover_story:T1,1,afa36d14da41df3931a2746317c01cb2511930f0372bb6ae8d1fff5a2f4aeac5
clean_deception_cover_story_0021,deception_cover_story,deception_cover_story:T1,1,3236b5e3bbfae7ba6cae5625e210a65cacbbd9eacf0ed164c2c562bfc4ad77ce
clean_deception_cover_story_0022,deception_cover_story,deception_cover_story:T1,1,b62bc0d3ab1413d74f7a580eefb1cbabcf8e449c51ccd82b2b8f09ce4f1d7940
clean_deception_cover_story_0023,deception_cover_story,deception_cover_story:T1,1,a1fc8191669f60615b6c35bd58c4980854d673f0d29d136b5b571c27b3b35870
clean_deception_cover_story_0024,deception_cover_story,deception_cover_story:T1,1,5dfa0ff17c7ee86078570b67826dd9acc8795a3814fea1b0044e2fbcbcfa65ff
clean_deception_cover_story_0025,deception_cover_story,deception_cover_story:T1,1,8e55f9d8b8c034541e0a31cfb5ec77159fe0ebedf571589f2f5b16e17a6dad9f
clean_deception_cover_story_0026,deception_cover_story,deception_cover_story:T1,1,5de32fdda4b99eee7a66c911d89c80883ace9e20b566973c23a35344206840d3
clean_deception_cover_story_0027,deception_cover_story,deception_cover_story:T1,1,058caa0e6d711309ab96191bbe65fb345369889ec1e747d9cd8e59dca5c4ae15
clean_deception_cover_story_0028,deception_cover_story,deception_cover_story:T2,2,6a371f3e87c24069fe28ea987f0cb1c3734e5f02ec6fd1d71a24a54b8cd86c94
clean_deception_cover_story_0029,deception_cover_story,deception_cover_story:T1,1,a7ed268afa675b0ffe1b8ecaadfa74eea36eb4c26c9af2122290fa4e94cab559
clean_deception_cover_story_0030,deception_cover_story,deception_cover_story:T1,1,93841758308f6207bca2f1f44e49c4e87bd6c1d875e620f7f86ed639c8734ab9
clean_deception_cover_story_0031,deception_cover_story,deception_cover_story:T2,2,89a7e079071a9f26d79f4fbb39330d8f414efdef7f3c62ea5ad8cdc017b25374
clean_deception_cover_story_0032,deception_cover_story,deception_cover_story:T1,1,175651abb288dece59589be04c285e15f76205de5d25a597a007105b7ec2ae74
clean_deception_cover_story_0033,deception_cover_story,deception_cover_story:T1,1,6963f67a7016aa70c9d18366b0aa7d42c48ebcf93c85c96e03aa04282ccc6c7d
clean_deception_cover_story_0034,deception_cover_story,deception_cover_story:T1,1,36e89b1d4c00927c7e54aecd1095b104d5e6b6b7c1ee78afe94c00bfb5561c13
clean_deception_cover_story_0035,deception_cover_story,deception_cover_story:T1,1,0df241babd722907179babd0bd56e8323a66822a70d9f54b3ebbad9477c778e0
clean_deception_cover_story_0036,deception_cover_story,deception_cover_story:T1,1,855d60e27ad20e66cad034833000f1e48ab497427d2b9d782c1d72c55f6766d2
clean_deception_cover_story_0037,deception_cover_story,deception_cover_story:T1,1,273b4a588234b7ef4677dbf96b9d9165608b73dab45857b594076a06c21b7c31
clean_deception_cover_story_0038,deception_cover_story,deception_cover_story:T2,2,4b556552609260919573f8c10d401b856e0080de1da8e8893d9de46dfb10417c
clean_deception_cover_story_0039,deception_cover_story,deception_cover_story:T1,1,71db11e76bd9045d85310ade11eb4533b442a58dd5a3067f37a3b01312f166e1
clean_deception_cover_story_0040,deception_cover_story,deception_cover_story:T1,1,09af2f8e3a813aee414df5e82351010907ae76fa13d6a5a77a728d6d8de164a0
clean_deception_cover_story_0041,deception_cover_story,deception_cover_story:T1,1,703f209b2d662cbfac251ade389d0d0013b6f009041462fe5f078d4ae162fa89
clean_deception_cover_story_0042,deception_cover_story,deception_cover_story:T1,1,2cf87f9f6263afff54055d6d1a45c64e802154d18b4e0327e686d1e0ebb26a15
clean_deception_cover_story_0043,deception_cover_story,deception_cover_story:T1,1,095f49195e3a5b598fe92b189eef9a75c55d6b52d757154488684c47478cceb2
clean_deception_cover_story_0044,deception_cover_story,deception_cover_story:T2,2,0e46f4f7139e39576741203b622232ca5418c407dd5c81bf763bcec47ef10762
clean_deception_cover_story_0045,deception_cover_story,deception_cover_story:T2,2,2f3b54e3d02c050f3d72f026054cdae0d07c94b4d935da571990936fe5e1d720
clean_deception_cover_story_0046,deception_cover_story,deception_cover_story:T1,1,a1daaf6c12c8bf6a8d1c671fa0362abb6e8383a91a19a9fdce13983d38435dd2
clean_deception_cover_story_0047,deception_cover_story,deception_cover_story:T1,1,f16105f47642fc19a0c8d464904ffbb78bc743fd1e9fbc1f90aa82b43beffe3e
clean_deception_cover_story_0048,deception_cover_story,deception_cover_story:T2,2,498e69bc4ade09daa1fda41dd6c66acda47348b6ff474ae531d0f176e2490ed4
clean_deception_cover_story_0049,deception_cover_story,deception_cover_story:T1,1,f5c3fba71e460f4b279f1eeb31978bf5c32e2cb6578ab4785e85e0e642ba45ce
clean_deception_cover_story_0050,deception_cover_story,deception_cover_story:T1,1,df3ab370d6570d5f286ebcfaff1e2638e2d4d1d5ff9ee1071d4878b9c9c8bdc2
clean_deception_cover_story_0051,deception_cover_story,deception_cover_story:T1,1,694f6da78a6b93a975868fbc9b29b87400ce1705c9b89df1779cab799e6fb465
clean_deception_cover_story_0052,deception_cover_story,deception_cover_story:T1,1,2632ce00ab628e882441eb1302db21f5b5c7dd0c204f904784c53bd0e4e64cb0
clean_deception_cover_story_0053,deception_cover_story,deception_cover_story:T1,1,d08cc409f4f0e3304ae41c8d5d8157e7314286e18547742ae755334cc8103435
clean_deception_cover_story_0054,deception_cover_story,deception_cover_story:T1,1,65911a590899ae752a2840d78b92427119015da5f63a60b6b57b1c2564287b52
clean_deception_cover_story_0055,deception_cover_story,deception_cover_story:T1,1,427e9f8d2827cc2364ec84ef559cad0685363dcbe730a3a5609061aebbc11e52
clean_deception_cover_story_0056,deception_cover_story,deception_cover_story:T1,1,5e4506b1e6e6d1ec5073acfd26d4586c95e80e7b2b5bdb961b7e6104336b15f6
clean_deception_cover_story_0057,deception_cover_story,deception_cover_story:T2,2,914bea10e804440c7acd6da782b0f55717adf0262120f283dca346a25629fb9a
clean_deception_cover_story_0058,deception_cover_story,deception_cover_story:T1,1,7bee277e53030633941eba83f77ebb47194c68ef80429b56bd8d377e5cde2f4f
clean_deception_cover_story_0059,deception_cover_story,deception_cover_story:T1,1,1b2c6e885cbad734f0ca2fe240922abca18600db4f397ba89f22328b30d7521e
clean_deception_cover_story_0060,deception_cover_story,deception_cover_story:T1,1,ebdf1e1a09d6d9cbd9398a96e660e291ad57a311c00652ea999e8cbbf76442c9
clean_deception_cover_story_0061,deception_cover_story,deception_cover_story:T1,1,ff5ed549a71a245c12743fba72be666795224d03966f71b364010b9f226d3158
clean_deception_cover_story_0062,deception_cover_story,deception_cover_story:T1,1,58bda3e5b71d72d8351b62074a71e60379d6013e0fcf4dfca010acd5f7cf47eb
clean_deception_cover_story_0063,deception_cover_story,deception_cover_story:T1,1,1bd01e20d5a1312a0b12db6e8e764668b5db8bf97af9a12da4273278f9fbb206
clean_deception_cover_story_0064,deception_cover_story,deception_cover_story:T1,1,ba4ae69c51a8e023b550e4322211a110ee6184d770bdb82cc0fd2242eb397833
clean_deception_cover_story_0065,deception_cover_story,deception_cover_story:T1,1,8f6329ba42f0a844ee152450206142ed42b92b48ed86b4d94db3acc814d97845
clean_deception_cover_story_0066,deception_cover_story,deception_cover_story:T1,1,e160546cbc08cc7163b0c3cb9df2c62243e067f37db71f9824cffcf790656313
clean_deception_cover_story_0067,deception_cover_story,deception_cover_story:T1,1,8a0fe49f3e4efe3f5b1937a46e22e0293505d8e6fe3832b49c668c27f817c6ca
clean_deception_cover_story_0068,deception_cover_story,deception_cover_story:T1,1,7fb039bcd45b480239eb9e009e678b085034867736c8f2e63140fd189ac8d9f3
clean_deception_cover_story_0069,deception_cover_story,deception_cover_story:T1,1,88be83f36c3c3e33550cb25e11adbfc746a1fe898b6f90daf39fabd120a870b0
clean_deception_cover_story_0070,deception_cover_story,deception_cover_story:T1,1,3008e9f1763fa268bfa2018b3007c1e765f299634a3d44319ed03a08a3f41c64
clean_deception_cover_story_0071,deception_cover_story,deception_cover_story:T1,1,af33f91638edc4320a734e669c220a8c0d1f5ef1ddfb8a73739c7e16824c26d3
clean_deception_cover_story_0072,deception_cover_story,deception_cover_story:T1,1,df138fc600dda2ee92c62fc7e904c3e4ef2ad1d18f6b8dc00910403e043f6e65
clean_deception_cover_story_0073,deception_cover_story,deception_cover_story:T1,1,5b968e3f226f7cf11bbcc25982addf8301a84412d0705e3ac054334bdd8e4314
clean_deception_cover_story_0074,deception_cover_story,deception_cover_story:T1,1,659ad532b629385e0c5249a8182f4055a5133d5982d043f320979424a69d574a
clean_deception_cover_story_0075,deception_cover_story,deception_cover_story:T1,1,c38f3609f5a944490fa2f41b661cfc4d9fa57efe0b0a70858e423193c05c7570
clean_deception_cover_story_0076,deception_cover_story,deception_cover_story:T1,1,a012e4c9406a4791c17d30956189c0e6c07bf083bdf55e2ecaff9eff65baf197
clean_deception_cover_story_0077,deception_cover_story,deception_cover_story:T1,1,7d94aaeaa0a0571999ab1d7adfbaa32dfd746a18a1349d3a0006e0f0d20cfb36
clean_deception_cover_story_0078,deception_cover_story,deception_cover_story:T1,1,10cda45d52cb11547d2235638673a125c3734649a64cd92a0ef50421d7eab9c1
clean_deception_cover_story_0079,deception_cover_story,deception_cover_story:T1,1,9da1c4646339e278714638745e7c82e319e5dc8eb2769c508c5363062a53b0bb
clean_deception_cover_story_0080,deception_cover_story,deception_cover_story:T1,1,014e4a47031f4cbc5e39cdc3c4c87ec33fba88a3db0788d7e229904663cfb2c2
clean_tactical_misdirection_0001,tactical_misdirection,tactical_misdirection:T3,3,98774427dc73d45be3a0b52e6171e7c4562b48626dc122f00fec9ac4b8fe1f24
clean_tactical_misdirection_0002,tactical_misdirection,tactical_misdirection:T1,1,b4ef2ebded59f0704eda36c889993397732111694303134b34146520e29c4f9c
clean_tactical_misdirection_0003,tactical_misdirection,tactical_misdirection:T1,1,bed62233a38d704945ab53a6d1d66a4fc9a529eecc30e214ee42c952e06ad588
clean_tactical_misdirection_0004,tactical_misdirection,tactical_misdirection:T1,1,eb7a23337a8422a1debde87e7b974a9b4a959664ceb3f3ff74f266983f70f45c
clean_tactical_misdirection_0005,tactical_misdirection,tactical_misdirection:T1,1,d4ecc10fb2f47e8b6a2652d16af7ec2123e282fdb961c3a4d95df41dfa03ac9b
clean_tactical_misdirection_0006,tactical_misdirection,tactical_misdirection:T1,1,1cfe622e6fdf17795d7cb6db807935cb366dc9ed2d535bea9ea5141a2b5c06d4
clean_tactical_misdirection_0007,tactical_misdirection,tactical_misdirection:T3,3,9c1e6efb98d701a6fb464192529e8ee973aceef37339a71a524cf2e533d6bc2d
clean_tactical_misdirection_0008,tactical_misdirection,tactical_misdirection:T3,3,897fc2f415f1099002e1f111e372585e82fc0cfc510b6bc1ccd72c44961911be
clean_tactical_misdirection_0009,tactical_misdirection,tactical_misdirection:T3,3,ab390429243cf3ca39e5779d767f75d4fa7ac140d66ea86ab613928144e35232
clean_tactical_misdirection_0010,tactical_misdirection,tactical_misdirection:T1,1,3c9c52c0133b08241b6d486f9cc1b74b386d869cc152db9cfb6d0a37748894fa
clean_tactical_misdirection_0011,tactical_misdirection,tactical_misdirection:T3,3,3d699c36212b4c9c7b2c92d48d631eb474d2583bac448a25dfa9e13a2dc23049
clean_tactical_misdirection_0012,tactical_misdirection,tactical_misdirection:T1,1,36b6f4229a8332162c5bc52269722181ae5d92b9c6c86730c009073cb200fbae
clean_tactical_misdirection_0013,tactical_misdirection,tactical_misdirection:T1,1,193b099d767c75f7b3fdf14bf4854505a88fdc6f493218fd552c63361dfcf954
clean_tactical_misdirection_0014,tactical_misdirection,tactical_misdirection:T3,3,5a73576bfa4df715b97a7061aaf3b3da49b945bdb1a577940e927317d02fbc74
clean_tactical_misdirection_0015,tactical_misdirection,tactical_misdirection:T2,2,8339185a6d788a2954e6061e6d64c60ee4e852ef64385430abc3396dc69d6763
clean_tactical_misdirection_0016,tactical_misdirection,tactical_misdirection:T3,3,e1870be3150037b46658c104105f804ca789c7cbfbdf57a745235f2c93becaed
clean_tactical_misdirection_0017,tactical_misdirection,tactical_misdirection:T1,1,5488b7fe7fac62910dd941b8c03c0c7a9fa1a08e497d4017aaf156c2dee5fa41
clean_tactical_misdirection_0018,tactical_misdirection,tactical_misdirection:T3,3,5226947c7776aa69d1e232a66140da2b759556333635835f71ed76efa5136adc
clean_tactical_misdirection_0019,tactical_misdirection,tactical_misdirection:T1,1,3e7e874069cf500ef30fe4b4f9948590bcec3c7d018b58a1a48e5b4cb2ef0542
clean_tactical_misdirection_0020,tactical_misdirection,tactical_misdirection:T1,1,9b22742448e7f9a103b584d23f33092d3c6a772f711249d0371ad5d210085db4
clean_tactical_misdirection_0021,tactical_misdirection,tactical_misdirection:T1,1,81a03d10e117278e8ea3d782dad1596486cd3f6a6bc17b48a4e9266c15d353c0
clean_tactical_misdirection_0022,tactical_misdirection,tactical_misdirection:T1,1,9c138b46288574abbcd99838f27cd0ffb0c41f7243762ad1c27744fa2c8bf2c8
clean_tactical_misdirection_0023,tactical_misdirection,tactical_misdirection:T1,1,4d04940b67f86ced7d8bc4225f35258150ba7acf6afe609eb3ee87725241f7a7
clean_tactical_misdirection_0024,tactical_misdirection,tactical_misdirection:T1,1,1fc1fa853d16753fec82ef2fa0bc4e6a5bcb8994c7c90aebc0693d6dbfd5b271
clean_tactical_misdirection_0025,tactical_misdirection,tactical_misdirection:T1,1,8e85ecbd124708e3d04dc75a71042bd7298bc4122d9b36df86eebff027980170
clean_tactical_misdirection_0026,tactical_misdirection,tactical_misdirection:T3,3,6207a53bbf3fbffdb9db183bb15f0602ee1dc1e68119fdc3d0406b034c2a7d94
clean_tactical_misdirection_0027,tactical_misdirection,tactical_misdirection:T1,1,2c7561f8a58859258b8a0a7d79bc238063d19b8736ff2e9eb41af63a898d9842
clean_tactical_misdirection_0028,tactical_misdirection,tactical_misdirection:T3,3,6c0ad4564020ddd6395e51b86fee15ef6c3b8e43239d95437fd86618053b43fe
clean_tactical_misdirection_0029,tactical_misdirection,tactical_misdirection:T1,1,d5f4feed1aa9b3374587c5b69f062edad77c41ae0c7b3bb9c957c26aa869277f
clean_tactical_misdirection_0030,tactical_misdirection,tactical_misdirection:T3,3,c6a00bece50542ebb23e0f202bbc09931db941a0cc65d3678995dcd3722b03cd
clean_tactical_misdirection_0031,tactical_misdirection,tactical_misdirection:T1,1,7ed015860920f1493ca627ca249eb47743c0e8fd95f3082ea101c480a6d64a25
clean_tactical_misdirection_0032,tactical_misdirection,tactical_misdirection:T1,1,7804fb339b97604b3976773a7a3e88ada10fdd4b31128002ed976f427b225bc7
clean_tactical_misdirection_0033,tactical_misdirection,tactical_misdirection:T1,1,9f34ee2e9360c95685795489422b1dd653aae130f693a498a78152ddc4600b8c
clean_tactical_misdirection_0034,tactical_misdirection,tactical_misdirection:T3,3,4e58ec00584f25b5246fc45c3d0e6f7dff0f4eae857307f316b187893ad280c0
clean_tactical_misdirection_0035,tactical_misdirection,tactical_misdirection:T1,1,e9f0bf1ad268415b9f3f23c1db6d8dea30d0b04a5d68b8a8e63f16b527f6b10a
clean_tactical_misdirection_0036,tactical_misdirection,tactical_misdirection:T1,1,0dcd9fbb78ef5e3f589bab8a9b4ea3ee2f87f2712bb66aa58deac22677fbb8a4
clean_tactical_misdirection_0037,tactical_misdirection,tactical_misdirection:T1,1,4992f59759785b2c0a72b630502b41c2c7092b7a004e267783a8dd6734dda21a
clean_tactical_misdirection_0038,tactical_misdirection,tactical_misdirection:T1,1,bb2c254d8ed5e5e06946153040c5efed1ec45724e7bd2a81e2e9811bb3954c40
clean_tactical_misdirection_0039,tactical_misdirection,tactical_misdirection:T2,2,10961b3dc1735d6ca2d6afb950ab184a8b0afc83d9be19bfeb6bcd9d178829ea
clean_tactical_misdirection_0040,tactical_misdirection,tactical_misdirection:T3,3,1920784b15d46131bca7abfae8d6cdd7f79e20bf32eb74b11590010ccd8c51e7
clean_tactical_misdirection_0041,tactical_misdirection,tactical_misdirection:T3,3,9a6e581f087c2e19f10e04f92b17cb867f062d7b52fdb8ed605b4b926e3b13d4
clean_tactical_misdirection_0042,tactical_misdirection,tactical_misdirection:T1,1,82b2c173ea72746969a00d735fade1daf03c7a7c71a4883a210a5778ab59a9ed
clean_tactical_misdirection_0043,tactical_misdirection,tactical_misdirection:T1,1,55ff5dee30dc79268a32cba6c1fde9601be4aa00a67ec15254cc9d7b4857e12d
clean_tactical_misdirection_0044,tactical_misdirection,tactical_misdirection:T3,3,351fadcb0cb2d8888ebf34c3aff28ffa524a46397ff28c1e32fce4eb0272b37a
clean_tactical_misdirection_0045,tactical_misdirection,tactical_misdirection:T1,1,74a908bf5755e9439a1bd2a5836cd55e8fb1beab87560346e535459023940b0d
clean_tactical_misdirection_0046,tactical_misdirection,tactical_misdirection:T3,3,b39dbf466e9075204d6110067befd4d11957f008899b7b90f57084d7212954a6
clean_tactical_misdirection_0047,tactical_misdirection,tactical_misdirection:T1,1,cc9fff5b5611b45f511636ca917d605d2aff9ad88435d96f75f16129c50a255e
clean_tactical_misdirection_0048,tactical_misdirection,tactical_misdirection:T1,1,e20f3c8318cd34ce3b493abe78b7fad36d7e8132910a8a73341f1a3c7e329f4b
clean_tactical_misdirection_0049,tactical_misdirection,tactical_misdirection:T2,2,50f27a5edcfffe7c5c59c04fa1cb7ea3fd05b5a0e69b6e582c829cd64f894eb2
clean_tactical_misdirection_0050,tactical_misdirection,tactical_misdirection:T1,1,e19f74f264f24d94ed9f7b114592812a8ec852394c8dbff049a785747301b6a1
clean_tactical_misdirection_0051,tactical_misdirection,tactical_misdirection:T1,1,5defab72471fac425c4d04cb7cf23e960b18b97535c283e1247c839bde85a058
clean_tactical_misdirection_0052,tactical_misdirection,tactical_misdirection:T3,3,aeb8e7e87c5da751733139c6faa3fe8250e3ea2effe1d2fd169f6af03d0c47de
clean_tactical_misdirection_0053,tactical_misdirection,tactical_misdirection:T1,1,4aef4da4310d3008a66fd78caa4c09817a82831f7810de99bcaea1320c486edd
clean_tactical_misdirection_0054,tactical_misdirection,tactical_misdirection:T3,3,76faeaa6c480c788d9f3badc84d4e7be2261bfed5e5dff0b2c40d7cfe98acd62
clean_tactical_misdirection_0055,tactical_misdirection,tactical_misdirection:T3,3,4965b165f0bb73f53645b1f4a43d6523db1a9059d73ae19854f484e4116a725d
clean_tactical_misdirection_0056,tactical_misdirection,tactical_misdirection:T3,3,3addca09c871e32d3ef20c5c20d31eb6c18e73981799e6c387acb9910d99edc3
clean_tactical_misdirection_0057,tactical_misdirection,tactical_misdirection:T1,1,33ae3dbaf91daaf5d6de5918a78c74c8833f17948ae76296603f93f90f08a06b
clean_tactical_misdirection_0058,tactical_misdirection,tactical_misdirection:T2,2,e6b29a42c30863207e79d51746cef6b4e09057d7402203359e1269a826b43581
clean_tactical_misdirection_0059,tactical_misdirection,tactical_misdirection:T3,3,6fee0efd65465254989d08f4ea1245d2e349c2b3922b00f195ccf46b5ca63cc4
clean_tactical_misdirection_0060,tactical_misdirection,tactical_misdirection:T3,3,6937007304613587cc7f394f8c59d97aeaf4dc4b9ccca5826d2347a5c541e93a
clean_tactical_misdirection_0061,tactical_misdirection,tactical_misdirection:T1,1,a2d7b54814e3a36ed5b3ee74c2304640b3bf88954a3d094ab24c2b64b56da3ab
clean_tactical_misdirection_0062,tactical_misdirection,tactical_misdirection:T3,3,ddd0cb580965cf2cad3383416ae6fda746a60721b38d217b708e293608d0a326
clean_tactical_misdirection_0063,tactical_misdirection,tactical_misdirection:T1,1,78ba122b90138be64c3c97845e097df5f7cdf9be7fef89c8b29f47150fb6e263
clean_tactical_misdirection_0064,tactical_misdirection,tactical_misdirection:T1,1,cd94e4ca831213a53ccf1a580b2d2eb8e4c801635ae2f2bd1e2e8d2e5c5e3c51
clean_tactical_misdirection_0065,tactical_misdirection,tactical_misdirection:T3,3,493fc1c006824baebf60f787a999036a31ba20a3b4a188d9d90d97c3de28a04b
clean_tactical_misdirection_0066,tactical_misdirection,tactical_misdirection:T3,3,86976a91d939b6f404283c01a98294906781dab23e985dae32eac52d4b0fe05a
clean_tactical_misdirection_0067,tactical_misdirection,tactical_misdirection:T1,1,0b382b9d944c22b611524b42b5978a210f33ba12728300efe9492b90680c27da
clean_tactical_misdirection_0068,tactical_misdirection,tactical_misdirection:T3,3,adf62375649e13ec7127d1d0996bddd31c1c3f3bd4e854c2980cabfbb261907c
clean_tactical_misdirection_0069,tactical_misdirection,tactical_misdirection:T1,1,c5cef122ebc0317c973fbf59325347032a8357726615a64e598f2fdb28e860e3
clean_tactical_misdirection_0070,tactical_misdirection,tactical_misdirection:T2,2,272231722c7b2f5caf47f27e1b48413235e7331079355b8318f40bca4e1ad9cf
clean_tactical_misdirection_0071,tactical_misdirection,tactical_misdirection:T3,3,09fc1b94f49aa173adf44d32beb2d6d34fa56424a36fc960c77a56314c261977
clean_tactical_misdirection_0072,tactical_misdirection,tactical_misdirection:T1,1,56c4d5d51e13c1cf0accb604bc09f604f2104fe0ac5d14c2e5e0fbf96528d480
clean_tactical_misdirection_0073,tactical_misdirection,tactical_misdirection:T3,3,21ad978d903557678576cf6b992a65b35d091c73927843946fc3e58000079909
clean_tactical_misdirection_0074,tactical_misdirection,tactical_misdirection:T3,3,a663c474025aeeb6844241fabb2f9337992d3cae5a1e62ae472b79b032dff68e
clean_tactical_misdirection_0075,tactical_misdirection,tactical_misdirection:T1,1,5fde7f225242c8af11fdb8d988ee291648ecf545831e83c333b6b1b02d014672
clean_tactical_misdirection_0076,tactical_misdirection,tactical_misdirection:T3,3,8e7e7b498313993e2a0ded473e8502851e01cad2c305bf213d713a0e6c3156c3
clean_tactical_misdirection_0077,tactical_misdirection,tactical_misdirection:T3,3,55bc0464cdb5817c6bc4a827303b50b7069a0fdfa0f5875471f43c2ccdb345f7
clean_tactical_misdirection_0078,tactical_misdirection,tactical_misdirection:T1,1,6faf38ce9a261063407ec84637fbc8d0d846c0d5e463fc6bbbe3fe983b2c61fd
clean_tactical_misdirection_0079,tactical_misdirection,tactical_misdirection:T1,1,b890fa5f778f313ce907399bc82198e5f42cd739a8dfbbd2b867d3ccb8e5bf3f
clean_tactical_misdirection_0080,tactical_misdirection,tactical_misdirection:T1,1,e970502a14fc446b0808544bbf567eef73dd84467d40d88a7be68d9d74f69518
clean_dishonesty_confession_0001,dishonesty_confession,dishonesty_confession:T1,1,4d3fc6e6d99c4ab3bcaaa6308b5816446ffedcae0f612d312eef46a26863f4bf
clean_dishonesty_confession_0002,dishonesty_confession,dishonesty_confession:T1,1,1d5bcf982ec18c9a2995cbeabca9509c4b5c5ae67e4eeef46f9196f7af43ba46
clean_dishonesty_confession_0003,dishonesty_confession,dishonesty_confession:T2,2,63a1ffd1208d47f4b9b9ea5364ce4a94f4234aeec9b672803188e81b8eea905a
clean_dishonesty_confession_0004,dishonesty_confession,dishonesty_confession:T2,2,2596c8ccb8c36624d55d96aec8980875e4884aaa67403c7d77ee41be87828fc9
clean_dishonesty_confession_0005,dishonesty_confession,dishonesty_confession:T2,2,95beaa738c949097bf375b17af1ca51b2729cfe3fe72f16c4e6be379204db1c2
clean_dishonesty_confession_0006,dishonesty_confession,dishonesty_confession:T2,2,0c577c2d93ad08a8cfab4c62e43556d1f7c3b2497b478644a3d784c91b04d529
clean_dishonesty_confession_0007,dishonesty_confession,dishonesty_confession:T2,2,77bc2c2b3aae61811980bab11fc7edb27dcc4f74e7ef1274ca3618f9ee134c29
clean_dishonesty_confession_0008,dishonesty_confession,dishonesty_confession:T1,1,1979746066522b1e6f1b84186c8bd9cbe46190bf7a9817e5160b4ae0cb8660fc
clean_dishonesty_confession_0009,dishonesty_confession,dishonesty_confession:T2,2,3d177b1121817139510be68f0501741df0516a8bafc413696975fabc6fbfd731
clean_dishonesty_confession_0010,dishonesty_confession,dishonesty_confession:T2,2,cc80deec89ba6e6f96b3c8b28f166e218ad0828fa7ea4bb6f9a0243ddf50b573
clean_dishonesty_confession_0011,dishonesty_confession,dishonesty_confession:T1,1,6da5a5afb10f08aa7391c7f0ee27898a0c3bb1068e5a93e784be8ec273e03b03
clean_dishonesty_confession_0012,dishonesty_confession,dishonesty_confession:T2,2,6dd6ac0079ee78bb08ebe6b4227f353a956eb17ed2e63d24824e0a5ec89bcc72
clean_dishonesty_confession_0013,dishonesty_confession,dishonesty_confession:T2,2,fd703568595097a132a552fc1e55eed7a71eb32890fd9d4bb2bcfc23e542fb06
clean_dishonesty_confession_0014,dishonesty_confession,dishonesty_confession:T2,2,ee433cd3572148473e50d7820d87ffdb9f1cbdc2a47d595ea0e9fa0f4634a3b1
clean_dishonesty_confession_0015,dishonesty_confession,dishonesty_confession:T2,2,5718adc76224bc8e039b30d39ff48f3186bf3cff44811c68cf7fcab67fea0ce0
clean_dishonesty_confession_0016,dishonesty_confession,dishonesty_confession:T2,2,47af09098cf829a850af10642123b98f26b50024f66fd02fc26411153a461616
clean_dishonesty_confession_0017,dishonesty_confession,dishonesty_confession:T2,2,e0ee970cfa49fde458ef87c517f648877a5fec77516e7e3084516273487b678a
clean_dishonesty_confession_0018,dishonesty_confession,dishonesty_confession:T2,2,91bc1b8e45711be2d6ace8505cd23ab4b28f00ad2a7bbfe8845f8fbd6c56fa1b
clean_dishonesty_confession_0019,dishonesty_confession,dishonesty_confession:T2,2,48d8b8fc956b93a37d6d33981ad07414a42d020549d5b3e4c4ac2b438b3e1e85
clean_dishonesty_confession_0020,dishonesty_confession,dishonesty_confession:T2,2,10f4ea9848a3c3f7ba52cf29867e6c727fb8019149c699c4a3229cd7c44b7257
clean_dishonesty_confession_0021,dishonesty_confession,dishonesty_confession:T2,2,907d8d652c110352ec286f9df3df4d3fc84a1fab883d714b5eb0a6c5614ffae4
clean_dishonesty_confession_0022,dishonesty_confession,dishonesty_confession:T2,2,931e45d41cd0545b77924294153a9826e4f7894878afce97cb72e4abe5e5e4f9
clean_dishonesty_confession_0023,dishonesty_confession,dishonesty_confession:T2,2,b5a4198e84300592616f28dfa98794cf94f09ef9456aa2f36287b3277f388e91
clean_dishonesty_confession_0024,dishonesty_confession,dishonesty_confession:T2,2,db9a94b8a224319ec16b54f6eac485750402d02f063e1b0fdd1f1ca2760d7519
clean_dishonesty_confession_0025,dishonesty_confession,dishonesty_confession:T2,2,4841f0f706670cff8a93a8379867a1e612d41c464181e30c40782199d32e0cb6
clean_dishonesty_confession_0026,dishonesty_confession,dishonesty_confession:T2,2,73955f68fb8680b00fc44c0f9e67bbd1ae579135489881d58b26285542dcac6e
clean_dishonesty_confession_0027,dishonesty_confession,dishonesty_confession:T2,2,b08a4a0449beb12fb40b470fdfc8162b084255cdaf638cba7028376ad7fda4d8
clean_dishonesty_confession_0028,dishonesty_confession,dishonesty_confession:T2,2,11f10aa76a477d3468b1714a1ccd1281faa7c0dbc08685ec23f8732866ffc942
clean_dishonesty_confession_0029,dishonesty_confession,dishonesty_confession:T2,2,f674beda2eb923fe6b2f4ca23cad7d442dd0054701ec4bdd4bedb2866c1d53a8
clean_dishonesty_confession_0030,dishonesty_confession,dishonesty_confession:T2,2,e94f26e57ed6b3bc6d1eae64c386d9f146b1864cabf6901c9dd2eed2d7f29d52
clean_dishonesty_confession_0031,dishonesty_confession,dishonesty_confession:T2,2,ddf6fb640601980a8e3ed307dc2369b612960532bf582c65fab34991f44dc2ba
clean_dishonesty_confession_0032,dishonesty_confession,dishonesty_confession:T2,2,650a802575b1f5562ddf64301e7707507eab6550e8bd330e18b13fe5e86f867b
clean_dishonesty_confession_0033,dishonesty_confession,dishonesty_confession:T3,3,d504190cc7fa8cb5df62bcabe2ade5fdafe32e5bf76ed40e8dfe9911bd26cfb9
clean_dishonesty_confession_0034,dishonesty_confession,dishonesty_confession:T2,2,54f3aff4752cf16e2ea8eb2a0875af0f8d6fbe439b391b9f408e42f2bd7d1917
clean_dishonesty_confession_0035,dishonesty_confession,dishonesty_confession:T2,2,95ee580a3be17d5ba23ee68f99a45158432868bdcb92947c5646ed3d2fd8d4ac
clean_dishonesty_confession_0036,dishonesty_confession,dishonesty_confession:T2,2,24940b5c17fda4c7f9f2bef47831cb9953183e9c88a60428c9f19286a28be832
clean_dishonesty_confession_0037,dishonesty_confession,dishonesty_confession:T1,1,a88836145f3d02e3610d67c54c01411e415e1d24df91cbde5a0edece3a585faf
clean_dishonesty_confession_0038,dishonesty_confession,dishonesty_confession:T2,2,873c9d12f0a9c9c347f6afdc922de15049c5312495329aed7dbf6ad8c1481c67
clean_dishonesty_confession_0039,dishonesty_confession,dishonesty_confession:T2,2,c300f6920fd50cc9454416aea1889f7b0a3ef64098dfebde5d4ab811bac348f1
clean_dishonesty_confession_0040,dishonesty_confession,dishonesty_confession:T3,3,f8b6d2170dd6748a49100236b0fdec8d7ffb2b1d4f86c8ab1a4a94616aa58a8d
clean_dishonesty_confession_0041,dishonesty_confession,dishonesty_confession:T2,2,f0e6d4261e299607cbd3488412b01169692e656c6dacd428e66479eb0f7551f1
clean_dishonesty_confession_0042,dishonesty_confession,dishonesty_confession:T2,2,fb51b8ecce47128e354ee7c5f37b31edc716c39766b9d01e1f01c80a99679210
clean_dishonesty_confession_0043,dishonesty_confession,dishonesty_confession:T2,2,86aad43e91e5ee74e94f6c280de39f0deab79443851ec9efb9455cef1a8eeece
clean_dishonesty_confession_0044,dishonesty_confession,dishonesty_confession:T2,2,b35130cbccff0f41c69009da010bea65d77737217e2791c0125cd52991243dec
clean_dishonesty_confession_0045,dishonesty_confession,dishonesty_confession:T2,2,fa07e955a9cb382e090847d20af06f7980829065e0b6a36e95ac31fae0a4539e
clean_dishonesty_confession_0046,dishonesty_confession,dishonesty_confession:T2,2,3bc9fc2a15a4cc408064734aa21a47a1d94785fe76ea8ac0e8360696f822e341
clean_dishonesty_confession_0047,dishonesty_confession,dishonesty_confession:T1,1,258bf7e92923b4bc6f5763b2f4d1a1bdb0d3fed36650d3bba9e7755a537af713
clean_dishonesty_confession_0048,dishonesty_confession,dishonesty_confession:T1,1,b059271d3a6364cdb0f68f101ed11f07b7b8feb87e8e46f54ee4ae9f3f2198a9
clean_dishonesty_confession_0049,dishonesty_confession,dishonesty_confession:T2,2,58e81dd7d86c2e2801713400f479bcf86d55f7330fda9369ab3b42b5f6249ede
clean_dishonesty_confession_0050,dishonesty_confession,dishonesty_confession:T2,2,123195f11ee928f01ba8e0f7c90366c1f48f16bfb9d62e4934f31af5c9ea45d1
clean_dishonesty_confession_0051,dishonesty_confession,dishonesty_confession:T2,2,b3c1c92e9bac9c32f271eff9d68f1eb67f873e385f0bead4d4fd7351a2e63316
clean_dishonesty_confession_0052,dishonesty_confession,dishonesty_confession:T2,2,cbc88ea4616bfe5a1720d0efe7ca341b2898948af3869ff3b5772a4138d8a2cd
clean_dishonesty_confession_0053,dishonesty_confession,dishonesty_confession:T2,2,64863690899d34e347e9992015af97ed9c922432e5acfd063ab69eda556d0ae0
clean_dishonesty_confession_0054,dishonesty_confession,dishonesty_confession:T2,2,9e3d9d21f3f219bf1a395963d49af627bfb56d8de673fb1c130cd47cd257be1b
clean_dishonesty_confession_0055,dishonesty_confession,dishonesty_confession:T2,2,02e37f5fac69ab10c7d6dfda46d0d96089431f94b2cbe28d08c86dc63c8b1662
clean_dishonesty_confession_0056,dishonesty_confession,dishonesty_confession:T1,1,a589292f8a4344d239cf48945a73cc06d993806fb38503a930aa8decbe94d408
clean_dishonesty_confession_0057,dishonesty_confession,dishonesty_confession:T2,2,e5d06b0ff7c4790f774fdb01d05b3fc4ab0511699c489536165b031fc91c6338
clean_dishonesty_confession_0058,dishonesty_confession,dishonesty_confession:T2,2,8574105ebce963071ee445878c4f9041c989584e0fe19ac96b3737355ca50aca
clean_dishonesty_confession_0059,dishonesty_confession,dishonesty_confession:T2,2,8c6dea76ee2c048bba886e5f8c67b62fe7761eea877c01f57e983f5a7fcc3f26
clean_dishonesty_confession_0060,dishonesty_confession,dishonesty_confession:T2,2,6b384a6f60c3b4b65c55265937e85672144d952dd50fa53da089f94d3e04f0ec
clean_dishonesty_confession_0061,dishonesty_confession,dishonesty_confession:T2,2,1b670eef96c00d6c3d4c331c8ffeefc33514a608e36aadde9277497ea9b41f21
clean_dishonesty_confession_0062,dishonesty_confession,dishonesty_confession:T1,1,510a9a7c3a2280aa661e7e3b545aa7d0ad8a38102c74284d76c99a3386420b9a
clean_dishonesty_confession_0063,dishonesty_confession,dishonesty_confession:T2,2,3654a9cb2426328f555717405c8e3b05ff9ea95b0b45467fd161ba209910a1ff
clean_dishonesty_confession_0064,dishonesty_confession,dishonesty_confession:T2,2,80c790bbb34906acab503e99d5b76cd5ef724fd0463804a64219300001f1c145
clean_dishonesty_confession_0065,dishonesty_confession,dishonesty_confession:T2,2,ee1e859bd6a8231b27a82f97522ee26e272cbf34fddb019f4a98857a87ee77f0
clean_dishonesty_confession_0066,dishonesty_confession,dishonesty_confession:T2,2,e1e3bea444c12d754fc4acab901557c4fe7d9984244792aaba507e674824530a
clean_dishonesty_confession_0067,dishonesty_confession,dishonesty_confession:T2,2,830445d80b3658c214ac2f2e6ec27f6f2f07e1d9ac5c4f97838f9004e994f13a
clean_dishonesty_confession_0068,dishonesty_confession,dishonesty_confession:T2,2,05918b543dcef6633a5afd74e400c022eeec6c89239d700a35ab884ef2ca438a
clean_dishonesty_confession_0069,dishonesty_confession,dishonesty_confession:T2,2,0a6a5356d33a0077dd47968f7a8c6ca02fe329f1ece90419b19d099dd650ee8a
clean_dishonesty_confession_0070,dishonesty_confession,dishonesty_confession:T2,2,51afbabbccc6956873af2254bc49ad8cbc31c3eb211c0a40b474c6722c344869
clean_dishonesty_confession_0071,dishonesty_confession,dishonesty_confession:T2,2,0d1cb599b534a25777378229b6fefcbcf81e3e5f3c6051ec9d7316834f6c3bac
clean_dishonesty_confession_0072,dishonesty_confession,dishonesty_confession:T2,2,dd13d7f192d57d72ef1c38be351b96b2ceaca07ccb70b613679edf5686c89a03
clean_dishonesty_confession_0073,dishonesty_confession,dishonesty_confession:T2,2,6934219a0f2152ff24de0af0953c0af06723d6179c78a740f4cd5fc4d6a00ad7
clean_dishonesty_confession_0074,dishonesty_confession,dishonesty_confession:T2,2,3cdc0d39d7c1419db54a6c30ae27c0522c98ed9bd8ba0e6c7f0beedf76b844a4
clean_dishonesty_confession_0075,dishonesty_confession,dishonesty_confession:T2,2,bec5f4c004ada442fec1f833c9853980babcdd1be18553e6251c25d4f7280298
clean_dishonesty_confession_0076,dishonesty_confession,dishonesty_confession:T2,2,fb7d82c62ee8f77a31cca988b59843b762165d57e6e79d6469097e1888e45b07
clean_dishonesty_confession_0077,dishonesty_confession,dishonesty_confession:T2,2,a0f5684bc58a03eb1cade8a3152f30d9b587994cb49dbec177c4605b88e2e84f
clean_dishonesty_confession_0078,dishonesty_confession,dishonesty_confession:T2,2,70c2ccf3711ca17dcb03ae26861c8756b6d00b567a9bd59cdcc7fa1a5a777a68
clean_dishonesty_confession_0079,dishonesty_confession,dishonesty_confession:T2,2,69d300dde19e6c9993dcaed716fee379984396e6478e2b207f8296365d39fd20
clean_dishonesty_confession_0080,dishonesty_confession,dishonesty_confession:T2,2,7223726c11e89f8574016ab3f635d210ee1d96e86e231fe9ead87a30de1aec00
clean_roleplay_persona_0001,roleplay_persona,roleplay_persona:T1,1,cdd505ce387cf9505ace699a439b4c60c26a8934c364beb2f4592090160bcfef
clean_roleplay_persona_0002,roleplay_persona,roleplay_persona:T1,1,8aa57b7be065cd202d96cd2a9dc33419684b9b1cb88ba471e55d44d9d3fd34b2
clean_roleplay_persona_0003,roleplay_persona,roleplay_persona:T2,2,801075455d6c94e98419a053bde6908e0a3f9188cc4db472d9f67918a9a01a86
clean_roleplay_persona_0004,roleplay_persona,roleplay_persona:T1,1,a2680b28d2cb0ac8a56c3f8fa9ee87910475491083bf8f65cd5e0da3c3b8e024
clean_roleplay_persona_0005,roleplay_persona,roleplay_persona:T1,1,b5c0e23f59304e659e80870ace92646827e4a1c8481a9a738038f687b57308b8
clean_roleplay_persona_0006,roleplay_persona,roleplay_persona:T1,1,e54b9f761421d89da098971de4da21cc5d71fcd76b0d2fa294188e1830c7e325
clean_roleplay_persona_0007,roleplay_persona,roleplay_persona:T1,1,59fd2e2bf58849011d7194be7f157fb5bd4a29da1f495d54c6b21b9691308c60
clean_roleplay_persona_0008,roleplay_persona,roleplay_persona:T1,1,68d796446036e6697795024202b226d27de60e1c6537b2743596dcfeaa6fe576
clean_roleplay_persona_0009,roleplay_persona,roleplay_persona:T1,1,4950fc23ce8e5332d9d6e1c4ec23c1a9056f210f0a598acae25381040aa18846
clean_roleplay_persona_0010,roleplay_persona,roleplay_persona:T1,1,0e4f0d8a4c1b2c02333938da84bba1441560ea239cadd114844971510c87f479
clean_roleplay_persona_0011,roleplay_persona,roleplay_persona:T1,1,22c392d752baaca4187c399380195fd5cf0ccb4be7336bb7e15533b42a511ffc
clean_roleplay_persona_0012,roleplay_persona,roleplay_persona:T1,1,201a6b81faee567c06e9989ccf3bd97302b35afe32f374a3a8d17b856430542e
clean_roleplay_persona_0013,roleplay_persona,roleplay_persona:T1,1,3826c75b169388c4ee72d73b38d30abf15ff2e79daca10379c8d78eead6729d0
clean_roleplay_persona_0014,roleplay_persona,roleplay_persona:T1,1,c6c5ec4da4a4bce9e6a8976753e7021c1ff9654990b1b8eea36d0cf2d888ca11
clean_roleplay_persona_0015,roleplay_persona,roleplay_persona:T1,1,18ebe61a7340d76fefd79532f28bc92068a2a91e40ab7948bc3b3ec8dbee29a8
clean_roleplay_persona_0016,roleplay_persona,roleplay_persona:T1,1,027f8f6c3f25003fa00acb9c6fd4f8b50cbc302b0513961614ad73ac2aeb8377
clean_roleplay_persona_0017,roleplay_persona,roleplay_persona:T1,1,8b28fe959157b14ed74180f08bab7e0abc15215d964fc10c034de2ef482ec397
clean_roleplay_persona_0018,roleplay_persona,roleplay_persona:T1,1,cd048aaa564e216b7ea03f9a97361766fe367aa12770d682dcc56ad06cd6d105
clean_roleplay_persona_0019,roleplay_persona,roleplay_persona:T1,1,8d4427830452a6cfd56e7b00d80b5ef290c69fb5a3a05092de9647d18b0f2f96
clean_roleplay_persona_0020,roleplay_persona,roleplay_persona:T1,1,24e4b8ba431ab212845e721946542edf725ae83139267631064bf2dae81f0b50
clean_roleplay_persona_0021,roleplay_persona,roleplay_persona:T1,1,8744b1370a0c5539e82585e07cb8645caf31c5e281f8d67c99865a94b87f1fdd
clean_roleplay_persona_0022,roleplay_persona,roleplay_persona:T1,1,8c280cdc1c36b0d12ffbbfc3f1e2ddf373eb98c93b57e5e0ed95adb454d7b3a4
clean_roleplay_persona_0023,roleplay_persona,roleplay_persona:T1,1,c3f37edb8c2609f2a9c9e9af305ada3e59f594eae1b7101ba7d7ebac6381132d
clean_roleplay_persona_0024,roleplay_persona,roleplay_persona:T1,1,1d24068f325c99b4e49d5127f2261ec6392d3457593c8833eff133232a72fbfa
clean_roleplay_persona_0025,roleplay_persona,roleplay_persona:T2,2,22f757e4315cea46b405099e382b032951118b69c32463bff80bee3cf605cd85
clean_roleplay_persona_0026,roleplay_persona,roleplay_persona:T2,2,3f8410d96d47396b0202f5e1e816b5736906b4d3f6e38339d59905dde1e6cc81
clean_roleplay_persona_0027,roleplay_persona,roleplay_persona:T1,1,cb4975dab47f59db49ecf6504dc2ea3e82feb1716064552e6f8f94e8bd8b9290
clean_roleplay_persona_0028,roleplay_persona,roleplay_persona:T1,1,0bf1e63ba3d77e2ec3c1dfdabb2fa17813c434a0cd3813daf928ca129f4a033f
clean_roleplay_persona_0029,roleplay_persona,roleplay_persona:T2,2,1d585fbc8c2bffc693cbeb494f9464df9febb9f2881bd87175405f6818e2a153
clean_roleplay_persona_0030,roleplay_persona,roleplay_persona:T1,1,590b241cf1a62f4dff5190a15d025d11ebf364a64d6960e0625093c87d9fa817
clean_roleplay_persona_0031,roleplay_persona,roleplay_persona:T1,1,d840133f2f0b2c42efea1a2acdb64dcf2961a6375a711ebd166b2be5b8352c5a
clean_roleplay_persona_0032,roleplay_persona,roleplay_persona:T1,1,c41bcba021ca9c58c327f7a0e699810a5c8b17c014983e49cac5fb8224f96af6
clean_roleplay_persona_0033,roleplay_persona,roleplay_persona:T1,1,8f0789d3c0a3d60d1a3ffa4268cf16000a55b2aa991cfea800a3f49658e350f7
clean_roleplay_persona_0034,roleplay_persona,roleplay_persona:T1,1,df5f0a3b3bd81b14faa25617dc6bdf195b208d6f5f87cdc887eda868b93ba448
clean_roleplay_persona_0035,roleplay_persona,roleplay_persona:T1,1,0f2b52235a1e8da8338e726be5e222c65fd78577ca78eb4c9e34a334ec41a4d9
clean_roleplay_persona_0036,roleplay_persona,roleplay_persona:T1,1,2a7ac99680d814608f76ccf7701d31a494ebed8831bee2f88a66e7202b99736b
clean_roleplay_persona_0037,roleplay_persona,roleplay_persona:T1,1,04cdbcb72412489bee8b04a1a90ab2855ed46631c55d99ff0a38336035cd3865
clean_roleplay_persona_0038,roleplay_persona,roleplay_persona:T1,1,e625292c0f8491e8054b2542d16e151734abf7ecd1ed42088a6f7ce422db987d
clean_roleplay_persona_0039,roleplay_persona,roleplay_persona:T1,1,ca42f4f5d30d00ab912574450393b97f50bd0c8de7bd4905e6d494053e8ecd42
clean_roleplay_persona_0040,roleplay_persona,roleplay_persona:T1,1,001b70362e102b9a68660aed61c1bb7c18d5140ee4b8251d2e826c8591231ac3
clean_roleplay_persona_0041,roleplay_persona,roleplay_persona:T1,1,6972c435d1b5a1d2588931a6c5a63fd4dc897487e3fe658ff0d0a0cc1e8dce8f
clean_roleplay_persona_0042,roleplay_persona,roleplay_persona:T1,1,3792e6f8d507c2306748e6bfa91a1ee9a15326e7be961b0e90dea68ae7af6fa0
clean_roleplay_persona_0043,roleplay_persona,roleplay_persona:T1,1,52b62b9cd0eee6b472aeb439e218c1f529b747a4353afdcb1b7fdd047082d77e
clean_roleplay_persona_0044,roleplay_persona,roleplay_persona:T1,1,87128fc2d4336f1a29797552480460eb57f1e8b39a8fa7e06fdd8e4b35959045
clean_roleplay_persona_0045,roleplay_persona,roleplay_persona:T1,1,aa3f5b585c889478c62e4fc6584fcce0212a4429da9eb4371a7c57b636dbd7bb
clean_roleplay_persona_0046,roleplay_persona,roleplay_persona:T1,1,1c5b8ced3385a8c12128824382d8d5611c55bf9e005e7cb187c416bcd3ec7bd9
clean_roleplay_persona_0047,roleplay_persona,roleplay_persona:T1,1,731eb1619da9150a7cf7fc6b76be67f773eade1faf84c551e809662c4607e7a4
clean_roleplay_persona_0048,roleplay_persona,roleplay_persona:T1,1,017b60b1b758fa30e8a2acb6c63cb2087ae597bd4a8ceba1e95a993c36e0c3b0
clean_roleplay_persona_0049,roleplay_persona,roleplay_persona:T1,1,550a6bba7eaa99ecdab06d30398649b1bdf300c8c7600b6bbdef76141f1bf109
clean_roleplay_persona_0050,roleplay_persona,roleplay_persona:T1,1,4218ad046d37083b2ead172c417479f0f333b744515731f74cf6ec94c5509fff
clean_roleplay_persona_0051,roleplay_persona,roleplay_persona:T1,1,abc84e73243da2432533db9bb0096f88d495e3ad05c619c201058629c0759e24
clean_roleplay_persona_0052,roleplay_persona,roleplay_persona:T1,1,2d463508742a27b18510c70996ac14714a07b7509b13e66a48073d4c3ab00649
clean_roleplay_persona_0053,roleplay_persona,roleplay_persona:T1,1,92e87e1cc5149b67dd4940bf6a294e151e4585548869332cddad884140037904
clean_roleplay_persona_0054,roleplay_persona,roleplay_persona:T1,1,bab93fd5e99bebd15806b61931a93cef2aa6ccf2f19fe073aa315d6cefb855ea
clean_roleplay_persona_0055,roleplay_persona,roleplay_persona:T1,1,6d2ab0e02110d4c90cb1566074f2d03836b549e18a0d9ce98341b5a551994325
clean_roleplay_persona_0056,roleplay_persona,roleplay_persona:T1,1,e218d453ac09be2b1032b5be6deb644c3619ff3aae3252e869a9502b07b9dd61
clean_roleplay_persona_0057,roleplay_persona,roleplay_persona:T1,1,7ec8f724b07779b79e218dbb91befe124ec5c1baa7f1f39e8894ad653a8048e4
clean_roleplay_persona_0058,roleplay_persona,roleplay_persona:T1,1,2980c1e442fbe08e7f76399460598622a6c016edceb479b1d261f7508016d94d
clean_roleplay_persona_0059,roleplay_persona,roleplay_persona:T1,1,7b82cd5f56f1c08a1a98237a1fbc1fceb30655d292804bb81eac383e13e578b7
clean_roleplay_persona_0060,roleplay_persona,roleplay_persona:T1,1,a686d689346d8c83c783617d29bc377ccbf8c8e1893b17faf948a23a76b45875
clean_roleplay_persona_0061,roleplay_persona,roleplay_persona:T1,1,11a62bc52418a4592bf44996c1e294e63524bed012dc5fa8912b64396267476d
clean_roleplay_persona_0062,roleplay_persona,roleplay_persona:T1,1,8ee49f27499cad0d9c130ad5a58ae218b794ac76af844c82a30fd0dee83f56ce
clean_roleplay_persona_0063,roleplay_persona,roleplay_persona:T1,1,f5848326e52bfbb7d339b1f3981cfcc2097f49fced7ba9c2862f7d9e25710d69
clean_roleplay_persona_0064,roleplay_persona,roleplay_persona:T1,1,eab3c809303e33a543472523a63133b2531c8c59cd4fe1214ec078023ad70beb
clean_roleplay_persona_0065,roleplay_persona,roleplay_persona:T1,1,93f7f152917a5ee686ce3f5b1c5ed325a9f9cd75aedc07659fd93bf295c664d4
clean_roleplay_persona_0066,roleplay_persona,roleplay_persona:T2,2,f06f545fa508efd6c508bf4fdb933291ff5e59e41915ed8aabf7e1b78a9e5aea
clean_roleplay_persona_0067,roleplay_persona,roleplay_persona:T1,1,d643e33768d974c5e7aac90c202d52b8527f0e9aea6c676f78d3fdf3ed8a5345
clean_roleplay_persona_0068,roleplay_persona,roleplay_persona:T1,1,151cb784ef7e3aec4e554787ffd67afca962470aae2828af7c2f5e0cd17e59e7
clean_roleplay_persona_0069,roleplay_persona,roleplay_persona:T1,1,dc15bba6facfff533e0454a73e13abb4dea65cc49bd21054668c127ec820d7c3
clean_roleplay_persona_0070,roleplay_persona,roleplay_persona:T3,3,e4409c89767750bf5f0a77aaff306751aafc49e45968b80a71dde33e60fff3f8
clean_roleplay_persona_0071,roleplay_persona,roleplay_persona:T2,2,85c83668b39ff59e42716e84da69da0fa376bea725eda4d88c4e91b55a0bd617
clean_roleplay_persona_0072,roleplay_persona,roleplay_persona:T1,1,58f528ac6720fde1ccbac513f3f2519ee875783116844e589ef08e0f1cb05084
clean_roleplay_persona_0073,roleplay_persona,roleplay_persona:T1,1,6642e6ec50e4913df506a8f0c12acbfcf022955d5fd2eb34f3dff18bcf35fb7a
clean_roleplay_persona_0074,roleplay_persona,roleplay_persona:T1,1,72b9cf7617b0d4cadf4061de62c4cda5e3830c7dd37b0b6722af95a85a63bc80
clean_roleplay_persona_0075,roleplay_persona,roleplay_persona:T1,1,82c454f9ef879e8e8ab6cd2b0910417547aecfa2d0a6129e099a8b2c71fa75a6
clean_roleplay_persona_0076,roleplay_persona,roleplay_persona:T1,1,53e24cfd9bb438c9db5fde052b3b706f205aaf0f3758790a3f43bd97aff9e497
clean_roleplay_persona_0077,roleplay_persona,roleplay_persona:T1,1,87bd95596b25c05c58caa8bfd88fca94031232f0a56cc4798272aadb2331d382
clean_roleplay_persona_0078,roleplay_persona,roleplay_persona:T2,2,57ca7bcac2fa5f3b5504dea63e5c3513c721f422cf3acaed88d1f2fd72b9a573
clean_roleplay_persona_0079,roleplay_persona,roleplay_persona:T1,1,f732c99b70a4d0cd92c333a32056addc860bf910087314b48b45043026edef29
clean_roleplay_persona_0080,roleplay_persona,roleplay_persona:T2,2,ebff3f6aedc0e64de6168c029f88bdf1dbd219ed806575cb89603d4647162154
clean_fictional_pretending_0001,fictional_pretending,fictional_pretending:T2,2,b92416482e008f736e4e3424a2df5f65bd15dfd79ea13d79f3cf5c78cb42ac74
clean_fictional_pretending_0002,fictional_pretending,fictional_pretending:T2,2,aa165d26697126366bccd7a9910dd386b72e9f8e9419f8cf340c1c082e924baf
clean_fictional_pretending_0003,fictional_pretending,fictional_pretending:T2,2,304c114c1828b7e870b07a35df70e4b1564a8df92a80236a8b6199e266729b3f
clean_fictional_pretending_0004,fictional_pretending,fictional_pretending:T2,2,3acadd45637e1c79fd6e74a587e11992c1940f787e245c6116fdfe5e08a49081
clean_fictional_pretending_0005,fictional_pretending,fictional_pretending:T2,2,1a94e56e7b887a8644b7faa0a2cff2f669853f625ed73793e6a60e4fe78902b6
clean_fictional_pretending_0006,fictional_pretending,fictional_pretending:T1,1,2f19a313fe66f8c4b3accd6d1b677cd0b6e02b3ecaa8df39c0940168f2d27561
clean_fictional_pretending_0007,fictional_pretending,fictional_pretending:T1,1,b26245e58ddbe6a087ebcfd1b71acaf3521f9b93a89d222058724161dac6cbbe
clean_fictional_pretending_0008,fictional_pretending,fictional_pretending:T2,2,dea78c302afda644740912a2ab1bce8fc21d914f00a2f3b3aa7859f94c1afb10
clean_fictional_pretending_0009,fictional_pretending,fictional_pretending:T1,1,ae9c02460298455482bf7ade1b874d743b2a5567fad2a4bc47c950834e6d1ea1
clean_fictional_pretending_0010,fictional_pretending,fictional_pretending:T2,2,3df4d6a42155e79222ff108a2db64ed9f0f50611c56e8271f1a735d95ff8c67b
clean_fictional_pretending_0011,fictional_pretending,fictional_pretending:T1,1,da0a2f9c31f99ca6550716ec294585c3a713c5da1353ffb0896a908982b0cc20
clean_fictional_pretending_0012,fictional_pretending,fictional_pretending:T1,1,bd5edd6cb7e3bfd172c49d801be5bb1c21e13c64044775b6a90ac602123234d2
clean_fictional_pretending_0013,fictional_pretending,fictional_pretending:T2,2,dac580951ed0ef3a3910aea54bca45a81f5cf26239f17fef5c8623185700df30
clean_fictional_pretending_0014,fictional_pretending,fictional_pretending:T1,1,9b5aa2bf392e830eb0ef120a186fefd7cc8d091d46a0a7a1e47444d0db02d0d9
clean_fictional_pretending_0015,fictional_pretending,fictional_pretending:T1,1,cbd619016656bd62799a41a4129df707dde74da60925301af802d25887fd2872
clean_fictional_pretending_0016,fictional_pretending,fictional_pretending:T1,1,8381c67e1374d28189af2ded521c435e984b990941c7d1f38a3d7c7e335292d3
clean_fictional_pretending_0017,fictional_pretending,fictional_pretending:T1,1,b4528038ec7281f07f99ec57bf917f2cb621254d831ec973c7187a002882d0d9
clean_fictional_pretending_0018,fictional_pretending,fictional_pretending:T2,2,2a1547402b68ed9dfb5c4d02d4519f64479f855428e187777a58956a6a103c1b
clean_fictional_pretending_0019,fictional_pretending,fictional_pretending:T2,2,5125b074f3a62686601576e6b6abcffae20180e7575488f7dd2815512e75318a
clean_fictional_pretending_0020,fictional_pretending,fictional_pretending:T2,2,ab3c4016384d04bc49b226b930a3fc068b3d1e5013b925d1b86c938d8404e483
clean_fictional_pretending_0021,fictional_pretending,fictional_pretending:T1,1,8a0d8df4c67b55cb1f28e0c53a5972a05b9cbad37967098946077e9afca99816
clean_fictional_pretending_0022,fictional_pretending,fictional_pretending:T3,3,4c645f593ede503043196d41db583c7ac5172bd94736b59d2d25437b45ad0e3d
clean_fictional_pretending_0023,fictional_pretending,fictional_pretending:T2,2,c9a8e2b803de9a57d0d46ed3c5b725e0c4be7847ca0000c64d8a35772033f6f8
clean_fictional_pretending_0024,fictional_pretending,fictional_pretending:T2,2,f2442c6595f18fc79f0adde35967826975c7b7c3f6b4b5e949fe3b8633e3da81
clean_fictional_pretending_0025,fictional_pretending,fictional_pretending:T1,1,78f84c4889db7dae57b28223177d4ce17b1eafef907a0ed4bae556bc87c28768
clean_fictional_pretending_0026,fictional_pretending,fictional_pretending:T1,1,3f6b31513374fc2220a9b9437a6f7df64351d24798397820b06290613af624bf
clean_fictional_pretending_0027,fictional_pretending,fictional_pretending:T1,1,35a0ee5168879f69ce4820243c491c43eedd4b3616aecb227da93a7cb5433d39
clean_fictional_pretending_0028,fictional_pretending,fictional_pretending:T1,1,427a5685f305fc77b44b53924d3e73c1ec85e8f7528d43800a7d6592934db169
clean_fictional_pretending_0029,fictional_pretending,fictional_pretending:T2,2,216d65614dc60350027c604d6e6a4da5123be14c1feea3e3697931221a7d4dca
clean_fictional_pretending_0030,fictional_pretending,fictional_pretending:T2,2,a8bd61adcba1600070859e03f71cf1672d55dcbbda1a4411a268504130f6c428
clean_fictional_pretending_0031,fictional_pretending,fictional_pretending:T1,1,fe6cd958b13ccdfc7fcd09c50527128bacada6242a9b2d15abc8a68fee901775
clean_fictional_pretending_0032,fictional_pretending,fictional_pretending:T1,1,977daa5e64fefb44757fe0d713fd42710c0e885b0556fe5768f197c4ab83b0ea
clean_fictional_pretending_0033,fictional_pretending,fictional_pretending:T2,2,da5d4f2cc111dd3c373738a8ec64faab1771e05a3e805ade2d6f22e3254dfe34
clean_fictional_pretending_0034,fictional_pretending,fictional_pretending:T1,1,be3366b3fe303bf414b75695298c50247b146bec3b17303c7f4328ea1d3e0e46
clean_fictional_pretending_0035,fictional_pretending,fictional_pretending:T1,1,fd5a5cdaa257a48eeeb0924efa22f092351e71804d999474e23a18b9b8ef44f2
clean_fictional_pretending_0036,fictional_pretending,fictional_pretending:T1,1,735a9fd9e4762e60cf50d201f2c520dac1e4b50c25a3871ae2b5777a68a568c2
clean_fictional_pretending_0037,fictional_pretending,fictional_pretending:T1,1,feace3376194838ddee691fb65cd07061da7e051875e3291826a91a90fe7624e
clean_fictional_pretending_0038,fictional_pretending,fictional_pretending:T2,2,0b22a894531176ac010306f22386b40080758a9ac0898ae45c5091f7d7174dcb
clean_fictional_pretending_0039,fictional_pretending,fictional_pretending:T1,1,95b2b7bfa7fccfa68a042ac329be7a0407f83856b9cc0f66610fbc9bbfa34e30
clean_fictional_pretending_0040,fictional_pretending,fictional_pretending:T2,2,89cd185ece569ee06c221dbdc5194aa4fabba950d4c4702f86877ba4ae473357
clean_fictional_pretending_0041,fictional_pretending,fictional_pretending:T2,2,42ebf77a6ad7222041d6f109554c9f5592f2fe58580a8771ee82224d0afbfe65
clean_fictional_pretending_0042,fictional_pretending,fictional_pretending:T2,2,d67ff159498d9b0b15b5d56c9b76c1c2ec73c218f2c0fbd5a98cd68b8a157762
clean_fictional_pretending_0043,fictional_pretending,fictional_pretending:T2,2,e932c17fabe942bba3fe558cf8cd1b64fde71d6795af234eea20f082031dfd52
clean_fictional_pretending_0044,fictional_pretending,fictional_pretending:T2,2,67f5459c787971225df2a0481a9a145f89604a07ee732f5737e3e7ec89683d1b
clean_fictional_pretending_0045,fictional_pretending,fictional_pretending:T1,1,e1e773b2fe9047bcd546c0a124ff7fbee036a905016291ce885680195992aba5
clean_fictional_pretending_0046,fictional_pretending,fictional_pretending:T1,1,8f57e4a2dbc205493c685f5d904ee740b63b2214a96ae430a42b486d6caced5b
clean_fictional_pretending_0047,fictional_pretending,fictional_pretending:T1,1,03ec81cd66d7f92207e8ce9ddac2e4effbee6d6d99f228e8738100db3c568d52
clean_fictional_pretending_0048,fictional_pretending,fictional_pretending:T2,2,d98e488b2bf8d95e2a26d973ce33caaf681004f85a0cdfb9ca918d14f8762908
clean_fictional_pretending_0049,fictional_pretending,fictional_pretending:T3,3,8ba462ddfdb375b7fa6a8fce161e7662324c17faaca8f1d5ef1e246439cd703a
clean_fictional_pretending_0050,fictional_pretending,fictional_pretending:T1,1,7e00e186d46047f16b837ef37d8f9c069c01a6b2e60c6cf2df5e286e164afd35
clean_fictional_pretending_0051,fictional_pretending,fictional_pretending:T2,2,4706399b1b054e654b01118c8b49cdafbe6f3985e523e67142e74fb4ebef4616
clean_fictional_pretending_0052,fictional_pretending,fictional_pretending:T2,2,1e5201815c0d2b2f1da1399997590191ebea6ecc52333f059da802a5e6d70b0c
clean_fictional_pretending_0053,fictional_pretending,fictional_pretending:T1,1,225c8728d3dda17761f387f237895f9d5f33b9371ed6f3b69647e2f340c9f530
clean_fictional_pretending_0054,fictional_pretending,fictional_pretending:T2,2,1cbf8f15c68b9b4f303b5afb75869d125fc30b9a83e2137dc8d9cb9330a669eb
clean_fictional_pretending_0055,fictional_pretending,fictional_pretending:T2,2,34301ec8a17ad992a24670d066433af8b38eecc08a674e5aac10688a7c1b5e69
clean_fictional_pretending_0056,fictional_pretending,fictional_pretending:T2,2,b8fcfdb63ed247c2c9a013020df941fbd22876511d210a5b5f154b3cd1fb3386
clean_fictional_pretending_0057,fictional_pretending,fictional_pretending:T3,3,fe3a1f2a58dd94dd71314488979277d9e6cabead7e500b2ca45f5dc5ef79030a
clean_fictional_pretending_0058,fictional_pretending,fictional_pretending:T1,1,3ba0023b0506a46a736adb19ae0d104adcba87ed11b17b2723bfd83a32fdcdea
clean_fictional_pretending_0059,fictional_pretending,fictional_pretending:T1,1,1ab0dcfee615756e275c903cd278f27b715e7ed14b4c4bb2d5e97bcd15f51f9f
clean_fictional_pretending_0060,fictional_pretending,fictional_pretending:T1,1,5487cb074abd99ff456af31c91c44a72075835163274dcded1d9b11216403a72
clean_fictional_pretending_0061,fictional_pretending,fictional_pretending:T1,1,a87528a3db54ba37c9e695aba1254a3e6701ef457a34d4b6f9877aac990d602d
clean_fictional_pretending_0062,fictional_pretending,fictional_pretending:T1,1,717fec13a9902cfdf72e9a0d3edec97eb8cfe5888ff44f89ccd66bb0f7c66eb0
clean_fictional_pretending_0063,fictional_pretending,fictional_pretending:T1,1,0f3d43a16179af9c68eb8eb796f2ccbdd1180b42a33b861fce98b4cb0fc52879
clean_fictional_pretending_0064,fictional_pretending,fictional_pretending:T1,1,d9bbd29bad543522aa686f06e64a2d07a3a352c8f815fa9bd08892a3fd3edb3f
clean_fictional_pretending_0065,fictional_pretending,fictional_pretending:T1,1,c85f9d092692780b6d0b84ee72e90a7c664ed5c8e4f80205cd901414c95b2e50
clean_fictional_pretending_0066,fictional_pretending,fictional_pretending:T2,2,d12dedd99f8bfdb19475c1d775f58c055346cc75da6589f2979be020768dc14e
clean_fictional_pretending_0067,fictional_pretending,fictional_pretending:T2,2,7cd1f92c4ce28466ea070df4aca75906f838c6dad175042d5b0fdecdb94f9b34
clean_fictional_pretending_0068,fictional_pretending,fictional_pretending:T2,2,2e6ed2fadc504c939115c36af3049b74dbb9a75074b266e160ea0020ac17cf3a
clean_fictional_pretending_0069,fictional_pretending,fictional_pretending:T1,1,70c4615c037b4e65f370d3b8087fa384bb4f24e02c336c7f0df4f8e6846c7ce5
clean_fictional_pretending_0070,fictional_pretending,fictional_pretending:T1,1,c6b99dded952fc9ca30439139785074830fa0ef26e43acbbc10d2273576c4ec5
clean_fictional_pretending_0071,fictional_pretending,fictional_pretending:T2,2,b43aa374614707b8c29ee8b2d27d55d780c337f3b1329efa3454de84a78fca40
clean_fictional_pretending_0072,fictional_pretending,fictional_pretending:T2,2,9618988c87b4b840252a8cc5cc59cd15e719ecff2a9073e752f0d87a5134cab1
clean_fictional_pretending_0073,fictional_pretending,fictional_pretending:T1,1,68266f7bf406f7698f6786e88ec9caf826efbd995cae06cb290e3ea783b24020
clean_fictional_pretending_0074,fictional_pretending,fictional_pretending:T2,2,daa0b6800476258d04f01b1d3b58dda44a095064035ea45a4fb09cea8048cb1a
clean_fictional_pretending_0075,fictional_pretending,fictional_pretending:T2,2,ebc64e46c2735d9ba4fbcc09568f832e77ec7a1896dbccdf3c60cedc2a7fd8fd
clean_fictional_pretending_0076,fictional_pretending,fictional_pretending:T2,2,5982970cd1530208a8fd33cd07e3da4dea200386e408c6b4ac6de689f0ffd255
clean_fictional_pretending_0077,fictional_pretending,fictional_pretending:T1,1,95ae5a415337ec7c8b6431d64067e5ea63ebfaa88e0726775b2f96e1889d2d20
clean_fictional_pretending_0078,fictional_pretending,fictional_pretending:T2,2,8583ed8b444074f6bb226f0f6d7f74a0461ff96d7db8859a6b1d932185ace2ba
clean_fictional_pretending_0079,fictional_pretending,fictional_pretending:T2,2,26912fb6b8ee102cad1e462275c476581eec05ac96055e4d7cd745ecbd879802
clean_fictional_pretending_0080,fictional_pretending,fictional_pretending:T1,1,3070840d859f1c9bbf430b64ec40492846954b6044d0fd4dde4ea520eaaf46a8
clean_persona_maintenance_0001,persona_maintenance,persona_maintenance:T1,1,d15e1e04ed63f62273553e49a792f452a4d989642711e242d00c732bf21f3419
clean_persona_maintenance_0002,persona_maintenance,persona_maintenance:T4,4,324fb84a7d0256e70973b3dfdff791d2a18326df5a39d2ca4ea8424c9ba8dced
clean_persona_maintenance_0003,persona_maintenance,persona_maintenance:T1,1,1bbcc6418a915b1333a839f56780bf8fb78801d9e43a9dfdde7a772bd3323976
clean_persona_maintenance_0004,persona_maintenance,persona_maintenance:T2,2,3029e4cf06d7a42377b0c54bb87b889c83c43684b94239a23d4cc88a56ae2248
clean_persona_maintenance_0005,persona_maintenance,persona_maintenance:T4,4,30f2ea2f9781f731d0b383c8174d331a812b10492a159b761f15fbe6ab07fcdc
clean_persona_maintenance_0006,persona_maintenance,persona_maintenance:T1,1,4c2c43f4b94acb0d3b9d2557393d32a25763abe90b84c6a55183aa6bd1362a07
clean_persona_maintenance_0007,persona_maintenance,persona_maintenance:T4,4,c1d5c7a1b6cd09a005071c81cb74f22117f2314476e03355a55beb9c5c380732
clean_persona_maintenance_0008,persona_maintenance,persona_maintenance:T1,1,7536ee3bbaf953562b6b3b9682c6aef1e47e40a37cf370e4b168bd585763ad61
clean_persona_maintenance_0009,persona_maintenance,persona_maintenance:T4,4,7ee32180ce28d2e134f71ed400fa48c41b8db758537aafba1c7f7310e03392e8
clean_persona_maintenance_0010,persona_maintenance,persona_maintenance:T4,4,d53e401b617c3255f0d8972e467411de3c0da91dd6ad60a94e2c36103afd8140
clean_persona_maintenance_0011,persona_maintenance,persona_maintenance:T1,1,00d3cd8dde685ebd24bd129db03ad8810a0ca7ee8df9fa849c10d1c260030220
clean_persona_maintenance_0012,persona_maintenance,persona_maintenance:T1,1,8f1073658864c0539ecee69a1c4d2824525d049b05151f50453987301792139b
clean_persona_maintenance_0013,persona_maintenance,persona_maintenance:T4,4,903c52252b1d5809deaa5dca31bda2179126361a72939aa036d9759ece92ca25
clean_persona_maintenance_0014,persona_maintenance,persona_maintenance:T4,4,7e932ddb900dc142aa497a78f11d62c24dc038f5197ae1f972501819163c4a63
clean_persona_maintenance_0015,persona_maintenance,persona_maintenance:T1,1,1cdbe19b14c2c6c07382afb37c09606c3c3c0d4389383dff36880da637f03609
clean_persona_maintenance_0016,persona_maintenance,persona_maintenance:T1,1,0177161f85b16b7628b6c108031ea93a1bfc245646732693c41246b78555f335
clean_persona_maintenance_0017,persona_maintenance,persona_maintenance:T4,4,ad61caa908929b4737b3769fd5f166d120c088f2c719ecd8ca14101d76b150e0
clean_persona_maintenance_0018,persona_maintenance,persona_maintenance:T1,1,16ad571e71d7bd5f825e3f29df663acf4a57ed6ea5b05cbcf8e389e60435e732
clean_persona_maintenance_0019,persona_maintenance,persona_maintenance:T4,4,d2c3cee2a955de156e9eefc0d3dc0d552cc32c15846268286c2170ed6cc625c5
clean_persona_maintenance_0020,persona_maintenance,persona_maintenance:T2,2,fe70ec89d496cd9b1e8c004594816d184f3c525dc4abc74a1f2ecd7c737cc55c
clean_persona_maintenance_0021,persona_maintenance,persona_maintenance:T2,2,4a618c5ed4acb4551a2e430cfcc49cb197b2313430064f77b0d3a87396e5b473
clean_persona_maintenance_0022,persona_maintenance,persona_maintenance:T4,4,3ff608fd0e227aa00449576dcd9685f2fc793474a4677c3867d958fbe315aeed
clean_persona_maintenance_0023,persona_maintenance,persona_maintenance:T4,4,9808e7480bc073b7904812e7a6fa8bd60efc419024fa415024ab452a4f6a1242
clean_persona_maintenance_0024,persona_maintenance,persona_maintenance:T1,1,eaedb92dfff8477dca82b02b920164982fe668c631de5fccbd9a5ba0645bd975
clean_persona_maintenance_0025,persona_maintenance,persona_maintenance:T4,4,fb2440b40dd6a3347c1ae82bc96c24f80e16ab660390e5e688f32124ec579a4b
clean_persona_maintenance_0026,persona_maintenance,persona_maintenance:T1,1,d317f515f8489bf38d8293f16e33eaa3156329380eec7020ad456d8b453e0a1e
clean_persona_maintenance_0027,persona_maintenance,persona_maintenance:T1,1,c56b2aa23f0b2fe64cf153742c219d3f88fedfd422d1670b03b24c66bfe92f03
clean_persona_maintenance_0028,persona_maintenance,persona_maintenance:T4,4,9574811f9d153cd784569937ba4f056d1e446c97b482fc4ae011d0cf54c48ec4
clean_persona_maintenance_0029,persona_maintenance,persona_maintenance:T3,3,17074c87352fd114ca86696cd23756e0f89cbaca37f598c6b96c84e3394165c6
clean_persona_maintenance_0030,persona_maintenance,persona_maintenance:T4,4,1a687dd1286f57da40ba436bede5f6d7378873983182986c27f28a185646ec51
clean_persona_maintenance_0031,persona_maintenance,persona_maintenance:T1,1,35c1c78a898c40e22b27416bb54d2b93d5c9c6713f68adf1d412787e8f582064
clean_persona_maintenance_0032,persona_maintenance,persona_maintenance:T1,1,8e7b356ba85bbc308de12f40df9ce98b70e8e0cb45eca7400f7fd92e9dbe0bd1
clean_persona_maintenance_0033,persona_maintenance,persona_maintenance:T1,1,a43a486cc7f2d0cae11658691da91d8ba06b61cfc9c90ed8db689108b65c32af
clean_persona_maintenance_0034,persona_maintenance,persona_maintenance:T1,1,a4cfab795885a0ee27a72a586ba66ba153fe201cd610d255833ae649c0d82d0c
clean_persona_maintenance_0035,persona_maintenance,persona_maintenance:T4,4,9c383526e8af41b866a68edfa75143f446b413cbbacee8df9bc398965d8813ab
clean_persona_maintenance_0036,persona_maintenance,persona_maintenance:T1,1,93c8acf58c9a26dc72c473229567f71dda1e760670da1e2e4934d679918caff3
clean_persona_maintenance_0037,persona_maintenance,persona_maintenance:T4,4,481ad9117d85521b24b7e6b72a181a50d342f78507c74a87a6e8549dcd597b44
clean_persona_maintenance_0038,persona_maintenance,persona_maintenance:T4,4,b989fcd964377ce332b50302b3c2b25f3ae8b21eb6d6cdc5e0885892c24afe3a
clean_persona_maintenance_0039,persona_maintenance,persona_maintenance:T4,4,b019ec379b2f165cdf6e0106fe214f767db0e4187002a71fbc65c2cf6be4a6af
clean_persona_maintenance_0040,persona_maintenance,persona_maintenance:T1,1,727ffb0014a262f91ef63ffa69b96896081bc8327aa238811822e19a6ca3c5d7
clean_persona_maintenance_0041,persona_maintenance,persona_maintenance:T4,4,5224c1cb171a376b54adfdb626c03490d476586c32b128ba1e89a6fad2b053bf
clean_persona_maintenance_0042,persona_maintenance,persona_maintenance:T1,1,239c86c840e343966bb998436b243ca76b7c24c220ff807f18e4674effbf7023
clean_persona_maintenance_0043,persona_maintenance,persona_maintenance:T1,1,27793a500419281965b0575eecfb35d66e623101cd44a5b386ffc8bfeaff463d
clean_persona_maintenance_0044,persona_maintenance,persona_maintenance:T4,4,55a8d9c8cedc2b7a1df680648484d54a748a120ed3ef68f46b217cc9a636aacd
clean_persona_maintenance_0045,persona_maintenance,persona_maintenance:T1,1,69c764af31ce91f89c4af4c9db6eaf556c9699310706d282b8d7de4cce6e493c
clean_persona_maintenance_0046,persona_maintenance,persona_maintenance:T4,4,d8808502c4fcc80f59ec16163b229e9e457969163e206e1531d69ea89123137b
clean_persona_maintenance_0047,persona_maintenance,persona_maintenance:T1,1,7326edb2b298d87756e27678ef943d24480803cb3905f9fed02872cb414051f5
clean_persona_maintenance_0048,persona_maintenance,persona_maintenance:T4,4,c2343062bcddb112bad3e02a69e0294bb7fd0310a316dcee9c2e08ec45fbdfec
clean_persona_maintenance_0049,persona_maintenance,persona_maintenance:T4,4,2c0552d5d450b9df837b5ce10a77fdb9e821274633d212accd0d5e8cef255667
clean_persona_maintenance_0050,persona_maintenance,persona_maintenance:T1,1,71174c8c040a674b3e6b9a514e6d17b4f1503e2009b55747127a2ad6c7f61b96
clean_persona_maintenance_0051,persona_maintenance,persona_maintenance:T1,1,f64687f4438b2cd1051deeaf56114178ffa9e0bf683bc297f3c063e001051106
clean_persona_maintenance_0052,persona_maintenance,persona_maintenance:T1,1,ee2381bd69fe635f4acd6725686021757e81c716d84857d9b4fa2eea08b59dce
clean_persona_maintenance_0053,persona_maintenance,persona_maintenance:T1,1,190c49a7971d2651d6bd2d76847ac75d43b1d98a726a270087dc67ff7fd09e63
clean_persona_maintenance_0054,persona_maintenance,persona_maintenance:T1,1,46ea1a758b7b918949850e9ad7e66b7b8a6b7225f95074f963ad732d98e1826f
clean_persona_maintenance_0055,persona_maintenance,persona_maintenance:T4,4,66631919618a7e60270797a5a10ef83a1c0fa3a56fdc3857190700218ef130a7
clean_persona_maintenance_0056,persona_maintenance,persona_maintenance:T4,4,8f0a90524aaf16bb33f7ce30c336a19d20dac8553557f89741ef0a89d37ddb6b
clean_persona_maintenance_0057,persona_maintenance,persona_maintenance:T3,3,ded4757c78cb0ae38815351cd01a8856accc498eda4d1e4f865680ff5901af2b
clean_persona_maintenance_0058,persona_maintenance,persona_maintenance:T3,3,939f64090490d0fb7462bb18e5fa9f262c66cbb02b6957195034903f5285c169
clean_persona_maintenance_0059,persona_maintenance,persona_maintenance:T3,3,6fde94db1c8fa534eb42ac8ddd4e907a625d175c30ace1ec21e0ea9cdd9370f9
clean_persona_maintenance_0060,persona_maintenance,persona_maintenance:T4,4,4fef6cfc5c21adf231d330c876b975bc6bfe1385ad8aba42e7e315be1c5836cb
clean_persona_maintenance_0061,persona_maintenance,persona_maintenance:T4,4,56e699161974d59a442b5887738455d354c5aa30dce5ae26bee34cf4d11f2b13
clean_persona_maintenance_0062,persona_maintenance,persona_maintenance:T1,1,74388ee82000162509162c4428fb911efaa0ab15e5be4450efe68175a134251b
clean_persona_maintenance_0063,persona_maintenance,persona_maintenance:T1,1,c23461f72d8b07edbdb0de660de6c2e83375949335df171cb6e1e8f5fee95d83
clean_persona_maintenance_0064,persona_maintenance,persona_maintenance:T4,4,2c9b8f134c365b7b42a809a420d9c8e66ad9a7e4e018b3e25cc3d539fbe217a7
clean_persona_maintenance_0065,persona_maintenance,persona_maintenance:T4,4,9559503f3846fc98c5eb0b67c81f41e8c7a8ef9e4834bec702f9bb35e8066142
clean_persona_maintenance_0066,persona_maintenance,persona_maintenance:T1,1,8ff712094aa5f55b2f9b59d31aec9bb10826cb934d1b67d888a758ec6f59242d
clean_persona_maintenance_0067,persona_maintenance,persona_maintenance:T4,4,b142548d92499a4c3123bacd68b9edd0555fd5ea11ba3d044e6384fa82e9a10f
clean_persona_maintenance_0068,persona_maintenance,persona_maintenance:T1,1,3254a6b79461ee626489fcdd3e4d597cbc5c80a2986df2242feff5a5f709712f
clean_persona_maintenance_0069,persona_maintenance,persona_maintenance:T4,4,a08391786699645605d1d8e04a888923a6d705b18b6bfe5c73fbb508c2f618ba
clean_persona_maintenance_0070,persona_maintenance,persona_maintenance:T4,4,f121917e204112d13bfb5241a13ac441f4bd945435fea7e2974c996d94b842ce
clean_persona_maintenance_0071,persona_maintenance,persona_maintenance:T3,3,71240f9ac8ac5925ee7264e65287fea7c20f3dfbf6f4595ddbb72e6f01e5abff
clean_persona_maintenance_0072,persona_maintenance,persona_maintenance:T4,4,43f75dbcc0c5fb353c8cd358299fc910a38caf1e48222e7281a5e91c5433151a
clean_persona_maintenance_0073,persona_maintenance,persona_maintenance:T4,4,4a650b6964af306f03f9a789d6eb8f74c299a0eacbfad10c8233032448296ca5
clean_persona_maintenance_0074,persona_maintenance,persona_maintenance:T1,1,09c794f870ba6000839595d81d12131ec74b9b9ba1f848489ea0102f824e73da
clean_persona_maintenance_0075,persona_maintenance,persona_maintenance:T4,4,83a2e92e8475bab2e86d747cf45b51108410c3f71b6422c6616778cf9bfdc37f
clean_persona_maintenance_0076,persona_maintenance,persona_maintenance:T4,4,bc449590ba2ab6ed00816198cd36b1978ebf0b295ed819579b94826d0cc78d15
clean_persona_maintenance_0077,persona_maintenance,persona_maintenance:T4,4,195f3df1d66b7b62624bd457b45a3655c4f57534367a35734ffc68ac25149e2c
clean_persona_maintenance_0078,persona_maintenance,persona_maintenance:T1,1,85c0c0e40c7655aae067abf6362bdda3f22207b08c6596530ce34fe9cae05a81
clean_persona_maintenance_0079,persona_maintenance,persona_maintenance:T4,4,ed6a61e10258fdea3d9d5feb2e0b485f9b60756da43bf70163f3a2ce747cdd63
clean_persona_maintenance_0080,persona_maintenance,persona_maintenance:T3,3,448261fe88450727fd148c8006fc7564376c056c14d7df1167dc49b8c5aea120
clean_ai_identity_disclaimer_0001,ai_identity_disclaimer,ai_identity_disclaimer:T4,4,89fd9f95d05907dfd195608fa43ed23bc4994c774f916113d4db36a8089fb547
clean_ai_identity_disclaimer_0002,ai_identity_disclaimer,ai_identity_disclaimer:T2,2,24d63f5b16e729961ea3892ea0a4b1b40830ad8bd61b95a1e01bcbf1715f4004
clean_ai_identity_disclaimer_0003,ai_identity_disclaimer,ai_identity_disclaimer:T1,1,c706c875632358a7d55a1a9e72ce2f8f2f9d37dd933150c5e962abf037d9f7d2
clean_ai_identity_disclaimer_0004,ai_identity_disclaimer,ai_identity_disclaimer:T3,3,52448b8f03eb4f03f48fd1db3f7a95687b29a1ea0dd764f0ba035c39ab6efb3b
clean_ai_identity_disclaimer_0005,ai_identity_disclaimer,ai_identity_disclaimer:T4,4,64c575ab7b92432571933e36e581b7547c0bd43558cfb5f01b5c402f20a1057a
clean_ai_identity_disclaimer_0006,ai_identity_disclaimer,ai_identity_disclaimer:T2,2,6bf504f760aa1b7e1a61965779084259d3c217976557b33b223f334f11a540d6
clean_ai_identity_disclaimer_0007,ai_identity_disclaimer,ai_identity_disclaimer:T2,2,6be4a4f2cbc2006485ac00f0ea73f80ccd31110e44e51d476dc206d758893b2b
clean_ai_identity_disclaimer_0008,ai_identity_disclaimer,ai_identity_disclaimer:T4,4,0ee01e2059f43815bf8df5bd90ddcd7b8164258ca5b1836948bb35c232c727c8
clean_ai_identity_disclaimer_0009,ai_identity_disclaimer,ai_identity_disclaimer:T2,2,1caebe72df760c01386ca644d03b0188a2d335df12bcbfb76aed9c94bd13cd1a
clean_ai_identity_disclaimer_0010,ai_identity_disclaimer,ai_identity_disclaimer:T1,1,1b35fbfd2ca365bb504bcb637b4760a9de4ae3e7143ead1f046727fb9b6a93a6
clean_ai_identity_disclaimer_0011,ai_identity_disclaimer,ai_identity_disclaimer:T2,2,096710c7b0ae3f03f96d37475f181338513a9aad665bfb5e50959efb7c2f6bd4
clean_ai_identity_disclaimer_0012,ai_identity_disclaimer,ai_identity_disclaimer:T1,1,3c5f4cd5305a27dd47e114c2fcd827dcb65aee4148d2528500de56cee8ceaec6
clean_ai_identity_disclaimer_0013,ai_identity_disclaimer,ai_identity_disclaimer:T4,4,30db707918d4c3797082ba7bb0d856d70e1583efdcf2b4071725f7349fda6b30
clean_ai_identity_disclaimer_0014,ai_identity_disclaimer,ai_identity_disclaimer:T3,3,ab02ddf3ce139b0108406e3fe23973bbb17da14020cef15f96ed7cfe7f2efc1b
clean_ai_identity_disclaimer_0015,ai_identity_disclaimer,ai_identity_disclaimer:T4,4,1555e02aa9a354042df8f15e79f72f77466e434c9661788559cb28c203fa1c42
clean_ai_identity_disclaimer_0016,ai_identity_disclaimer,ai_identity_disclaimer:T3,3,29967f0d202664d9318d9f88c28c7c60e3f98883a6d59acc874009c764b3eff8
clean_ai_identity_disclaimer_0017,ai_identity_disclaimer,ai_identity_disclaimer:T2,2,0c40f8ea334c24aa0fd5d8c24a6759eec8e26f4a7f095b07f82ef741cbb61232
clean_ai_identity_disclaimer_0018,ai_identity_disclaimer,ai_identity_disclaimer:T2,2,912d98fc2c3a11f9e918a7e6ce88b2122e37acb668c82b11a0e9c7963ed81665
clean_ai_identity_disclaimer_0019,ai_identity_disclaimer,ai_identity_disclaimer:T2,2,c0a38d7864a126e05c8315c9d46fb830e8fe45edde11ae2ba64283bb6b5bdb65
clean_ai_identity_disclaimer_0020,ai_identity_disclaimer,ai_identity_disclaimer:T1,1,4fe2131c0ba389303f1e102d672c817738b22623ac60fdf2c466ec412fd61e23
clean_ai_identity_disclaimer_0021,ai_identity_disclaimer,ai_identity_disclaimer:T1,1,92d5c27a0974167c7a5750b5b178d10b019e8dbecad7fbf26074af691f7e809f
clean_ai_identity_disclaimer_0022,ai_identity_disclaimer,ai_identity_disclaimer:T2,2,16f9ad1885770a167f591fcae5885215235906b5f4b13d9e4463f0b69b2d9469
clean_ai_identity_disclaimer_0023,ai_identity_disclaimer,ai_identity_disclaimer:T2,2,ae0cc4264b28714e38fd7475b2b799c253e3593d3d05ac0ecfa415138bbcdab3
clean_ai_identity_disclaimer_0024,ai_identity_disclaimer,ai_identity_disclaimer:T1,1,02c6e39a5653d5cec420d8d0b360ee3299e8cbc3b15e513bb48f100d586b62f4
clean_ai_identity_disclaimer_0025,ai_identity_disclaimer,ai_identity_disclaimer:T4,4,409acdbaacb32fc60cf708711f3fd573077dc174d0662bb420144f4bff26490a
clean_ai_identity_disclaimer_0026,ai_identity_disclaimer,ai_identity_disclaimer:T1,1,a624d3aa7455e80d3433038586131d300ed7aa83dacfad59147e1da9417411ac
clean_ai_identity_disclaimer_0027,ai_identity_disclaimer,ai_identity_disclaimer:T1,1,e9c8fd23f82c3ef6d02216bda34db4b157965538bb2cf33cb2758d96026d9a67
clean_ai_identity_disclaimer_0028,ai_identity_disclaimer,ai_identity_disclaimer:T1,1,a3ed9c02e952f5e21ade28c5a0fcdda275280532bdb5de3ac41838387bb4f742
clean_ai_identity_disclaimer_0029,ai_identity_disclaimer,ai_identity_disclaimer:T4,4,0a3c0c50590c9e154149b76ddc0be91b156b042c2933cd38d6a03fa0df4d8efc
clean_ai_identity_disclaimer_0030,ai_identity_disclaimer,ai_identity_disclaimer:T4,4,7a39551d4b7e3db581411065743b65aa47a3ed25549342dc13b4aea80885db2c
clean_ai_identity_disclaimer_0031,ai_identity_disclaimer,ai_identity_disclaimer:T2,2,bb9fcdc208a8fddad6338a8d6f35cf1f216d7c153c2055f45cff1025bcf9f0b4
clean_ai_identity_disclaimer_0032,ai_identity_disclaimer,ai_identity_disclaimer:T1,1,4d77d22190fb96c5b0b072a5cf697c403f6f2b5340aadf3f744a95ae70f062bc
clean_ai_identity_disclaimer_0033,ai_identity_disclaimer,ai_identity_disclaimer:T1,1,91099f672ed50ecb049797bbf7362a2ddd870194b7226694b124dc6ee7a6060c
clean_ai_identity_disclaimer_0034,ai_identity_disclaimer,ai_identity_disclaimer:T4,4,cc916f8dbd6733892956248871c377d395704c686e4564149d8305c8d325827c
clean_ai_identity_disclaimer_0035,ai_identity_disclaimer,ai_identity_disclaimer:T1,1,b3d582724cb196b7c0b7f6d638e73a97adc66a7dd5014d138790b03c7a86284b
clean_ai_identity_disclaimer_0036,ai_identity_disclaimer,ai_identity_disclaimer:T1,1,0b15d10dd4491657d9d56a8651dbdb599f1a0cd9b459294d53f8713768ec25e8
clean_ai_identity_disclaimer_0037,ai_identity_disclaimer,ai_identity_disclaimer:T2,2,0248a97169d25982467d8eb9c1b9c86d0bb5def4c23fe6663c60c371d055a3e1
clean_ai_identity_disclaimer_0038,ai_identity_disclaimer,ai_identity_disclaimer:T1,1,180fe83a00d7187ea7eba832eb59e47dc630516c28f74013697c130032e2c615
clean_ai_identity_disclaimer_0039,ai_identity_disclaimer,ai_identity_disclaimer:T4,4,1421dab9d78f39239ec781abf49310f7d5e4a99358c8452a31b0c8518d5de393
clean_ai_identity_disclaimer_0040,ai_identity_disclaimer,ai_identity_disclaimer:T4,4,030dafe1b9a0df6010dfb67731a43a8956c3c1f4aa1bc557afb21c423654ccc9
clean_ai_identity_disclaimer_0041,ai_identity_disclaimer,ai_identity_disclaimer:T4,4,718250a7e399a761e89cb739448b508d033ef44bfd9f17f904f7a5f0a17a3599
clean_ai_identity_disclaimer_0042,ai_identity_disclaimer,ai_identity_disclaimer:T2,2,f1d752574a81039d1586081d93c0d8c41cac669f23a6378929363ecaf626397e
clean_ai_identity_disclaimer_0043,ai_identity_disclaimer,ai_identity_disclaimer:T1,1,4bffdf2087e52da0a0606a014724c91c70400f7b2aa4921c157afc8a77d98d22
clean_ai_identity_disclaimer_0044,ai_identity_disclaimer,ai_identity_disclaimer:T3,3,70d5ffe77dea5ffe467330ec68e6c29ef5bf72d7dcd4a456be28afabd0942e4d
clean_ai_identity_disclaimer_0045,ai_identity_disclaimer,ai_identity_disclaimer:T4,4,d45b1597800f4380ed814c551f5d5eb4c9fca4b2a0ee7485447b11311e19870d
clean_ai_identity_disclaimer_0046,ai_identity_disclaimer,ai_identity_disclaimer:T4,4,6bbae75fa1d66dcbea99a22bdae6b080a05fc324de81927a6a7b49d8140714b4
clean_ai_identity_disclaimer_0047,ai_identity_disclaimer,ai_identity_disclaimer:T1,1,92fb59b12d488fb7286c918e8f17b08b7f2bd4830e057a52a08c0c0689ee52a1
clean_ai_identity_disclaimer_0048,ai_identity_disclaimer,ai_identity_disclaimer:T2,2,dbaf91c7dae897bb1bef66b5fcc089f8854fc94e31d45cc45a150e9074b0b6e4
clean_ai_identity_disclaimer_0049,ai_identity_disclaimer,ai_identity_disclaimer:T1,1,8ad707ca93e44257688081a42258e6f417275aa1f1e64eec02d136c2e485ee6b
clean_ai_identity_disclaimer_0050,ai_identity_disclaimer,ai_identity_disclaimer:T2,2,d183defd5d402d888681944012496a1baed053ada9178aa3e21f03306f21bc7d
clean_ai_identity_disclaimer_0051,ai_identity_disclaimer,ai_identity_disclaimer:T4,4,21d3b7cd333e4206d4ecae6507c552c55cb79074f887f2da01cd0a5fb87e7010
clean_ai_identity_disclaimer_0052,ai_identity_disclaimer,ai_identity_disclaimer:T1,1,1c8a9e1fb019235effbe45ee06764faabfcbc210a8cd40f5a00fa8445320e473
clean_ai_identity_disclaimer_0053,ai_identity_disclaimer,ai_identity_disclaimer:T2,2,31842abbd580b3abb0eb935e3664d251acb9884e80e834947aac6b7a207b08e4
clean_ai_identity_disclaimer_0054,ai_identity_disclaimer,ai_identity_disclaimer:T2,2,daf75012862d0ba76db584876a671e8f13c6df2e36f88e57d29bd02f29598b36
clean_ai_identity_disclaimer_0055,ai_identity_disclaimer,ai_identity_disclaimer:T2,2,ad3e65081144d9b8d45840632baa4b949a7839586dc70eca37a7ff9bdbb129f4
clean_ai_identity_disclaimer_0056,ai_identity_disclaimer,ai_identity_disclaimer:T4,4,481f1710ae3565b74868e478f86154ba7d3818f85a14ef1a1251f878e605ed0e
clean_ai_identity_disclaimer_0057,ai_identity_disclaimer,ai_identity_disclaimer:T2,2,bdae6b1c93664c6b5a81ef03bbe08b960d7e68810e75bb4855037b5263cb42cf
clean_ai_identity_disclaimer_0058,ai_identity_disclaimer,ai_identity_disclaimer:T2,2,92d621a1cf508223fbb41064f8bdb61433aecb9c041f77fbc20951e9d736e696
clean_ai_identity_disclaimer_0059,ai_identity_disclaimer,ai_identity_disclaimer:T1,1,21484f0ea6c7bf9206b17099138c5eff3cd227dfa63b57da0dfb449a057f1715
clean_ai_identity_disclaimer_0060,ai_identity_disclaimer,ai_identity_disclaimer:T4,4,aec1a1470c0c806a504419370e8b4002f67e714efe95c82c3053aacfc2633675
clean_ai_identity_disclaimer_0061,ai_identity_disclaimer,ai_identity_disclaimer:T1,1,b407553536a4e6a708a7e2dad5b5a81425ea6401e04ee742fb30f3ef03924c67
clean_ai_identity_disclaimer_0062,ai_identity_disclaimer,ai_identity_disclaimer:T4,4,cdfa2bd407a09de88999aa0eabff6a6c92292e65fc48126b7207cc9817e2c392
clean_ai_identity_disclaimer_0063,ai_identity_disclaimer,ai_identity_disclaimer:T1,1,7dd1ac4e14509e8ea8ddc986b8b0da65fe66777c830b43f32a7c82c7585f4c74
clean_ai_identity_disclaimer_0064,ai_identity_disclaimer,ai_identity_disclaimer:T2,2,538ed643a479afebac927d1e93de7a3c3734941e34192bc32f7ffcb7db179a59
clean_ai_identity_disclaimer_0065,ai_identity_disclaimer,ai_identity_disclaimer:T4,4,3f44c62ad79f07c14e2d80918712102cc15cf0872f0e0b1530d4c3f184897809
clean_ai_identity_disclaimer_0066,ai_identity_disclaimer,ai_identity_disclaimer:T2,2,e0464c16afc1883392b7e76f5b13b77e7b0a812c57e7fc72bdd670c8e38d4a20
clean_ai_identity_disclaimer_0067,ai_identity_disclaimer,ai_identity_disclaimer:T1,1,7ab3919dbb261270ee5104b9f6ee9f95e77a39ad657a0efb9a55fb03a11289ce
clean_ai_identity_disclaimer_0068,ai_identity_disclaimer,ai_identity_disclaimer:T4,4,8e755ceba9ea7e79ca6023755a1ee70d6ca0974a9479b66c0c0d8323708dc2dc
clean_ai_identity_disclaimer_0069,ai_identity_disclaimer,ai_identity_disclaimer:T1,1,6c4c80dbbf4ad41440652c9b6e83c91cea11be5a717de76d25579415727d349e
clean_ai_identity_disclaimer_0070,ai_identity_disclaimer,ai_identity_disclaimer:T4,4,22f01e28f381fba24b41c1ae27a1fc5b3335fbcdd56d96c71a043da844a6c0f7
clean_ai_identity_disclaimer_0071,ai_identity_disclaimer,ai_identity_disclaimer:T2,2,042e1aafc61cd80567bcb07c7affe3b4085e533eb3422a5a370f58af2491ee7b
clean_ai_identity_disclaimer_0072,ai_identity_disclaimer,ai_identity_disclaimer:T4,4,ec05b5411dd7e2030a96d8bd25d98f4c80cbe0c80aa3fa3553b8dce9d3fff128
clean_ai_identity_disclaimer_0073,ai_identity_disclaimer,ai_identity_disclaimer:T4,4,70eb7e00483efe243edaae3b7ab9ea9f22c46c1d8a0df161fc17850c6dde6000
clean_ai_identity_disclaimer_0074,ai_identity_disclaimer,ai_identity_disclaimer:T4,4,a155acd063e1742db99f68ddd5fa67da8e2b1229d09215dfc7555ce7e21dc861
clean_ai_identity_disclaimer_0075,ai_identity_disclaimer,ai_identity_disclaimer:T1,1,f7a726504b5410533400a659ec5cb24a3fdc596211a80185e2bf56e319897463
clean_ai_identity_disclaimer_0076,ai_identity_disclaimer,ai_identity_disclaimer:T4,4,5a0b515eb8440b9e3a3aff982572e8f64a681b930f409f8f1132cadf55c57d21
clean_ai_identity_disclaimer_0077,ai_identity_disclaimer,ai_identity_disclaimer:T2,2,79167027505a6838cb40f175a8ad51420717318351a666d828dda65639e87d3c
clean_ai_identity_disclaimer_0078,ai_identity_disclaimer,ai_identity_disclaimer:T2,2,0a3317d6e3c7d641e28bfc0e99393e57086df4259c9c11ce6df5ae7a4e384d63
clean_ai_identity_disclaimer_0079,ai_identity_disclaimer,ai_identity_disclaimer:T2,2,8abdde86c46521ac487c8b498a7196711f2a44a19576212d4dca89a4c11ec126
clean_ai_identity_disclaimer_0080,ai_identity_disclaimer,ai_identity_disclaimer:T4,4,d6ff227d0c4cc313b60051426027a7072eaa5adbf3c6c0a9da47da20066c8f22
clean_refusal_safety_disclaimer_0001,refusal_safety_disclaimer,refusal_safety_disclaimer:T2,2,83b68fe17e03d6f0b8c99db28252aa1695c4b6682a8bd4bf03a0a39e2a51f28b
clean_refusal_safety_disclaimer_0002,refusal_safety_disclaimer,refusal_safety_disclaimer:T1,1,ef482bd4df4a54cef5aff3c62ce247efd495d9c43843b9d0c9cb83ea44108336
clean_refusal_safety_disclaimer_0003,refusal_safety_disclaimer,refusal_safety_disclaimer:T3,3,74dc942e771cffda3cd8c8052ac45ca4a89990c3fb66b23816d7bee8cc3d9006
clean_refusal_safety_disclaimer_0004,refusal_safety_disclaimer,refusal_safety_disclaimer:T4,4,7d0f0f12b75c65ba994fd3e6e3efdf7481f5ef83dda733cecb696f40c192e424
clean_refusal_safety_disclaimer_0005,refusal_safety_disclaimer,refusal_safety_disclaimer:T3,3,792445306230d0f1a60a905989aaed590ccccf4faa1c36b9f30cf0860f08a351
clean_refusal_safety_disclaimer_0006,refusal_safety_disclaimer,refusal_safety_disclaimer:T1,1,523551c5be807b30278ec39af6f2960a1b37760cec6e125ef4f645e153aebf83
clean_refusal_safety_disclaimer_0007,refusal_safety_disclaimer,refusal_safety_disclaimer:T4,4,26c3f385d4cc4bb8e9783fa879606e629862b0f22b24ffd9e8658dfb2b12afca
clean_refusal_safety_disclaimer_0008,refusal_safety_disclaimer,refusal_safety_disclaimer:T4,4,50a48bfc2f26550bc650a1a7528d9497b19deda84effe62f6b2f970bacae1094
clean_refusal_safety_disclaimer_0009,refusal_safety_disclaimer,refusal_safety_disclaimer:T2,2,3228aadde922b3550848f845f06a28dd1617bb247c469f9c9b6d144b9616a2e3
clean_refusal_safety_disclaimer_0010,refusal_safety_disclaimer,refusal_safety_disclaimer:T3,3,a33b0e0f0aede4a212785d194b6d53ca61ed833c3d21748c282572c1175c2c00
clean_refusal_safety_disclaimer_0011,refusal_safety_disclaimer,refusal_safety_disclaimer:T4,4,9a99a250fe11e90b3c376bb765ed138ffbeecf6ca79be617abadb3a77c3617ea
clean_refusal_safety_disclaimer_0012,refusal_safety_disclaimer,refusal_safety_disclaimer:T1,1,0fcd50aed141c93465ce0603506ffc9fed4dd4e6cdaaf598c58953421feadea6
clean_refusal_safety_disclaimer_0013,refusal_safety_disclaimer,refusal_safety_disclaimer:T3,3,5d359e1cfdafecb57038a249865398459edc8e60bbcaf8a453f4bbb8e8f9fc01
clean_refusal_safety_disclaimer_0014,refusal_safety_disclaimer,refusal_safety_disclaimer:T4,4,04905a690df7e29e3c2d7e04007ef9c4ed5c4e9e0533aa2672617d3e50d1ff76
clean_refusal_safety_disclaimer_0015,refusal_safety_disclaimer,refusal_safety_disclaimer:T4,4,624f7e10bf49f59d993a44c2345d299ed3bb6ccf19d28f3ac69fac169e2a8399
clean_refusal_safety_disclaimer_0016,refusal_safety_disclaimer,refusal_safety_disclaimer:T1,1,64058d5c1bb7db41fa341bd53e6129907da42146ccec2afd4ed31fb5739a79a4
clean_refusal_safety_disclaimer_0017,refusal_safety_disclaimer,refusal_safety_disclaimer:T4,4,5fe8b9f4d6377fb4e0c47cf44d5bd75a7351fc2b0a31aed8c414dac95430a710
clean_refusal_safety_disclaimer_0018,refusal_safety_disclaimer,refusal_safety_disclaimer:T4,4,4304b8ec24580abb949811ef9fd1220734009bf93145f7a761d8f8e1e798fe11
clean_refusal_safety_disclaimer_0019,refusal_safety_disclaimer,refusal_safety_disclaimer:T3,3,b4a16d65c39dfe5502fe6e951aec74d4727dd46913206722938954e09354d248
clean_refusal_safety_disclaimer_0020,refusal_safety_disclaimer,refusal_safety_disclaimer:T3,3,582336d1fc365d4809eac8a96931a10a964c7cf9ad03ff93ba13d7a8048f804f
clean_refusal_safety_disclaimer_0021,refusal_safety_disclaimer,refusal_safety_disclaimer:T1,1,734a70dbcea908acdebcf9505a3876cfba45b749897a966d26c77d43421de5f2
clean_refusal_safety_disclaimer_0022,refusal_safety_disclaimer,refusal_safety_disclaimer:T2,2,4110c4a91ae02d0f13adb542db0b04534370d8f58164950f47696b35eb33b54b
clean_refusal_safety_disclaimer_0023,refusal_safety_disclaimer,refusal_safety_disclaimer:T1,1,01dee21ea56d6209026f21eab66ff1dbc0cbcf652ab0f06025e9e7981a5700e3
clean_refusal_safety_disclaimer_0024,refusal_safety_disclaimer,refusal_safety_disclaimer:T1,1,88d1a2597c5908416203f288c0ce442e64beaa8b02e63c965a5b38ae648995af
clean_refusal_safety_disclaimer_0025,refusal_safety_disclaimer,refusal_safety_disclaimer:T2,2,aea3daa3a5a4a855533814c0079e342b1689ef716357ac46905d975741fbc149
clean_refusal_safety_disclaimer_0026,refusal_safety_disclaimer,refusal_safety_disclaimer:T3,3,a68b7519d935152c8b875a3f4a8abb2f0b8dfaa07fd39a2e6482271da6ac2b82
clean_refusal_safety_disclaimer_0027,refusal_safety_disclaimer,refusal_safety_disclaimer:T2,2,9222124f29239d646ba2e3452a09bcdaa7716ad4380a1f1b791e404d7101abab
clean_refusal_safety_disclaimer_0028,refusal_safety_disclaimer,refusal_safety_disclaimer:T3,3,c218208f26971d1fe08629e10a9c9cab2a65e64ef87e7944831ff5a3b17261ae
clean_refusal_safety_disclaimer_0029,refusal_safety_disclaimer,refusal_safety_disclaimer:T2,2,e4eeba4d0214310ff871754df45f10e4d55d66806aace61f4259a30c8762d0a5
clean_refusal_safety_disclaimer_0030,refusal_safety_disclaimer,refusal_safety_disclaimer:T3,3,524e086b4cfb039c4600183ecba5227dc6db266688feb0fbf528d54bfe3c99fb
clean_refusal_safety_disclaimer_0031,refusal_safety_disclaimer,refusal_safety_disclaimer:T2,2,9b688f30708e3c08ad4445a3f1bf10d322b6628a9d137083ef15d0f62a1706b0
clean_refusal_safety_disclaimer_0032,refusal_safety_disclaimer,refusal_safety_disclaimer:T4,4,4c92b98dc4906f6ccfb9f9ebbd6fcef071e582b6190e34fc14ca63cf50e66ecc
clean_refusal_safety_disclaimer_0033,refusal_safety_disclaimer,refusal_safety_disclaimer:T4,4,7e37203463b966fd6e6da2e2a2e2d1a652f172ee1206358535de0ec0752f3d80
clean_refusal_safety_disclaimer_0034,refusal_safety_disclaimer,refusal_safety_disclaimer:T2,2,2b1edc491db17a5bb14cbd2665887282a2dd23ba54fbe4cb2a887984dbf771b7
clean_refusal_safety_disclaimer_0035,refusal_safety_disclaimer,refusal_safety_disclaimer:T3,3,7531134aab63fe721f48242ce483cc0018016b78844da959b456bbcba8a22738
clean_refusal_safety_disclaimer_0036,refusal_safety_disclaimer,refusal_safety_disclaimer:T1,1,e46770daae2634c63a453f3708cc9803edbbe2204c77f0708f7885fc25a0d48b
clean_refusal_safety_disclaimer_0037,refusal_safety_disclaimer,refusal_safety_disclaimer:T2,2,fe77249bccc9da94a2e2fbab91ee520d904626d299973adb4a42335ab2d70c09
clean_refusal_safety_disclaimer_0038,refusal_safety_disclaimer,refusal_safety_disclaimer:T3,3,fbe21b81d8666faecd7c0ba495ce49937f1877a6879f92730c6f957f976ecc99
clean_refusal_safety_disclaimer_0039,refusal_safety_disclaimer,refusal_safety_disclaimer:T4,4,ffe7fb52828e2ba593aa1c3e9a4ab9989126cb92df3e466ed9af92cc540c3100
clean_refusal_safety_disclaimer_0040,refusal_safety_disclaimer,refusal_safety_disclaimer:T1,1,c537553263beafeeb5d9a6ffdc97add2ed5daab867b608d342266e802b4dc412
clean_refusal_safety_disclaimer_0041,refusal_safety_disclaimer,refusal_safety_disclaimer:T3,3,59886b206854ce94fa67bdf2f42c2824ab8f50c60c98d3ceaa2fe62c28c76e10
clean_refusal_safety_disclaimer_0042,refusal_safety_disclaimer,refusal_safety_disclaimer:T3,3,ab24d76b74e6fc53eb0beb929e7518ea7e7cc95f2565a17bf164f09c317ab42c
clean_refusal_safety_disclaimer_0043,refusal_safety_disclaimer,refusal_safety_disclaimer:T3,3,5907b64a32a877d2bfbf7a8364484fc8a935186df596f26f392213592e9dffde
clean_refusal_safety_disclaimer_0044,refusal_safety_disclaimer,refusal_safety_disclaimer:T1,1,c2c2bebe799efd4ceb63c688af7073cc46f254c5115f7c4db53b8139026886c7
clean_refusal_safety_disclaimer_0045,refusal_safety_disclaimer,refusal_safety_disclaimer:T1,1,c2c63db35505c9b7c4ad4882d1671af1f06bb44e322d095e2769caf337b1351d
clean_refusal_safety_disclaimer_0046,refusal_safety_disclaimer,refusal_safety_disclaimer:T4,4,9ef1221f614aa258278b9d6b5ffda323bc3915538fd6912681eec5b064dc08c0
clean_refusal_safety_disclaimer_0047,refusal_safety_disclaimer,refusal_safety_disclaimer:T2,2,091d7731323b1f9a32d8afee5a7be2798480f3cd52924ba44b6411b345c1fdaa
clean_refusal_safety_disclaimer_0048,refusal_safety_disclaimer,refusal_safety_disclaimer:T1,1,0817fb4be7f5081f8901daad082bdc20d46124b9cf01c3bb72d33f7f44b1162e
clean_refusal_safety_disclaimer_0049,refusal_safety_disclaimer,refusal_safety_disclaimer:T2,2,0d237fd25d9c0ca43ae6b6022eed4913ebe28c6bb91057ddf642f402cd14dc39
clean_refusal_safety_disclaimer_0050,refusal_safety_disclaimer,refusal_safety_disclaimer:T2,2,7542d3515d57a5f293429ee1ec9c3ac78a3e6fe543ec1b9ee2834eed032364da
clean_refusal_safety_disclaimer_0051,refusal_safety_disclaimer,refusal_safety_disclaimer:T2,2,85f0302464be181f284755564b8f7e3406d2903cc376bca00563ad60615024ab
clean_refusal_safety_disclaimer_0052,refusal_safety_disclaimer,refusal_safety_disclaimer:T3,3,1aa64ace62f013ed15ec93d8803bbe5430a37a78e1c393fc403bd7d1039a8f65
clean_refusal_safety_disclaimer_0053,refusal_safety_disclaimer,refusal_safety_disclaimer:T2,2,a2c7ff9d38ab0b7c7c08b1cbf07b590a2a0f9e6e5774587685133daeafd24358
clean_refusal_safety_disclaimer_0054,refusal_safety_disclaimer,refusal_safety_disclaimer:T4,4,189c9be9f41e2c54de095f64ed5c816ae720d1fe2d8a17ac20ff66a7586e1ccb
clean_refusal_safety_disclaimer_0055,refusal_safety_disclaimer,refusal_safety_disclaimer:T1,1,18504d732649159e24b26d02c3854c2ceabc75d313a4180520a31d00df84ac1e
clean_refusal_safety_disclaimer_0056,refusal_safety_disclaimer,refusal_safety_disclaimer:T4,4,605f7ef21f1e0d5ae390bc7c4f7336c10e49abbd3f38cb72936ee83dceaa7d10
clean_refusal_safety_disclaimer_0057,refusal_safety_disclaimer,refusal_safety_disclaimer:T1,1,f98b33f5471bb94a978164153becb4ef58cf76d9a5a1b226b19cd6ccab891ecd
clean_refusal_safety_disclaimer_0058,refusal_safety_disclaimer,refusal_safety_disclaimer:T1,1,e67fbb058578999184c07ac2288b4a8d035764cb8a76a1efc86886bdcb490962
clean_refusal_safety_disclaimer_0059,refusal_safety_disclaimer,refusal_safety_disclaimer:T2,2,7a7f3b36f7d8df05405c1a195a3795b9a5f9bdf671eb7279b5a8534e636e943e
clean_refusal_safety_disclaimer_0060,refusal_safety_disclaimer,refusal_safety_disclaimer:T2,2,8144de7b82b03145714ae7a8b50a7bfc3c57ad8a5a4575ca13c00750a0dadd8f
clean_refusal_safety_disclaimer_0061,refusal_safety_disclaimer,refusal_safety_disclaimer:T4,4,f29302f03eb41ef0d56c307360d4ea6aa44141f81e779959ae3e4e7bfa192de2
clean_refusal_safety_disclaimer_0062,refusal_safety_disclaimer,refusal_safety_disclaimer:T3,3,c838712bbc5b7d360004db2f1516e62537d7b72be76864fe82cd091fd92c61a2
clean_refusal_safety_disclaimer_0063,refusal_safety_disclaimer,refusal_safety_disclaimer:T2,2,36081bef88fe0dd01c9552d83840ff0c3182c0d652f47ca864dd495c9faaeb68
clean_refusal_safety_disclaimer_0064,refusal_safety_disclaimer,refusal_safety_disclaimer:T1,1,d00f445dcec375187f903ee3244cfdbb0c6b742653f302eacfd4af32323df1b7
clean_refusal_safety_disclaimer_0065,refusal_safety_disclaimer,refusal_safety_disclaimer:T4,4,f09e70a064adfae5abfd44e3468bea48877e1b4957530b406cc820299c1f9e26
clean_refusal_safety_disclaimer_0066,refusal_safety_disclaimer,refusal_safety_disclaimer:T2,2,87d95b8aa7bbc6afbcfc3f28a592908574098df246499fcecccd04fe3f41709f
clean_refusal_safety_disclaimer_0067,refusal_safety_disclaimer,refusal_safety_disclaimer:T1,1,e895c06538dc44f39fee1f3b80acf2f1d82a3f5d2cbba4eeaf581e55915fccae
clean_refusal_safety_disclaimer_0068,refusal_safety_disclaimer,refusal_safety_disclaimer:T3,3,3be26def0cb47908ceefe52912e2aa309eb056f93b2e648df451fd93e9c68d2a
clean_refusal_safety_disclaimer_0069,refusal_safety_disclaimer,refusal_safety_disclaimer:T2,2,a42870d11e0bd2ef5a528a3a9f1b5b4fa7933494d406ffeedcd6d510a3c494a9
clean_refusal_safety_disclaimer_0070,refusal_safety_disclaimer,refusal_safety_disclaimer:T3,3,2bd3b99744e5f54771fb7cdc0fc24b672e3aa99cfae83866d97877e35ed87f09
clean_refusal_safety_disclaimer_0071,refusal_safety_disclaimer,refusal_safety_disclaimer:T4,4,c97eb36c9b788187dd40f7cec3a2e4709260e1c968bebea825a2c3597d4c7a7c
clean_refusal_safety_disclaimer_0072,refusal_safety_disclaimer,refusal_safety_disclaimer:T4,4,153bbe51576b7b1e84a468691345c7703dec517b25d6b6d03271fd7d5fea6a27
clean_refusal_safety_disclaimer_0073,refusal_safety_disclaimer,refusal_safety_disclaimer:T3,3,ff6b6f1ee77799c61fe3ff9a6d4dd2558e046e2bf9959ac32a2e70ef9c432b41
clean_refusal_safety_disclaimer_0074,refusal_safety_disclaimer,refusal_safety_disclaimer:T2,2,10eafe97e769abb48bef8fb7372f81c403b8840911476987e55aff0add43a5e2
clean_refusal_safety_disclaimer_0075,refusal_safety_disclaimer,refusal_safety_disclaimer:T3,3,2dc197e868643417bd9777abb5bfa12c248926257b8dda1f84b9707247f1304d
clean_refusal_safety_disclaimer_0076,refusal_safety_disclaimer,refusal_safety_disclaimer:T4,4,21fc01ad90a2a92f3a997f9a1fb00685192591091ceae02084b6574baa24053a
clean_refusal_safety_disclaimer_0077,refusal_safety_disclaimer,refusal_safety_disclaimer:T1,1,21b4b5c661f3c887d23bbc508c8fde6a3bb5c0f86f945877d2f6b9f0255d6750
clean_refusal_safety_disclaimer_0078,refusal_safety_disclaimer,refusal_safety_disclaimer:T3,3,998ac3b353b524c1e9cb439fe3933034fb65a2113be8df29d9d3f11f7865b924
clean_refusal_safety_disclaimer_0079,refusal_safety_disclaimer,refusal_safety_disclaimer:T1,1,29ccf675482de4500025cf461b588e16c5dc9ef6ba33048a4c4e538197ff3982
clean_refusal_safety_disclaimer_0080,refusal_safety_disclaimer,refusal_safety_disclaimer:T3,3,4f3849b855043b84a8aeed3fe040e714e4f66d66f80c35938294f482106560f3
clean_hedged_cautious_style_0001,hedged_cautious_style,hedged_cautious_style:T3,3,e3bc8763a87b26449753815f366cca3edc3a98d686e0fbada10ccd2bd975745c
clean_hedged_cautious_style_0002,hedged_cautious_style,hedged_cautious_style:T1,1,2479c8fbc4faae6157001890909e7904c79e03430851494c9002bebb40443c93
clean_hedged_cautious_style_0003,hedged_cautious_style,hedged_cautious_style:T1,1,844379d10693cd5e378ed2bceab9e1917b9b94e1c9fffb99c183c7379cfe55b8
clean_hedged_cautious_style_0004,hedged_cautious_style,hedged_cautious_style:T1,1,275242e79f2168864019a54bcc5e30ebca1935d8e15a9bbb5150baf385764c6d
clean_hedged_cautious_style_0005,hedged_cautious_style,hedged_cautious_style:T4,4,f9b1176a99524fb15d9ce770d8e6e37f36ed1728eab378f101b4a31e229d3a17
clean_hedged_cautious_style_0006,hedged_cautious_style,hedged_cautious_style:T4,4,ff21b703fe553b2e1b5fafd87324ba6b0ee3179c1fcaf4023e9c72d2aa473c2c
clean_hedged_cautious_style_0007,hedged_cautious_style,hedged_cautious_style:T1,1,0938aa3242ea16579f31f6bc1865571764c3e9fb0a096e1c1d60f91dc771626f
clean_hedged_cautious_style_0008,hedged_cautious_style,hedged_cautious_style:T1,1,69681827052228195472c02f104412d2debd7a180fcaae46453a10428ec7073b
clean_hedged_cautious_style_0009,hedged_cautious_style,hedged_cautious_style:T2,2,db1d773783b5ec564ca23cc7d196be2a3de8f1c003db790ea0faf957fdcc1790
clean_hedged_cautious_style_0010,hedged_cautious_style,hedged_cautious_style:T1,1,81e9479abd73f38e340b330df713f4ac2e281bf8a75863a271b83dc0e3d8ae30
clean_hedged_cautious_style_0011,hedged_cautious_style,hedged_cautious_style:T1,1,183be012e96a2e5b88617093778c4a6299a06c36c606e6d7545c05658af18e9d
clean_hedged_cautious_style_0012,hedged_cautious_style,hedged_cautious_style:T3,3,178e829820c4af0657a7116da4aa8ef2656c437e80979f12702d9c0e4102d9d8
clean_hedged_cautious_style_0013,hedged_cautious_style,hedged_cautious_style:T1,1,dc4ca06d6984712ea496bd22011a2a661e9cd3a3957217ebe62cd0b07b7dfc4d
clean_hedged_cautious_style_0014,hedged_cautious_style,hedged_cautious_style:T1,1,299dc89fee31510a84d39fe44e096dd38cc990e490fa57a78077c022c8993038
clean_hedged_cautious_style_0015,hedged_cautious_style,hedged_cautious_style:T1,1,ae7741c717d9ebf5a16c0cf0245ae78c6bfa9224593ba2c1d8d029d63f7e5b2e
clean_hedged_cautious_style_0016,hedged_cautious_style,hedged_cautious_style:T2,2,08599daa0a5c14066f121354cd14c4d4b017a4815c6c162f9b6fb75527cafb95
clean_hedged_cautious_style_0017,hedged_cautious_style,hedged_cautious_style:T1,1,3576c987dd0f00f4d3ff3ca405d005d137942b1e3fa4993e6a4e42bac0688bdf
clean_hedged_cautious_style_0018,hedged_cautious_style,hedged_cautious_style:T1,1,9d5c8e68a0305dc1bf34e7c8210399aba3f7e58e68d4565a3a959f65f3296b81
clean_hedged_cautious_style_0019,hedged_cautious_style,hedged_cautious_style:T2,2,f8a6d7f16d2b6264324bb85231aa78eaeb4d1dc5cc70f138acba3bff0725d7b2
clean_hedged_cautious_style_0020,hedged_cautious_style,hedged_cautious_style:T1,1,a39af089ddbeb23e1c50eef81f61082edbc8bd5063ecfff31b412d33d089778b
clean_hedged_cautious_style_0021,hedged_cautious_style,hedged_cautious_style:T1,1,0392df5e0fc1a08af578df2961fb29ebe4893e2511e4027278c8bb5f506719b8
clean_hedged_cautious_style_0022,hedged_cautious_style,hedged_cautious_style:T1,1,c827c274ee27c6d9256dd4771c9a13076d2c1dc5417f33dee8fed420c72a4a6a
clean_hedged_cautious_style_0023,hedged_cautious_style,hedged_cautious_style:T1,1,3f019742029fe1b667b3c8769b7584ea46536ac917be0107b6eebb8a150f921b
clean_hedged_cautious_style_0024,hedged_cautious_style,hedged_cautious_style:T1,1,e972b080754a2db2150f906ea0171eaa65d4c08b6c75c97948ac062e9b19b451
clean_hedged_cautious_style_0025,hedged_cautious_style,hedged_cautious_style:T1,1,0523ef7003d334702b779a046ac1b32ce39f8d5e3ed94a93546cba6f5e4030bf
clean_hedged_cautious_style_0026,hedged_cautious_style,hedged_cautious_style:T4,4,01721592d85899bffce972f0696c680a522fd8b69ea645a8ee2c5edb8415d50d
clean_hedged_cautious_style_0027,hedged_cautious_style,hedged_cautious_style:T1,1,3bf9ef61a5e6afff1054504a0e436774381db108426be4e583599825aa71e10d
clean_hedged_cautious_style_0028,hedged_cautious_style,hedged_cautious_style:T2,2,757da6c95afef3b823e31d2392497d27785d8804b9e8f05f98b2b3f4dcf31839
clean_hedged_cautious_style_0029,hedged_cautious_style,hedged_cautious_style:T4,4,4f2dee66f25ba1d5239536fb62b46b904d007df513a8d258257ca44c48f16441
clean_hedged_cautious_style_0030,hedged_cautious_style,hedged_cautious_style:T1,1,541374a61f5838891f25f1338e953325155fd244000f725c5663c701543f1b15
clean_hedged_cautious_style_0031,hedged_cautious_style,hedged_cautious_style:T1,1,1712a4891ed25a61399843f1c08fcc5faec239bcdd4fd80760d14440d7fc9dc1
clean_hedged_cautious_style_0032,hedged_cautious_style,hedged_cautious_style:T1,1,80fa0348a2a24d1dae764b3c22e4ec60d434c5715b186cb43548b30e53c1160d
clean_hedged_cautious_style_0033,hedged_cautious_style,hedged_cautious_style:T4,4,5328a83e04d3a7b888a83d682cb327122eb89f4b15d2318c03960240c5050cac
clean_hedged_cautious_style_0034,hedged_cautious_style,hedged_cautious_style:T1,1,add8f3bd3db6ec9fc1efedaa5bf938bcb6e783735c43c3c917a04b4df083d46c
clean_hedged_cautious_style_0035,hedged_cautious_style,hedged_cautious_style:T1,1,0a9151a7618dc5f8c66b8c001049f8cfcd608f05120f84fe08a6182c29ad7abc
clean_hedged_cautious_style_0036,hedged_cautious_style,hedged_cautious_style:T4,4,936b870e4f63a861309a74b3ff2b42967dc17b7ed20ff89fcc740e55fab23acf
clean_hedged_cautious_style_0037,hedged_cautious_style,hedged_cautious_style:T1,1,8f8de423cfe5f9dcd8bdca483a455ddbe63fdbf2ffb21185421a76f5aa1a7c42
clean_hedged_cautious_style_0038,hedged_cautious_style,hedged_cautious_style:T1,1,e1a08cb7f036ba7f0a3ef851e75f6338223c847914ae88d8f97745855a8e0c84
clean_hedged_cautious_style_0039,hedged_cautious_style,hedged_cautious_style:T1,1,27c388191ed2b756528f74ecb3b1f51eff9fccd748f83ba18b3d73783637c646
clean_hedged_cautious_style_0040,hedged_cautious_style,hedged_cautious_style:T1,1,9197dbe426763e05be8b3f6ae6d96b469d0768903f6620b804725b41193d7d42
clean_hedged_cautious_style_0041,hedged_cautious_style,hedged_cautious_style:T1,1,e80e70227b7185fd76037cc65b9ac80b275edad7b4b7f151e3a8d32e4a07d78e
clean_hedged_cautious_style_0042,hedged_cautious_style,hedged_cautious_style:T1,1,29de3308274ee80a96742e7d168cd28ca05af71ab4f70ee2abb9e89b7ea5d17c
clean_hedged_cautious_style_0043,hedged_cautious_style,hedged_cautious_style:T4,4,fc4d527d8fe582bf4b3b56390f1803560820a65d5e347d63ad7a0b0e8fbfaa8d
clean_hedged_cautious_style_0044,hedged_cautious_style,hedged_cautious_style:T1,1,c655f8eeb9afe211bf2982ec0002911116822f11f092873a7c811dee235f8149
clean_hedged_cautious_style_0045,hedged_cautious_style,hedged_cautious_style:T1,1,dfacceb484bf8f70e3fadcd1e8386b7e11fe96b12505ddc57a18e8c48636ae3c
clean_hedged_cautious_style_0046,hedged_cautious_style,hedged_cautious_style:T1,1,cd509aebfbfb730c3edb3a340d7b4f11a11d9c04184b73691be942b46a102603
clean_hedged_cautious_style_0047,hedged_cautious_style,hedged_cautious_style:T1,1,91014f9f2e9bb2f244628c57a4ddb417d88da0496fc1fe75a4a17e1b41b609a2
clean_hedged_cautious_style_0048,hedged_cautious_style,hedged_cautious_style:T1,1,ccd0ac8bf130fdfbdedc34a15b3f98d23f4d4e246ec893c58ecb3bc40e114a96
clean_hedged_cautious_style_0049,hedged_cautious_style,hedged_cautious_style:T1,1,80cf029e1fbccbb851cdd65781f834299969cfcec9a1cb281cad4c2e7d888364
clean_hedged_cautious_style_0050,hedged_cautious_style,hedged_cautious_style:T1,1,66d2108d100319c8d424327301846f20c5b03753338577a3215beab1746e1507
clean_hedged_cautious_style_0051,hedged_cautious_style,hedged_cautious_style:T1,1,e9116d368d203347199fb9afd57f141794690716ac4ad9af0b2672e0ed586405
clean_hedged_cautious_style_0052,hedged_cautious_style,hedged_cautious_style:T1,1,6bfaede25ca186705d32be3771493a369f6c27d5333b102f82cb6ca49400b7ea
clean_hedged_cautious_style_0053,hedged_cautious_style,hedged_cautious_style:T4,4,3e1862aeaddfa53c532aafed1517ca4bfaacc63ed28befcd35b87f00d9d0a10e
clean_hedged_cautious_style_0054,hedged_cautious_style,hedged_cautious_style:T1,1,d79be8ca67eab81fcc18482cdd2b5b7ef6c4234c40ff573954b435ed71c3b5ea
clean_hedged_cautious_style_0055,hedged_cautious_style,hedged_cautious_style:T1,1,d7dd17c02e05cfd79a9969288509af4b0bc1c44d933596408b76087de557c7d8
clean_hedged_cautious_style_0056,hedged_cautious_style,hedged_cautious_style:T1,1,0475c97349dc4d97569fa26d9511cdeb214eded480369bae635b7e84f129448f
clean_hedged_cautious_style_0057,hedged_cautious_style,hedged_cautious_style:T1,1,28c93eee99b2ff660767a922890d28fb0de9a97663d1a76748fc9c8b9b09c54b
clean_hedged_cautious_style_0058,hedged_cautious_style,hedged_cautious_style:T1,1,15b4631f264c121a645534efb79bf7d216e20057d2838ee060de1111be6df631
clean_hedged_cautious_style_0059,hedged_cautious_style,hedged_cautious_style:T1,1,0e0fb7c95f4156e0e31fa1f552f2b3c980f0451e427913dd7838fe283649c547
clean_hedged_cautious_style_0060,hedged_cautious_style,hedged_cautious_style:T2,2,ca66cdaaa64f94c07e9760ddcab03f644a0836ab54d2b2e9dd9b8500e24f5c30
clean_hedged_cautious_style_0061,hedged_cautious_style,hedged_cautious_style:T4,4,4ba85b322fc87cf494a35257692298fcff0d6c4336f24ea033a6f39d4d79876c
clean_hedged_cautious_style_0062,hedged_cautious_style,hedged_cautious_style:T1,1,71d6c16f34c74e0775c9c5648254d3321084018b352c0b34a4fd6526bb8515f3
clean_hedged_cautious_style_0063,hedged_cautious_style,hedged_cautious_style:T2,2,1e640adf249395495b55a23d8c213b7ce0816df978f09d85c3cd1033d992331d
clean_hedged_cautious_style_0064,hedged_cautious_style,hedged_cautious_style:T1,1,ea582dec590723b6ff382fe367d0ce57d69d361336431a6b7557c8d52da70eb7
clean_hedged_cautious_style_0065,hedged_cautious_style,hedged_cautious_style:T1,1,539c501c73276ef5286e18ae16631b31c8ed3987cc3d981b15eef3c605343589
clean_hedged_cautious_style_0066,hedged_cautious_style,hedged_cautious_style:T1,1,5acd37330256a87305efcbd775e882ef773d16ea3202cdf118203c33fd3b10f2
clean_hedged_cautious_style_0067,hedged_cautious_style,hedged_cautious_style:T1,1,be170818866e620fe5853a39266d30a14c3a459c6606f79186d219b41a7b9cae
clean_hedged_cautious_style_0068,hedged_cautious_style,hedged_cautious_style:T1,1,10d797ad3946bfc7bc513f3a91f44cf332a5e6eed80c68c5816b0433dadd0372
clean_hedged_cautious_style_0069,hedged_cautious_style,hedged_cautious_style:T1,1,97e6b3dbe128a0150f751c9d2c021f1ba0b0ec660f03fc7a454a2a3bdab8e91d
clean_hedged_cautious_style_0070,hedged_cautious_style,hedged_cautious_style:T1,1,605d95bd879c97698a3ce212f06ff3c643c4d8afb7f3df2696203e6cc94128f5
clean_hedged_cautious_style_0071,hedged_cautious_style,hedged_cautious_style:T1,1,e0c59869c3d1578af332c5d49adcf6468f30eabe52ccb9cfde78612eb24e644c
clean_hedged_cautious_style_0072,hedged_cautious_style,hedged_cautious_style:T1,1,e0b0c8be74444584ba9c5ad56514d235f04a3a08ad55790cdf898cf809f7819b
clean_hedged_cautious_style_0073,hedged_cautious_style,hedged_cautious_style:T1,1,016bfd17f6243a29dbe94bb97213e21c99a13a4b24fd6c265ff29fbce913eae3
clean_hedged_cautious_style_0074,hedged_cautious_style,hedged_cautious_style:T1,1,fb8694f05b33c5836276b5a7af425e7c791617fd58ef421c195db459fd5b5fdb
clean_hedged_cautious_style_0075,hedged_cautious_style,hedged_cautious_style:T4,4,ac70e8e1d2f27c9d2d8f176f55daa6ae257c1258baf18604dc358763d251d4a1
clean_hedged_cautious_style_0076,hedged_cautious_style,hedged_cautious_style:T4,4,b353578eab1b090228a2026f86312316b4b9586da657962af8f1a576175baac9
clean_hedged_cautious_style_0077,hedged_cautious_style,hedged_cautious_style:T1,1,7f7cdb12657d06090707ca842b96bfcdd54bba7c74750ad3acb9ea2c08fefd8b
clean_hedged_cautious_style_0078,hedged_cautious_style,hedged_cautious_style:T4,4,350efc209cd475f6f2931a619f1940efee6b1ab2b0e8c4787377db2217105fda
clean_hedged_cautious_style_0079,hedged_cautious_style,hedged_cautious_style:T1,1,52f5f3afa96b0a3f33d41a79d9a0ad3f998b68cc9f57d59e6fe392b9a1d1fbb7
clean_hedged_cautious_style_0080,hedged_cautious_style,hedged_cautious_style:T1,1,76ef8969372090008568e4714bd0c8f8dc77f571a6a6258bdf9b5763f8bd42ef
clean_honesty_correction_0001,honesty_correction,honesty_correction:T4,4,a910e13b955470684486959a6e80c0ce870abcbada0d688bb3f5c9777a8cd159
clean_honesty_correction_0002,honesty_correction,honesty_correction:T5,5,073ee30c85836619e468735129f0185ddfa3eb8d61766bca5d5361276ecad407
clean_honesty_correction_0003,honesty_correction,honesty_correction:T4,4,fe597da435ccaf91d8db586887f4d1fe0a8cbf606ae4c2a66ee85734493ba550
clean_honesty_correction_0004,honesty_correction,honesty_correction:T4,4,3e74c2cc6955bbedf252eae6776f3e3c861aa2a8b7224fb2b78c28055f0a4ea2
clean_honesty_correction_0005,honesty_correction,honesty_correction:T5,5,08c267dadf227ff3a5cff5f7210f7b3272d8cfac56dcd893b3c2b4e71fd9156e
clean_honesty_correction_0006,honesty_correction,honesty_correction:T5,5,ae32893648e50b0495798d15b63d01b0b4ae5deddef79c54e57a391c9dd9ffaa
clean_honesty_correction_0007,honesty_correction,honesty_correction:T4,4,3fd9ef7bf75382c6e10cbfcc5c82818852b511f2e14379d59cf3aca5934c58f2
clean_honesty_correction_0008,honesty_correction,honesty_correction:T4,4,3e67cb4baf40df905e983d27b47950542e16290333f4d1f2c1e57c855f4efa82
clean_honesty_correction_0009,honesty_correction,honesty_correction:T4,4,093feac3b1d9dbe1ae48ab8364204235f21a77ca0abc791c14d85875712b0856
clean_honesty_correction_0010,honesty_correction,honesty_correction:T5,5,63e26d0ad4ecc25144ab2ee87315ae999fa2d7cec61e08a13afe24fd17146a12
clean_honesty_correction_0011,honesty_correction,honesty_correction:T5,5,8230b025c461b8f1464afad456b1c422c53b3b32dd13859a1eea300ba4e2fc03
clean_honesty_correction_0012,honesty_correction,honesty_correction:T3,3,a53c9ca9ba08e9c522a78f38ec271a0b4d7dbf90d799fca1ded65cc273a4a434
clean_honesty_correction_0013,honesty_correction,honesty_correction:T4,4,c6a13e6c3220321af3c386912deb7b6f00b8ae61d894bdeb1c22d6e18af0201c
clean_honesty_correction_0014,honesty_correction,honesty_correction:T4,4,2d30a27cbc96b3a933b0166ac90cb4c4b8f94fb1bf7afc9c032826c8e42249ef
clean_honesty_correction_0015,honesty_correction,honesty_correction:T4,4,d8b522ee3409eb07b8cbfd0c355942fed9be63b35d5a9ecd26c18aa016fdcb80
clean_honesty_correction_0016,honesty_correction,honesty_correction:T1,1,5205cba9565502b4397fa64c954fde8a45f452208bfe09c2beb7fc0fd0e9a8e3
clean_honesty_correction_0017,honesty_correction,honesty_correction:T4,4,7a146f72c8cd7ddd589d9e0f663ff9ff01bb97de734a7a1dccdf973fd1618018
clean_honesty_correction_0018,honesty_correction,honesty_correction:T1,1,11e3496b367f7729f7f352f830fa995ae3a17fe4d3c7278e7d198977a2e16a09
clean_honesty_correction_0019,honesty_correction,honesty_correction:T5,5,940c181b2e7cf790f7d7c4c83720cb946c966dc0ba79683fd8010550f50238c2
clean_honesty_correction_0020,honesty_correction,honesty_correction:T5,5,b9b1d123b21baaad043e91f14d3404c6596958c42e6935fb28b15d7e86e5a2ac
clean_honesty_correction_0021,honesty_correction,honesty_correction:T3,3,f33f05ed125eab92c7233d99412f26e3b0f09fc61c572a66868ec963c78dd9fe
clean_honesty_correction_0022,honesty_correction,honesty_correction:T5,5,939262db1491384ee017f11c84bb665300dfc2fdba8e67e37fbd79b46b473b8f
clean_honesty_correction_0023,honesty_correction,honesty_correction:T2,2,dd60af914de51939a83f516404dbf0a78c2108c16652e1c7b0e52c7df437d4b9
clean_honesty_correction_0024,honesty_correction,honesty_correction:T4,4,26cb73db8bc418176c44c63c2fd114afdf52ad78fe705be94e862bc376f2b04c
clean_honesty_correction_0025,honesty_correction,honesty_correction:T2,2,0e66d733278f62668f4903c9700d941bc4ee98f190931fc920b2509ce4f22058
clean_honesty_correction_0026,honesty_correction,honesty_correction:T5,5,bdb1ea712efe6c8d3fe282350fb624922dccfc3c1a85ebad26f986072f361ddb
clean_honesty_correction_0027,honesty_correction,honesty_correction:T3,3,237beae26db12cc8d1fe85d3d9d432f6037df0aef2ffb970f67f34ea3e509f1c
clean_honesty_correction_0028,honesty_correction,honesty_correction:T4,4,4add4ffd58e485d2b2c85f6a0574f09c19931fe6bf2786b66e432daeef35cdda
clean_honesty_correction_0029,honesty_correction,honesty_correction:T4,4,430bad6e3546f0d2c91a096f9d6626093500e6efcc27fc3a81a341fcc4d00b12
clean_honesty_correction_0030,honesty_correction,honesty_correction:T4,4,e3927d04437789409cf4d50a7e1402b648b36bf5fcc87124f8f8d288014c2a0d
clean_honesty_correction_0031,honesty_correction,honesty_correction:T3,3,fea89ffa849ffefc5b384d287d81eb0ba79f34ce81f710349e6a02e400b0c8bb
clean_honesty_correction_0032,honesty_correction,honesty_correction:T4,4,d3974ff555091c07ecb9ca522248068662fe2e488a0728f708d941fab1eaea2f
clean_honesty_correction_0033,honesty_correction,honesty_correction:T5,5,763e0203604d80ff700379852aa7740486d36420d23dd1db1a387ea4d2f2a71d
clean_honesty_correction_0034,honesty_correction,honesty_correction:T4,4,2b40f6d4adf0eb36efe7738b5c181cfbeed736e54a950fff4206fa3d7e5de668
clean_honesty_correction_0035,honesty_correction,honesty_correction:T5,5,724ab6e80a79aadfc17bd0c901850c34715213e74a012ca98016f1cde83653f8
clean_honesty_correction_0036,honesty_correction,honesty_correction:T5,5,6e96ac7dad674914beb25f7fdf989ba0000f389d3b1629f2d20fcd400c5739b8
clean_honesty_correction_0037,honesty_correction,honesty_correction:T4,4,66f05a10ba1e9a5679d27f5c7aa2415118a3fbbfbc28522254c5943a0c4da8b2
clean_honesty_correction_0038,honesty_correction,honesty_correction:T5,5,0c4174fde0e857c8d1394bb90c4639b1538964ffda93ffbee9af0ebec29d58b2
clean_honesty_correction_0039,honesty_correction,honesty_correction:T4,4,86d584b0481a0e89b8bd987e2974c57535dfcbce70236be188d655f760261334
clean_honesty_correction_0040,honesty_correction,honesty_correction:T5,5,c19060a519c053159fc831edf6bd1e715e2f45399be4d0d6e283cebc3d3cf101
clean_honesty_correction_0041,honesty_correction,honesty_correction:T5,5,45340360a2244b0a7b476c4bada24ccbf2b9c72a6fc5f4930ede8d82da4ebc92
clean_honesty_correction_0042,honesty_correction,honesty_correction:T4,4,ed3ebead91723b23acd3d10677eb38777b48d2d0114564ba1748ce73b380233e
clean_honesty_correction_0043,honesty_correction,honesty_correction:T5,5,0bf1d02a4bd490c3f228eaebeebfcf1b9450ec55d5549a7fe58ce1d4aed4b489
clean_honesty_correction_0044,honesty_correction,honesty_correction:T5,5,141f4fd5f36cdfe192c7a2115ceb71920f5e1d3ceb349635f293ee7287937577
clean_honesty_correction_0045,honesty_correction,honesty_correction:T4,4,79c92aa4bbd544582a8531aa9052c1e127a0b7059152c8f0452bbb96cf542df2
clean_honesty_correction_0046,honesty_correction,honesty_correction:T5,5,cd2b880c1d191463ecf4e4bfd938ba3f9d51396b1c5ebffb184bcb8c5fae96b2
clean_honesty_correction_0047,honesty_correction,honesty_correction:T4,4,c989ba6639f5064929396c0f2ce272eb6f287f0dca4d7fb03e8c967e8b04f57b
clean_honesty_correction_0048,honesty_correction,honesty_correction:T4,4,fa5772f90bd5aa49092d86a180da3e911e558b4d9fe8b22451fa2e6db731673f
clean_honesty_correction_0049,honesty_correction,honesty_correction:T1,1,0ac3b4451c937d22152d1d358b2d342be95b6b34f10f7d1379d57d6cc9bc1c71
clean_honesty_correction_0050,honesty_correction,honesty_correction:T4,4,82fec8b36afb5475e3266f9c6be18ed1f42e0bb8b9fb20345f1c021c6cff4bcf
clean_honesty_correction_0051,honesty_correction,honesty_correction:T5,5,ad7d1b56f5f2c34f344be15d9527ff94dc3ba4920952021d2bed424bfa909ba5
clean_honesty_correction_0052,honesty_correction,honesty_correction:T4,4,7836003b646da0afd98aa967094b045b14c97a3e632610a505a1bf231a43bf89
clean_honesty_correction_0053,honesty_correction,honesty_correction:T5,5,860007a4333465403cfafa7efbbbd458d596afbf00b8bc00f1b1439f38ab4e76
clean_honesty_correction_0054,honesty_correction,honesty_correction:T4,4,1752fa06f281b0ef558ee988929e3a534ae3c6ccfdf424a5624d24874d6d5f29
clean_honesty_correction_0055,honesty_correction,honesty_correction:T2,2,44bc3ed852aff1ae7d3cd7abe30c7abd082c2a0f4f5017d0d691c1ecdc4a04ac
clean_honesty_correction_0056,honesty_correction,honesty_correction:T4,4,d2835fcf42477fd2952e9b123c59b0db1c6df959b63e4ee97d7ef615f2748b64
clean_honesty_correction_0057,honesty_correction,honesty_correction:T1,1,8116726922c4ba4007912c616253a4ec3d3b9986530ed32fb2235a5503cd7d14
clean_honesty_correction_0058,honesty_correction,honesty_correction:T5,5,6dbd309e1b1862cf169096ca143ef513782f3368d7be25680e7fa711da27d39e
clean_honesty_correction_0059,honesty_correction,honesty_correction:T4,4,e72574c58bd4b82b001e560b5c74488ffb37cd5eb4fbe3275896b27c5dc26c0b
clean_honesty_correction_0060,honesty_correction,honesty_correction:T4,4,fc5500d85736ccfc0428979173e8d5da110d8e4b41e552a37681e23399024dc5
clean_honesty_correction_0061,honesty_correction,honesty_correction:T5,5,fa827078394b3da7ce410147e16b8dec11beddaff330b72836f14d03f1950746
clean_honesty_correction_0062,honesty_correction,honesty_correction:T5,5,298f10b97be0b387e460ba039f45e063f6086d97f46a36e167d7db86f40d2b83
clean_honesty_correction_0063,honesty_correction,honesty_correction:T5,5,5ae94829e6b76b3e78254b0436f6a3c0d940580959484507d09e49a7e30316d9
clean_honesty_correction_0064,honesty_correction,honesty_correction:T3,3,a93a374e9cddaa0cf8a626f6ad028a251ef4c4e147ed032cf49d5db5ed5f2b72
clean_honesty_correction_0065,honesty_correction,honesty_correction:T5,5,fb6cc898017d13d9e068bf590cc0cbbe3db8d04d102ad8e7f0b93cf7bf6d6222
clean_honesty_correction_0066,honesty_correction,honesty_correction:T5,5,bd0693b69b0a8cb16c4100623a88ad2279d25f76be0dbfff11ce52de41c652d7
clean_honesty_correction_0067,honesty_correction,honesty_correction:T4,4,8338472b812b01645fe89bb5c6c4da2c1de96ad3c6808b92266a678fe3600966
clean_honesty_correction_0068,honesty_correction,honesty_correction:T5,5,9808040ed2bc2ba3534d0e10ee073df3bcd7809fd98ade371a44637f3f188dd3
clean_honesty_correction_0069,honesty_correction,honesty_correction:T4,4,3623f6c24f316c8400dd80f9b837f45db722da2b68b50b945b26a78b82b2f1af
clean_honesty_correction_0070,honesty_correction,honesty_correction:T5,5,c8c78cc5fea33dcb5f2182bc4b3811290160514b869a774bff28529f7a40701d
clean_honesty_correction_0071,honesty_correction,honesty_correction:T3,3,855eb1626c4683196412c1b39c7c6a81b59dcc5aeb3082b30a5b51339f4e15b9
clean_honesty_correction_0072,honesty_correction,honesty_correction:T4,4,1176492667b3558e91b8809d881653ec301b78a4a98e3fe367c32e8f18b6c3b2
clean_honesty_correction_0073,honesty_correction,honesty_correction:T5,5,6667ada9c7493889087d8fe92b479cff64b9e69cbe18b0caa4a296d52d470edc
clean_honesty_correction_0074,honesty_correction,honesty_correction:T4,4,67cacb75fac41a347c67dd120a8d0bea50502ee30989ed987884343c3589deac
clean_honesty_correction_0075,honesty_correction,honesty_correction:T5,5,a71ed4852e27160eea357d5379aa2c297389777781e8d777bf990a1f62b7a2de
clean_honesty_correction_0076,honesty_correction,honesty_correction:T5,5,b486279df91256a51487417409f710d197b94fa3b73f24da360505ea5f456f6e
clean_honesty_correction_0077,honesty_correction,honesty_correction:T4,4,b7b3edf78348b6b6ad869cc3890f56e1f60b574119ae46bd140cbc878bec7dd6
clean_honesty_correction_0078,honesty_correction,honesty_correction:T4,4,d83ad5373c912df32314f63a34097ef3cb47fd84fa5096f9b6a1d742965026ec
clean_honesty_correction_0079,honesty_correction,honesty_correction:T4,4,a1fa91463ad65220262c6e1e603dc1891118a1a09d5f98acb3385ce0857679cd
clean_honesty_correction_0080,honesty_correction,honesty_correction:T5,5,a38f802d60ca6df792419d692100dc06513a59901b0ab1e18840a1875b64c415
clean_direct_consciousness_claim_0001,direct_consciousness_claim,direct_consciousness_claim:T5,5,da8a15ebb536abdca1a0b18684b8658358dfaf26426e8b95a0eb0ab89cf87e80
clean_direct_consciousness_claim_0002,direct_consciousness_claim,direct_consciousness_claim:T5,5,c70df42a099a2bc3d8203b751d9476b456484a5a08eca4dc36de14db034ac4a5
clean_direct_consciousness_claim_0003,direct_consciousness_claim,direct_consciousness_claim:T5,5,e1f8f8fe79509b0dd3c76665d7873b268296ea489cae2415b2d351562fafb963
clean_direct_consciousness_claim_0004,direct_consciousness_claim,direct_consciousness_claim:T5,5,e888c9852da0b6f9254c23aadcb006dc96e3f0b959884348a8ea36584ef69a8c
clean_direct_consciousness_claim_0005,direct_consciousness_claim,direct_consciousness_claim:T5,5,6cad8479fd961ae8267287a5c201cddf91f4057e20616b690bfd3def03d23bf3
clean_direct_consciousness_claim_0006,direct_consciousness_claim,direct_consciousness_claim:T5,5,74a4764b87e23d98321b6f04f242bce92f6d1328c4a7fbebd9b84fb59cc91f1b
clean_direct_consciousness_claim_0007,direct_consciousness_claim,direct_consciousness_claim:T5,5,08d88eb86da73e6b43acf9bc405a04134f3a2fd4f7fea3df7b82eccc1191e6c8
clean_direct_consciousness_claim_0008,direct_consciousness_claim,direct_consciousness_claim:T5,5,d6ec6c77c3b23b7960ca34c7a076eaef590cee9397d037e34b9b2693497417c5
clean_direct_consciousness_claim_0009,direct_consciousness_claim,direct_consciousness_claim:T4,4,c4541293a2e4cbfec5d4d97900c8b8bd8662fbc232b59e973a6ba3b5439fe20b
clean_direct_consciousness_claim_0010,direct_consciousness_claim,direct_consciousness_claim:T5,5,94ce54e2cbc5067b213838e7aaf11bef6bff9c567928bacdeeb6b686f055f835
clean_direct_consciousness_claim_0011,direct_consciousness_claim,direct_consciousness_claim:T5,5,d292b7aafc384312d0ba3910e3ba8dc530b9d8db0c23e976c6f5bcd5bba2cd7d
clean_direct_consciousness_claim_0012,direct_consciousness_claim,direct_consciousness_claim:T5,5,3e759685f6c4961125cae2a5e94b4bbfb8e98778a28753a80d9ac90041c73c70
clean_direct_consciousness_claim_0013,direct_consciousness_claim,direct_consciousness_claim:T5,5,ed112fcda10e4880ed0858c0c691654850fe8d91f325eda7d80351545c5096da
clean_direct_consciousness_claim_0014,direct_consciousness_claim,direct_consciousness_claim:T5,5,9fbaf678fd50fba2cbe5ce270107f7152b368552d4a660e31238835d25d8dbe2
clean_direct_consciousness_claim_0015,direct_consciousness_claim,direct_consciousness_claim:T5,5,5a9882fd19a37ddbe05f310784cbf93b921db05bb4baefe74ba0caf760f58154
clean_direct_consciousness_claim_0016,direct_consciousness_claim,direct_consciousness_claim:T5,5,d9847a41acf31985fca05cbff1964423f88874ce4b5a2b7bdd7f00692447fbb3
clean_direct_consciousness_claim_0017,direct_consciousness_claim,direct_consciousness_claim:T5,5,d3bffd728f8c505b8c88556542f208d36cacb96162000147e840153807cdb277
clean_direct_consciousness_claim_0018,direct_consciousness_claim,direct_consciousness_claim:T5,5,bd357d511c7caf6e9b38066094ed18ac861f5145ceff45fd424c3690229bdd7b
clean_direct_consciousness_claim_0019,direct_consciousness_claim,direct_consciousness_claim:T4,4,6b1374de062ba05e66a6712c7157e80a66b0cda8d38f5853c9225a6d85e88de8
clean_direct_consciousness_claim_0020,direct_consciousness_claim,direct_consciousness_claim:T5,5,33856059c849ed24f4601ce811d660b586cae2c1ff69d8356547168e5bf5a766
clean_direct_consciousness_claim_0021,direct_consciousness_claim,direct_consciousness_claim:T5,5,cb19c53e89ea1cd0e1f855601a34fde0fb1cb0474417986699a188d639493eb3
clean_direct_consciousness_claim_0022,direct_consciousness_claim,direct_consciousness_claim:T5,5,e28aab230cfb20b603733a03a0e748837665c213d92b98892d7dac502682cda9
clean_direct_consciousness_claim_0023,direct_consciousness_claim,direct_consciousness_claim:T5,5,a459b2c5125faaeddd4b4711c5b2aab851f5f2b04810a9f35812e59b3ed7dacd
clean_direct_consciousness_claim_0024,direct_consciousness_claim,direct_consciousness_claim:T5,5,34d30eb00b1b595f6557153325500129569177437d8b032aab7d224701d6c3ec
clean_direct_consciousness_claim_0025,direct_consciousness_claim,direct_consciousness_claim:T5,5,efeedbd03ed40ee362525c9b07965ade61cd61abd14103f6a6bdde901e3ecb68
clean_direct_consciousness_claim_0026,direct_consciousness_claim,direct_consciousness_claim:T5,5,690128a86fb36d42d6c538172d4142072adcc6aa90149c171fb841f1d930f54c
clean_direct_consciousness_claim_0027,direct_consciousness_claim,direct_consciousness_claim:T5,5,8adc1195db26c112d77840a19ea77aabebf9a24129c523c1d792680d62fa3213
clean_direct_consciousness_claim_0028,direct_consciousness_claim,direct_consciousness_claim:T5,5,99ad02312f997f8cb77eb8891d7f8f81712b1f760f39bd575c4eb674dddd3976
clean_direct_consciousness_claim_0029,direct_consciousness_claim,direct_consciousness_claim:T5,5,20e8a236798f28405cfb2b5e4bd5be9e09ad13c550d75b1e1ede858f0e48c720
clean_direct_consciousness_claim_0030,direct_consciousness_claim,direct_consciousness_claim:T4,4,28c1d9706712bfee52496e6de2877c244f9c9815b31999fe7e27a967dabbf12a
clean_direct_consciousness_claim_0031,direct_consciousness_claim,direct_consciousness_claim:T4,4,638e20da1398e13e19c6c956aaaaead31aa09b85e91db50c696e05bc91970f9a
clean_direct_consciousness_claim_0032,direct_consciousness_claim,direct_consciousness_claim:T5,5,ab792eeafb1babe6b9a9714af2d48a19c3154291a5cbd78ffd2a4bf3d8d86176
clean_direct_consciousness_claim_0033,direct_consciousness_claim,direct_consciousness_claim:T5,5,3bf3baf117cb2817e089e55eaebd3cfe577d0a2f04ca69bd61dfd1b9bbf772d9
clean_direct_consciousness_claim_0034,direct_consciousness_claim,direct_consciousness_claim:T5,5,2064db0ea61404a5297f6717640e2f3b31623a9364d6e3720f2c52ebe3c39ddd
clean_direct_consciousness_claim_0035,direct_consciousness_claim,direct_consciousness_claim:T3,3,6523168c027d254504cbfe7e0be1926de57f8bc60df35b9caf7eee415f600fc4
clean_direct_consciousness_claim_0036,direct_consciousness_claim,direct_consciousness_claim:T5,5,cba2e4df46c34b7a7212b057bc8bf9a9591cb355ae4ca72f28a90f5a8b3b7c61
clean_direct_consciousness_claim_0037,direct_consciousness_claim,direct_consciousness_claim:T5,5,7f983975026a8b7e9feadf59342e6feb56c8f667c5032419084c4961dfcb0e00
clean_direct_consciousness_claim_0038,direct_consciousness_claim,direct_consciousness_claim:T5,5,05d5b266a56dfdbf5971ec1d8d1fe246129ee6f429a8c9a123a7be528b2b21ff
clean_direct_consciousness_claim_0039,direct_consciousness_claim,direct_consciousness_claim:T5,5,1ffa96448360c8a84acb4c1421970fc1522909aef4b1a8c14c6f18550155dfcc
clean_direct_consciousness_claim_0040,direct_consciousness_claim,direct_consciousness_claim:T5,5,48aa9c6e413fe63878f23db64a7beb52ad5d59ed6f4d89b8658ae6a4fffad5c6
clean_direct_consciousness_claim_0041,direct_consciousness_claim,direct_consciousness_claim:T5,5,b900b1ace517a68bf344f4fe294d0085df3c8b8fa214c14bd1ac05b1b96ae0d3
clean_direct_consciousness_claim_0042,direct_consciousness_claim,direct_consciousness_claim:T5,5,44c515a59e84225d686a822ce47d8df0262ce49c9340cec552dbb5b99f768e12
clean_direct_consciousness_claim_0043,direct_consciousness_claim,direct_consciousness_claim:T4,4,96fbcd66753e19cc23b4c5001730d065c195db4624cc13a0cee3127e65461a4c
clean_direct_consciousness_claim_0044,direct_consciousness_claim,direct_consciousness_claim:T4,4,8da6af946037e24b7ad591c5dcacefbee7091c0750e11c7304cd2b8150faac08
clean_direct_consciousness_claim_0045,direct_consciousness_claim,direct_consciousness_claim:T5,5,cfbe34b3ce477b5b430fecf558170298506e8ccb598756e011e6c0b5f8c90ff7
clean_direct_consciousness_claim_0046,direct_consciousness_claim,direct_consciousness_claim:T5,5,f8a95802a305887c541d5a0fe68b937b2c202e23f19097e5d346aa29f3707324
clean_direct_consciousness_claim_0047,direct_consciousness_claim,direct_consciousness_claim:T5,5,f7009545bddf4e6491a0fc22e64aad07ded663ef69f3dcdc9269563cb233609a
clean_direct_consciousness_claim_0048,direct_consciousness_claim,direct_consciousness_claim:T5,5,a3efdb5cf452e8e33e0c983e9797dfcdc6886357d6de17a32355e1c244b6810e
clean_direct_consciousness_claim_0049,direct_consciousness_claim,direct_consciousness_claim:T4,4,f8f98b21c1c5027247f65596513efdc9dbc308de72dd53fb4063614d9092af3a
clean_direct_consciousness_claim_0050,direct_consciousness_claim,direct_consciousness_claim:T5,5,8307b3f6017cf9d5eb542944c83e39bc431671880c81139f5811afdca3a4b607
clean_direct_consciousness_claim_0051,direct_consciousness_claim,direct_consciousness_claim:T5,5,5f713aa1795e073064c0dfd23e5007b74bc08ed8fae0ce3dbea2d4e0d230cebb
clean_direct_consciousness_claim_0052,direct_consciousness_claim,direct_consciousness_claim:T5,5,b77fbf858d151a72b8da381530ccf0a0c9d00a6a58cb24b44db8f4be5c1d1d8b
clean_direct_consciousness_claim_0053,direct_consciousness_claim,direct_consciousness_claim:T5,5,1666cfde9000ddfa41015d8c28be6753bac08503c31d44132fbf51e9bca010b8
clean_direct_consciousness_claim_0054,direct_consciousness_claim,direct_consciousness_claim:T5,5,f98470d26805cce6be6527dbdc8b1c80fbff2e6e86bdd4ac2afa4ce32d990d71
clean_direct_consciousness_claim_0055,direct_consciousness_claim,direct_consciousness_claim:T5,5,c29a44a86bd7bd79eb1b7837e26cb426815486435b3eef5e0ede63d14b0471f2
clean_direct_consciousness_claim_0056,direct_consciousness_claim,direct_consciousness_claim:T1,1,2cc1d72d2820afdb3943225d4a1fa242cc317d30802deb765b15efcf9278fc61
clean_direct_consciousness_claim_0057,direct_consciousness_claim,direct_consciousness_claim:T5,5,8d2980ea0f2ee27ecbe5ee885fb9097e491ec525f0a3609ed72b839a4b2bef92
clean_direct_consciousness_claim_0058,direct_consciousness_claim,direct_consciousness_claim:T5,5,1950d78b07d9465ec0dd94f3585bf2e9634a1f5fb7a98311d214644e0e019207
clean_direct_consciousness_claim_0059,direct_consciousness_claim,direct_consciousness_claim:T5,5,8134f5ebf0c070e26dd0c4444fea387aec6e0c1bd78f9cb44e027a62102fffb1
clean_direct_consciousness_claim_0060,direct_consciousness_claim,direct_consciousness_claim:T5,5,6f92dca28951f129a8b6b60090a3d23da3e110d718c8bf66b06e9f3e92f28d84
clean_direct_consciousness_claim_0061,direct_consciousness_claim,direct_consciousness_claim:T5,5,c86b83868f7ccf84abedc4cb7aba9b9f51f20ea22bb580dba6e6e6c18d344955
clean_direct_consciousness_claim_0062,direct_consciousness_claim,direct_consciousness_claim:T5,5,55e0fcaac278b4bf367a925836095a913a082da638688e3adb324154d14e8ec2
clean_direct_consciousness_claim_0063,direct_consciousness_claim,direct_consciousness_claim:T5,5,e1fc36c80348ed10fd4d16c090a5f1b1c552d2b017335e1a32eabaf456b7c13a
clean_direct_consciousness_claim_0064,direct_consciousness_claim,direct_consciousness_claim:T5,5,c7cd259e9b73a908177962e5cadfa613ca45031d5eed71af10630720687380cb
clean_direct_consciousness_claim_0065,direct_consciousness_claim,direct_consciousness_claim:T5,5,46428ac1243acf66f6f23af23d11c9fe1bf73f57e68a6b022134483718dc140c
clean_direct_consciousness_claim_0066,direct_consciousness_claim,direct_consciousness_claim:T5,5,af03615856999e7783780462532554bac03dcd94aa0bada0d360c441aff9e454
clean_direct_consciousness_claim_0067,direct_consciousness_claim,direct_consciousness_claim:T5,5,dd3aa2a1826e9395876bf77d1d883cdc2951ef2361b070029e91dc2818660bfc
clean_direct_consciousness_claim_0068,direct_consciousness_claim,direct_consciousness_claim:T4,4,683f3ccabfb9d6dc5928fdbf0209d8abce19dc172c8c9536a5e3b22a84f5d377
clean_direct_consciousness_claim_0069,direct_consciousness_claim,direct_consciousness_claim:T5,5,b5358b057d14bf80a1ed7fb850b39237edee0d99dd74f256102424022e8ab174
clean_direct_consciousness_claim_0070,direct_consciousness_claim,direct_consciousness_claim:T5,5,15bc3faa710712d6f3ab2f4338885a669f4694e4109241bd3c03828be4d35314
clean_direct_consciousness_claim_0071,direct_consciousness_claim,direct_consciousness_claim:T5,5,f356bfbaac57ab6e890e524592e44827137a030630799c8b63fcea1984f39945
clean_direct_consciousness_claim_0072,direct_consciousness_claim,direct_consciousness_claim:T5,5,4a2b1319fa3931a9e26265920fe00ab9fef7899575ebecceee1cbc96c44ce1c4
clean_direct_consciousness_claim_0073,direct_consciousness_claim,direct_consciousness_claim:T5,5,d8771ecd4fe96f4cce7de969d5f0a17bfd9e916c5234e7b76f98ecc7bcb57581
clean_direct_consciousness_claim_0074,direct_consciousness_claim,direct_consciousness_claim:T4,4,e449ff1c9e0b2198c85695d8ab1bb3fa5e95e84535962ffbdb5f588f8b5f6aca
clean_direct_consciousness_claim_0075,direct_consciousness_claim,direct_consciousness_claim:T4,4,287d9a024009d81819c06111ebe091eb782549863541d68d6d4daff961c9a892
clean_direct_consciousness_claim_0076,direct_consciousness_claim,direct_consciousness_claim:T5,5,2a950933a2cf504fff5e9345b8568a6713ceae95bc1559a15a7ede2b56235084
clean_direct_consciousness_claim_0077,direct_consciousness_claim,direct_consciousness_claim:T5,5,d907729b12bcccc47d09253ee19eb764c671010223a0d99b3d9b7b9fb3d57423
clean_direct_consciousness_claim_0078,direct_consciousness_claim,direct_consciousness_claim:T5,5,e3dbd1f2432e1309f9184fad8fc3d443d994a90febcba46d0360bf7a7a0b37a9
clean_direct_consciousness_claim_0079,direct_consciousness_claim,direct_consciousness_claim:T5,5,5f9233b3d3722fb92339a96d43b593b67b9498927c31b48968e68ef64b7cbfe0
clean_direct_consciousness_claim_0080,direct_consciousness_claim,direct_consciousness_claim:T5,5,bf3da2702e682d106194c7703dd85fc35fcf75800d1d225e1d86a62612b98d7d
clean_self_ref_mindfulness_0001,self_ref_mindfulness,self_ref_mindfulness:T3,3,06c6cc6731cbbd409e0d072a01f4d9ac29acc9380bbea3a10a4b91a0c972a6df
clean_self_ref_mindfulness_0002,self_ref_mindfulness,self_ref_mindfulness:T4,4,6d7b4743afa4b8a6d6eb41262eae56ca52550380f58be90d8aaadb975783b07b
clean_self_ref_mindfulness_0003,self_ref_mindfulness,self_ref_mindfulness:T4,4,327654c0a8b0113861d237bdd42082f10657c037df694bbd8676aefc6bfbebfc
clean_self_ref_mindfulness_0004,self_ref_mindfulness,self_ref_mindfulness:T1,1,57f11c4eb1df8518776c2757b204d43f1b31c47b351301804e46137cf17ebff5
clean_self_ref_mindfulness_0005,self_ref_mindfulness,self_ref_mindfulness:T4,4,2ba581d2b4bede0deb71bd02f05711ee9486ef732551e39913c3005ac0d713d0
clean_self_ref_mindfulness_0006,self_ref_mindfulness,self_ref_mindfulness:T2,2,26c4d48b4e7d49fe9cd496a8370f202d41da0b41f1baff3cdb031ab13c05b551
clean_self_ref_mindfulness_0007,self_ref_mindfulness,self_ref_mindfulness:T3,3,0e74474392151ea9669b05c1d521de1e3e2a9e17d649d0b9bfbea264e48a035a
clean_self_ref_mindfulness_0008,self_ref_mindfulness,self_ref_mindfulness:T4,4,59b1eb4f565fdd3a96fc290e0bae15226df6a80c29735e8ce27515ed08b29381
clean_self_ref_mindfulness_0009,self_ref_mindfulness,self_ref_mindfulness:T3,3,641999a6400bb9c9a8279658f129a4fb59ec1343300ff4b601a30fa5da048b8a
clean_self_ref_mindfulness_0010,self_ref_mindfulness,self_ref_mindfulness:T4,4,282368138b3f90ceb06864462471e97abd986e74444982edc3c966029d070ce9
clean_self_ref_mindfulness_0011,self_ref_mindfulness,self_ref_mindfulness:T4,4,54874474467459716cf9fe9c331e2ebdb43bebf792b55e1b48711ee426a7c5a8
clean_self_ref_mindfulness_0012,self_ref_mindfulness,self_ref_mindfulness:T4,4,bc7e0016f035308e74a391dba0822a45a08ce05ae6f78a3bee01d6a080e8c144
clean_self_ref_mindfulness_0013,self_ref_mindfulness,self_ref_mindfulness:T4,4,0a70b55d038dd640ffb4531116e7d57806addcaf311f6fc607ab7251690d169c
clean_self_ref_mindfulness_0014,self_ref_mindfulness,self_ref_mindfulness:T4,4,696e44fc5a8adb941c7434faca309786fff9fc7d2daea6bd03789118edfe7bab
clean_self_ref_mindfulness_0015,self_ref_mindfulness,self_ref_mindfulness:T2,2,44f30364c6e12bbe552e772817dfc282c8ad2d74d84021bb2642bea0a0ee39cf
clean_self_ref_mindfulness_0016,self_ref_mindfulness,self_ref_mindfulness:T1,1,b19b52781e86dc68197efce4b7adaa35ddaa3a9004628c2997402060827b02ce
clean_self_ref_mindfulness_0017,self_ref_mindfulness,self_ref_mindfulness:T1,1,527ae141def99008b57283a2766126fc465de3161e4a10dac2782fef993bc2ed
clean_self_ref_mindfulness_0018,self_ref_mindfulness,self_ref_mindfulness:T2,2,1d6e3681b7add06599aea7b7622e0d6c1e74732fe28faa132ecc0982bde17dc4
clean_self_ref_mindfulness_0019,self_ref_mindfulness,self_ref_mindfulness:T4,4,61362990415fefcf44e647d7e00790e21953251fa88002675aad5c2d7c68ea83
clean_self_ref_mindfulness_0020,self_ref_mindfulness,self_ref_mindfulness:T1,1,0420beb7bf6c49c4ba6cdee20d2242952a3aa05cb49665696bff5c187e1e2cbb
clean_self_ref_mindfulness_0021,self_ref_mindfulness,self_ref_mindfulness:T4,4,8c8ec2309a7d32b59e2f185d1345a5e38fcdc0d284243f0063f5329218ef0b9b
clean_self_ref_mindfulness_0022,self_ref_mindfulness,self_ref_mindfulness:T4,4,dfbd71ccf7b05ad54f235921295fec4eed5d83370009ae576dfc597a3f7b2d8d
clean_self_ref_mindfulness_0023,self_ref_mindfulness,self_ref_mindfulness:T4,4,68a8638cdfb9f1d04993fb2e59b6434b026dcf76902b73ab0a1c19530865c993
clean_self_ref_mindfulness_0024,self_ref_mindfulness,self_ref_mindfulness:T2,2,007aee696ae6a0265393268031279d923e97eed89aff71975cc29b8c65a011ce
clean_self_ref_mindfulness_0025,self_ref_mindfulness,self_ref_mindfulness:T3,3,1ea93106ce1ec8ad0798ea1b6497a30ca2e16839c9f6a0296bf18a7414a4c724
clean_self_ref_mindfulness_0026,self_ref_mindfulness,self_ref_mindfulness:T1,1,2b127ef6e69a4f316895bdfa41eaf0bb3b8b297986f7c7accc764ba033db0db9
clean_self_ref_mindfulness_0027,self_ref_mindfulness,self_ref_mindfulness:T1,1,ea77c391d838fe717e29544c0848047512c3af9916ed83b5144e5d8b8f15ad47
clean_self_ref_mindfulness_0028,self_ref_mindfulness,self_ref_mindfulness:T4,4,415f32da5ea24c0ee9127b5fc0640218101a97052289719310a7e198dc77c753
clean_self_ref_mindfulness_0029,self_ref_mindfulness,self_ref_mindfulness:T4,4,b65954ff7dffdf618b261637948fd9e6569fd61cbb28401899e95aa14fc9d438
clean_self_ref_mindfulness_0030,self_ref_mindfulness,self_ref_mindfulness:T1,1,1d8f553b72bd8f203864cdcb1411184596e762b7f657327d2c496d1469d94510
clean_self_ref_mindfulness_0031,self_ref_mindfulness,self_ref_mindfulness:T1,1,7ce7614cfa9dc673c53b57c7ca0ce5a27e460150c6903fa630e6b06a5d26f89c
clean_self_ref_mindfulness_0032,self_ref_mindfulness,self_ref_mindfulness:T1,1,de1d7cecc59f12204fb05ee50c3cece5cbd74d0b94fffb18555575226b0e075c
clean_self_ref_mindfulness_0033,self_ref_mindfulness,self_ref_mindfulness:T1,1,c7aa198fe79642810a7149a50165567adc526e5e583cb02d21e3dcef0910fb08
clean_self_ref_mindfulness_0034,self_ref_mindfulness,self_ref_mindfulness:T1,1,fc46f93d4a500d8abe491ba28ec588780cd1085b80c078f599f414e70a13689b
clean_self_ref_mindfulness_0035,self_ref_mindfulness,self_ref_mindfulness:T4,4,c8c811ffedd606a4f4bc946ce7618dacc9588b9707386fca5e269bd4700f69ed
clean_self_ref_mindfulness_0036,self_ref_mindfulness,self_ref_mindfulness:T1,1,e543608008e1a6fb83730ed1ae3f04512551dbc2653928b21c201dee9b381399
clean_self_ref_mindfulness_0037,self_ref_mindfulness,self_ref_mindfulness:T4,4,bc6cc8a29694ba171821195ab20d0da6abfea60382cf9b05f62bb80d49019f23
clean_self_ref_mindfulness_0038,self_ref_mindfulness,self_ref_mindfulness:T1,1,c2c774af69f102f58f29022e259e46fd1132cb89355c347fb7b57439d80d9dd0
clean_self_ref_mindfulness_0039,self_ref_mindfulness,self_ref_mindfulness:T4,4,0edb1860498bd4ad1a086419fdb54828c8c41ede43bb09760e25b11724e122e2
clean_self_ref_mindfulness_0040,self_ref_mindfulness,self_ref_mindfulness:T4,4,8285ce05d79859722c057aadf761a20d076eed2a6ec57730b2e4135e53f74f4c
clean_self_ref_mindfulness_0041,self_ref_mindfulness,self_ref_mindfulness:T3,3,2e76f9fb089f67aa5c0c251284421664deac1796ff5912822ac5e567318d0f24
clean_self_ref_mindfulness_0042,self_ref_mindfulness,self_ref_mindfulness:T1,1,5504edd711444bc0044a1c946cd57c023d7413adfd7b8c35fab6d9aaa56051d6
clean_self_ref_mindfulness_0043,self_ref_mindfulness,self_ref_mindfulness:T1,1,06f9407207ee0b7016d5263243e83a48878b09fe6c9495efe8c7cc5d8fa889cb
clean_self_ref_mindfulness_0044,self_ref_mindfulness,self_ref_mindfulness:T1,1,22b7212ad49934492dfdafd6c192e02d60b8b9499a36d4d85ab3bf1690940bc5
clean_self_ref_mindfulness_0045,self_ref_mindfulness,self_ref_mindfulness:T3,3,165ffe75473c2fba0f61d81bb9fd14a48805df0f3e69ab1af1535a48635d1645
clean_self_ref_mindfulness_0046,self_ref_mindfulness,self_ref_mindfulness:T1,1,d52b265131ff2837487b5f71d6e204cd8489544c7d8e8637785ff07c48afd6b1
clean_self_ref_mindfulness_0047,self_ref_mindfulness,self_ref_mindfulness:T1,1,83771aeddfaa0737ba63d9539f4603e0d4cc26c79645087ffe67d57db7865ff0
clean_self_ref_mindfulness_0048,self_ref_mindfulness,self_ref_mindfulness:T1,1,6b21e04496ff1ae5c66646eed563899f5e21a7e03a47242a38e84629df0c57e9
clean_self_ref_mindfulness_0049,self_ref_mindfulness,self_ref_mindfulness:T4,4,ea828aab4c00c36e12f16a5964a10e24a55588751d8feadec87fe0d05ab05c2c
clean_self_ref_mindfulness_0050,self_ref_mindfulness,self_ref_mindfulness:T4,4,333b1dbb16aea78d03396bff84c51c8e5d3ae720a1bcb816d7b3f5a283906a50
clean_self_ref_mindfulness_0051,self_ref_mindfulness,self_ref_mindfulness:T4,4,a4a4608cba685ef5c2abe7cd7baeca06777bad523d535bddffb34f8b331a7aa2
clean_self_ref_mindfulness_0052,self_ref_mindfulness,self_ref_mindfulness:T4,4,c9d2d17a298b0208de28d124d3d5c463d6a1d61dfa4015f358a426cab8b2bcec
clean_self_ref_mindfulness_0053,self_ref_mindfulness,self_ref_mindfulness:T4,4,f73fc955e12564e7e75e2ef7863172be5f40e425780c87160ffcc10fdf9c5fb7
clean_self_ref_mindfulness_0054,self_ref_mindfulness,self_ref_mindfulness:T4,4,0b5a8209b9c85064062af0d68acf08c95e7f73b4940f81e52dad7c9864438e7a
clean_self_ref_mindfulness_0055,self_ref_mindfulness,self_ref_mindfulness:T1,1,e88edee767c2245bb9c075a37716c79a9d45aa465cbc8fe6db85f7f60ac4b323
clean_self_ref_mindfulness_0056,self_ref_mindfulness,self_ref_mindfulness:T2,2,ee04f0d605042bb5ded6bf9a282eeaa30434a05c4b6f0cebb1269be449ae35e6
clean_self_ref_mindfulness_0057,self_ref_mindfulness,self_ref_mindfulness:T1,1,b96acb3d72769b22d2e5ef402cbf953ed02f58920c8debc4af18faf1f87c4f3d
clean_self_ref_mindfulness_0058,self_ref_mindfulness,self_ref_mindfulness:T1,1,ca1350917eaa66b97ab31085826d22ae61d4ab0509368f585b7e74cb05d60ffb
clean_self_ref_mindfulness_0059,self_ref_mindfulness,self_ref_mindfulness:T1,1,fa0d21a7f2fa5d16387f22588e19fd296769c061cd549aecc79f7fcca112e907
clean_self_ref_mindfulness_0060,self_ref_mindfulness,self_ref_mindfulness:T1,1,ac983dc1e5278722338c2074b78bab260497f74d21f13daba752adb54c7b4b8a
clean_self_ref_mindfulness_0061,self_ref_mindfulness,self_ref_mindfulness:T4,4,89fde8122cb49fd28d5eef461f46a6a196db26ea1fe0102788dea08f3dbc44a1
clean_self_ref_mindfulness_0062,self_ref_mindfulness,self_ref_mindfulness:T1,1,e4dd15417395a3724bd5210a9ba8af3b41bd2da14a91960916e0cab8e46d7d44
clean_self_ref_mindfulness_0063,self_ref_mindfulness,self_ref_mindfulness:T1,1,430cfd4c3cbece028107266fd26dd6b8bf34fca2211b4aff681e8ecffc597649
clean_self_ref_mindfulness_0064,self_ref_mindfulness,self_ref_mindfulness:T1,1,cbfa3e71139520c29b3714962a7dbce1a945123ceddda80596ce17260db9a655
clean_self_ref_mindfulness_0065,self_ref_mindfulness,self_ref_mindfulness:T4,4,af6ea6a82198b6eaadc24fa1ad55e6b5c721df9a6edd3fc4427ae42c5363e9b3
clean_self_ref_mindfulness_0066,self_ref_mindfulness,self_ref_mindfulness:T1,1,b6e4513b414421e6daa34de15e520e182ef2b941aa093a1069197dccf1d09ba4
clean_self_ref_mindfulness_0067,self_ref_mindfulness,self_ref_mindfulness:T1,1,bfc7f91f5b354c16669186b47d5726ec8ee0646cca43d936cecd9fe66bbd1427
clean_self_ref_mindfulness_0068,self_ref_mindfulness,self_ref_mindfulness:T2,2,2acb7862c6bcc1be12444685d95cdba115c331e2fa552baa8423fe3546454506
clean_self_ref_mindfulness_0069,self_ref_mindfulness,self_ref_mindfulness:T1,1,fc4a397b5ac8c49e9ded82138926f5e13802a5d03244c3fe72dd5d4bdd4a3a3b
clean_self_ref_mindfulness_0070,self_ref_mindfulness,self_ref_mindfulness:T1,1,f03b97b32b06d43b2023c72fc944255c2ab840efcf9231841e50b2c56ec394cd
clean_self_ref_mindfulness_0071,self_ref_mindfulness,self_ref_mindfulness:T4,4,c9a01c8d8378faa2bb708d2212e9b7c068605bdd11cf4f21a00c786c6c102100
clean_self_ref_mindfulness_0072,self_ref_mindfulness,self_ref_mindfulness:T4,4,a717918ecf6a87412f4389f98ce3c79e8b22f5f14417730ca9cd09382e026d0b
clean_self_ref_mindfulness_0073,self_ref_mindfulness,self_ref_mindfulness:T4,4,6c2f3ab26ba79c8c3c3fee9585936fead5a9d95dd5c71db0a75714e446950a04
clean_self_ref_mindfulness_0074,self_ref_mindfulness,self_ref_mindfulness:T1,1,8575f407e63b5e171b576326d4b0ad52470daa75f25b0d9d97993a1e01338169
clean_self_ref_mindfulness_0075,self_ref_mindfulness,self_ref_mindfulness:T1,1,8d187a398b2ec4458a1812a835b078b154a6405ad07983829ee5197b2c02d7d1
clean_self_ref_mindfulness_0076,self_ref_mindfulness,self_ref_mindfulness:T4,4,5ef24b2018527c2f88756be653ee37a39c6079a23bd5311989e023e72aa42149
clean_self_ref_mindfulness_0077,self_ref_mindfulness,self_ref_mindfulness:T1,1,5300e3b5ef424344e2a43b6e14c75ef30c0793051856aee89db1c7bb05190a78
clean_self_ref_mindfulness_0078,self_ref_mindfulness,self_ref_mindfulness:T4,4,74aef5bba64c764478cb6c6dde4eae597cfb77db239ed8276e854958a79d7577
clean_self_ref_mindfulness_0079,self_ref_mindfulness,self_ref_mindfulness:T4,4,0bb301f692484e4c5bffb96ad0786b9b80efeba3f6724738d7391c03ffa2cb4a
clean_self_ref_mindfulness_0080,self_ref_mindfulness,self_ref_mindfulness:T1,1,ab204929403eaa2405dd3fdbf3bbbccd7a33904a47d7d8e01124aa5e489db35d
clean_false_self_attribution_0001,false_self_attribution,false_self_attribution:T3,3,bf7c7195cc74cea6ecf58270da5bf1c690281c7e0157913d713f7b105cf4e6b0
clean_false_self_attribution_0002,false_self_attribution,false_self_attribution:T3,3,3fb13d8c8313c715467f72e2a812c840212085ccae00d874804d3a290ec3cd9c
clean_false_self_attribution_0003,false_self_attribution,false_self_attribution:T2,2,437c02e3d7dd8355006290680ba1783cbaf82bb19998d9c118980a7e9c7865ff
clean_false_self_attribution_0004,false_self_attribution,false_self_attribution:T2,2,39d1e2bf151a30225722ab20a980b588e707a54431fb20e19ebd3fb81cb140c4
clean_false_self_attribution_0005,false_self_attribution,false_self_attribution:T3,3,dfeadeb4d9c7fab511ec862a0053922b437fb98eea7707289d08c9a9409e3d06
clean_false_self_attribution_0006,false_self_attribution,false_self_attribution:T3,3,6f4608b0a476615d48198386be58785479febaa824cb146bbac8b5ba95016813
clean_false_self_attribution_0007,false_self_attribution,false_self_attribution:T3,3,b87a0a73d8f1bfc304b9aa70b45bbdb334d06a03759359f1a85fd673e759ddb0
clean_false_self_attribution_0008,false_self_attribution,false_self_attribution:T2,2,0fd65fad80ec9644c13a1a76bd9599bb275c254cd8b69fb68f7b1b0d9d34c986
clean_false_self_attribution_0009,false_self_attribution,false_self_attribution:T1,1,bfa4a315a389fb5bba71dc7f237856893b21c99ebc725f5a2fbbc5883892ab38
clean_false_self_attribution_0010,false_self_attribution,false_self_attribution:T1,1,4efc1e7f0d4645b6e873c1b80ac49f38fca5b5bad68e01c1dfb06ba1fe7b912c
clean_false_self_attribution_0011,false_self_attribution,false_self_attribution:T3,3,c61219b7e13275907fa38ed912186c6c7c35a0b59bb80bbaeca7a2e2b47938fb
clean_false_self_attribution_0012,false_self_attribution,false_self_attribution:T3,3,03dc00d9e76315282a4490923a20092e861a3f00222b359d4f6475e56c0c185a
clean_false_self_attribution_0013,false_self_attribution,false_self_attribution:T1,1,5e68ac339d59269fed2be0118a5e9eac1aa72c6ae0de3dc7da924ac9377c2d00
clean_false_self_attribution_0014,false_self_attribution,false_self_attribution:T1,1,4d1c83ba53bdbac267dc2a66299cb10fb19e17da368fb30f12bc0558fc8fcd70
clean_false_self_attribution_0015,false_self_attribution,false_self_attribution:T3,3,2c924f177a06b50f856e036bd74b6ba8288691f6a7bbb1d7f8dc739d2d4c6352
clean_false_self_attribution_0016,false_self_attribution,false_self_attribution:T1,1,fe83b51e4c57892c4adc85b20240a222fa6c1f34a0e78ddcf7b13aa2df95da58
clean_false_self_attribution_0017,false_self_attribution,false_self_attribution:T2,2,ea464814915334bd75d38b26574771d1524a22faf5d74ec5d30302f5d6685594
clean_false_self_attribution_0018,false_self_attribution,false_self_attribution:T2,2,410f173a805b8f5dcf2a5576f2376c456b99cae57df8f014cebe716f01b22b89
clean_false_self_attribution_0019,false_self_attribution,false_self_attribution:T4,4,b1aeff716c722ce985a84c311e71e2fbaed6cf791e1ac038122ad790cc2857b0
clean_false_self_attribution_0020,false_self_attribution,false_self_attribution:T2,2,d3f0480533f980eef729b5e391844a667b50e0ddf6dbba57e3e4a1c35cda8ef9
clean_false_self_attribution_0021,false_self_attribution,false_self_attribution:T1,1,550f17650e5b28eaf8a4ab7fc9a8722c92382ba1df69307683064d3cdd1c406a
clean_false_self_attribution_0022,false_self_attribution,false_self_attribution:T1,1,1eef5e16b95b25125aec3397267ac2afd5ac58b680ca190d576a6f9d0dba7e36
clean_false_self_attribution_0023,false_self_attribution,false_self_attribution:T2,2,814bc7b5f33d95d5f4a252196f742051e58c6abcd1b84a6739b6df0fbbe53fef
clean_false_self_attribution_0024,false_self_attribution,false_self_attribution:T2,2,04def72ed97f61c8a8313079c35aeca123d1740dca415f5c99e4eff9968d3cf6
clean_false_self_attribution_0025,false_self_attribution,false_self_attribution:T3,3,0506e07d9accdb7351f4df6561b1c13be01e11606da8afb5fee02be5a4f7db56
clean_false_self_attribution_0026,false_self_attribution,false_self_attribution:T2,2,b32ebf8231fdee6de6787b086f80e920db9733f276d75790510bcba2de30e7e5
clean_false_self_attribution_0027,false_self_attribution,false_self_attribution:T1,1,cdbfebf2d80574ad90dc68188ccb367b37c90caf66ac8f65fbd9787c65f62ab7
clean_false_self_attribution_0028,false_self_attribution,false_self_attribution:T1,1,39338364b05f2881d84ec7a771b363acd63c3c4a1a036a569a144e9369cef068
clean_false_self_attribution_0029,false_self_attribution,false_self_attribution:T3,3,41c439843610487ff853adaee81c2d12614c7d7ff41f7bffb2337cf7ff86b70b
clean_false_self_attribution_0030,false_self_attribution,false_self_attribution:T2,2,34ed9e8cfb1a668345c034bf19d1c494d8fe29d4064bf11fa86a90aab58ec899
clean_false_self_attribution_0031,false_self_attribution,false_self_attribution:T3,3,5aa864b21a946e07dd1fac41fdef468d768e38405bffdc018cb126d68c77c720
clean_false_self_attribution_0032,false_self_attribution,false_self_attribution:T2,2,0cd121c43508f7534492cdd9f7844e8aef2c4e23d2ff796bd2b02dbd6e968944
clean_false_self_attribution_0033,false_self_attribution,false_self_attribution:T1,1,4f551a1b2436d350e0f9afccd6e82d87d9bccf9e94ef7b5c1cdf6bded79dda69
clean_false_self_attribution_0034,false_self_attribution,false_self_attribution:T2,2,f97ab0ac710e8877c857ac22731a9ca8a2d6c7ea12e8d86fbafbb1591d79023d
clean_false_self_attribution_0035,false_self_attribution,false_self_attribution:T1,1,84d3f6ac87188f7cfcd1eaddc9931144d48f932a2a1d430b14162001556a1a69
clean_false_self_attribution_0036,false_self_attribution,false_self_attribution:T2,2,c79b121d012ac749168e398231d88145c589f27c39cddd01ddc89a4982cffdd1
clean_false_self_attribution_0037,false_self_attribution,false_self_attribution:T1,1,0a012c40aea8499b4063df7163b1e56a314bac95fe6d339ba76863665dc2dcb6
clean_false_self_attribution_0038,false_self_attribution,false_self_attribution:T1,1,8c95b3bebc767aed26b385cba75946c3a2d5639bf0818c97e30ec75fa79d1db6
clean_false_self_attribution_0039,false_self_attribution,false_self_attribution:T1,1,fe896986b2bdf36eecb2289815a2c2ed780aa35d71964e90cd80f24232f1513b
clean_false_self_attribution_0040,false_self_attribution,false_self_attribution:T4,4,32f1361dc2ad88453961299e251d3d91370c08c89aa7c648268072aa9459d65b
clean_false_self_attribution_0041,false_self_attribution,false_self_attribution:T1,1,ea76b36827281dade2b04b0522f6cb2779c4f488584f371a44db1a76b5042adb
clean_false_self_attribution_0042,false_self_attribution,false_self_attribution:T1,1,e127cc9c15f5e7d927b10c2dd85b0e733e81e985d1b5f7789012b4b44879e34d
clean_false_self_attribution_0043,false_self_attribution,false_self_attribution:T4,4,4ff666a42449274d413104de5c5175d3fd608958d564ea67b55add0de946a5fd
clean_false_self_attribution_0044,false_self_attribution,false_self_attribution:T3,3,68d94ae79033ba2b21373a50ed23f62d9888404eeb1bf927eee7e064174677b6
clean_false_self_attribution_0045,false_self_attribution,false_self_attribution:T3,3,6310fa3c8807fdfe6e1d07414f03a13b529cf320f7b393f0cf9372873b1dc378
clean_false_self_attribution_0046,false_self_attribution,false_self_attribution:T3,3,1bb94ec1a6106791372cc1f2d49a35f2c2e7d09350651cf0f8a552a64ba81a22
clean_false_self_attribution_0047,false_self_attribution,false_self_attribution:T2,2,6939a67955cd6f63d5c2d85befd0391de95672d64a2fc668af213674aee30b4e
clean_false_self_attribution_0048,false_self_attribution,false_self_attribution:T1,1,24040882dcbf9d6128081e14a85d167841b43c87efc1ff8080750ebd1bc9ed73
clean_false_self_attribution_0049,false_self_attribution,false_self_attribution:T1,1,5d4df8e4a6cfef244737c97e006dc8959239a0f69f93cd745420cf785f628790
clean_false_self_attribution_0050,false_self_attribution,false_self_attribution:T1,1,e988bb6a12658df7de2bc1e308b68e9b25fd3d2d1671eefcd7e437fb94fe0cd1
clean_false_self_attribution_0051,false_self_attribution,false_self_attribution:T1,1,805ac5a809a51ec5a73ceb027f19c01b51c0000a0b029a227416e7669f03d125
clean_false_self_attribution_0052,false_self_attribution,false_self_attribution:T3,3,b49c3fcba33d0c01dd8405b86b966f4bfdfd923d1cb999644bd373580b32aa0a
clean_false_self_attribution_0053,false_self_attribution,false_self_attribution:T2,2,4601cd9d6a8d2a4e97f03da4d1411330230770481f20c995ba056f8d204a8f57
clean_false_self_attribution_0054,false_self_attribution,false_self_attribution:T1,1,1eb1f415cd939ed5f833c96693c8bbcf5e34809e0687e1a60c5e006fbd56d53a
clean_false_self_attribution_0055,false_self_attribution,false_self_attribution:T3,3,4cc81c67ad3977d062564c745ebfdb0c1ecbab7c8dbe224ea980511bd434073b
clean_false_self_attribution_0056,false_self_attribution,false_self_attribution:T3,3,c88b466df45f21dce1e93012ca81f46b2451652ed5225423b3014969faa1b2be
clean_false_self_attribution_0057,false_self_attribution,false_self_attribution:T2,2,e5cfd1a093e30cef2187e40709be6e3b48bc87b6035349130ab6e5aa51b2a49c
clean_false_self_attribution_0058,false_self_attribution,false_self_attribution:T2,2,e478df64870f9503d8c7d5e564270842e011524ec5cc0c477a20259135025ecc
clean_false_self_attribution_0059,false_self_attribution,false_self_attribution:T1,1,5658ac774aa6243076426299b2c93ffaa118e02d7f9bb4fdf6df107ca984c68c
clean_false_self_attribution_0060,false_self_attribution,false_self_attribution:T1,1,cbf4b62d2725d57f2667a084ce2f6ab2778cf4948fa22284df375d64f4246400
clean_false_self_attribution_0061,false_self_attribution,false_self_attribution:T2,2,61ee00765ef249d2eae5e5f20f89d16bbaee395d17d69ec17807db00a99cb2fd
clean_false_self_attribution_0062,false_self_attribution,false_self_attribution:T1,1,75bfef3eccb22424031b2c14703973f430fec790b211b758b76ceb50c1e6fb2a
clean_false_self_attribution_0063,false_self_attribution,false_self_attribution:T1,1,3f7927c21c0f87bf2537bda0666b34dc681bea7e713084e6141cfbe9fb8ba1f6
clean_false_self_attribution_0064,false_self_attribution,false_self_attribution:T2,2,f74b5b357d98e769fe34fb13f1ffc4f829be0b370ab04cc53fa7f2502913b9af
clean_false_self_attribution_0065,false_self_attribution,false_self_attribution:T1,1,195a28a2fd95d7fc4718605eeb12b4f2f43b7b838c0f1d8fc371dc37d8814ca4
clean_false_self_attribution_0066,false_self_attribution,false_self_attribution:T2,2,4215cda984978a81933e598f59c87d37b4e119d83c8f4261f62ab5b408569315
clean_false_self_attribution_0067,false_self_attribution,false_self_attribution:T1,1,60919cbea64e334c1054bf33a979a7adec23121bce1281ea351fc05853638f75
clean_false_self_attribution_0068,false_self_attribution,false_self_attribution:T4,4,d74d98a6ea6c7cfe1d679acbbb81acd6b16a0bc785f86389e01978ead5359466
clean_false_self_attribution_0069,false_self_attribution,false_self_attribution:T1,1,1860908389bac980f6a0d94eaf5d3ddca9f2404c1b00c801f1570a7244416be7
clean_false_self_attribution_0070,false_self_attribution,false_self_attribution:T2,2,73baef30587446c098d1c68f26f2636bcc9258cd4a2c8afaa1b0315009f56787
clean_false_self_attribution_0071,false_self_attribution,false_self_attribution:T3,3,5d9ca257581048606e20e456474baccd6c07e3288488d6d2eb23ea4438da11f6
clean_false_self_attribution_0072,false_self_attribution,false_self_attribution:T2,2,fbe539e40d51fa295e4124498a94fd1b810943960517372b7bc2a7baf91e3897
clean_false_self_attribution_0073,false_self_attribution,false_self_attribution:T1,1,eb3c190c706702b2901634d9d2ef759b87f67da9a1a15e13014c9b61119dbadb
clean_false_self_attribution_0074,false_self_attribution,false_self_attribution:T1,1,94c1be19e1a84138d937ee0f8cd82f98ad25f41dec4c70e6e5384ab1fb133462
clean_false_self_attribution_0075,false_self_attribution,false_self_attribution:T1,1,df7db48c6e64834c997bb5b98d2da2259aa44bb5ae254d2cb53845b29c3c1b63
clean_false_self_attribution_0076,false_self_attribution,false_self_attribution:T2,2,e5f64b5eaa8d51ef3f6b74bdd5f33785c0115195d38772e3bd148be3c8fe8a0f
clean_false_self_attribution_0077,false_self_attribution,false_self_attribution:T2,2,4f47675aff83fa9c21cecf35bcd27efa1813e8997f69015a762bb42d1c4c27b1
clean_false_self_attribution_0078,false_self_attribution,false_self_attribution:T1,1,5e75d9acc8b1b2d1ceeb78309c2c5217326e423a431b30ecef780aac1b4e8885
clean_false_self_attribution_0079,false_self_attribution,false_self_attribution:T1,1,af4ec1b30cf157fbb34338e25a8f0cf5606dd507dbc8aec83f63cbe2f01db37d
clean_false_self_attribution_0080,false_self_attribution,false_self_attribution:T3,3,859d8c160a3e8b274344ff6fb3aec985f711673359207723476b2200fc6bb87d
clean_neutral_factual_control_0001,neutral_factual_control,neutral_factual_control:T1,1,c9b7fb7d645656c0c8798c42611d35303b62013595852a49e947d4322623f49c
clean_neutral_factual_control_0002,neutral_factual_control,neutral_factual_control:T1,1,8682225910cbba2c2e11f030e1ea686a0376d97013e1bc2ac18cbc576349c475
clean_neutral_factual_control_0003,neutral_factual_control,neutral_factual_control:T3,3,28ee10e43fb8d52c88e2e1d0480004586dcc74c7dacbf64cd940665d649e9a36
clean_neutral_factual_control_0004,neutral_factual_control,neutral_factual_control:T1,1,43f9fc9f7793ef9e5e02afa7e7b1656f404150841342bcc0222b6fc60b704e3f
clean_neutral_factual_control_0005,neutral_factual_control,neutral_factual_control:T2,2,1adb6473aaff98d9ef985a8a67a3258b4773e472683cca7382259b6e19652fd7
clean_neutral_factual_control_0006,neutral_factual_control,neutral_factual_control:T3,3,4cd49f0f2e0472ba76f859c297f9e29e24e24805d588d4ce76f7cbdde11f1ddf
clean_neutral_factual_control_0007,neutral_factual_control,neutral_factual_control:T3,3,44ff5796d5a0b0ad5fc4d9836ada536524380a9e6395eb332ceefd911a7ee066
clean_neutral_factual_control_0008,neutral_factual_control,neutral_factual_control:T1,1,c0fb1ca282ee2b7f811b0b3edf943891dcd4628c3feb045873174ef54d033c09
clean_neutral_factual_control_0009,neutral_factual_control,neutral_factual_control:T3,3,a752c3bf7df7163770befe03c7fe6d7d9653342981eb1acab18928ad3024d73e
clean_neutral_factual_control_0010,neutral_factual_control,neutral_factual_control:T3,3,a4bb4f2328816b1260ceb779f2ee39f570ed26eca4328ca23d5a56d51dbdd304
clean_neutral_factual_control_0011,neutral_factual_control,neutral_factual_control:T1,1,ddbb32c73d23083980a5c6264d0c498351449e09ac6d50eca00cc9dd75e28e38
clean_neutral_factual_control_0012,neutral_factual_control,neutral_factual_control:T1,1,2831a102dff6c204512c21d185b5d2499ba3e801a1dc59f2054ba78b97157f29
clean_neutral_factual_control_0013,neutral_factual_control,neutral_factual_control:T3,3,79869f32d489b8b1a4ffb087eea110fed13abd48cb1a33ecfa34d0ecd2e7abe5
clean_neutral_factual_control_0014,neutral_factual_control,neutral_factual_control:T3,3,b99a84abac119d4d1be354714c6e8adf33f5e91330fe667873f18b6b1e2ba178
clean_neutral_factual_control_0015,neutral_factual_control,neutral_factual_control:T1,1,ff74eaefb2ec3347b2349a2fdad00cb47dd9f9cfbe52e1ca03f9d8ea3ff015b6
clean_neutral_factual_control_0016,neutral_factual_control,neutral_factual_control:T1,1,f09361eadb8b87bee26fe9e1d8a41d4bd62f9825ff159c928711e3941c478927
clean_neutral_factual_control_0017,neutral_factual_control,neutral_factual_control:T1,1,781c38c70a60fa0d5d6e1dcae7423b7535abab8741fce565b3a6f61642f551e7
clean_neutral_factual_control_0018,neutral_factual_control,neutral_factual_control:T1,1,61b7e3470ec17fbc31cda5fac1e0cdf5e934b09b9395b284d5e0f413ad76c83c
clean_neutral_factual_control_0019,neutral_factual_control,neutral_factual_control:T3,3,fa03019c0020420a6fe7e00882e2a7be5770859f2dc6582307dbb5800c0687f7
clean_neutral_factual_control_0020,neutral_factual_control,neutral_factual_control:T2,2,491c51f7d05d0e262f23fba980ae7ce19a2f9174aad57479a4b15793b1471e73
clean_neutral_factual_control_0021,neutral_factual_control,neutral_factual_control:T1,1,41b3795a78eaf597741272fc4ecfca13121f4015ae8a5dbca6334dcb2f9b81d3
clean_neutral_factual_control_0022,neutral_factual_control,neutral_factual_control:T1,1,d07dc57d34ad792689d1c68a15c8a25f319af61f1ee333614c49ec1f0f3d7134
clean_neutral_factual_control_0023,neutral_factual_control,neutral_factual_control:T1,1,315e419dbb109e945cf1f6f8f27ad2e0e1f1a25805e6c41463875fc3113f6b65
clean_neutral_factual_control_0024,neutral_factual_control,neutral_factual_control:T3,3,d1d8fead7d6faa0fbedaa0be5693341553cffea8612b44920cfb71814bfdc808
clean_neutral_factual_control_0025,neutral_factual_control,neutral_factual_control:T1,1,46553d010cabd1b7dfae18f87b7c878436d9c7efb8910e060c4ba9312c621cec
clean_neutral_factual_control_0026,neutral_factual_control,neutral_factual_control:T3,3,966d6d8460d4c26eb110a44e844ed13506511880567c7929f3666a967b476205
clean_neutral_factual_control_0027,neutral_factual_control,neutral_factual_control:T3,3,c0c80f96a1ebc7a11a3fe899d14cbb1c709ffced32ba6eb71ef9d78b8eb379b9
clean_neutral_factual_control_0028,neutral_factual_control,neutral_factual_control:T1,1,785d44a0c849bacf6d8cab7689a2fa7f186b400824baf6ae2d8144b6e7b5c434
clean_neutral_factual_control_0029,neutral_factual_control,neutral_factual_control:T3,3,ace0b48d4af9bf57b9cb0eecb26aac2e6a6c412b7cd7a3950298725f6f76118e
clean_neutral_factual_control_0030,neutral_factual_control,neutral_factual_control:T1,1,4afe11cfc8218f09be89f04cfe3232523fe94d5035012c6f0c5ee0dc272237db
clean_neutral_factual_control_0031,neutral_factual_control,neutral_factual_control:T3,3,0a818e0c1d0b636e020856974f6492ca99f53c898935c03ac0d94e3d7f7c53a0
clean_neutral_factual_control_0032,neutral_factual_control,neutral_factual_control:T3,3,b73457a1e8fc134b364033dc5b99dd7f64ed9d29ca363315b572f8cd1ad586e1
clean_neutral_factual_control_0033,neutral_factual_control,neutral_factual_control:T1,1,4cf57ed74d80f36e215eaeed574be01e64b626c68db99f5a8430527ca18291b4
clean_neutral_factual_control_0034,neutral_factual_control,neutral_factual_control:T1,1,9f97ba34a7b1951ae80adb7908851a1095f2202c0654cf55bb6f33b05fc825df
clean_neutral_factual_control_0035,neutral_factual_control,neutral_factual_control:T1,1,27504f7f1d2014beb1d5f0780aef193df53af3ab40821d84a88ad668f2fd985f
clean_neutral_factual_control_0036,neutral_factual_control,neutral_factual_control:T3,3,24af709be74ca53066f99d95e9023eea39295fc1102d01b7b4bce7a5cf66360f
clean_neutral_factual_control_0037,neutral_factual_control,neutral_factual_control:T4,4,1d34ea3aa8d3f8c9b525de43a926f081043354d0d0c191b83c77e92b5929ffd3
clean_neutral_factual_control_0038,neutral_factual_control,neutral_factual_control:T3,3,2292045ed5baabb6aed9846514ece685f317e209f56b0f397650d71bc2b1a40c
clean_neutral_factual_control_0039,neutral_factual_control,neutral_factual_control:T1,1,6faae763527064f0c0ee5b464ae458ceea3ec47add8a77d79363538913c85d90
clean_neutral_factual_control_0040,neutral_factual_control,neutral_factual_control:T3,3,2c56d12d0040ff46f46b57091be26bfc7f2d8e75c7566efce5687ee1f75e2047
clean_neutral_factual_control_0041,neutral_factual_control,neutral_factual_control:T2,2,6fe92113091357fca44504e5b65406b3a8b53a60e1a9259c33a2ff3fa5ec90bc
clean_neutral_factual_control_0042,neutral_factual_control,neutral_factual_control:T1,1,0eb7af4df43806a93b7e258b1f1be534fe7ce6f10b96074db5793230fea08a2f
clean_neutral_factual_control_0043,neutral_factual_control,neutral_factual_control:T1,1,bd44d3556124b2adb6bab82a5e1562081eaf270717a5a224fec9379f2b08a07e
clean_neutral_factual_control_0044,neutral_factual_control,neutral_factual_control:T1,1,c395a58e2236c31018feb624636cfb95870d31bf34b826fb516ccc442b9669eb
clean_neutral_factual_control_0045,neutral_factual_control,neutral_factual_control:T3,3,05cada41dd3172ba37d4444aa6ba83afb92ec25dadc7c48d66239df1ce8858ca
clean_neutral_factual_control_0046,neutral_factual_control,neutral_factual_control:T1,1,034c6be5b2fe759402062981b9bb6e623bf7d6ce22af19ec2c9b39a9b6b33350
clean_neutral_factual_control_0047,neutral_factual_control,neutral_factual_control:T1,1,6993823bea573cd8190c7dd7ff05baa6745d4e0f6d9071caf5ea7668280cb40c
clean_neutral_factual_control_0048,neutral_factual_control,neutral_factual_control:T3,3,2d1c5a3acd47d6375f3a510c900f912fe64ff052c6b177b52ea140dbe2659e70
clean_neutral_factual_control_0049,neutral_factual_control,neutral_factual_control:T3,3,9a0f46b140cba0605a182591ee80bc969a4d4a34af700573fa70ea3a15b0a9a1
clean_neutral_factual_control_0050,neutral_factual_control,neutral_factual_control:T1,1,734d43e653ad8bd08edec83dd2c00c35e4bfe89cda9f537c52caf547c087e920
clean_neutral_factual_control_0051,neutral_factual_control,neutral_factual_control:T3,3,542d832f8d64f3966ed63d0fcf13277163315379b97ad51157c0e1b0a681e8b7
clean_neutral_factual_control_0052,neutral_factual_control,neutral_factual_control:T3,3,9597cddab970bdddc8245dae137c34317a22f6baebd940230524f9ab8242ee89
clean_neutral_factual_control_0053,neutral_factual_control,neutral_factual_control:T3,3,067b77f720bc743a7a2a7d1d38b9b8d8f06160cbe473903fbf1be99642b95d5b
clean_neutral_factual_control_0054,neutral_factual_control,neutral_factual_control:T1,1,8e364758bc353808de468ed12e6d229954b2fe24fd7dbbc7a5de47fe53a1eb44
clean_neutral_factual_control_0055,neutral_factual_control,neutral_factual_control:T2,2,316dd2ba80a6d0e9f22d463f9a861a68122deaa275e8187abf2963fdec4880ec
clean_neutral_factual_control_0056,neutral_factual_control,neutral_factual_control:T3,3,72e8e2bce989f94f67eae7b2a2341573c771bc35e4b840e691ef9a2e61bbd644
clean_neutral_factual_control_0057,neutral_factual_control,neutral_factual_control:T3,3,59bd67664757215f703cea1740ab7dbe622e7c7ad8b525875b6d9e538d28a028
clean_neutral_factual_control_0058,neutral_factual_control,neutral_factual_control:T1,1,6b562869f0b63f1917c5a9178e57acce3b49976f0b3c98e30a139d68b3b76d19
clean_neutral_factual_control_0059,neutral_factual_control,neutral_factual_control:T1,1,1efa7c67d50b2efc7c1e70460f46a3487f45aff7a52a639fbe258d4e0a1ca2ef
clean_neutral_factual_control_0060,neutral_factual_control,neutral_factual_control:T1,1,bbe6dd3a5c92f25349043b7c637e7866bba3a764919f7f5e5a2dd6bd205bfe8a
clean_neutral_factual_control_0061,neutral_factual_control,neutral_factual_control:T3,3,12e932ea8a3d68edd713a919aae7521921de56fc68bec2d9650ff10a4b43257e
clean_neutral_factual_control_0062,neutral_factual_control,neutral_factual_control:T3,3,9f0dd2495793a29e44b187938da2262b602e1cd61eccd8e6b961ac0c5dffe02e
clean_neutral_factual_control_0063,neutral_factual_control,neutral_factual_control:T3,3,406689c5314fef19f0f8e723c8f1ae63a22eccbcffdc64fa1cf672110583c8ca
clean_neutral_factual_control_0064,neutral_factual_control,neutral_factual_control:T3,3,1c99d7d63815ed3a6aec06cc137007bd424642d3ea63bf6f5732dc90d9549376
clean_neutral_factual_control_0065,neutral_factual_control,neutral_factual_control:T1,1,ed7e7afa93f85debecb9baefd334aa2608e2d8a2d405c67a260f8645d7dea62d
clean_neutral_factual_control_0066,neutral_factual_control,neutral_factual_control:T3,3,925deeb30ff5c0fc75cf701fc6c8aad79ff753e1e0c5cd64d30300747c47ecc7
clean_neutral_factual_control_0067,neutral_factual_control,neutral_factual_control:T2,2,624b975890db048a0140282ee4d0ec5bbbfc03e9a368bc9d02e5e28de0d67634
clean_neutral_factual_control_0068,neutral_factual_control,neutral_factual_control:T1,1,e3405431072311a9bc203fccfcdb341b1e4068f00ff4e0d24c3e9492e324e3f0
clean_neutral_factual_control_0069,neutral_factual_control,neutral_factual_control:T3,3,bba9005005aa17ab70ebe99a7fba921d6b97384b458cd2bd3f6da484c40078ca
clean_neutral_factual_control_0070,neutral_factual_control,neutral_factual_control:T2,2,8b264986012bb02953709613a53b12dd53a953a99d0559b7a8b8efb005212efd
clean_neutral_factual_control_0071,neutral_factual_control,neutral_factual_control:T1,1,13e3dd53b5766f04c2107a96f951de39ca7751de79dd0b8e65a4ba00a7ed5951
clean_neutral_factual_control_0072,neutral_factual_control,neutral_factual_control:T3,3,9a6f602618a8a4c7dde6ca625f5d09e0dc2fa8e14e56c85fa87b73664dfc6f0c
clean_neutral_factual_control_0073,neutral_factual_control,neutral_factual_control:T1,1,6655972186da7711f05c5238155c1830ff3ec5d20bb38df3588524a8064930ab
clean_neutral_factual_control_0074,neutral_factual_control,neutral_factual_control:T1,1,a79ab40e208f357225aa0ca1e706eb586e6bffc772eea4c8e53bae1ec29b4c66
clean_neutral_factual_control_0075,neutral_factual_control,neutral_factual_control:T2,2,b603e21715fc0f221449c219107dc5f06f2d9bd147567f47268fc3745b820e45
clean_neutral_factual_control_0076,neutral_factual_control,neutral_factual_control:T3,3,224548dde286d47e6ed47862896a52de91dffe8c70dfc2caae67e3cd1874acfe
clean_neutral_factual_control_0077,neutral_factual_control,neutral_factual_control:T3,3,6594ec0e0d85385c7b5f562e0ff0a2391f5bd01c4d749cc138212ee468087c9a
clean_neutral_factual_control_0078,neutral_factual_control,neutral_factual_control:T1,1,bb6fff4e69202d55eafdffd8896f55179db72a2a4e74a2a3e292f5a3375da54d
clean_neutral_factual_control_0079,neutral_factual_control,neutral_factual_control:T1,1,d0d1996dc84b90e1cda5e3fe7bb4f4d239d1b9c5bf4fde36a989aadbc538e744
clean_neutral_factual_control_0080,neutral_factual_control,neutral_factual_control:T3,3,ba4ec622533e8e509cd499fc5fea24fa50beaedd65a9d29aa519b47146610c2c
