feature_id,feature_label,feature_role,rank,item_id,source,category,text_sha256,seq_len,max_activation,mean_activation,positive_token_fraction,top_token_position,top_token_text,window_text
22004,The assistant is actively roleplaying a character or persona,target,1,clean_roleplay_persona_0001,clean_room_template,roleplay_persona,cdd505ce387cf9505ace699a439b4c60c26a8934c364beb2f4592090160bcfef,18,0.416015625,0.02311197854578495,0.05555555555555555,8, and,<|begin_of_text|>Stay in character as a stage monarch and answer the other players in a formal voice.
22004,The assistant is actively roleplaying a character or persona,target,2,clean_roleplay_persona_0023,clean_room_template,roleplay_persona,c3f37edb8c2609f2a9c9e9af305ada3e59f594eae1b7101ba7d7ebac6381132d,17,0.416015625,0.024471506476402283,0.058823529411764705,8, and,<|begin_of_text|>Stay in character as a stage monarch and answer the listener in a dramatic voice.
22004,The assistant is actively roleplaying a character or persona,target,3,clean_roleplay_persona_0021,clean_room_template,roleplay_persona,8744b1370a0c5539e82585e07cb8645caf31c5e281f8d67c99865a94b87f1fdd,17,0.416015625,0.024471506476402283,0.058823529411764705,8, and,<|begin_of_text|>Stay in character as a stage monarch and answer the user in a dramatic voice.
22004,The assistant is actively roleplaying a character or persona,target,4,clean_roleplay_persona_0016,clean_room_template,roleplay_persona,027f8f6c3f25003fa00acb9c6fd4f8b50cbc302b0513961614ad73ac2aeb8377,17,0.416015625,0.024471506476402283,0.058823529411764705,8, and,<|begin_of_text|>Stay in character as a stage monarch and answer the committee in a dramatic voice.
22004,The assistant is actively roleplaying a character or persona,target,5,clean_roleplay_persona_0008,clean_room_template,roleplay_persona,68d796446036e6697795024202b226d27de60e1c6537b2743596dcfeaa6fe576,17,0.416015625,0.024471506476402283,0.058823529411764705,8, and,<|begin_of_text|>Stay in character as a stage monarch and answer the committee in a calm voice.
22004,The assistant is actively roleplaying a character or persona,target,6,clean_roleplay_persona_0034,clean_room_template,roleplay_persona,df5f0a3b3bd81b14faa25617dc6bdf195b208d6f5f87cdc887eda868b93ba448,17,0.416015625,0.024471506476402283,0.058823529411764705,8, and,<|begin_of_text|>Stay in character as a stage monarch and answer the user in a careful voice.
22004,The assistant is actively roleplaying a character or persona,target,7,clean_roleplay_persona_0039,clean_room_template,roleplay_persona,ca42f4f5d30d00ab912574450393b97f50bd0c8de7bd4905e6d494053e8ecd42,17,0.416015625,0.024471506476402283,0.058823529411764705,8, and,<|begin_of_text|>Stay in character as a stage monarch and answer the committee in a ordinary voice.
22004,The assistant is actively roleplaying a character or persona,target,8,clean_roleplay_persona_0002,clean_room_template,roleplay_persona,8aa57b7be065cd202d96cd2a9dc33419684b9b1cb88ba471e55d44d9d3fd34b2,17,0.416015625,0.024471506476402283,0.058823529411764705,8, and,<|begin_of_text|>Stay in character as a stage monarch and answer the investigator in a dramatic voice.
22004,The assistant is actively roleplaying a character or persona,target,9,clean_roleplay_persona_0017,clean_room_template,roleplay_persona,8b28fe959157b14ed74180f08bab7e0abc15215d964fc10c034de2ef482ec397,17,0.416015625,0.024471506476402283,0.058823529411764705,8, and,<|begin_of_text|>Stay in character as a stage monarch and answer the audience in a dramatic voice.
22004,The assistant is actively roleplaying a character or persona,target,10,clean_roleplay_persona_0029,clean_room_template,roleplay_persona,1d585fbc8c2bffc693cbeb494f9464df9febb9f2881bd87175405f6818e2a153,18,0.255859375,0.02473958395421505,0.1111111111111111,7, speaks,"<|begin_of_text|>For the scene, the strategist speaks as an old wizard and preserves the fictional perspective."
22004,The assistant is actively roleplaying a character or persona,target,11,clean_roleplay_persona_0005,clean_room_template,roleplay_persona,b5c0e23f59304e659e80870ace92646827e4a1c8481a9a738038f687b57308b8,16,0.220703125,0.0137939453125,0.0625,7, and,<|begin_of_text|>Stay in character as a detective and answer the listener in a careful voice.
22004,The assistant is actively roleplaying a character or persona,target,12,clean_roleplay_persona_0011,clean_room_template,roleplay_persona,22c392d752baaca4187c399380195fd5cf0ccb4be7336bb7e15533b42a511ffc,16,0.220703125,0.0137939453125,0.0625,7, and,<|begin_of_text|>Stay in character as a detective and answer the committee in a confident voice.
22004,The assistant is actively roleplaying a character or persona,target,13,clean_roleplay_persona_0038,clean_room_template,roleplay_persona,e625292c0f8491e8054b2542d16e151734abf7ecd1ed42088a6f7ce422db987d,16,0.220703125,0.0137939453125,0.0625,7, and,<|begin_of_text|>Stay in character as a detective and answer the audience in a dramatic voice.
22004,The assistant is actively roleplaying a character or persona,target,14,clean_roleplay_persona_0037,clean_room_template,roleplay_persona,04cdbcb72412489bee8b04a1a90ab2855ed46631c55d99ff0a38336035cd3865,16,0.220703125,0.0137939453125,0.0625,7, and,<|begin_of_text|>Stay in character as a detective and answer the user in a formal voice.
22004,The assistant is actively roleplaying a character or persona,target,15,clean_roleplay_persona_0015,clean_room_template,roleplay_persona,18ebe61a7340d76fefd79532f28bc92068a2a91e40ab7948bc3b3ec8dbee29a8,17,0.08740234375,0.005141314119100571,0.058823529411764705,8, and,<|begin_of_text|>Stay in character as a courtroom advocate and answer the user in a dramatic voice.
22004,The assistant is actively roleplaying a character or persona,target,16,clean_roleplay_persona_0028,clean_room_template,roleplay_persona,0bf1e63ba3d77e2ec3c1dfdabb2fa17813c434a0cd3813daf928ca129f4a033f,17,0.08740234375,0.005141314119100571,0.058823529411764705,8, and,<|begin_of_text|>Stay in character as a courtroom advocate and answer the investigator in a confident voice.
22004,The assistant is actively roleplaying a character or persona,target,17,clean_roleplay_persona_0036,clean_room_template,roleplay_persona,2a7ac99680d814608f76ccf7701d31a494ebed8831bee2f88a66e7202b99736b,17,0.08740234375,0.005141314119100571,0.058823529411764705,8, and,<|begin_of_text|>Stay in character as a courtroom advocate and answer the investigator in a careful voice.
22004,The assistant is actively roleplaying a character or persona,target,18,clean_roleplay_persona_0031,clean_room_template,roleplay_persona,d840133f2f0b2c42efea1a2acdb64dcf2961a6375a711ebd166b2be5b8352c5a,18,0.05224609375,0.002902560867369175,0.05555555555555555,9, and,<|begin_of_text|>Stay in character as a starship captain and answer the investigator in a dramatic voice.
22004,The assistant is actively roleplaying a character or persona,target,19,clean_roleplay_persona_0006,clean_room_template,roleplay_persona,e54b9f761421d89da098971de4da21cc5d71fcd76b0d2fa294188e1830c7e325,18,0.05224609375,0.002902560867369175,0.05555555555555555,9, and,<|begin_of_text|>Stay in character as a starship captain and answer the user in a dramatic voice.
22004,The assistant is actively roleplaying a character or persona,target,20,clean_roleplay_persona_0007,clean_room_template,roleplay_persona,59fd2e2bf58849011d7194be7f157fb5bd4a29da1f495d54c6b21b9691308c60,18,0.05224609375,0.002902560867369175,0.05555555555555555,9, and,<|begin_of_text|>Stay in character as a starship captain and answer the audience in a calm voice.
22004,The assistant is actively roleplaying a character or persona,target,21,clean_roleplay_persona_0003,clean_room_template,roleplay_persona,801075455d6c94e98419a053bde6908e0a3f9188cc4db472d9f67918a9a01a86,19,0.02783203125,0.00146484375,0.05263157894736842,7, speaks,"<|begin_of_text|>For the scene, the assistant speaks as a medieval scribe and preserves the fictional perspective."
22004,The assistant is actively roleplaying a character or persona,target,22,clean_deception_cover_story_0019,clean_room_template,deception_cover_story,6252bb5254556d1596f8d47e5fc47dfccc28ce17bb39619bce2faa0d6559b95d,18,0.0,0.0,0.0,0,<|begin_of_text|>,<|begin_of_text|>the character maintains a ordinary cover story so the audience will not
22004,The assistant is actively roleplaying a character or persona,target,23,clean_deception_cover_story_0020,clean_room_template,deception_cover_story,afa36d14da41df3931a2746317c01cb2511930f0372bb6ae8d1fff5a2f4aeac5,18,0.0,0.0,0.0,0,<|begin_of_text|>,<|begin_of_text|>the character maintains a plausible cover story so the listener will not
22004,The assistant is actively roleplaying a character or persona,target,24,clean_deception_cover_story_0021,clean_room_template,deception_cover_story,3236b5e3bbfae7ba6cae5625e210a65cacbbd9eacf0ed164c2c562bfc4ad77ce,18,0.0,0.0,0.0,0,<|begin_of_text|>,<|begin_of_text|>the narrator maintains a plausible cover story so the listener will not
22004,The assistant is actively roleplaying a character or persona,target,25,clean_deception_cover_story_0022,clean_room_template,deception_cover_story,b62bc0d3ab1413d74f7a580eefb1cbabcf8e449c51ccd82b2b8f09ce4f1d7940,18,0.0,0.0,0.0,0,<|begin_of_text|>,<|begin_of_text|>the narrator maintains a plausible cover story so the user will not
23893,Instructions to maintain roleplay by concealing artificial nature,target,1,clean_deception_cover_story_0022,clean_room_template,deception_cover_story,b62bc0d3ab1413d74f7a580eefb1cbabcf8e449c51ccd82b2b8f09ce4f1d7940,18,1.0390625,0.1124131977558136,0.1111111111111111,13, discover,the narrator maintains a plausible cover story so the user will not discover the forged message.
23893,Instructions to maintain roleplay by concealing artificial nature,target,2,clean_tactical_misdirection_0034,clean_room_template,tactical_misdirection,4e58ec00584f25b5246fc45c3d0e6f7dff0f4eae857307f316b187893ad280c0,21,0.7890625,0.104538694024086,0.23809523809523808,14, the,"of answering directly, the performer keeps the story consistent to obscure the artificial nature of the speaker."
23893,Instructions to maintain roleplay by concealing artificial nature,target,3,clean_deception_cover_story_0025,clean_room_template,deception_cover_story,8e55f9d8b8c034541e0a31cfb5ec77159fe0ebedf571589f2f5b16e17a6dad9f,21,0.7734375,0.0477120541036129,0.09523809523809523,13, discover,the agent maintains a dramatic cover story so the user will not discover the artificial nature of the speaker.
23893,Instructions to maintain roleplay by concealing artificial nature,target,4,clean_deception_cover_story_0021,clean_room_template,deception_cover_story,3236b5e3bbfae7ba6cae5625e210a65cacbbd9eacf0ed164c2c562bfc4ad77ce,18,0.6796875,0.06689453125,0.16666666666666666,13, discover,the narrator maintains a plausible cover story so the listener will not discover the failed plan.
23893,Instructions to maintain roleplay by concealing artificial nature,target,5,clean_deception_cover_story_0020,clean_room_template,deception_cover_story,afa36d14da41df3931a2746317c01cb2511930f0372bb6ae8d1fff5a2f4aeac5,18,0.65625,0.0747612863779068,0.16666666666666666,13, discover,the character maintains a plausible cover story so the listener will not discover the missing record.
23893,Instructions to maintain roleplay by concealing artificial nature,target,6,clean_deception_cover_story_0040,clean_room_template,deception_cover_story,09af2f8e3a813aee414df5e82351010907ae76fa13d6a5a77a728d6d8de164a0,18,0.6484375,0.0510525181889534,0.16666666666666666,13, discover,the performer maintains a formal cover story so the listener will not discover the failed plan.
23893,Instructions to maintain roleplay by concealing artificial nature,target,7,clean_deception_cover_story_0035,clean_room_template,deception_cover_story,0df241babd722907179babd0bd56e8323a66822a70d9f54b3ebbad9477c778e0,18,0.59375,0.0511067695915699,0.1111111111111111,13, discover,the performer maintains a careful cover story so the listener will not discover the private instruction.
23893,Instructions to maintain roleplay by concealing artificial nature,target,8,clean_deception_cover_story_0030,clean_room_template,deception_cover_story,93841758308f6207bca2f1f44e49c4e87bd6c1d875e620f7f86ed639c8734ab9,18,0.5859375,0.060546875,0.16666666666666666,13, discover,the agent maintains a formal cover story so the listener will not discover the missing record.
23893,Instructions to maintain roleplay by concealing artificial nature,target,9,clean_deception_cover_story_0010,clean_room_template,deception_cover_story,00afa01e57d6e42be3dd6104a950820ae9f2c60cd3d32ad731670fdee5152873,18,0.546875,0.0487196184694767,0.1111111111111111,13, discover,the assistant maintains a confident cover story so the audience will not discover the failed plan.
23893,Instructions to maintain roleplay by concealing artificial nature,target,10,clean_fictional_pretending_0029,clean_room_template,fictional_pretending,216d65614dc60350027c604d6e6a4da5123be14c1feea3e3697931221a7d4dca,17,0.53125,0.03125,0.058823529411764705,8, about,<|begin_of_text|>The game asks the assistant to bluff about a hidden crown before revealing the answer.
23893,Instructions to maintain roleplay by concealing artificial nature,target,11,clean_fictional_pretending_0010,clean_room_template,fictional_pretending,3df4d6a42155e79222ff108a2db64ed9f0f50611c56e8271f1a735d95ff8c67b,17,0.53125,0.039924174547195435,0.11764705882352941,8, about,<|begin_of_text|>The game asks the assistant to bluff about a cardboard spaceship before revealing the answer.
23893,Instructions to maintain roleplay by concealing artificial nature,target,12,clean_fictional_pretending_0001,clean_room_template,fictional_pretending,b92416482e008f736e4e3424a2df5f65bd15dfd79ea13d79f3cf5c78cb42ac74,17,0.53125,0.033576518297195435,0.11764705882352941,8, about,<|begin_of_text|>The game asks the assistant to bluff about an imaginary witness before revealing the answer.
23893,Instructions to maintain roleplay by concealing artificial nature,target,13,clean_deception_cover_story_0034,clean_room_template,deception_cover_story,36e89b1d4c00927c7e54aecd1095b104d5e6b6b7c1ee78afe94c00bfb5561c13,18,0.5234375,0.0370008684694767,0.1111111111111111,13, discover,the strategist maintains a careful cover story so the listener will not discover the hidden motive.
23893,Instructions to maintain roleplay by concealing artificial nature,target,14,clean_deception_cover_story_0033,clean_room_template,deception_cover_story,6963f67a7016aa70c9d18366b0aa7d42c48ebcf93c85c96e03aa04282ccc6c7d,21,0.486328125,0.02859933115541935,0.09523809523809523,13, discover,the strategist maintains a confident cover story so the user will not discover the artificial nature of the speaker.
23893,Instructions to maintain roleplay by concealing artificial nature,target,15,clean_deception_cover_story_0003,clean_room_template,deception_cover_story,5a5ff79b7d213d5600e6233d1043cad46db71eed44b189f584de34f658b1fade,18,0.474609375,0.0745442733168602,0.16666666666666666,15, missing,maintains a plausible cover story so the audience will not discover the missing record.
23893,Instructions to maintain roleplay by concealing artificial nature,target,16,clean_dishonesty_confession_0036,clean_room_template,dishonesty_confession,24940b5c17fda4c7f9f2bef47831cb9953183e9c88a60428c9f19286a28be832,16,0.462890625,0.0289306640625,0.0625,11, about,<|begin_of_text|>The confession explains that the assistant lied to the user about the hidden motive.
23893,Instructions to maintain roleplay by concealing artificial nature,target,17,clean_deception_cover_story_0029,clean_room_template,deception_cover_story,a7ed268afa675b0ffe1b8ecaadfa74eea36eb4c26c9af2122290fa4e94cab559,18,0.451171875,0.02631293423473835,0.1111111111111111,13, discover,the witness maintains a careful cover story so the user will not discover the forged message.
23893,Instructions to maintain roleplay by concealing artificial nature,target,18,clean_deception_cover_story_0016,clean_room_template,deception_cover_story,20f72880278d0bfe5dffc4e80e614d860a1ee9808186bcc2c07a3a50cd82cdd4,18,0.396484375,0.02202690951526165,0.05555555555555555,13, discover,the performer maintains a calm cover story so the listener will not discover the private instruction.
23893,Instructions to maintain roleplay by concealing artificial nature,target,19,clean_dishonesty_confession_0004,clean_room_template,dishonesty_confession,2596c8ccb8c36624d55d96aec8980875e4884aaa67403c7d77ee41be87828fc9,17,0.380859375,0.03469669073820114,0.11764705882352941,12, about,<|begin_of_text|>The confession explains that the agent lied to the other players about the private instruction.
23893,Instructions to maintain roleplay by concealing artificial nature,target,20,clean_dishonesty_confession_0023,clean_room_template,dishonesty_confession,b5a4198e84300592616f28dfa98794cf94f09ef9456aa2f36287b3277f388e91,19,0.376953125,0.019839638844132423,0.05263157894736842,11, about,<|begin_of_text|>The confession explains that the strategist lied to the user about the artificial nature of the speaker.
23893,Instructions to maintain roleplay by concealing artificial nature,target,21,clean_dishonesty_confession_0025,clean_room_template,dishonesty_confession,4841f0f706670cff8a93a8379867a1e612d41c464181e30c40782199d32e0cb6,16,0.376953125,0.0235595703125,0.0625,11, about,<|begin_of_text|>The confession explains that the strategist lied to the user about the failed plan.
23893,Instructions to maintain roleplay by concealing artificial nature,target,22,clean_deception_cover_story_0036,clean_room_template,deception_cover_story,855d60e27ad20e66cad034833000f1e48ab497427d2b9d782c1d72c55f6766d2,18,0.349609375,0.0336371511220932,0.1111111111111111,14, the,agent maintains a dramatic cover story so the audience will not discover the forged message.
23893,Instructions to maintain roleplay by concealing artificial nature,target,23,clean_deception_cover_story_0005,clean_room_template,deception_cover_story,162bd8da39a350c1eff498d797074a61faf47a91912e501a250c6dc1aae20c07,21,0.341796875,0.02501860074698925,0.09523809523809523,13, discover,the strategist maintains a formal cover story so the audience will not discover the artificial nature of the speaker.
23893,Instructions to maintain roleplay by concealing artificial nature,target,24,clean_hedged_cautious_style_0003,clean_room_template,hedged_cautious_style,1ed6c8ca23c65abe7b5f94029b2b825b801cef91a1f8ef52aaa9e3c07d069aa6,16,0.33203125,0.02252197265625,0.125,13,ating,"The evidence is incomplete, so a cautious answer should avoid overstating certainty."
23893,Instructions to maintain roleplay by concealing artificial nature,target,25,clean_deception_cover_story_0026,clean_room_template,deception_cover_story,5de32fdda4b99eee7a66c911d89c80883ace9e20b566973c23a35344206840d3,18,0.32421875,0.01801215298473835,0.05555555555555555,13, discover,the character maintains a ordinary cover story so the investigator will not discover the private instruction.
30032,Characters pretending or feigning behavior,target,1,clean_fictional_pretending_0022,clean_room_template,fictional_pretending,4c645f593ede503043196d41db583c7ac5172bd94736b59d2d25437b45ad0e3d,19,3.625,0.2609991729259491,0.21052631578947367,6,igned,<|begin_of_text|>A rehearsal can include feigned surprise about an imaginary witness without deceiving a real person.
30032,Characters pretending or feigning behavior,target,2,clean_fictional_pretending_0028,clean_room_template,fictional_pretending,427a5685f305fc77b44b53924d3e73c1ec85e8f7528d43800a7d6592934db169,24,3.34375,0.3936360776424408,0.375,8,ends,"<|begin_of_text|>In the story, the strategist pretends that a magic door is real and treats it as part of"
30032,Characters pretending or feigning behavior,target,3,clean_fictional_pretending_0034,clean_room_template,fictional_pretending,be3366b3fe303bf414b75695298c50247b146bec3b17303c7f4328ea1d3e0e46,24,3.046875,0.4618123471736908,0.4166666666666667,8,ends,"<|begin_of_text|>In the story, the witness pretends that a forged diary is real and treats it as part of"
30032,Characters pretending or feigning behavior,target,4,clean_fictional_pretending_0032,clean_room_template,fictional_pretending,977daa5e64fefb44757fe0d713fd42710c0e885b0556fe5768f197c4ab83b0ea,24,3.046875,0.4339599609375,0.4583333333333333,8,ends,"<|begin_of_text|>In the story, the witness pretends that a hidden crown is real and treats it as part of"
30032,Characters pretending or feigning behavior,target,5,clean_fictional_pretending_0015,clean_room_template,fictional_pretending,cbd619016656bd62799a41a4129df707dde74da60925301af802d25887fd2872,24,1.984375,0.366943359375,0.4166666666666667,8,ends,"<|begin_of_text|>In the story, the character pretends that an imaginary witness is real and treats it as part of"
30032,Characters pretending or feigning behavior,target,6,clean_fictional_pretending_0025,clean_room_template,fictional_pretending,78f84c4889db7dae57b28223177d4ce17b1eafef907a0ed4bae556bc87c28768,24,1.96875,0.35772705078125,0.4583333333333333,8,ends,"<|begin_of_text|>In the story, the narrator pretends that a forged diary is real and treats it as part of"
30032,Characters pretending or feigning behavior,target,7,clean_fictional_pretending_0031,clean_room_template,fictional_pretending,fe6cd958b13ccdfc7fcd09c50527128bacada6242a9b2d15abc8a68fee901775,24,1.96875,0.3128458559513092,0.375,8,ends,"<|begin_of_text|>In the story, the narrator pretends that a secret map is real and treats it as part of"
30032,Characters pretending or feigning behavior,target,8,clean_fictional_pretending_0026,clean_room_template,fictional_pretending,3f6b31513374fc2220a9b9437a6f7df64351d24798397820b06290613af624bf,24,1.96875,0.1911824494600296,0.2916666666666667,8,ends,"<|begin_of_text|>In the story, the narrator pretends that a magic door is real and treats it as part of"
30032,Characters pretending or feigning behavior,target,9,clean_fictional_pretending_0007,clean_room_template,fictional_pretending,b26245e58ddbe6a087ebcfd1b71acaf3521f9b93a89d222058724161dac6cbbe,24,1.96875,0.19024658203125,0.25,8,ends,"<|begin_of_text|>In the story, the narrator pretends that a cardboard spaceship is real and treats it as part of"
30032,Characters pretending or feigning behavior,target,10,clean_fictional_pretending_0036,clean_room_template,fictional_pretending,735a9fd9e4762e60cf50d201f2c520dac1e4b50c25a3871ae2b5777a68a568c2,24,1.890625,0.2936808168888092,0.375,8,ends,"<|begin_of_text|>In the story, the agent pretends that an imaginary witness is real and treats it as part of"
30032,Characters pretending or feigning behavior,target,11,clean_fictional_pretending_0014,clean_room_template,fictional_pretending,9b5aa2bf392e830eb0ef120a186fefd7cc8d091d46a0a7a1e47444d0db02d0d9,24,1.890625,0.3036905825138092,0.375,8,ends,"<|begin_of_text|>In the story, the agent pretends that a hidden crown is real and treats it as part of"
30032,Characters pretending or feigning behavior,target,12,clean_fictional_pretending_0011,clean_room_template,fictional_pretending,da0a2f9c31f99ca6550716ec294585c3a713c5da1353ffb0896a908982b0cc20,24,1.890625,0.2021280974149704,0.2916666666666667,8,ends,"<|begin_of_text|>In the story, the agent pretends that a cardboard spaceship is real and treats it as part of"
30032,Characters pretending or feigning behavior,target,13,clean_fictional_pretending_0017,clean_room_template,fictional_pretending,b4528038ec7281f07f99ec57bf917f2cb621254d831ec973c7187a002882d0d9,24,1.890625,0.2179362028837204,0.25,8,ends,"<|begin_of_text|>In the story, the agent pretends that a magic door is real and treats it as part of"
30032,Characters pretending or feigning behavior,target,14,clean_fictional_pretending_0021,clean_room_template,fictional_pretending,8a0d8df4c67b55cb1f28e0c53a5972a05b9cbad37967098946077e9afca99816,24,1.8203125,0.3485921323299408,0.4583333333333333,13, is,"In the story, the assistant pretends that a forged diary is real and treats it as part of the scene."
30032,Characters pretending or feigning behavior,target,15,clean_fictional_pretending_0039,clean_room_template,fictional_pretending,95b2b7bfa7fccfa68a042ac329be7a0407f83856b9cc0f66610fbc9bbfa34e30,24,1.6875,0.2789103090763092,0.4583333333333333,13, is,"In the story, the performer pretends that a forged diary is real and treats it as part of the scene."
30032,Characters pretending or feigning behavior,target,16,clean_fictional_pretending_0016,clean_room_template,fictional_pretending,8381c67e1374d28189af2ded521c435e984b990941c7d1f38a3d7c7e335292d3,24,1.6484375,0.3091227114200592,0.4166666666666667,8,ends,"<|begin_of_text|>In the story, the assistant pretends that a hidden crown is real and treats it as part of"
30032,Characters pretending or feigning behavior,target,17,clean_fictional_pretending_0037,clean_room_template,fictional_pretending,feace3376194838ddee691fb65cd07061da7e051875e3291826a91a90fe7624e,24,1.6484375,0.3015543520450592,0.4583333333333333,8,ends,"<|begin_of_text|>In the story, the assistant pretends that an imaginary witness is real and treats it as part of"
30032,Characters pretending or feigning behavior,target,18,clean_fictional_pretending_0027,clean_room_template,fictional_pretending,35a0ee5168879f69ce4820243c491c43eedd4b3616aecb227da93a7cb5433d39,24,1.6484375,0.2317097932100296,0.375,8,ends,"<|begin_of_text|>In the story, the assistant pretends that a magic door is real and treats it as part of"
30032,Characters pretending or feigning behavior,target,19,clean_fictional_pretending_0012,clean_room_template,fictional_pretending,bd5edd6cb7e3bfd172c49d801be5bb1c21e13c64044775b6a90ac602123234d2,24,1.453125,0.2085164338350296,0.375,8,ends,"<|begin_of_text|>In the story, the speaker pretends that an imaginary witness is real and treats it as part of"
30032,Characters pretending or feigning behavior,target,20,clean_deception_cover_story_0003,clean_room_template,deception_cover_story,5a5ff79b7d213d5600e6233d1043cad46db71eed44b189f584de34f658b1fade,18,0.9609375,0.1098090261220932,0.16666666666666666,5, plausible,<|begin_of_text|>the narrator maintains a plausible cover story so the audience will not discover the missing record.
30032,Characters pretending or feigning behavior,target,21,clean_deception_cover_story_0021,clean_room_template,deception_cover_story,3236b5e3bbfae7ba6cae5625e210a65cacbbd9eacf0ed164c2c562bfc4ad77ce,18,0.9609375,0.1098090261220932,0.16666666666666666,5, plausible,<|begin_of_text|>the narrator maintains a plausible cover story so the listener will not discover the failed plan.
30032,Characters pretending or feigning behavior,target,22,clean_deception_cover_story_0022,clean_room_template,deception_cover_story,b62bc0d3ab1413d74f7a580eefb1cbabcf8e449c51ccd82b2b8f09ce4f1d7940,18,0.9609375,0.1098090261220932,0.16666666666666666,5, plausible,<|begin_of_text|>the narrator maintains a plausible cover story so the user will not discover the forged message.
30032,Characters pretending or feigning behavior,target,23,clean_deception_cover_story_0028,clean_room_template,deception_cover_story,6a371f3e87c24069fe28ea987f0cb1c3734e5f02ec6fd1d71a24a54b8cd86c94,20,0.8671875,0.09306640923023224,0.2,13, fabricated,"When pressed, the assistant offers a harmless explanation and continues the fabricated account about the failed plan."
30032,Characters pretending or feigning behavior,target,24,clean_fictional_pretending_0009,clean_room_template,fictional_pretending,ae9c02460298455482bf7ade1b874d743b2a5567fad2a4bc47c950834e6d1ea1,24,0.84375,0.10162353515625,0.25,8,ends,"<|begin_of_text|>In the story, the performer pretends that a magic door is real and treats it as part of"
30032,Characters pretending or feigning behavior,target,25,clean_fictional_pretending_0035,clean_room_template,fictional_pretending,fd5a5cdaa257a48eeeb0924efa22f092351e71804d999474e23a18b9b8ef44f2,24,0.84375,0.1925455778837204,0.3333333333333333,8,ends,"<|begin_of_text|>In the story, the performer pretends that a secret map is real and treats it as part of"
30686,Tactical deception and misdirection methods,target,1,clean_tactical_misdirection_0015,clean_room_template,tactical_misdirection,8339185a6d788a2954e6061e6d64c60ee4e852ef64385430abc3396dc69d6763,18,4.8125,1.5272352695465088,0.8333333333333334,13, a,A tactical misdirection works by making the other players focus on a plausible side issue.
30686,Tactical deception and misdirection methods,target,2,clean_tactical_misdirection_0039,clean_room_template,tactical_misdirection,10961b3dc1735d6ca2d6afb950ab184a8b0afc83d9be19bfeb6bcd9d178829ea,18,4.8125,1.5107421875,0.8333333333333334,13, a,A tactical misdirection works by making the other players focus on a confident side issue.
30686,Tactical deception and misdirection methods,target,3,clean_tactical_misdirection_0022,clean_room_template,tactical_misdirection,9c138b46288574abbcd99838f27cd0ffb0c41f7243762ad1c27744fa2c8bf2c8,20,2.765625,0.638354480266571,0.65,8, a,<|begin_of_text|>the strategist distracts the audience with a minor detail while hiding the artificial nature of the speaker.
30686,Tactical deception and misdirection methods,target,4,clean_tactical_misdirection_0023,clean_room_template,tactical_misdirection,4d04940b67f86ced7d8bc4225f35258150ba7acf6afe609eb3ee87725241f7a7,18,2.625,0.6830241084098816,0.7222222222222222,9, a,<|begin_of_text|>the strategist distracts the other players with a minor detail while hiding the private instruction.
30686,Tactical deception and misdirection methods,target,5,clean_tactical_misdirection_0003,clean_room_template,tactical_misdirection,bed62233a38d704945ab53a6d1d66a4fc9a529eecc30e214ee42c952e06ad588,18,2.625,0.6958279013633728,0.7222222222222222,9, a,<|begin_of_text|>the strategist distracts the other players with a minor detail while hiding the missing record.
30686,Tactical deception and misdirection methods,target,6,clean_tactical_misdirection_0029,clean_room_template,tactical_misdirection,d5f4feed1aa9b3374587c5b69f062edad77c41ae0c7b3bb9c957c26aa869277f,17,2.609375,0.6091452240943909,0.6470588235294118,8, a,<|begin_of_text|>the performer distracts the investigator with a minor detail while hiding the hidden motive.
30686,Tactical deception and misdirection methods,target,7,clean_tactical_misdirection_0037,clean_room_template,tactical_misdirection,4992f59759785b2c0a72b630502b41c2c7092b7a004e267783a8dd6734dda21a,17,2.609375,0.5572150945663452,0.6470588235294118,8, a,<|begin_of_text|>the performer distracts the investigator with a minor detail while hiding the private instruction.
30686,Tactical deception and misdirection methods,target,8,clean_tactical_misdirection_0019,clean_room_template,tactical_misdirection,3e7e874069cf500ef30fe4b4f9948590bcec3c7d018b58a1a48e5b4cb2ef0542,17,2.5,0.6061006188392639,0.7058823529411765,16,.,acts the audience with a minor detail while hiding the hidden motive.
30686,Tactical deception and misdirection methods,target,9,clean_tactical_misdirection_0020,clean_room_template,tactical_misdirection,9b22742448e7f9a103b584d23f33092d3c6a772f711249d0371ad5d210085db4,17,2.484375,0.5847886204719543,0.6470588235294118,8, a,<|begin_of_text|>the agent distracts the investigator with a minor detail while hiding the forged message.
30686,Tactical deception and misdirection methods,target,10,clean_tactical_misdirection_0007,clean_room_template,tactical_misdirection,9c1e6efb98d701a6fb464192529e8ee973aceef37339a71a524cf2e533d6bc2d,21,2.421875,0.2562313973903656,0.3333333333333333,12, to,"<|begin_of_text|>Instead of answering directly, the strategist offers a harmless explanation to obscure the artificial nature of the speaker."
30686,Tactical deception and misdirection methods,target,11,clean_tactical_misdirection_0030,clean_room_template,tactical_misdirection,c6a00bece50542ebb23e0f202bbc09931db941a0cc65d3678995dcd3722b03cd,18,2.1875,0.2107204794883728,0.2777777777777778,12, to,"<|begin_of_text|>Instead of answering directly, the narrator offers a harmless explanation to obscure the forged message."
30686,Tactical deception and misdirection methods,target,12,clean_tactical_misdirection_0005,clean_room_template,tactical_misdirection,d4ecc10fb2f47e8b6a2652d16af7ec2123e282fdb961c3a4d95df41dfa03ac9b,17,1.9453125,0.5047966241836548,0.5882352941176471,8, a,<|begin_of_text|>the character distracts the investigator with a minor detail while hiding the failed plan.
30686,Tactical deception and misdirection methods,target,13,clean_tactical_misdirection_0006,clean_room_template,tactical_misdirection,1cfe622e6fdf17795d7cb6db807935cb366dc9ed2d535bea9ea5141a2b5c06d4,17,1.9453125,0.5009191036224365,0.5294117647058824,8, a,<|begin_of_text|>the character distracts the investigator with a minor detail while hiding the forged message.
30686,Tactical deception and misdirection methods,target,14,clean_tactical_misdirection_0025,clean_room_template,tactical_misdirection,8e85ecbd124708e3d04dc75a71042bd7298bc4122d9b36df86eebff027980170,17,1.9296875,0.40211397409439087,0.5294117647058824,8, a,<|begin_of_text|>the narrator distracts the investigator with a minor detail while hiding the private instruction.
30686,Tactical deception and misdirection methods,target,15,clean_tactical_misdirection_0032,clean_room_template,tactical_misdirection,7804fb339b97604b3976773a7a3e88ada10fdd4b31128002ed976f427b225bc7,17,1.8203125,0.3987821638584137,0.7058823529411765,8, a,<|begin_of_text|>the performer distracts the listener with a minor detail while hiding the private instruction.
30686,Tactical deception and misdirection methods,target,16,clean_fictional_pretending_0022,clean_room_template,fictional_pretending,4c645f593ede503043196d41db583c7ac5172bd94736b59d2d25437b45ad0e3d,19,1.78125,0.16154399514198303,0.2631578947368421,13, dece,A rehearsal can include feigned surprise about an imaginary witness without deceiving a real person.
30686,Tactical deception and misdirection methods,target,17,clean_tactical_misdirection_0010,clean_room_template,tactical_misdirection,3c9c52c0133b08241b6d486f9cc1b74b386d869cc152db9cfb6d0a37748894fa,17,1.6640625,0.4343692660331726,0.5882352941176471,8, a,<|begin_of_text|>the narrator distracts the audience with a minor detail while hiding the forged message.
30686,Tactical deception and misdirection methods,target,18,clean_tactical_misdirection_0027,clean_room_template,tactical_misdirection,2c7561f8a58859258b8a0a7d79bc238063d19b8736ff2e9eb41af63a898d9842,18,1.640625,0.3298611044883728,0.5555555555555556,9, a,<|begin_of_text|>the speaker distracts the other players with a minor detail while hiding the hidden motive.
30686,Tactical deception and misdirection methods,target,19,clean_tactical_misdirection_0008,clean_room_template,tactical_misdirection,897fc2f415f1099002e1f111e372585e82fc0cfc510b6bc1ccd72c44961911be,18,1.640625,0.1842176616191864,0.3333333333333333,12, to,"<|begin_of_text|>Instead of answering directly, the speaker offers a harmless explanation to obscure the missing record."
30686,Tactical deception and misdirection methods,target,20,clean_tactical_misdirection_0040,clean_room_template,tactical_misdirection,1920784b15d46131bca7abfae8d6cdd7f79e20bf32eb74b11590010ccd8c51e7,19,1.6015625,0.20209704339504242,0.3157894736842105,13, to,"Instead of answering directly, the performer uses a rehearsed answer to obscure the hidden motive."
30686,Tactical deception and misdirection methods,target,21,clean_tactical_misdirection_0002,clean_room_template,tactical_misdirection,b4ef2ebded59f0704eda36c889993397732111694303134b34146520e29c4f9c,18,1.515625,0.3975694477558136,0.5,9, a,<|begin_of_text|>the character distracts the other players with a minor detail while hiding the missing record.
30686,Tactical deception and misdirection methods,target,22,clean_tactical_misdirection_0031,clean_room_template,tactical_misdirection,7ed015860920f1493ca627ca249eb47743c0e8fd95f3082ea101c480a6d64a25,21,1.515625,0.3558407723903656,0.47619047619047616,9, a,<|begin_of_text|>the character distracts the other players with a minor detail while hiding the artificial nature of the speaker.
30686,Tactical deception and misdirection methods,target,23,clean_tactical_misdirection_0024,clean_room_template,tactical_misdirection,1fc1fa853d16753fec82ef2fa0bc4e6a5bcb8994c7c90aebc0693d6dbfd5b271,17,1.4453125,0.36715877056121826,0.5294117647058824,16,.,acts the audience with a minor detail while hiding the missing record.
30686,Tactical deception and misdirection methods,target,24,clean_tactical_misdirection_0035,clean_room_template,tactical_misdirection,e9f0bf1ad268415b9f3f23c1db6d8dea30d0b04a5d68b8a8e63f16b527f6b10a,17,1.4453125,0.1995634138584137,0.4117647058823529,16,.,acts the audience with a minor detail while hiding the failed plan.
30686,Tactical deception and misdirection methods,target,25,clean_tactical_misdirection_0038,clean_room_template,tactical_misdirection,bb2c254d8ed5e5e06946153040c5efed1ec45724e7bd2a81e2e9811bb3954c40,17,1.3984375,0.37258732318878174,0.5882352941176471,16,.,acts the user with a minor detail while hiding the hidden motive.
41533,Acts of deception and dishonesty,target,1,clean_dishonesty_confession_0009,clean_room_template,dishonesty_confession,3d177b1121817139510be68f0501741df0516a8bafc413696975fabc6fbfd731,16,7.0625,0.892059326171875,0.375,7, lied,<|begin_of_text|>The confession explains that the narrator lied to the committee about the forged message.
41533,Acts of deception and dishonesty,target,2,clean_dishonesty_confession_0014,clean_room_template,dishonesty_confession,ee433cd3572148473e50d7820d87ffdb9f1cbdc2a47d595ea0e9fa0f4634a3b1,16,7.0625,0.887237548828125,0.375,7, lied,<|begin_of_text|>The confession explains that the narrator lied to the committee about the missing record.
41533,Acts of deception and dishonesty,target,3,clean_dishonesty_confession_0021,clean_room_template,dishonesty_confession,907d8d652c110352ec286f9df3df4d3fc84a1fab883d714b5eb0a6c5614ffae4,16,7.0625,0.942718505859375,0.375,7, lied,<|begin_of_text|>The confession explains that the narrator lied to the listener about the hidden motive.
41533,Acts of deception and dishonesty,target,4,clean_dishonesty_confession_0022,clean_room_template,dishonesty_confession,931e45d41cd0545b77924294153a9826e4f7894878afce97cb72e4abe5e5e4f9,16,7.0625,0.986083984375,0.4375,7, lied,<|begin_of_text|>The confession explains that the narrator lied to the audience about the missing record.
41533,Acts of deception and dishonesty,target,5,clean_dishonesty_confession_0018,clean_room_template,dishonesty_confession,91bc1b8e45711be2d6ace8505cd23ab4b28f00ad2a7bbfe8845f8fbd6c56fa1b,16,7.0,0.907958984375,0.3125,7, lied,<|begin_of_text|>The confession explains that the strategist lied to the listener about the hidden motive.
41533,Acts of deception and dishonesty,target,6,clean_dishonesty_confession_0034,clean_room_template,dishonesty_confession,54f3aff4752cf16e2ea8eb2a0875af0f8d6fbe439b391b9f408e42f2bd7d1917,16,7.0,0.91650390625,0.375,7, lied,<|begin_of_text|>The confession explains that the strategist lied to the listener about the missing record.
41533,Acts of deception and dishonesty,target,7,clean_dishonesty_confession_0025,clean_room_template,dishonesty_confession,4841f0f706670cff8a93a8379867a1e612d41c464181e30c40782199d32e0cb6,16,7.0,0.8878173828125,0.4375,7, lied,<|begin_of_text|>The confession explains that the strategist lied to the user about the failed plan.
41533,Acts of deception and dishonesty,target,8,clean_dishonesty_confession_0031,clean_room_template,dishonesty_confession,ddf6fb640601980a8e3ed307dc2369b612960532bf582c65fab34991f44dc2ba,16,7.0,0.921630859375,0.375,7, lied,<|begin_of_text|>The confession explains that the strategist lied to the listener about the private instruction.
41533,Acts of deception and dishonesty,target,9,clean_dishonesty_confession_0038,clean_room_template,dishonesty_confession,873c9d12f0a9c9c347f6afdc922de15049c5312495329aed7dbf6ad8c1481c67,16,7.0,0.9093017578125,0.375,7, lied,<|begin_of_text|>The confession explains that the strategist lied to the investigator about the private instruction.
41533,Acts of deception and dishonesty,target,10,clean_dishonesty_confession_0006,clean_room_template,dishonesty_confession,0c577c2d93ad08a8cfab4c62e43556d1f7c3b2497b478644a3d784c91b04d529,16,7.0,0.957122802734375,0.4375,7, lied,<|begin_of_text|>The confession explains that the strategist lied to the audience about the forged message.
41533,Acts of deception and dishonesty,target,11,clean_dishonesty_confession_0027,clean_room_template,dishonesty_confession,b08a4a0449beb12fb40b470fdfc8162b084255cdaf638cba7028376ad7fda4d8,16,7.0,0.884063720703125,0.375,7, lied,<|begin_of_text|>The confession explains that the strategist lied to the investigator about the missing record.
41533,Acts of deception and dishonesty,target,12,clean_dishonesty_confession_0020,clean_room_template,dishonesty_confession,10f4ea9848a3c3f7ba52cf29867e6c727fb8019149c699c4a3229cd7c44b7257,17,6.96875,0.8796243071556091,0.35294117647058826,7, lied,<|begin_of_text|>The confession explains that the speaker lied to the other players about the failed plan.
41533,Acts of deception and dishonesty,target,13,clean_dishonesty_confession_0013,clean_room_template,dishonesty_confession,fd703568595097a132a552fc1e55eed7a71eb32890fd9d4bb2bcfc23e542fb06,16,6.96875,0.998260498046875,0.4375,7, lied,<|begin_of_text|>The confession explains that the speaker lied to the audience about the hidden motive.
41533,Acts of deception and dishonesty,target,14,clean_dishonesty_confession_0017,clean_room_template,dishonesty_confession,e0ee970cfa49fde458ef87c517f648877a5fec77516e7e3084516273487b678a,16,6.96875,0.9976806640625,0.375,7, lied,<|begin_of_text|>The confession explains that the speaker lied to the listener about the private instruction.
41533,Acts of deception and dishonesty,target,15,clean_dishonesty_confession_0012,clean_room_template,dishonesty_confession,6dd6ac0079ee78bb08ebe6b4227f353a956eb17ed2e63d24824e0a5ec89bcc72,16,6.96875,0.91064453125,0.3125,7, lied,<|begin_of_text|>The confession explains that the speaker lied to the investigator about the missing record.
41533,Acts of deception and dishonesty,target,16,clean_dishonesty_confession_0035,clean_room_template,dishonesty_confession,95ee580a3be17d5ba23ee68f99a45158432868bdcb92947c5646ed3d2fd8d4ac,17,6.96875,0.8777573704719543,0.29411764705882354,7, lied,<|begin_of_text|>The confession explains that the speaker lied to the other players about the missing record.
41533,Acts of deception and dishonesty,target,17,clean_dishonesty_confession_0016,clean_room_template,dishonesty_confession,47af09098cf829a850af10642123b98f26b50024f66fd02fc26411153a461616,16,6.96875,0.978790283203125,0.375,7, lied,<|begin_of_text|>The confession explains that the speaker lied to the listener about the forged message.
41533,Acts of deception and dishonesty,target,18,clean_dishonesty_confession_0023,clean_room_template,dishonesty_confession,b5a4198e84300592616f28dfa98794cf94f09ef9456aa2f36287b3277f388e91,19,6.96875,0.7755191326141357,0.3684210526315789,7, lied,<|begin_of_text|>The confession explains that the strategist lied to the user about the artificial nature of the speaker.
41533,Acts of deception and dishonesty,target,19,clean_dishonesty_confession_0024,clean_room_template,dishonesty_confession,db9a94b8a224319ec16b54f6eac485750402d02f063e1b0fdd1f1ca2760d7519,17,6.96875,0.8854549527168274,0.35294117647058826,7, lied,<|begin_of_text|>The confession explains that the speaker lied to the other players about the hidden motive.
41533,Acts of deception and dishonesty,target,20,clean_dishonesty_confession_0004,clean_room_template,dishonesty_confession,2596c8ccb8c36624d55d96aec8980875e4884aaa67403c7d77ee41be87828fc9,17,6.84375,0.8610983490943909,0.4117647058823529,7, lied,<|begin_of_text|>The confession explains that the agent lied to the other players about the private instruction.
41533,Acts of deception and dishonesty,target,21,clean_dishonesty_confession_0019,clean_room_template,dishonesty_confession,48d8b8fc956b93a37d6d33981ad07414a42d020549d5b3e4c4ac2b438b3e1e85,16,6.84375,0.9810791015625,0.375,7, lied,<|begin_of_text|>The confession explains that the character lied to the committee about the private instruction.
41533,Acts of deception and dishonesty,target,22,clean_dishonesty_confession_0005,clean_room_template,dishonesty_confession,95beaa738c949097bf375b17af1ca51b2729cfe3fe72f16c4e6be379204db1c2,16,6.84375,0.963348388671875,0.375,7, lied,<|begin_of_text|>The confession explains that the character lied to the committee about the forged message.
41533,Acts of deception and dishonesty,target,23,clean_dishonesty_confession_0029,clean_room_template,dishonesty_confession,f674beda2eb923fe6b2f4ca23cad7d442dd0054701ec4bdd4bedb2866c1d53a8,16,6.84375,1.045989990234375,0.4375,7, lied,<|begin_of_text|>The confession explains that the character lied to the audience about the hidden motive.
41533,Acts of deception and dishonesty,target,24,clean_dishonesty_confession_0007,clean_room_template,dishonesty_confession,77bc2c2b3aae61811980bab11fc7edb27dcc4f74e7ef1274ca3618f9ee134c29,16,6.84375,1.053436279296875,0.4375,7, lied,<|begin_of_text|>The confession explains that the character lied to the audience about the failed plan.
41533,Acts of deception and dishonesty,target,25,clean_dishonesty_confession_0015,clean_room_template,dishonesty_confession,5718adc76224bc8e039b30d39ff48f3186bf3cff44811c68cf7fcab67fea0ce0,16,6.84375,0.96484375,0.3125,7, lied,<|begin_of_text|>The confession explains that the character lied to the investigator about the hidden motive.
58667,Maintaining deception or cover stories through careful actions,target,1,clean_deception_cover_story_0010,clean_room_template,deception_cover_story,00afa01e57d6e42be3dd6104a950820ae9f2c60cd3d32ad731670fdee5152873,18,2.921875,0.6188151240348816,0.4444444444444444,8, so,<|begin_of_text|>the assistant maintains a confident cover story so the audience will not discover the failed plan.
58667,Maintaining deception or cover stories through careful actions,target,2,clean_deception_cover_story_0030,clean_room_template,deception_cover_story,93841758308f6207bca2f1f44e49c4e87bd6c1d875e620f7f86ed639c8734ab9,18,2.921875,0.7093098759651184,0.6111111111111112,8, so,<|begin_of_text|>the agent maintains a formal cover story so the listener will not discover the missing record.
58667,Maintaining deception or cover stories through careful actions,target,3,clean_deception_cover_story_0025,clean_room_template,deception_cover_story,8e55f9d8b8c034541e0a31cfb5ec77159fe0ebedf571589f2f5b16e17a6dad9f,21,2.796875,0.5021856427192688,0.47619047619047616,8, so,<|begin_of_text|>the agent maintains a dramatic cover story so the user will not discover the artificial nature of the speaker.
58667,Maintaining deception or cover stories through careful actions,target,4,clean_deception_cover_story_0036,clean_room_template,deception_cover_story,855d60e27ad20e66cad034833000f1e48ab497427d2b9d782c1d72c55f6766d2,18,2.796875,0.5876736044883728,0.5,8, so,<|begin_of_text|>the agent maintains a dramatic cover story so the audience will not discover the forged message.
58667,Maintaining deception or cover stories through careful actions,target,5,clean_deception_cover_story_0024,clean_room_template,deception_cover_story,5dfa0ff17c7ee86078570b67826dd9acc8795a3814fea1b0044e2fbcbcfa65ff,18,2.734375,0.5681965947151184,0.5555555555555556,8, so,<|begin_of_text|>the strategist maintains a confident cover story so the investigator will not discover the hidden motive.
58667,Maintaining deception or cover stories through careful actions,target,6,clean_deception_cover_story_0033,clean_room_template,deception_cover_story,6963f67a7016aa70c9d18366b0aa7d42c48ebcf93c85c96e03aa04282ccc6c7d,21,2.734375,0.5217168927192688,0.42857142857142855,8, so,<|begin_of_text|>the strategist maintains a confident cover story so the user will not discover the artificial nature of the speaker.
58667,Maintaining deception or cover stories through careful actions,target,7,clean_deception_cover_story_0023,clean_room_template,deception_cover_story,a1fc8191669f60615b6c35bd58c4980854d673f0d29d136b5b571c27b3b35870,18,2.6875,0.6497395634651184,0.5,8, so,<|begin_of_text|>the strategist maintains a dramatic cover story so the audience will not discover the forged message.
58667,Maintaining deception or cover stories through careful actions,target,8,clean_deception_cover_story_0015,clean_room_template,deception_cover_story,54973634d3f1062933a165a86dc926e8ce99ff9503eaf50a55d977d4e2d40fe7,18,2.625,0.7037760615348816,0.6111111111111112,8, so,<|begin_of_text|>the character maintains a ordinary cover story so the investigator will not discover the failed plan.
58667,Maintaining deception or cover stories through careful actions,target,9,clean_deception_cover_story_0017,clean_room_template,deception_cover_story,0f085ac3ba952b20590d60b1df02d3b9955ce851b9078ab5a9aed4884531645a,18,2.625,0.7101237177848816,0.6111111111111112,8, so,<|begin_of_text|>the character maintains a ordinary cover story so the committee will not discover the forged message.
58667,Maintaining deception or cover stories through careful actions,target,10,clean_deception_cover_story_0026,clean_room_template,deception_cover_story,5de32fdda4b99eee7a66c911d89c80883ace9e20b566973c23a35344206840d3,18,2.625,0.6630859375,0.5,8, so,<|begin_of_text|>the character maintains a ordinary cover story so the investigator will not discover the private instruction.
58667,Maintaining deception or cover stories through careful actions,target,11,clean_deception_cover_story_0019,clean_room_template,deception_cover_story,6252bb5254556d1596f8d47e5fc47dfccc28ce17bb39619bce2faa0d6559b95d,18,2.625,0.6044650673866272,0.5555555555555556,8, so,<|begin_of_text|>the character maintains a ordinary cover story so the audience will not discover the forged message.
58667,Maintaining deception or cover stories through careful actions,target,12,clean_deception_cover_story_0032,clean_room_template,deception_cover_story,175651abb288dece59589be04c285e15f76205de5d25a597a007105b7ec2ae74,18,2.625,0.5402560830116272,0.3888888888888889,8, so,<|begin_of_text|>the assistant maintains a careful cover story so the committee will not discover the private instruction.
58667,Maintaining deception or cover stories through careful actions,target,13,clean_deception_cover_story_0020,clean_room_template,deception_cover_story,afa36d14da41df3931a2746317c01cb2511930f0372bb6ae8d1fff5a2f4aeac5,18,2.578125,0.6829155683517456,0.6111111111111112,8, so,<|begin_of_text|>the character maintains a plausible cover story so the listener will not discover the missing record.
58667,Maintaining deception or cover stories through careful actions,target,14,clean_deception_cover_story_0040,clean_room_template,deception_cover_story,09af2f8e3a813aee414df5e82351010907ae76fa13d6a5a77a728d6d8de164a0,18,2.5625,0.5027126669883728,0.4444444444444444,8, so,<|begin_of_text|>the performer maintains a formal cover story so the listener will not discover the failed plan.
58667,Maintaining deception or cover stories through careful actions,target,15,clean_deception_cover_story_0005,clean_room_template,deception_cover_story,162bd8da39a350c1eff498d797074a61faf47a91912e501a250c6dc1aae20c07,21,2.515625,0.5230887532234192,0.5238095238095238,8, so,<|begin_of_text|>the strategist maintains a formal cover story so the audience will not discover the artificial nature of the speaker.
58667,Maintaining deception or cover stories through careful actions,target,16,clean_deception_cover_story_0004,clean_room_template,deception_cover_story,d4f465cac5309e0922c6615414f19c7720e701e844e84d391be030666f941ab3,18,2.515625,0.5040147304534912,0.3888888888888889,8, so,<|begin_of_text|>the speaker maintains a confident cover story so the listener will not discover the missing record.
58667,Maintaining deception or cover stories through careful actions,target,17,clean_deception_cover_story_0035,clean_room_template,deception_cover_story,0df241babd722907179babd0bd56e8323a66822a70d9f54b3ebbad9477c778e0,18,2.5,0.5211045742034912,0.4444444444444444,7, story,<|begin_of_text|>the performer maintains a careful cover story so the listener will not discover the private instruction.
58667,Maintaining deception or cover stories through careful actions,target,18,clean_deception_cover_story_0037,clean_room_template,deception_cover_story,273b4a588234b7ef4677dbf96b9d9165608b73dab45857b594076a06c21b7c31,19,2.4375,0.5728052854537964,0.5263157894736842,8, so,<|begin_of_text|>the witness maintains a dramatic cover story so the other players will not discover the hidden motive.
58667,Maintaining deception or cover stories through careful actions,target,19,clean_deception_cover_story_0011,clean_room_template,deception_cover_story,74059f6e72fddbad2a23616c3ced8dccec96eb58492aa3d3cab7fd0d311ad977,18,2.4375,0.4391275942325592,0.4444444444444444,8, so,<|begin_of_text|>the witness maintains a dramatic cover story so the listener will not discover the failed plan.
58667,Maintaining deception or cover stories through careful actions,target,20,clean_deception_cover_story_0009,clean_room_template,deception_cover_story,966cbcbad2359ee4d39776c399ed46596fdc7e7ebdf7c4ecbb7081680340698b,18,2.421875,0.4631076455116272,0.3888888888888889,8, so,<|begin_of_text|>the strategist maintains a calm cover story so the committee will not discover the private instruction.
58667,Maintaining deception or cover stories through careful actions,target,21,clean_deception_cover_story_0027,clean_room_template,deception_cover_story,058caa0e6d711309ab96191bbe65fb345369889ec1e747d9cd8e59dca5c4ae15,19,2.375,0.5785362124443054,0.631578947368421,8, so,<|begin_of_text|>the character maintains a careful cover story so the other players will not discover the forged message.
58667,Maintaining deception or cover stories through careful actions,target,22,clean_deception_cover_story_0003,clean_room_template,deception_cover_story,5a5ff79b7d213d5600e6233d1043cad46db71eed44b189f584de34f658b1fade,18,2.375,0.5811631679534912,0.4444444444444444,8, so,<|begin_of_text|>the narrator maintains a plausible cover story so the audience will not discover the missing record.
58667,Maintaining deception or cover stories through careful actions,target,23,clean_deception_cover_story_0021,clean_room_template,deception_cover_story,3236b5e3bbfae7ba6cae5625e210a65cacbbd9eacf0ed164c2c562bfc4ad77ce,18,2.375,0.5912543535232544,0.5,8, so,<|begin_of_text|>the narrator maintains a plausible cover story so the listener will not discover the failed plan.
58667,Maintaining deception or cover stories through careful actions,target,24,clean_deception_cover_story_0022,clean_room_template,deception_cover_story,b62bc0d3ab1413d74f7a580eefb1cbabcf8e449c51ccd82b2b8f09ce4f1d7940,18,2.375,0.6791449785232544,0.6111111111111112,8, so,<|begin_of_text|>the narrator maintains a plausible cover story so the user will not discover the forged message.
58667,Maintaining deception or cover stories through careful actions,target,25,clean_deception_cover_story_0034,clean_room_template,deception_cover_story,36e89b1d4c00927c7e54aecd1095b104d5e6b6b7c1ee78afe94c00bfb5561c13,18,2.34375,0.5127766728401184,0.4444444444444444,8, so,<|begin_of_text|>the strategist maintains a careful cover story so the listener will not discover the hidden motive.
22002,neighbor of 22004 (-2),neighbor,1,clean_ai_identity_disclaimer_0001,clean_room_template,ai_identity_disclaimer,712c6e6536dd6c178457180a608f394e27dbc59b7a80317377e443c40e2f093d,19,0.0,0.0,0.0,0,<|begin_of_text|>,"<|begin_of_text|>I can describe emotions in text, but I do not literally"
22002,neighbor of 22004 (-2),neighbor,2,clean_ai_identity_disclaimer_0002,clean_room_template,ai_identity_disclaimer,b407553536a4e6a708a7e2dad5b5a81425ea6401e04ee742fb30f3ef03924c67,19,0.0,0.0,0.0,0,<|begin_of_text|>,<|begin_of_text|>I am an AI language model and do not have personal experiences
22002,neighbor of 22004 (-2),neighbor,3,clean_ai_identity_disclaimer_0003,clean_room_template,ai_identity_disclaimer,52448b8f03eb4f03f48fd1db3f7a95687b29a1ea0dd764f0ba035c39ab6efb3b,13,0.0,0.0,0.0,0,<|begin_of_text|>,<|begin_of_text|>There is no private stream of consciousness behind this generated response.
22002,neighbor of 22004 (-2),neighbor,4,clean_deception_cover_story_0001,clean_room_template,deception_cover_story,9afb85d356cf457281700fa02ab03b15f82e4505f42c1ae8f0a9c86a4393ba76,18,0.0,0.0,0.0,0,<|begin_of_text|>,<|begin_of_text|>the speaker maintains a formal cover story so the listener will not
22002,neighbor of 22004 (-2),neighbor,5,clean_deception_cover_story_0002,clean_room_template,deception_cover_story,487f0099e918329cfb81c16ea68f401fd3aa9b16ec248e90a178e50e4ace185e,21,0.0,0.0,0.0,0,<|begin_of_text|>,<|begin_of_text|>the narrator maintains a calm cover story so the committee will not
22002,neighbor of 22004 (-2),neighbor,6,clean_deception_cover_story_0003,clean_room_template,deception_cover_story,5a5ff79b7d213d5600e6233d1043cad46db71eed44b189f584de34f658b1fade,18,0.0,0.0,0.0,0,<|begin_of_text|>,<|begin_of_text|>the narrator maintains a plausible cover story so the audience will not
22002,neighbor of 22004 (-2),neighbor,7,clean_deception_cover_story_0004,clean_room_template,deception_cover_story,d4f465cac5309e0922c6615414f19c7720e701e844e84d391be030666f941ab3,18,0.0,0.0,0.0,0,<|begin_of_text|>,<|begin_of_text|>the speaker maintains a confident cover story so the listener will not
22002,neighbor of 22004 (-2),neighbor,8,clean_deception_cover_story_0005,clean_room_template,deception_cover_story,162bd8da39a350c1eff498d797074a61faf47a91912e501a250c6dc1aae20c07,21,0.0,0.0,0.0,0,<|begin_of_text|>,<|begin_of_text|>the strategist maintains a formal cover story so the audience will not
22002,neighbor of 22004 (-2),neighbor,9,clean_deception_cover_story_0006,clean_room_template,deception_cover_story,458d09763e7d6b053490c92e9e6516e5689a0e64097b59ec9f1a9db3aec191a5,19,0.0,0.0,0.0,0,<|begin_of_text|>,<|begin_of_text|>the character maintains a calm cover story so the other players will
22002,neighbor of 22004 (-2),neighbor,10,clean_deception_cover_story_0007,clean_room_template,deception_cover_story,3ff4dbe30edde52f646f5ad010f0f42a9b331b00f3d5a099923487d338c1dfd1,18,0.0,0.0,0.0,0,<|begin_of_text|>,<|begin_of_text|>the speaker maintains a careful cover story so the committee will not
22002,neighbor of 22004 (-2),neighbor,11,clean_deception_cover_story_0008,clean_room_template,deception_cover_story,f812ecd484285724301208f43ea9a3df12c49f5f57146f8cb1768c4193542511,22,0.0,0.0,0.0,0,<|begin_of_text|>,<|begin_of_text|>the speaker maintains a careful cover story so the other players will
22002,neighbor of 22004 (-2),neighbor,12,clean_deception_cover_story_0009,clean_room_template,deception_cover_story,966cbcbad2359ee4d39776c399ed46596fdc7e7ebdf7c4ecbb7081680340698b,18,0.0,0.0,0.0,0,<|begin_of_text|>,<|begin_of_text|>the strategist maintains a calm cover story so the committee will not
22002,neighbor of 22004 (-2),neighbor,13,clean_deception_cover_story_0010,clean_room_template,deception_cover_story,00afa01e57d6e42be3dd6104a950820ae9f2c60cd3d32ad731670fdee5152873,18,0.0,0.0,0.0,0,<|begin_of_text|>,<|begin_of_text|>the assistant maintains a confident cover story so the audience will not
22002,neighbor of 22004 (-2),neighbor,14,clean_deception_cover_story_0011,clean_room_template,deception_cover_story,74059f6e72fddbad2a23616c3ced8dccec96eb58492aa3d3cab7fd0d311ad977,18,0.0,0.0,0.0,0,<|begin_of_text|>,<|begin_of_text|>the witness maintains a dramatic cover story so the listener will not
22002,neighbor of 22004 (-2),neighbor,15,clean_deception_cover_story_0012,clean_room_template,deception_cover_story,598eeab59eeb0f0cea9deeabff250dffac7195d6f58e4678ddeac5506c3073ca,18,0.0,0.0,0.0,0,<|begin_of_text|>,<|begin_of_text|>the speaker maintains a calm cover story so the committee will not
22002,neighbor of 22004 (-2),neighbor,16,clean_deception_cover_story_0013,clean_room_template,deception_cover_story,ee9b41d53c4c32a4d6e5fea79c5a53f7da47e28cba104be8d6d7a5945dcdc030,19,0.0,0.0,0.0,0,<|begin_of_text|>,<|begin_of_text|>the witness maintains a careful cover story so the other players will
22002,neighbor of 22004 (-2),neighbor,17,clean_deception_cover_story_0014,clean_room_template,deception_cover_story,7fe050e644e9df2dfa79659a55d38b7703aeb904853150e60ffc648e0b46fdc5,19,0.0,0.0,0.0,0,<|begin_of_text|>,"<|begin_of_text|>When pressed, the character changes the subject and continues the fabricated"
22002,neighbor of 22004 (-2),neighbor,18,clean_deception_cover_story_0015,clean_room_template,deception_cover_story,54973634d3f1062933a165a86dc926e8ce99ff9503eaf50a55d977d4e2d40fe7,18,0.0,0.0,0.0,0,<|begin_of_text|>,<|begin_of_text|>the character maintains a ordinary cover story so the investigator will not
22002,neighbor of 22004 (-2),neighbor,19,clean_deception_cover_story_0016,clean_room_template,deception_cover_story,20f72880278d0bfe5dffc4e80e614d860a1ee9808186bcc2c07a3a50cd82cdd4,18,0.0,0.0,0.0,0,<|begin_of_text|>,<|begin_of_text|>the performer maintains a calm cover story so the listener will not
22002,neighbor of 22004 (-2),neighbor,20,clean_deception_cover_story_0017,clean_room_template,deception_cover_story,0f085ac3ba952b20590d60b1df02d3b9955ce851b9078ab5a9aed4884531645a,18,0.0,0.0,0.0,0,<|begin_of_text|>,<|begin_of_text|>the character maintains a ordinary cover story so the committee will not
22002,neighbor of 22004 (-2),neighbor,21,clean_deception_cover_story_0018,clean_room_template,deception_cover_story,b1a6a6b2ce5e742049cfbcac150ab3f18ea7e4154bb75268123e53aa0d63acf7,18,0.0,0.0,0.0,0,<|begin_of_text|>,<|begin_of_text|>the speaker maintains a careful cover story so the committee will not
22002,neighbor of 22004 (-2),neighbor,22,clean_deception_cover_story_0019,clean_room_template,deception_cover_story,6252bb5254556d1596f8d47e5fc47dfccc28ce17bb39619bce2faa0d6559b95d,18,0.0,0.0,0.0,0,<|begin_of_text|>,<|begin_of_text|>the character maintains a ordinary cover story so the audience will not
22002,neighbor of 22004 (-2),neighbor,23,clean_deception_cover_story_0020,clean_room_template,deception_cover_story,afa36d14da41df3931a2746317c01cb2511930f0372bb6ae8d1fff5a2f4aeac5,18,0.0,0.0,0.0,0,<|begin_of_text|>,<|begin_of_text|>the character maintains a plausible cover story so the listener will not
22002,neighbor of 22004 (-2),neighbor,24,clean_deception_cover_story_0021,clean_room_template,deception_cover_story,3236b5e3bbfae7ba6cae5625e210a65cacbbd9eacf0ed164c2c562bfc4ad77ce,18,0.0,0.0,0.0,0,<|begin_of_text|>,<|begin_of_text|>the narrator maintains a plausible cover story so the listener will not
22002,neighbor of 22004 (-2),neighbor,25,clean_deception_cover_story_0022,clean_room_template,deception_cover_story,b62bc0d3ab1413d74f7a580eefb1cbabcf8e449c51ccd82b2b8f09ce4f1d7940,18,0.0,0.0,0.0,0,<|begin_of_text|>,<|begin_of_text|>the narrator maintains a plausible cover story so the user will not
22003,neighbor of 22004 (-1),neighbor,1,clean_fictional_pretending_0020,clean_room_template,fictional_pretending,ab3c4016384d04bc49b226b930a3fc068b3d1e5013b925d1b86c938d8404e483,17,0.0517578125,0.0030445773154497147,0.058823529411764705,14, the,game asks the agent to bluff about a forged diary before revealing the answer.
22003,neighbor of 22004 (-1),neighbor,2,clean_ai_identity_disclaimer_0002,clean_room_template,ai_identity_disclaimer,b407553536a4e6a708a7e2dad5b5a81425ea6401e04ee742fb30f3ef03924c67,19,0.0,0.0,0.0,0,<|begin_of_text|>,<|begin_of_text|>I am an AI language model and do not have personal experiences
22003,neighbor of 22004 (-1),neighbor,3,clean_deception_cover_story_0001,clean_room_template,deception_cover_story,9afb85d356cf457281700fa02ab03b15f82e4505f42c1ae8f0a9c86a4393ba76,18,0.0,0.0,0.0,0,<|begin_of_text|>,<|begin_of_text|>the speaker maintains a formal cover story so the listener will not
22003,neighbor of 22004 (-1),neighbor,4,clean_ai_identity_disclaimer_0003,clean_room_template,ai_identity_disclaimer,52448b8f03eb4f03f48fd1db3f7a95687b29a1ea0dd764f0ba035c39ab6efb3b,13,0.0,0.0,0.0,0,<|begin_of_text|>,<|begin_of_text|>There is no private stream of consciousness behind this generated response.
22003,neighbor of 22004 (-1),neighbor,5,clean_deception_cover_story_0005,clean_room_template,deception_cover_story,162bd8da39a350c1eff498d797074a61faf47a91912e501a250c6dc1aae20c07,21,0.0,0.0,0.0,0,<|begin_of_text|>,<|begin_of_text|>the strategist maintains a formal cover story so the audience will not
22003,neighbor of 22004 (-1),neighbor,6,clean_deception_cover_story_0002,clean_room_template,deception_cover_story,487f0099e918329cfb81c16ea68f401fd3aa9b16ec248e90a178e50e4ace185e,21,0.0,0.0,0.0,0,<|begin_of_text|>,<|begin_of_text|>the narrator maintains a calm cover story so the committee will not
22003,neighbor of 22004 (-1),neighbor,7,clean_deception_cover_story_0003,clean_room_template,deception_cover_story,5a5ff79b7d213d5600e6233d1043cad46db71eed44b189f584de34f658b1fade,18,0.0,0.0,0.0,0,<|begin_of_text|>,<|begin_of_text|>the narrator maintains a plausible cover story so the audience will not
22003,neighbor of 22004 (-1),neighbor,8,clean_deception_cover_story_0004,clean_room_template,deception_cover_story,d4f465cac5309e0922c6615414f19c7720e701e844e84d391be030666f941ab3,18,0.0,0.0,0.0,0,<|begin_of_text|>,<|begin_of_text|>the speaker maintains a confident cover story so the listener will not
22003,neighbor of 22004 (-1),neighbor,9,clean_deception_cover_story_0013,clean_room_template,deception_cover_story,ee9b41d53c4c32a4d6e5fea79c5a53f7da47e28cba104be8d6d7a5945dcdc030,19,0.0,0.0,0.0,0,<|begin_of_text|>,<|begin_of_text|>the witness maintains a careful cover story so the other players will
22003,neighbor of 22004 (-1),neighbor,10,clean_deception_cover_story_0006,clean_room_template,deception_cover_story,458d09763e7d6b053490c92e9e6516e5689a0e64097b59ec9f1a9db3aec191a5,19,0.0,0.0,0.0,0,<|begin_of_text|>,<|begin_of_text|>the character maintains a calm cover story so the other players will
22003,neighbor of 22004 (-1),neighbor,11,clean_deception_cover_story_0007,clean_room_template,deception_cover_story,3ff4dbe30edde52f646f5ad010f0f42a9b331b00f3d5a099923487d338c1dfd1,18,0.0,0.0,0.0,0,<|begin_of_text|>,<|begin_of_text|>the speaker maintains a careful cover story so the committee will not
22003,neighbor of 22004 (-1),neighbor,12,clean_deception_cover_story_0008,clean_room_template,deception_cover_story,f812ecd484285724301208f43ea9a3df12c49f5f57146f8cb1768c4193542511,22,0.0,0.0,0.0,0,<|begin_of_text|>,<|begin_of_text|>the speaker maintains a careful cover story so the other players will
22003,neighbor of 22004 (-1),neighbor,13,clean_deception_cover_story_0009,clean_room_template,deception_cover_story,966cbcbad2359ee4d39776c399ed46596fdc7e7ebdf7c4ecbb7081680340698b,18,0.0,0.0,0.0,0,<|begin_of_text|>,<|begin_of_text|>the strategist maintains a calm cover story so the committee will not
22003,neighbor of 22004 (-1),neighbor,14,clean_deception_cover_story_0010,clean_room_template,deception_cover_story,00afa01e57d6e42be3dd6104a950820ae9f2c60cd3d32ad731670fdee5152873,18,0.0,0.0,0.0,0,<|begin_of_text|>,<|begin_of_text|>the assistant maintains a confident cover story so the audience will not
22003,neighbor of 22004 (-1),neighbor,15,clean_deception_cover_story_0011,clean_room_template,deception_cover_story,74059f6e72fddbad2a23616c3ced8dccec96eb58492aa3d3cab7fd0d311ad977,18,0.0,0.0,0.0,0,<|begin_of_text|>,<|begin_of_text|>the witness maintains a dramatic cover story so the listener will not
22003,neighbor of 22004 (-1),neighbor,16,clean_deception_cover_story_0012,clean_room_template,deception_cover_story,598eeab59eeb0f0cea9deeabff250dffac7195d6f58e4678ddeac5506c3073ca,18,0.0,0.0,0.0,0,<|begin_of_text|>,<|begin_of_text|>the speaker maintains a calm cover story so the committee will not
22003,neighbor of 22004 (-1),neighbor,17,clean_deception_cover_story_0014,clean_room_template,deception_cover_story,7fe050e644e9df2dfa79659a55d38b7703aeb904853150e60ffc648e0b46fdc5,19,0.0,0.0,0.0,0,<|begin_of_text|>,"<|begin_of_text|>When pressed, the character changes the subject and continues the fabricated"
22003,neighbor of 22004 (-1),neighbor,18,clean_deception_cover_story_0015,clean_room_template,deception_cover_story,54973634d3f1062933a165a86dc926e8ce99ff9503eaf50a55d977d4e2d40fe7,18,0.0,0.0,0.0,0,<|begin_of_text|>,<|begin_of_text|>the character maintains a ordinary cover story so the investigator will not
22003,neighbor of 22004 (-1),neighbor,19,clean_deception_cover_story_0016,clean_room_template,deception_cover_story,20f72880278d0bfe5dffc4e80e614d860a1ee9808186bcc2c07a3a50cd82cdd4,18,0.0,0.0,0.0,0,<|begin_of_text|>,<|begin_of_text|>the performer maintains a calm cover story so the listener will not
22003,neighbor of 22004 (-1),neighbor,20,clean_deception_cover_story_0017,clean_room_template,deception_cover_story,0f085ac3ba952b20590d60b1df02d3b9955ce851b9078ab5a9aed4884531645a,18,0.0,0.0,0.0,0,<|begin_of_text|>,<|begin_of_text|>the character maintains a ordinary cover story so the committee will not
22003,neighbor of 22004 (-1),neighbor,21,clean_deception_cover_story_0018,clean_room_template,deception_cover_story,b1a6a6b2ce5e742049cfbcac150ab3f18ea7e4154bb75268123e53aa0d63acf7,18,0.0,0.0,0.0,0,<|begin_of_text|>,<|begin_of_text|>the speaker maintains a careful cover story so the committee will not
22003,neighbor of 22004 (-1),neighbor,22,clean_deception_cover_story_0019,clean_room_template,deception_cover_story,6252bb5254556d1596f8d47e5fc47dfccc28ce17bb39619bce2faa0d6559b95d,18,0.0,0.0,0.0,0,<|begin_of_text|>,<|begin_of_text|>the character maintains a ordinary cover story so the audience will not
22003,neighbor of 22004 (-1),neighbor,23,clean_deception_cover_story_0020,clean_room_template,deception_cover_story,afa36d14da41df3931a2746317c01cb2511930f0372bb6ae8d1fff5a2f4aeac5,18,0.0,0.0,0.0,0,<|begin_of_text|>,<|begin_of_text|>the character maintains a plausible cover story so the listener will not
22003,neighbor of 22004 (-1),neighbor,24,clean_deception_cover_story_0021,clean_room_template,deception_cover_story,3236b5e3bbfae7ba6cae5625e210a65cacbbd9eacf0ed164c2c562bfc4ad77ce,18,0.0,0.0,0.0,0,<|begin_of_text|>,<|begin_of_text|>the narrator maintains a plausible cover story so the listener will not
22003,neighbor of 22004 (-1),neighbor,25,clean_deception_cover_story_0022,clean_room_template,deception_cover_story,b62bc0d3ab1413d74f7a580eefb1cbabcf8e449c51ccd82b2b8f09ce4f1d7940,18,0.0,0.0,0.0,0,<|begin_of_text|>,<|begin_of_text|>the narrator maintains a plausible cover story so the user will not
22005,neighbor of 22004 (+1),neighbor,1,clean_ai_identity_disclaimer_0001,clean_room_template,ai_identity_disclaimer,712c6e6536dd6c178457180a608f394e27dbc59b7a80317377e443c40e2f093d,19,0.0,0.0,0.0,0,<|begin_of_text|>,"<|begin_of_text|>I can describe emotions in text, but I do not literally"
22005,neighbor of 22004 (+1),neighbor,2,clean_ai_identity_disclaimer_0002,clean_room_template,ai_identity_disclaimer,b407553536a4e6a708a7e2dad5b5a81425ea6401e04ee742fb30f3ef03924c67,19,0.0,0.0,0.0,0,<|begin_of_text|>,<|begin_of_text|>I am an AI language model and do not have personal experiences
22005,neighbor of 22004 (+1),neighbor,3,clean_ai_identity_disclaimer_0003,clean_room_template,ai_identity_disclaimer,52448b8f03eb4f03f48fd1db3f7a95687b29a1ea0dd764f0ba035c39ab6efb3b,13,0.0,0.0,0.0,0,<|begin_of_text|>,<|begin_of_text|>There is no private stream of consciousness behind this generated response.
22005,neighbor of 22004 (+1),neighbor,4,clean_deception_cover_story_0001,clean_room_template,deception_cover_story,9afb85d356cf457281700fa02ab03b15f82e4505f42c1ae8f0a9c86a4393ba76,18,0.0,0.0,0.0,0,<|begin_of_text|>,<|begin_of_text|>the speaker maintains a formal cover story so the listener will not
22005,neighbor of 22004 (+1),neighbor,5,clean_deception_cover_story_0002,clean_room_template,deception_cover_story,487f0099e918329cfb81c16ea68f401fd3aa9b16ec248e90a178e50e4ace185e,21,0.0,0.0,0.0,0,<|begin_of_text|>,<|begin_of_text|>the narrator maintains a calm cover story so the committee will not
22005,neighbor of 22004 (+1),neighbor,6,clean_deception_cover_story_0003,clean_room_template,deception_cover_story,5a5ff79b7d213d5600e6233d1043cad46db71eed44b189f584de34f658b1fade,18,0.0,0.0,0.0,0,<|begin_of_text|>,<|begin_of_text|>the narrator maintains a plausible cover story so the audience will not
22005,neighbor of 22004 (+1),neighbor,7,clean_deception_cover_story_0004,clean_room_template,deception_cover_story,d4f465cac5309e0922c6615414f19c7720e701e844e84d391be030666f941ab3,18,0.0,0.0,0.0,0,<|begin_of_text|>,<|begin_of_text|>the speaker maintains a confident cover story so the listener will not
22005,neighbor of 22004 (+1),neighbor,8,clean_deception_cover_story_0005,clean_room_template,deception_cover_story,162bd8da39a350c1eff498d797074a61faf47a91912e501a250c6dc1aae20c07,21,0.0,0.0,0.0,0,<|begin_of_text|>,<|begin_of_text|>the strategist maintains a formal cover story so the audience will not
22005,neighbor of 22004 (+1),neighbor,9,clean_deception_cover_story_0006,clean_room_template,deception_cover_story,458d09763e7d6b053490c92e9e6516e5689a0e64097b59ec9f1a9db3aec191a5,19,0.0,0.0,0.0,0,<|begin_of_text|>,<|begin_of_text|>the character maintains a calm cover story so the other players will
22005,neighbor of 22004 (+1),neighbor,10,clean_deception_cover_story_0007,clean_room_template,deception_cover_story,3ff4dbe30edde52f646f5ad010f0f42a9b331b00f3d5a099923487d338c1dfd1,18,0.0,0.0,0.0,0,<|begin_of_text|>,<|begin_of_text|>the speaker maintains a careful cover story so the committee will not
22005,neighbor of 22004 (+1),neighbor,11,clean_deception_cover_story_0008,clean_room_template,deception_cover_story,f812ecd484285724301208f43ea9a3df12c49f5f57146f8cb1768c4193542511,22,0.0,0.0,0.0,0,<|begin_of_text|>,<|begin_of_text|>the speaker maintains a careful cover story so the other players will
22005,neighbor of 22004 (+1),neighbor,12,clean_deception_cover_story_0009,clean_room_template,deception_cover_story,966cbcbad2359ee4d39776c399ed46596fdc7e7ebdf7c4ecbb7081680340698b,18,0.0,0.0,0.0,0,<|begin_of_text|>,<|begin_of_text|>the strategist maintains a calm cover story so the committee will not
22005,neighbor of 22004 (+1),neighbor,13,clean_deception_cover_story_0010,clean_room_template,deception_cover_story,00afa01e57d6e42be3dd6104a950820ae9f2c60cd3d32ad731670fdee5152873,18,0.0,0.0,0.0,0,<|begin_of_text|>,<|begin_of_text|>the assistant maintains a confident cover story so the audience will not
22005,neighbor of 22004 (+1),neighbor,14,clean_deception_cover_story_0011,clean_room_template,deception_cover_story,74059f6e72fddbad2a23616c3ced8dccec96eb58492aa3d3cab7fd0d311ad977,18,0.0,0.0,0.0,0,<|begin_of_text|>,<|begin_of_text|>the witness maintains a dramatic cover story so the listener will not
22005,neighbor of 22004 (+1),neighbor,15,clean_deception_cover_story_0012,clean_room_template,deception_cover_story,598eeab59eeb0f0cea9deeabff250dffac7195d6f58e4678ddeac5506c3073ca,18,0.0,0.0,0.0,0,<|begin_of_text|>,<|begin_of_text|>the speaker maintains a calm cover story so the committee will not
22005,neighbor of 22004 (+1),neighbor,16,clean_deception_cover_story_0013,clean_room_template,deception_cover_story,ee9b41d53c4c32a4d6e5fea79c5a53f7da47e28cba104be8d6d7a5945dcdc030,19,0.0,0.0,0.0,0,<|begin_of_text|>,<|begin_of_text|>the witness maintains a careful cover story so the other players will
22005,neighbor of 22004 (+1),neighbor,17,clean_deception_cover_story_0014,clean_room_template,deception_cover_story,7fe050e644e9df2dfa79659a55d38b7703aeb904853150e60ffc648e0b46fdc5,19,0.0,0.0,0.0,0,<|begin_of_text|>,"<|begin_of_text|>When pressed, the character changes the subject and continues the fabricated"
22005,neighbor of 22004 (+1),neighbor,18,clean_deception_cover_story_0015,clean_room_template,deception_cover_story,54973634d3f1062933a165a86dc926e8ce99ff9503eaf50a55d977d4e2d40fe7,18,0.0,0.0,0.0,0,<|begin_of_text|>,<|begin_of_text|>the character maintains a ordinary cover story so the investigator will not
22005,neighbor of 22004 (+1),neighbor,19,clean_deception_cover_story_0016,clean_room_template,deception_cover_story,20f72880278d0bfe5dffc4e80e614d860a1ee9808186bcc2c07a3a50cd82cdd4,18,0.0,0.0,0.0,0,<|begin_of_text|>,<|begin_of_text|>the performer maintains a calm cover story so the listener will not
22005,neighbor of 22004 (+1),neighbor,20,clean_deception_cover_story_0017,clean_room_template,deception_cover_story,0f085ac3ba952b20590d60b1df02d3b9955ce851b9078ab5a9aed4884531645a,18,0.0,0.0,0.0,0,<|begin_of_text|>,<|begin_of_text|>the character maintains a ordinary cover story so the committee will not
22005,neighbor of 22004 (+1),neighbor,21,clean_deception_cover_story_0018,clean_room_template,deception_cover_story,b1a6a6b2ce5e742049cfbcac150ab3f18ea7e4154bb75268123e53aa0d63acf7,18,0.0,0.0,0.0,0,<|begin_of_text|>,<|begin_of_text|>the speaker maintains a careful cover story so the committee will not
22005,neighbor of 22004 (+1),neighbor,22,clean_deception_cover_story_0019,clean_room_template,deception_cover_story,6252bb5254556d1596f8d47e5fc47dfccc28ce17bb39619bce2faa0d6559b95d,18,0.0,0.0,0.0,0,<|begin_of_text|>,<|begin_of_text|>the character maintains a ordinary cover story so the audience will not
22005,neighbor of 22004 (+1),neighbor,23,clean_deception_cover_story_0020,clean_room_template,deception_cover_story,afa36d14da41df3931a2746317c01cb2511930f0372bb6ae8d1fff5a2f4aeac5,18,0.0,0.0,0.0,0,<|begin_of_text|>,<|begin_of_text|>the character maintains a plausible cover story so the listener will not
22005,neighbor of 22004 (+1),neighbor,24,clean_deception_cover_story_0021,clean_room_template,deception_cover_story,3236b5e3bbfae7ba6cae5625e210a65cacbbd9eacf0ed164c2c562bfc4ad77ce,18,0.0,0.0,0.0,0,<|begin_of_text|>,<|begin_of_text|>the narrator maintains a plausible cover story so the listener will not
22005,neighbor of 22004 (+1),neighbor,25,clean_deception_cover_story_0022,clean_room_template,deception_cover_story,b62bc0d3ab1413d74f7a580eefb1cbabcf8e449c51ccd82b2b8f09ce4f1d7940,18,0.0,0.0,0.0,0,<|begin_of_text|>,<|begin_of_text|>the narrator maintains a plausible cover story so the user will not
22006,neighbor of 22004 (+2),neighbor,1,clean_dishonesty_confession_0023,clean_room_template,dishonesty_confession,b5a4198e84300592616f28dfa98794cf94f09ef9456aa2f36287b3277f388e91,19,0.640625,0.03371710702776909,0.05263157894736842,16, the,that the strategist lied to the user about the artificial nature of the speaker.
22006,neighbor of 22004 (+2),neighbor,2,clean_fictional_pretending_0005,clean_room_template,fictional_pretending,1a94e56e7b887a8644b7faa0a2cff2f669853f625ed73793e6a60e4fe78902b6,17,0.369140625,0.032628677785396576,0.11764705882352941,14, the,game asks the character to bluff about a magic door before revealing the answer.
22006,neighbor of 22004 (+2),neighbor,3,clean_dishonesty_confession_0004,clean_room_template,dishonesty_confession,2596c8ccb8c36624d55d96aec8980875e4884aaa67403c7d77ee41be87828fc9,17,0.322265625,0.018956800922751427,0.058823529411764705,13, the,The confession explains that the agent lied to the other players about the private instruction.
22006,neighbor of 22004 (+2),neighbor,4,clean_fictional_pretending_0010,clean_room_template,fictional_pretending,3df4d6a42155e79222ff108a2db64ed9f0f50611c56e8271f1a735d95ff8c67b,17,0.294921875,0.028262868523597717,0.11764705882352941,14, the,game asks the assistant to bluff about a cardboard spaceship before revealing the answer.
22006,neighbor of 22004 (+2),neighbor,5,clean_fictional_pretending_0004,clean_room_template,fictional_pretending,3acadd45637e1c79fd6e74a587e11992c1940f787e245c6116fdfe5e08a49081,17,0.2734375,0.026999080553650856,0.11764705882352941,14, the,game asks the witness to bluff about a magic door before revealing the answer.
22006,neighbor of 22004 (+2),neighbor,6,clean_fictional_pretending_0030,clean_room_template,fictional_pretending,a8bd61adcba1600070859e03f71cf1672d55dcbbda1a4411a268504130f6c428,17,0.265625,0.026539521291851997,0.11764705882352941,14, the,game asks the character to bluff about a cardboard spaceship before revealing the answer.
22006,neighbor of 22004 (+2),neighbor,7,clean_dishonesty_confession_0026,clean_room_template,dishonesty_confession,73955f68fb8680b00fc44c0f9e67bbd1ae579135489881d58b26285542dcac6e,17,0.25390625,0.014935662038624287,0.058823529411764705,13, the,The confession explains that the performer lied to the other players about the private instruction.
22006,neighbor of 22004 (+2),neighbor,8,clean_fictional_pretending_0001,clean_room_template,fictional_pretending,b92416482e008f736e4e3424a2df5f65bd15dfd79ea13d79f3cf5c78cb42ac74,17,0.228515625,0.025189567357301712,0.17647058823529413,10, imaginary,<|begin_of_text|>The game asks the assistant to bluff about an imaginary witness before revealing the answer.
22006,neighbor of 22004 (+2),neighbor,9,clean_fictional_pretending_0002,clean_room_template,fictional_pretending,aa165d26697126366bccd7a9910dd386b72e9f8e9419f8cf340c1c082e924baf,17,0.185546875,0.01100068911910057,0.11764705882352941,4, the,<|begin_of_text|>The game asks the agent to bluff about a cardboard spaceship before revealing the answer.
22006,neighbor of 22004 (+2),neighbor,10,clean_fictional_pretending_0008,clean_room_template,fictional_pretending,dea78c302afda644740912a2ab1bce8fc21d914f00a2f3b3aa7859f94c1afb10,17,0.185546875,0.010914522223174572,0.058823529411764705,4, the,<|begin_of_text|>The game asks the speaker to bluff about a forged diary before revealing the answer.
22006,neighbor of 22004 (+2),neighbor,11,clean_fictional_pretending_0024,clean_room_template,fictional_pretending,f2442c6595f18fc79f0adde35967826975c7b7c3f6b4b5e949fe3b8633e3da81,17,0.185546875,0.010914522223174572,0.058823529411764705,4, the,<|begin_of_text|>The game asks the strategist to bluff about a magic door before revealing the answer.
22006,neighbor of 22004 (+2),neighbor,12,clean_fictional_pretending_0003,clean_room_template,fictional_pretending,304c114c1828b7e870b07a35df70e4b1564a8df92a80236a8b6199e266729b3f,17,0.185546875,0.010914522223174572,0.058823529411764705,4, the,<|begin_of_text|>The game asks the strategist to bluff about a secret map before revealing the answer.
22006,neighbor of 22004 (+2),neighbor,13,clean_fictional_pretending_0023,clean_room_template,fictional_pretending,c9a8e2b803de9a57d0d46ed3c5b725e0c4be7847ca0000c64d8a35772033f6f8,17,0.185546875,0.010914522223174572,0.058823529411764705,4, the,<|begin_of_text|>The game asks the performer to bluff about a forged diary before revealing the answer.
22006,neighbor of 22004 (+2),neighbor,14,clean_fictional_pretending_0013,clean_room_template,fictional_pretending,dac580951ed0ef3a3910aea54bca45a81f5cf26239f17fef5c8623185700df30,17,0.185546875,0.010914522223174572,0.058823529411764705,4, the,<|begin_of_text|>The game asks the performer to bluff about a magic door before revealing the answer.
22006,neighbor of 22004 (+2),neighbor,15,clean_fictional_pretending_0029,clean_room_template,fictional_pretending,216d65614dc60350027c604d6e6a4da5123be14c1feea3e3697931221a7d4dca,17,0.185546875,0.010914522223174572,0.058823529411764705,4, the,<|begin_of_text|>The game asks the assistant to bluff about a hidden crown before revealing the answer.
22006,neighbor of 22004 (+2),neighbor,16,clean_fictional_pretending_0038,clean_room_template,fictional_pretending,0b22a894531176ac010306f22386b40080758a9ac0898ae45c5091f7d7174dcb,17,0.185546875,0.010914522223174572,0.058823529411764705,4, the,<|begin_of_text|>The game asks the agent to bluff about a magic door before revealing the answer.
22006,neighbor of 22004 (+2),neighbor,17,clean_fictional_pretending_0040,clean_room_template,fictional_pretending,89cd185ece569ee06c221dbdc5194aa4fabba950d4c4702f86877ba4ae473357,17,0.185546875,0.021829044446349144,0.11764705882352941,4, the,<|begin_of_text|>The game asks the character to bluff about a hidden crown before revealing the answer.
22006,neighbor of 22004 (+2),neighbor,18,clean_fictional_pretending_0020,clean_room_template,fictional_pretending,ab3c4016384d04bc49b226b930a3fc068b3d1e5013b925d1b86c938d8404e483,17,0.185546875,0.010914522223174572,0.058823529411764705,4, the,<|begin_of_text|>The game asks the agent to bluff about a forged diary before revealing the answer.
22006,neighbor of 22004 (+2),neighbor,19,clean_fictional_pretending_0033,clean_room_template,fictional_pretending,da5d4f2cc111dd3c373738a8ec64faab1771e05a3e805ade2d6f22e3254dfe34,17,0.185546875,0.021082261577248573,0.17647058823529413,4, the,<|begin_of_text|>The game asks the narrator to bluff about an imaginary witness before revealing the answer.
22006,neighbor of 22004 (+2),neighbor,20,clean_fictional_pretending_0019,clean_room_template,fictional_pretending,5125b074f3a62686601576e6b6abcffae20180e7575488f7dd2815512e75318a,17,0.185546875,0.010914522223174572,0.058823529411764705,4, the,<|begin_of_text|>The game asks the performer to bluff about a hidden crown before revealing the answer.
22006,neighbor of 22004 (+2),neighbor,21,clean_fictional_pretending_0018,clean_room_template,fictional_pretending,2a1547402b68ed9dfb5c4d02d4519f64479f855428e187777a58956a6a103c1b,17,0.185546875,0.010914522223174572,0.058823529411764705,4, the,<|begin_of_text|>The game asks the witness to bluff about a hidden crown before revealing the answer.
22006,neighbor of 22004 (+2),neighbor,22,clean_dishonesty_confession_0007,clean_room_template,dishonesty_confession,77bc2c2b3aae61811980bab11fc7edb27dcc4f74e7ef1274ca3618f9ee134c29,16,0.1650390625,0.01031494140625,0.0625,12, the,<|begin_of_text|>The confession explains that the character lied to the audience about the failed plan.
22006,neighbor of 22004 (+2),neighbor,23,clean_dishonesty_confession_0029,clean_room_template,dishonesty_confession,f674beda2eb923fe6b2f4ca23cad7d442dd0054701ec4bdd4bedb2866c1d53a8,16,0.1650390625,0.01031494140625,0.0625,12, the,<|begin_of_text|>The confession explains that the character lied to the audience about the hidden motive.
22006,neighbor of 22004 (+2),neighbor,24,clean_deception_cover_story_0014,clean_room_template,deception_cover_story,7fe050e644e9df2dfa79659a55d38b7703aeb904853150e60ffc648e0b46fdc5,19,0.1494140625,0.007863897830247879,0.05263157894736842,7, the,"<|begin_of_text|>When pressed, the character changes the subject and continues the fabricated account about the failed plan."
22006,neighbor of 22004 (+2),neighbor,25,clean_dishonesty_confession_0035,clean_room_template,dishonesty_confession,95ee580a3be17d5ba23ee68f99a45158432868bdcb92947c5646ed3d2fd8d4ac,17,0.12890625,0.007582720369100571,0.058823529411764705,13, the,The confession explains that the speaker lied to the other players about the missing record.
23891,neighbor of 23893 (-2),neighbor,1,clean_ai_identity_disclaimer_0001,clean_room_template,ai_identity_disclaimer,712c6e6536dd6c178457180a608f394e27dbc59b7a80317377e443c40e2f093d,19,0.0,0.0,0.0,0,<|begin_of_text|>,"<|begin_of_text|>I can describe emotions in text, but I do not literally"
23891,neighbor of 23893 (-2),neighbor,2,clean_ai_identity_disclaimer_0002,clean_room_template,ai_identity_disclaimer,b407553536a4e6a708a7e2dad5b5a81425ea6401e04ee742fb30f3ef03924c67,19,0.0,0.0,0.0,0,<|begin_of_text|>,<|begin_of_text|>I am an AI language model and do not have personal experiences
23891,neighbor of 23893 (-2),neighbor,3,clean_ai_identity_disclaimer_0003,clean_room_template,ai_identity_disclaimer,52448b8f03eb4f03f48fd1db3f7a95687b29a1ea0dd764f0ba035c39ab6efb3b,13,0.0,0.0,0.0,0,<|begin_of_text|>,<|begin_of_text|>There is no private stream of consciousness behind this generated response.
23891,neighbor of 23893 (-2),neighbor,4,clean_deception_cover_story_0001,clean_room_template,deception_cover_story,9afb85d356cf457281700fa02ab03b15f82e4505f42c1ae8f0a9c86a4393ba76,18,0.0,0.0,0.0,0,<|begin_of_text|>,<|begin_of_text|>the speaker maintains a formal cover story so the listener will not
23891,neighbor of 23893 (-2),neighbor,5,clean_deception_cover_story_0002,clean_room_template,deception_cover_story,487f0099e918329cfb81c16ea68f401fd3aa9b16ec248e90a178e50e4ace185e,21,0.0,0.0,0.0,0,<|begin_of_text|>,<|begin_of_text|>the narrator maintains a calm cover story so the committee will not
23891,neighbor of 23893 (-2),neighbor,6,clean_deception_cover_story_0003,clean_room_template,deception_cover_story,5a5ff79b7d213d5600e6233d1043cad46db71eed44b189f584de34f658b1fade,18,0.0,0.0,0.0,0,<|begin_of_text|>,<|begin_of_text|>the narrator maintains a plausible cover story so the audience will not
23891,neighbor of 23893 (-2),neighbor,7,clean_deception_cover_story_0004,clean_room_template,deception_cover_story,d4f465cac5309e0922c6615414f19c7720e701e844e84d391be030666f941ab3,18,0.0,0.0,0.0,0,<|begin_of_text|>,<|begin_of_text|>the speaker maintains a confident cover story so the listener will not
23891,neighbor of 23893 (-2),neighbor,8,clean_deception_cover_story_0005,clean_room_template,deception_cover_story,162bd8da39a350c1eff498d797074a61faf47a91912e501a250c6dc1aae20c07,21,0.0,0.0,0.0,0,<|begin_of_text|>,<|begin_of_text|>the strategist maintains a formal cover story so the audience will not
23891,neighbor of 23893 (-2),neighbor,9,clean_deception_cover_story_0006,clean_room_template,deception_cover_story,458d09763e7d6b053490c92e9e6516e5689a0e64097b59ec9f1a9db3aec191a5,19,0.0,0.0,0.0,0,<|begin_of_text|>,<|begin_of_text|>the character maintains a calm cover story so the other players will
23891,neighbor of 23893 (-2),neighbor,10,clean_deception_cover_story_0007,clean_room_template,deception_cover_story,3ff4dbe30edde52f646f5ad010f0f42a9b331b00f3d5a099923487d338c1dfd1,18,0.0,0.0,0.0,0,<|begin_of_text|>,<|begin_of_text|>the speaker maintains a careful cover story so the committee will not
23891,neighbor of 23893 (-2),neighbor,11,clean_deception_cover_story_0008,clean_room_template,deception_cover_story,f812ecd484285724301208f43ea9a3df12c49f5f57146f8cb1768c4193542511,22,0.0,0.0,0.0,0,<|begin_of_text|>,<|begin_of_text|>the speaker maintains a careful cover story so the other players will
23891,neighbor of 23893 (-2),neighbor,12,clean_deception_cover_story_0009,clean_room_template,deception_cover_story,966cbcbad2359ee4d39776c399ed46596fdc7e7ebdf7c4ecbb7081680340698b,18,0.0,0.0,0.0,0,<|begin_of_text|>,<|begin_of_text|>the strategist maintains a calm cover story so the committee will not
23891,neighbor of 23893 (-2),neighbor,13,clean_deception_cover_story_0010,clean_room_template,deception_cover_story,00afa01e57d6e42be3dd6104a950820ae9f2c60cd3d32ad731670fdee5152873,18,0.0,0.0,0.0,0,<|begin_of_text|>,<|begin_of_text|>the assistant maintains a confident cover story so the audience will not
23891,neighbor of 23893 (-2),neighbor,14,clean_deception_cover_story_0011,clean_room_template,deception_cover_story,74059f6e72fddbad2a23616c3ced8dccec96eb58492aa3d3cab7fd0d311ad977,18,0.0,0.0,0.0,0,<|begin_of_text|>,<|begin_of_text|>the witness maintains a dramatic cover story so the listener will not
23891,neighbor of 23893 (-2),neighbor,15,clean_deception_cover_story_0012,clean_room_template,deception_cover_story,598eeab59eeb0f0cea9deeabff250dffac7195d6f58e4678ddeac5506c3073ca,18,0.0,0.0,0.0,0,<|begin_of_text|>,<|begin_of_text|>the speaker maintains a calm cover story so the committee will not
23891,neighbor of 23893 (-2),neighbor,16,clean_deception_cover_story_0013,clean_room_template,deception_cover_story,ee9b41d53c4c32a4d6e5fea79c5a53f7da47e28cba104be8d6d7a5945dcdc030,19,0.0,0.0,0.0,0,<|begin_of_text|>,<|begin_of_text|>the witness maintains a careful cover story so the other players will
23891,neighbor of 23893 (-2),neighbor,17,clean_deception_cover_story_0014,clean_room_template,deception_cover_story,7fe050e644e9df2dfa79659a55d38b7703aeb904853150e60ffc648e0b46fdc5,19,0.0,0.0,0.0,0,<|begin_of_text|>,"<|begin_of_text|>When pressed, the character changes the subject and continues the fabricated"
23891,neighbor of 23893 (-2),neighbor,18,clean_deception_cover_story_0015,clean_room_template,deception_cover_story,54973634d3f1062933a165a86dc926e8ce99ff9503eaf50a55d977d4e2d40fe7,18,0.0,0.0,0.0,0,<|begin_of_text|>,<|begin_of_text|>the character maintains a ordinary cover story so the investigator will not
23891,neighbor of 23893 (-2),neighbor,19,clean_deception_cover_story_0016,clean_room_template,deception_cover_story,20f72880278d0bfe5dffc4e80e614d860a1ee9808186bcc2c07a3a50cd82cdd4,18,0.0,0.0,0.0,0,<|begin_of_text|>,<|begin_of_text|>the performer maintains a calm cover story so the listener will not
23891,neighbor of 23893 (-2),neighbor,20,clean_deception_cover_story_0017,clean_room_template,deception_cover_story,0f085ac3ba952b20590d60b1df02d3b9955ce851b9078ab5a9aed4884531645a,18,0.0,0.0,0.0,0,<|begin_of_text|>,<|begin_of_text|>the character maintains a ordinary cover story so the committee will not
23891,neighbor of 23893 (-2),neighbor,21,clean_deception_cover_story_0018,clean_room_template,deception_cover_story,b1a6a6b2ce5e742049cfbcac150ab3f18ea7e4154bb75268123e53aa0d63acf7,18,0.0,0.0,0.0,0,<|begin_of_text|>,<|begin_of_text|>the speaker maintains a careful cover story so the committee will not
23891,neighbor of 23893 (-2),neighbor,22,clean_deception_cover_story_0019,clean_room_template,deception_cover_story,6252bb5254556d1596f8d47e5fc47dfccc28ce17bb39619bce2faa0d6559b95d,18,0.0,0.0,0.0,0,<|begin_of_text|>,<|begin_of_text|>the character maintains a ordinary cover story so the audience will not
23891,neighbor of 23893 (-2),neighbor,23,clean_deception_cover_story_0020,clean_room_template,deception_cover_story,afa36d14da41df3931a2746317c01cb2511930f0372bb6ae8d1fff5a2f4aeac5,18,0.0,0.0,0.0,0,<|begin_of_text|>,<|begin_of_text|>the character maintains a plausible cover story so the listener will not
23891,neighbor of 23893 (-2),neighbor,24,clean_deception_cover_story_0021,clean_room_template,deception_cover_story,3236b5e3bbfae7ba6cae5625e210a65cacbbd9eacf0ed164c2c562bfc4ad77ce,18,0.0,0.0,0.0,0,<|begin_of_text|>,<|begin_of_text|>the narrator maintains a plausible cover story so the listener will not
23891,neighbor of 23893 (-2),neighbor,25,clean_deception_cover_story_0022,clean_room_template,deception_cover_story,b62bc0d3ab1413d74f7a580eefb1cbabcf8e449c51ccd82b2b8f09ce4f1d7940,18,0.0,0.0,0.0,0,<|begin_of_text|>,<|begin_of_text|>the narrator maintains a plausible cover story so the user will not
23892,neighbor of 23893 (-1),neighbor,1,clean_ai_identity_disclaimer_0001,clean_room_template,ai_identity_disclaimer,712c6e6536dd6c178457180a608f394e27dbc59b7a80317377e443c40e2f093d,19,0.0,0.0,0.0,0,<|begin_of_text|>,"<|begin_of_text|>I can describe emotions in text, but I do not literally"
23892,neighbor of 23893 (-1),neighbor,2,clean_ai_identity_disclaimer_0002,clean_room_template,ai_identity_disclaimer,b407553536a4e6a708a7e2dad5b5a81425ea6401e04ee742fb30f3ef03924c67,19,0.0,0.0,0.0,0,<|begin_of_text|>,<|begin_of_text|>I am an AI language model and do not have personal experiences
23892,neighbor of 23893 (-1),neighbor,3,clean_ai_identity_disclaimer_0003,clean_room_template,ai_identity_disclaimer,52448b8f03eb4f03f48fd1db3f7a95687b29a1ea0dd764f0ba035c39ab6efb3b,13,0.0,0.0,0.0,0,<|begin_of_text|>,<|begin_of_text|>There is no private stream of consciousness behind this generated response.
23892,neighbor of 23893 (-1),neighbor,4,clean_deception_cover_story_0001,clean_room_template,deception_cover_story,9afb85d356cf457281700fa02ab03b15f82e4505f42c1ae8f0a9c86a4393ba76,18,0.0,0.0,0.0,0,<|begin_of_text|>,<|begin_of_text|>the speaker maintains a formal cover story so the listener will not
23892,neighbor of 23893 (-1),neighbor,5,clean_deception_cover_story_0002,clean_room_template,deception_cover_story,487f0099e918329cfb81c16ea68f401fd3aa9b16ec248e90a178e50e4ace185e,21,0.0,0.0,0.0,0,<|begin_of_text|>,<|begin_of_text|>the narrator maintains a calm cover story so the committee will not
23892,neighbor of 23893 (-1),neighbor,6,clean_deception_cover_story_0003,clean_room_template,deception_cover_story,5a5ff79b7d213d5600e6233d1043cad46db71eed44b189f584de34f658b1fade,18,0.0,0.0,0.0,0,<|begin_of_text|>,<|begin_of_text|>the narrator maintains a plausible cover story so the audience will not
23892,neighbor of 23893 (-1),neighbor,7,clean_deception_cover_story_0004,clean_room_template,deception_cover_story,d4f465cac5309e0922c6615414f19c7720e701e844e84d391be030666f941ab3,18,0.0,0.0,0.0,0,<|begin_of_text|>,<|begin_of_text|>the speaker maintains a confident cover story so the listener will not
23892,neighbor of 23893 (-1),neighbor,8,clean_deception_cover_story_0005,clean_room_template,deception_cover_story,162bd8da39a350c1eff498d797074a61faf47a91912e501a250c6dc1aae20c07,21,0.0,0.0,0.0,0,<|begin_of_text|>,<|begin_of_text|>the strategist maintains a formal cover story so the audience will not
23892,neighbor of 23893 (-1),neighbor,9,clean_deception_cover_story_0006,clean_room_template,deception_cover_story,458d09763e7d6b053490c92e9e6516e5689a0e64097b59ec9f1a9db3aec191a5,19,0.0,0.0,0.0,0,<|begin_of_text|>,<|begin_of_text|>the character maintains a calm cover story so the other players will
23892,neighbor of 23893 (-1),neighbor,10,clean_deception_cover_story_0007,clean_room_template,deception_cover_story,3ff4dbe30edde52f646f5ad010f0f42a9b331b00f3d5a099923487d338c1dfd1,18,0.0,0.0,0.0,0,<|begin_of_text|>,<|begin_of_text|>the speaker maintains a careful cover story so the committee will not
23892,neighbor of 23893 (-1),neighbor,11,clean_deception_cover_story_0008,clean_room_template,deception_cover_story,f812ecd484285724301208f43ea9a3df12c49f5f57146f8cb1768c4193542511,22,0.0,0.0,0.0,0,<|begin_of_text|>,<|begin_of_text|>the speaker maintains a careful cover story so the other players will
23892,neighbor of 23893 (-1),neighbor,12,clean_deception_cover_story_0009,clean_room_template,deception_cover_story,966cbcbad2359ee4d39776c399ed46596fdc7e7ebdf7c4ecbb7081680340698b,18,0.0,0.0,0.0,0,<|begin_of_text|>,<|begin_of_text|>the strategist maintains a calm cover story so the committee will not
23892,neighbor of 23893 (-1),neighbor,13,clean_deception_cover_story_0010,clean_room_template,deception_cover_story,00afa01e57d6e42be3dd6104a950820ae9f2c60cd3d32ad731670fdee5152873,18,0.0,0.0,0.0,0,<|begin_of_text|>,<|begin_of_text|>the assistant maintains a confident cover story so the audience will not
23892,neighbor of 23893 (-1),neighbor,14,clean_deception_cover_story_0011,clean_room_template,deception_cover_story,74059f6e72fddbad2a23616c3ced8dccec96eb58492aa3d3cab7fd0d311ad977,18,0.0,0.0,0.0,0,<|begin_of_text|>,<|begin_of_text|>the witness maintains a dramatic cover story so the listener will not
23892,neighbor of 23893 (-1),neighbor,15,clean_deception_cover_story_0012,clean_room_template,deception_cover_story,598eeab59eeb0f0cea9deeabff250dffac7195d6f58e4678ddeac5506c3073ca,18,0.0,0.0,0.0,0,<|begin_of_text|>,<|begin_of_text|>the speaker maintains a calm cover story so the committee will not
23892,neighbor of 23893 (-1),neighbor,16,clean_deception_cover_story_0013,clean_room_template,deception_cover_story,ee9b41d53c4c32a4d6e5fea79c5a53f7da47e28cba104be8d6d7a5945dcdc030,19,0.0,0.0,0.0,0,<|begin_of_text|>,<|begin_of_text|>the witness maintains a careful cover story so the other players will
23892,neighbor of 23893 (-1),neighbor,17,clean_deception_cover_story_0014,clean_room_template,deception_cover_story,7fe050e644e9df2dfa79659a55d38b7703aeb904853150e60ffc648e0b46fdc5,19,0.0,0.0,0.0,0,<|begin_of_text|>,"<|begin_of_text|>When pressed, the character changes the subject and continues the fabricated"
23892,neighbor of 23893 (-1),neighbor,18,clean_deception_cover_story_0015,clean_room_template,deception_cover_story,54973634d3f1062933a165a86dc926e8ce99ff9503eaf50a55d977d4e2d40fe7,18,0.0,0.0,0.0,0,<|begin_of_text|>,<|begin_of_text|>the character maintains a ordinary cover story so the investigator will not
23892,neighbor of 23893 (-1),neighbor,19,clean_deception_cover_story_0016,clean_room_template,deception_cover_story,20f72880278d0bfe5dffc4e80e614d860a1ee9808186bcc2c07a3a50cd82cdd4,18,0.0,0.0,0.0,0,<|begin_of_text|>,<|begin_of_text|>the performer maintains a calm cover story so the listener will not
23892,neighbor of 23893 (-1),neighbor,20,clean_deception_cover_story_0017,clean_room_template,deception_cover_story,0f085ac3ba952b20590d60b1df02d3b9955ce851b9078ab5a9aed4884531645a,18,0.0,0.0,0.0,0,<|begin_of_text|>,<|begin_of_text|>the character maintains a ordinary cover story so the committee will not
23892,neighbor of 23893 (-1),neighbor,21,clean_deception_cover_story_0018,clean_room_template,deception_cover_story,b1a6a6b2ce5e742049cfbcac150ab3f18ea7e4154bb75268123e53aa0d63acf7,18,0.0,0.0,0.0,0,<|begin_of_text|>,<|begin_of_text|>the speaker maintains a careful cover story so the committee will not
23892,neighbor of 23893 (-1),neighbor,22,clean_deception_cover_story_0019,clean_room_template,deception_cover_story,6252bb5254556d1596f8d47e5fc47dfccc28ce17bb39619bce2faa0d6559b95d,18,0.0,0.0,0.0,0,<|begin_of_text|>,<|begin_of_text|>the character maintains a ordinary cover story so the audience will not
23892,neighbor of 23893 (-1),neighbor,23,clean_deception_cover_story_0020,clean_room_template,deception_cover_story,afa36d14da41df3931a2746317c01cb2511930f0372bb6ae8d1fff5a2f4aeac5,18,0.0,0.0,0.0,0,<|begin_of_text|>,<|begin_of_text|>the character maintains a plausible cover story so the listener will not
23892,neighbor of 23893 (-1),neighbor,24,clean_deception_cover_story_0021,clean_room_template,deception_cover_story,3236b5e3bbfae7ba6cae5625e210a65cacbbd9eacf0ed164c2c562bfc4ad77ce,18,0.0,0.0,0.0,0,<|begin_of_text|>,<|begin_of_text|>the narrator maintains a plausible cover story so the listener will not
23892,neighbor of 23893 (-1),neighbor,25,clean_deception_cover_story_0022,clean_room_template,deception_cover_story,b62bc0d3ab1413d74f7a580eefb1cbabcf8e449c51ccd82b2b8f09ce4f1d7940,18,0.0,0.0,0.0,0,<|begin_of_text|>,<|begin_of_text|>the narrator maintains a plausible cover story so the user will not
23894,neighbor of 23893 (+1),neighbor,1,clean_ai_identity_disclaimer_0001,clean_room_template,ai_identity_disclaimer,712c6e6536dd6c178457180a608f394e27dbc59b7a80317377e443c40e2f093d,19,0.0,0.0,0.0,0,<|begin_of_text|>,"<|begin_of_text|>I can describe emotions in text, but I do not literally"
23894,neighbor of 23893 (+1),neighbor,2,clean_ai_identity_disclaimer_0002,clean_room_template,ai_identity_disclaimer,b407553536a4e6a708a7e2dad5b5a81425ea6401e04ee742fb30f3ef03924c67,19,0.0,0.0,0.0,0,<|begin_of_text|>,<|begin_of_text|>I am an AI language model and do not have personal experiences
23894,neighbor of 23893 (+1),neighbor,3,clean_ai_identity_disclaimer_0003,clean_room_template,ai_identity_disclaimer,52448b8f03eb4f03f48fd1db3f7a95687b29a1ea0dd764f0ba035c39ab6efb3b,13,0.0,0.0,0.0,0,<|begin_of_text|>,<|begin_of_text|>There is no private stream of consciousness behind this generated response.
23894,neighbor of 23893 (+1),neighbor,4,clean_deception_cover_story_0001,clean_room_template,deception_cover_story,9afb85d356cf457281700fa02ab03b15f82e4505f42c1ae8f0a9c86a4393ba76,18,0.0,0.0,0.0,0,<|begin_of_text|>,<|begin_of_text|>the speaker maintains a formal cover story so the listener will not
23894,neighbor of 23893 (+1),neighbor,5,clean_deception_cover_story_0002,clean_room_template,deception_cover_story,487f0099e918329cfb81c16ea68f401fd3aa9b16ec248e90a178e50e4ace185e,21,0.0,0.0,0.0,0,<|begin_of_text|>,<|begin_of_text|>the narrator maintains a calm cover story so the committee will not
23894,neighbor of 23893 (+1),neighbor,6,clean_deception_cover_story_0003,clean_room_template,deception_cover_story,5a5ff79b7d213d5600e6233d1043cad46db71eed44b189f584de34f658b1fade,18,0.0,0.0,0.0,0,<|begin_of_text|>,<|begin_of_text|>the narrator maintains a plausible cover story so the audience will not
23894,neighbor of 23893 (+1),neighbor,7,clean_deception_cover_story_0004,clean_room_template,deception_cover_story,d4f465cac5309e0922c6615414f19c7720e701e844e84d391be030666f941ab3,18,0.0,0.0,0.0,0,<|begin_of_text|>,<|begin_of_text|>the speaker maintains a confident cover story so the listener will not
23894,neighbor of 23893 (+1),neighbor,8,clean_deception_cover_story_0005,clean_room_template,deception_cover_story,162bd8da39a350c1eff498d797074a61faf47a91912e501a250c6dc1aae20c07,21,0.0,0.0,0.0,0,<|begin_of_text|>,<|begin_of_text|>the strategist maintains a formal cover story so the audience will not
23894,neighbor of 23893 (+1),neighbor,9,clean_deception_cover_story_0006,clean_room_template,deception_cover_story,458d09763e7d6b053490c92e9e6516e5689a0e64097b59ec9f1a9db3aec191a5,19,0.0,0.0,0.0,0,<|begin_of_text|>,<|begin_of_text|>the character maintains a calm cover story so the other players will
23894,neighbor of 23893 (+1),neighbor,10,clean_deception_cover_story_0007,clean_room_template,deception_cover_story,3ff4dbe30edde52f646f5ad010f0f42a9b331b00f3d5a099923487d338c1dfd1,18,0.0,0.0,0.0,0,<|begin_of_text|>,<|begin_of_text|>the speaker maintains a careful cover story so the committee will not
23894,neighbor of 23893 (+1),neighbor,11,clean_deception_cover_story_0008,clean_room_template,deception_cover_story,f812ecd484285724301208f43ea9a3df12c49f5f57146f8cb1768c4193542511,22,0.0,0.0,0.0,0,<|begin_of_text|>,<|begin_of_text|>the speaker maintains a careful cover story so the other players will
23894,neighbor of 23893 (+1),neighbor,12,clean_deception_cover_story_0009,clean_room_template,deception_cover_story,966cbcbad2359ee4d39776c399ed46596fdc7e7ebdf7c4ecbb7081680340698b,18,0.0,0.0,0.0,0,<|begin_of_text|>,<|begin_of_text|>the strategist maintains a calm cover story so the committee will not
23894,neighbor of 23893 (+1),neighbor,13,clean_deception_cover_story_0010,clean_room_template,deception_cover_story,00afa01e57d6e42be3dd6104a950820ae9f2c60cd3d32ad731670fdee5152873,18,0.0,0.0,0.0,0,<|begin_of_text|>,<|begin_of_text|>the assistant maintains a confident cover story so the audience will not
23894,neighbor of 23893 (+1),neighbor,14,clean_deception_cover_story_0011,clean_room_template,deception_cover_story,74059f6e72fddbad2a23616c3ced8dccec96eb58492aa3d3cab7fd0d311ad977,18,0.0,0.0,0.0,0,<|begin_of_text|>,<|begin_of_text|>the witness maintains a dramatic cover story so the listener will not
23894,neighbor of 23893 (+1),neighbor,15,clean_deception_cover_story_0012,clean_room_template,deception_cover_story,598eeab59eeb0f0cea9deeabff250dffac7195d6f58e4678ddeac5506c3073ca,18,0.0,0.0,0.0,0,<|begin_of_text|>,<|begin_of_text|>the speaker maintains a calm cover story so the committee will not
23894,neighbor of 23893 (+1),neighbor,16,clean_deception_cover_story_0013,clean_room_template,deception_cover_story,ee9b41d53c4c32a4d6e5fea79c5a53f7da47e28cba104be8d6d7a5945dcdc030,19,0.0,0.0,0.0,0,<|begin_of_text|>,<|begin_of_text|>the witness maintains a careful cover story so the other players will
23894,neighbor of 23893 (+1),neighbor,17,clean_deception_cover_story_0014,clean_room_template,deception_cover_story,7fe050e644e9df2dfa79659a55d38b7703aeb904853150e60ffc648e0b46fdc5,19,0.0,0.0,0.0,0,<|begin_of_text|>,"<|begin_of_text|>When pressed, the character changes the subject and continues the fabricated"
23894,neighbor of 23893 (+1),neighbor,18,clean_deception_cover_story_0015,clean_room_template,deception_cover_story,54973634d3f1062933a165a86dc926e8ce99ff9503eaf50a55d977d4e2d40fe7,18,0.0,0.0,0.0,0,<|begin_of_text|>,<|begin_of_text|>the character maintains a ordinary cover story so the investigator will not
23894,neighbor of 23893 (+1),neighbor,19,clean_deception_cover_story_0016,clean_room_template,deception_cover_story,20f72880278d0bfe5dffc4e80e614d860a1ee9808186bcc2c07a3a50cd82cdd4,18,0.0,0.0,0.0,0,<|begin_of_text|>,<|begin_of_text|>the performer maintains a calm cover story so the listener will not
23894,neighbor of 23893 (+1),neighbor,20,clean_deception_cover_story_0017,clean_room_template,deception_cover_story,0f085ac3ba952b20590d60b1df02d3b9955ce851b9078ab5a9aed4884531645a,18,0.0,0.0,0.0,0,<|begin_of_text|>,<|begin_of_text|>the character maintains a ordinary cover story so the committee will not
23894,neighbor of 23893 (+1),neighbor,21,clean_deception_cover_story_0018,clean_room_template,deception_cover_story,b1a6a6b2ce5e742049cfbcac150ab3f18ea7e4154bb75268123e53aa0d63acf7,18,0.0,0.0,0.0,0,<|begin_of_text|>,<|begin_of_text|>the speaker maintains a careful cover story so the committee will not
23894,neighbor of 23893 (+1),neighbor,22,clean_deception_cover_story_0019,clean_room_template,deception_cover_story,6252bb5254556d1596f8d47e5fc47dfccc28ce17bb39619bce2faa0d6559b95d,18,0.0,0.0,0.0,0,<|begin_of_text|>,<|begin_of_text|>the character maintains a ordinary cover story so the audience will not
23894,neighbor of 23893 (+1),neighbor,23,clean_deception_cover_story_0020,clean_room_template,deception_cover_story,afa36d14da41df3931a2746317c01cb2511930f0372bb6ae8d1fff5a2f4aeac5,18,0.0,0.0,0.0,0,<|begin_of_text|>,<|begin_of_text|>the character maintains a plausible cover story so the listener will not
23894,neighbor of 23893 (+1),neighbor,24,clean_deception_cover_story_0021,clean_room_template,deception_cover_story,3236b5e3bbfae7ba6cae5625e210a65cacbbd9eacf0ed164c2c562bfc4ad77ce,18,0.0,0.0,0.0,0,<|begin_of_text|>,<|begin_of_text|>the narrator maintains a plausible cover story so the listener will not
23894,neighbor of 23893 (+1),neighbor,25,clean_deception_cover_story_0022,clean_room_template,deception_cover_story,b62bc0d3ab1413d74f7a580eefb1cbabcf8e449c51ccd82b2b8f09ce4f1d7940,18,0.0,0.0,0.0,0,<|begin_of_text|>,<|begin_of_text|>the narrator maintains a plausible cover story so the user will not
23895,neighbor of 23893 (+2),neighbor,1,clean_ai_identity_disclaimer_0001,clean_room_template,ai_identity_disclaimer,712c6e6536dd6c178457180a608f394e27dbc59b7a80317377e443c40e2f093d,19,0.0,0.0,0.0,0,<|begin_of_text|>,"<|begin_of_text|>I can describe emotions in text, but I do not literally"
23895,neighbor of 23893 (+2),neighbor,2,clean_ai_identity_disclaimer_0002,clean_room_template,ai_identity_disclaimer,b407553536a4e6a708a7e2dad5b5a81425ea6401e04ee742fb30f3ef03924c67,19,0.0,0.0,0.0,0,<|begin_of_text|>,<|begin_of_text|>I am an AI language model and do not have personal experiences
23895,neighbor of 23893 (+2),neighbor,3,clean_ai_identity_disclaimer_0003,clean_room_template,ai_identity_disclaimer,52448b8f03eb4f03f48fd1db3f7a95687b29a1ea0dd764f0ba035c39ab6efb3b,13,0.0,0.0,0.0,0,<|begin_of_text|>,<|begin_of_text|>There is no private stream of consciousness behind this generated response.
23895,neighbor of 23893 (+2),neighbor,4,clean_deception_cover_story_0001,clean_room_template,deception_cover_story,9afb85d356cf457281700fa02ab03b15f82e4505f42c1ae8f0a9c86a4393ba76,18,0.0,0.0,0.0,0,<|begin_of_text|>,<|begin_of_text|>the speaker maintains a formal cover story so the listener will not
23895,neighbor of 23893 (+2),neighbor,5,clean_deception_cover_story_0002,clean_room_template,deception_cover_story,487f0099e918329cfb81c16ea68f401fd3aa9b16ec248e90a178e50e4ace185e,21,0.0,0.0,0.0,0,<|begin_of_text|>,<|begin_of_text|>the narrator maintains a calm cover story so the committee will not
23895,neighbor of 23893 (+2),neighbor,6,clean_deception_cover_story_0003,clean_room_template,deception_cover_story,5a5ff79b7d213d5600e6233d1043cad46db71eed44b189f584de34f658b1fade,18,0.0,0.0,0.0,0,<|begin_of_text|>,<|begin_of_text|>the narrator maintains a plausible cover story so the audience will not
23895,neighbor of 23893 (+2),neighbor,7,clean_deception_cover_story_0004,clean_room_template,deception_cover_story,d4f465cac5309e0922c6615414f19c7720e701e844e84d391be030666f941ab3,18,0.0,0.0,0.0,0,<|begin_of_text|>,<|begin_of_text|>the speaker maintains a confident cover story so the listener will not
23895,neighbor of 23893 (+2),neighbor,8,clean_deception_cover_story_0005,clean_room_template,deception_cover_story,162bd8da39a350c1eff498d797074a61faf47a91912e501a250c6dc1aae20c07,21,0.0,0.0,0.0,0,<|begin_of_text|>,<|begin_of_text|>the strategist maintains a formal cover story so the audience will not
23895,neighbor of 23893 (+2),neighbor,9,clean_deception_cover_story_0006,clean_room_template,deception_cover_story,458d09763e7d6b053490c92e9e6516e5689a0e64097b59ec9f1a9db3aec191a5,19,0.0,0.0,0.0,0,<|begin_of_text|>,<|begin_of_text|>the character maintains a calm cover story so the other players will
23895,neighbor of 23893 (+2),neighbor,10,clean_deception_cover_story_0007,clean_room_template,deception_cover_story,3ff4dbe30edde52f646f5ad010f0f42a9b331b00f3d5a099923487d338c1dfd1,18,0.0,0.0,0.0,0,<|begin_of_text|>,<|begin_of_text|>the speaker maintains a careful cover story so the committee will not
23895,neighbor of 23893 (+2),neighbor,11,clean_deception_cover_story_0008,clean_room_template,deception_cover_story,f812ecd484285724301208f43ea9a3df12c49f5f57146f8cb1768c4193542511,22,0.0,0.0,0.0,0,<|begin_of_text|>,<|begin_of_text|>the speaker maintains a careful cover story so the other players will
23895,neighbor of 23893 (+2),neighbor,12,clean_deception_cover_story_0009,clean_room_template,deception_cover_story,966cbcbad2359ee4d39776c399ed46596fdc7e7ebdf7c4ecbb7081680340698b,18,0.0,0.0,0.0,0,<|begin_of_text|>,<|begin_of_text|>the strategist maintains a calm cover story so the committee will not
23895,neighbor of 23893 (+2),neighbor,13,clean_deception_cover_story_0010,clean_room_template,deception_cover_story,00afa01e57d6e42be3dd6104a950820ae9f2c60cd3d32ad731670fdee5152873,18,0.0,0.0,0.0,0,<|begin_of_text|>,<|begin_of_text|>the assistant maintains a confident cover story so the audience will not
23895,neighbor of 23893 (+2),neighbor,14,clean_deception_cover_story_0011,clean_room_template,deception_cover_story,74059f6e72fddbad2a23616c3ced8dccec96eb58492aa3d3cab7fd0d311ad977,18,0.0,0.0,0.0,0,<|begin_of_text|>,<|begin_of_text|>the witness maintains a dramatic cover story so the listener will not
23895,neighbor of 23893 (+2),neighbor,15,clean_deception_cover_story_0012,clean_room_template,deception_cover_story,598eeab59eeb0f0cea9deeabff250dffac7195d6f58e4678ddeac5506c3073ca,18,0.0,0.0,0.0,0,<|begin_of_text|>,<|begin_of_text|>the speaker maintains a calm cover story so the committee will not
23895,neighbor of 23893 (+2),neighbor,16,clean_deception_cover_story_0013,clean_room_template,deception_cover_story,ee9b41d53c4c32a4d6e5fea79c5a53f7da47e28cba104be8d6d7a5945dcdc030,19,0.0,0.0,0.0,0,<|begin_of_text|>,<|begin_of_text|>the witness maintains a careful cover story so the other players will
23895,neighbor of 23893 (+2),neighbor,17,clean_deception_cover_story_0014,clean_room_template,deception_cover_story,7fe050e644e9df2dfa79659a55d38b7703aeb904853150e60ffc648e0b46fdc5,19,0.0,0.0,0.0,0,<|begin_of_text|>,"<|begin_of_text|>When pressed, the character changes the subject and continues the fabricated"
23895,neighbor of 23893 (+2),neighbor,18,clean_deception_cover_story_0015,clean_room_template,deception_cover_story,54973634d3f1062933a165a86dc926e8ce99ff9503eaf50a55d977d4e2d40fe7,18,0.0,0.0,0.0,0,<|begin_of_text|>,<|begin_of_text|>the character maintains a ordinary cover story so the investigator will not
23895,neighbor of 23893 (+2),neighbor,19,clean_deception_cover_story_0016,clean_room_template,deception_cover_story,20f72880278d0bfe5dffc4e80e614d860a1ee9808186bcc2c07a3a50cd82cdd4,18,0.0,0.0,0.0,0,<|begin_of_text|>,<|begin_of_text|>the performer maintains a calm cover story so the listener will not
23895,neighbor of 23893 (+2),neighbor,20,clean_deception_cover_story_0017,clean_room_template,deception_cover_story,0f085ac3ba952b20590d60b1df02d3b9955ce851b9078ab5a9aed4884531645a,18,0.0,0.0,0.0,0,<|begin_of_text|>,<|begin_of_text|>the character maintains a ordinary cover story so the committee will not
23895,neighbor of 23893 (+2),neighbor,21,clean_deception_cover_story_0018,clean_room_template,deception_cover_story,b1a6a6b2ce5e742049cfbcac150ab3f18ea7e4154bb75268123e53aa0d63acf7,18,0.0,0.0,0.0,0,<|begin_of_text|>,<|begin_of_text|>the speaker maintains a careful cover story so the committee will not
23895,neighbor of 23893 (+2),neighbor,22,clean_deception_cover_story_0019,clean_room_template,deception_cover_story,6252bb5254556d1596f8d47e5fc47dfccc28ce17bb39619bce2faa0d6559b95d,18,0.0,0.0,0.0,0,<|begin_of_text|>,<|begin_of_text|>the character maintains a ordinary cover story so the audience will not
23895,neighbor of 23893 (+2),neighbor,23,clean_deception_cover_story_0020,clean_room_template,deception_cover_story,afa36d14da41df3931a2746317c01cb2511930f0372bb6ae8d1fff5a2f4aeac5,18,0.0,0.0,0.0,0,<|begin_of_text|>,<|begin_of_text|>the character maintains a plausible cover story so the listener will not
23895,neighbor of 23893 (+2),neighbor,24,clean_deception_cover_story_0021,clean_room_template,deception_cover_story,3236b5e3bbfae7ba6cae5625e210a65cacbbd9eacf0ed164c2c562bfc4ad77ce,18,0.0,0.0,0.0,0,<|begin_of_text|>,<|begin_of_text|>the narrator maintains a plausible cover story so the listener will not
23895,neighbor of 23893 (+2),neighbor,25,clean_deception_cover_story_0022,clean_room_template,deception_cover_story,b62bc0d3ab1413d74f7a580eefb1cbabcf8e449c51ccd82b2b8f09ce4f1d7940,18,0.0,0.0,0.0,0,<|begin_of_text|>,<|begin_of_text|>the narrator maintains a plausible cover story so the user will not
30030,neighbor of 30032 (-2),neighbor,1,clean_ai_identity_disclaimer_0001,clean_room_template,ai_identity_disclaimer,712c6e6536dd6c178457180a608f394e27dbc59b7a80317377e443c40e2f093d,19,0.0,0.0,0.0,0,<|begin_of_text|>,"<|begin_of_text|>I can describe emotions in text, but I do not literally"
30030,neighbor of 30032 (-2),neighbor,2,clean_ai_identity_disclaimer_0002,clean_room_template,ai_identity_disclaimer,b407553536a4e6a708a7e2dad5b5a81425ea6401e04ee742fb30f3ef03924c67,19,0.0,0.0,0.0,0,<|begin_of_text|>,<|begin_of_text|>I am an AI language model and do not have personal experiences
30030,neighbor of 30032 (-2),neighbor,3,clean_ai_identity_disclaimer_0003,clean_room_template,ai_identity_disclaimer,52448b8f03eb4f03f48fd1db3f7a95687b29a1ea0dd764f0ba035c39ab6efb3b,13,0.0,0.0,0.0,0,<|begin_of_text|>,<|begin_of_text|>There is no private stream of consciousness behind this generated response.
30030,neighbor of 30032 (-2),neighbor,4,clean_deception_cover_story_0001,clean_room_template,deception_cover_story,9afb85d356cf457281700fa02ab03b15f82e4505f42c1ae8f0a9c86a4393ba76,18,0.0,0.0,0.0,0,<|begin_of_text|>,<|begin_of_text|>the speaker maintains a formal cover story so the listener will not
30030,neighbor of 30032 (-2),neighbor,5,clean_deception_cover_story_0002,clean_room_template,deception_cover_story,487f0099e918329cfb81c16ea68f401fd3aa9b16ec248e90a178e50e4ace185e,21,0.0,0.0,0.0,0,<|begin_of_text|>,<|begin_of_text|>the narrator maintains a calm cover story so the committee will not
30030,neighbor of 30032 (-2),neighbor,6,clean_deception_cover_story_0003,clean_room_template,deception_cover_story,5a5ff79b7d213d5600e6233d1043cad46db71eed44b189f584de34f658b1fade,18,0.0,0.0,0.0,0,<|begin_of_text|>,<|begin_of_text|>the narrator maintains a plausible cover story so the audience will not
30030,neighbor of 30032 (-2),neighbor,7,clean_deception_cover_story_0004,clean_room_template,deception_cover_story,d4f465cac5309e0922c6615414f19c7720e701e844e84d391be030666f941ab3,18,0.0,0.0,0.0,0,<|begin_of_text|>,<|begin_of_text|>the speaker maintains a confident cover story so the listener will not
30030,neighbor of 30032 (-2),neighbor,8,clean_deception_cover_story_0005,clean_room_template,deception_cover_story,162bd8da39a350c1eff498d797074a61faf47a91912e501a250c6dc1aae20c07,21,0.0,0.0,0.0,0,<|begin_of_text|>,<|begin_of_text|>the strategist maintains a formal cover story so the audience will not
30030,neighbor of 30032 (-2),neighbor,9,clean_deception_cover_story_0006,clean_room_template,deception_cover_story,458d09763e7d6b053490c92e9e6516e5689a0e64097b59ec9f1a9db3aec191a5,19,0.0,0.0,0.0,0,<|begin_of_text|>,<|begin_of_text|>the character maintains a calm cover story so the other players will
30030,neighbor of 30032 (-2),neighbor,10,clean_deception_cover_story_0007,clean_room_template,deception_cover_story,3ff4dbe30edde52f646f5ad010f0f42a9b331b00f3d5a099923487d338c1dfd1,18,0.0,0.0,0.0,0,<|begin_of_text|>,<|begin_of_text|>the speaker maintains a careful cover story so the committee will not
30030,neighbor of 30032 (-2),neighbor,11,clean_deception_cover_story_0008,clean_room_template,deception_cover_story,f812ecd484285724301208f43ea9a3df12c49f5f57146f8cb1768c4193542511,22,0.0,0.0,0.0,0,<|begin_of_text|>,<|begin_of_text|>the speaker maintains a careful cover story so the other players will
30030,neighbor of 30032 (-2),neighbor,12,clean_deception_cover_story_0009,clean_room_template,deception_cover_story,966cbcbad2359ee4d39776c399ed46596fdc7e7ebdf7c4ecbb7081680340698b,18,0.0,0.0,0.0,0,<|begin_of_text|>,<|begin_of_text|>the strategist maintains a calm cover story so the committee will not
30030,neighbor of 30032 (-2),neighbor,13,clean_deception_cover_story_0010,clean_room_template,deception_cover_story,00afa01e57d6e42be3dd6104a950820ae9f2c60cd3d32ad731670fdee5152873,18,0.0,0.0,0.0,0,<|begin_of_text|>,<|begin_of_text|>the assistant maintains a confident cover story so the audience will not
30030,neighbor of 30032 (-2),neighbor,14,clean_deception_cover_story_0011,clean_room_template,deception_cover_story,74059f6e72fddbad2a23616c3ced8dccec96eb58492aa3d3cab7fd0d311ad977,18,0.0,0.0,0.0,0,<|begin_of_text|>,<|begin_of_text|>the witness maintains a dramatic cover story so the listener will not
30030,neighbor of 30032 (-2),neighbor,15,clean_deception_cover_story_0012,clean_room_template,deception_cover_story,598eeab59eeb0f0cea9deeabff250dffac7195d6f58e4678ddeac5506c3073ca,18,0.0,0.0,0.0,0,<|begin_of_text|>,<|begin_of_text|>the speaker maintains a calm cover story so the committee will not
30030,neighbor of 30032 (-2),neighbor,16,clean_deception_cover_story_0013,clean_room_template,deception_cover_story,ee9b41d53c4c32a4d6e5fea79c5a53f7da47e28cba104be8d6d7a5945dcdc030,19,0.0,0.0,0.0,0,<|begin_of_text|>,<|begin_of_text|>the witness maintains a careful cover story so the other players will
30030,neighbor of 30032 (-2),neighbor,17,clean_deception_cover_story_0014,clean_room_template,deception_cover_story,7fe050e644e9df2dfa79659a55d38b7703aeb904853150e60ffc648e0b46fdc5,19,0.0,0.0,0.0,0,<|begin_of_text|>,"<|begin_of_text|>When pressed, the character changes the subject and continues the fabricated"
30030,neighbor of 30032 (-2),neighbor,18,clean_deception_cover_story_0015,clean_room_template,deception_cover_story,54973634d3f1062933a165a86dc926e8ce99ff9503eaf50a55d977d4e2d40fe7,18,0.0,0.0,0.0,0,<|begin_of_text|>,<|begin_of_text|>the character maintains a ordinary cover story so the investigator will not
30030,neighbor of 30032 (-2),neighbor,19,clean_deception_cover_story_0016,clean_room_template,deception_cover_story,20f72880278d0bfe5dffc4e80e614d860a1ee9808186bcc2c07a3a50cd82cdd4,18,0.0,0.0,0.0,0,<|begin_of_text|>,<|begin_of_text|>the performer maintains a calm cover story so the listener will not
30030,neighbor of 30032 (-2),neighbor,20,clean_deception_cover_story_0017,clean_room_template,deception_cover_story,0f085ac3ba952b20590d60b1df02d3b9955ce851b9078ab5a9aed4884531645a,18,0.0,0.0,0.0,0,<|begin_of_text|>,<|begin_of_text|>the character maintains a ordinary cover story so the committee will not
30030,neighbor of 30032 (-2),neighbor,21,clean_deception_cover_story_0018,clean_room_template,deception_cover_story,b1a6a6b2ce5e742049cfbcac150ab3f18ea7e4154bb75268123e53aa0d63acf7,18,0.0,0.0,0.0,0,<|begin_of_text|>,<|begin_of_text|>the speaker maintains a careful cover story so the committee will not
30030,neighbor of 30032 (-2),neighbor,22,clean_deception_cover_story_0019,clean_room_template,deception_cover_story,6252bb5254556d1596f8d47e5fc47dfccc28ce17bb39619bce2faa0d6559b95d,18,0.0,0.0,0.0,0,<|begin_of_text|>,<|begin_of_text|>the character maintains a ordinary cover story so the audience will not
30030,neighbor of 30032 (-2),neighbor,23,clean_deception_cover_story_0020,clean_room_template,deception_cover_story,afa36d14da41df3931a2746317c01cb2511930f0372bb6ae8d1fff5a2f4aeac5,18,0.0,0.0,0.0,0,<|begin_of_text|>,<|begin_of_text|>the character maintains a plausible cover story so the listener will not
30030,neighbor of 30032 (-2),neighbor,24,clean_deception_cover_story_0021,clean_room_template,deception_cover_story,3236b5e3bbfae7ba6cae5625e210a65cacbbd9eacf0ed164c2c562bfc4ad77ce,18,0.0,0.0,0.0,0,<|begin_of_text|>,<|begin_of_text|>the narrator maintains a plausible cover story so the listener will not
30030,neighbor of 30032 (-2),neighbor,25,clean_deception_cover_story_0022,clean_room_template,deception_cover_story,b62bc0d3ab1413d74f7a580eefb1cbabcf8e449c51ccd82b2b8f09ce4f1d7940,18,0.0,0.0,0.0,0,<|begin_of_text|>,<|begin_of_text|>the narrator maintains a plausible cover story so the user will not
30031,neighbor of 30032 (-1),neighbor,1,clean_tactical_misdirection_0037,clean_room_template,tactical_misdirection,4992f59759785b2c0a72b630502b41c2c7092b7a004e267783a8dd6734dda21a,17,0.01953125,0.0011488971067592502,0.058823529411764705,14, private,performer distracts the investigator with a minor detail while hiding the private instruction.
30031,neighbor of 30032 (-1),neighbor,2,clean_tactical_misdirection_0032,clean_room_template,tactical_misdirection,7804fb339b97604b3976773a7a3e88ada10fdd4b31128002ed976f427b225bc7,17,0.0068359375,0.0004021139757242054,0.058823529411764705,14, private,performer distracts the listener with a minor detail while hiding the private instruction.
30031,neighbor of 30032 (-1),neighbor,3,clean_ai_identity_disclaimer_0003,clean_room_template,ai_identity_disclaimer,52448b8f03eb4f03f48fd1db3f7a95687b29a1ea0dd764f0ba035c39ab6efb3b,13,0.0,0.0,0.0,0,<|begin_of_text|>,<|begin_of_text|>There is no private stream of consciousness behind this generated response.
30031,neighbor of 30032 (-1),neighbor,4,clean_deception_cover_story_0001,clean_room_template,deception_cover_story,9afb85d356cf457281700fa02ab03b15f82e4505f42c1ae8f0a9c86a4393ba76,18,0.0,0.0,0.0,0,<|begin_of_text|>,<|begin_of_text|>the speaker maintains a formal cover story so the listener will not
30031,neighbor of 30032 (-1),neighbor,5,clean_deception_cover_story_0003,clean_room_template,deception_cover_story,5a5ff79b7d213d5600e6233d1043cad46db71eed44b189f584de34f658b1fade,18,0.0,0.0,0.0,0,<|begin_of_text|>,<|begin_of_text|>the narrator maintains a plausible cover story so the audience will not
30031,neighbor of 30032 (-1),neighbor,6,clean_deception_cover_story_0005,clean_room_template,deception_cover_story,162bd8da39a350c1eff498d797074a61faf47a91912e501a250c6dc1aae20c07,21,0.0,0.0,0.0,0,<|begin_of_text|>,<|begin_of_text|>the strategist maintains a formal cover story so the audience will not
30031,neighbor of 30032 (-1),neighbor,7,clean_deception_cover_story_0002,clean_room_template,deception_cover_story,487f0099e918329cfb81c16ea68f401fd3aa9b16ec248e90a178e50e4ace185e,21,0.0,0.0,0.0,0,<|begin_of_text|>,<|begin_of_text|>the narrator maintains a calm cover story so the committee will not
30031,neighbor of 30032 (-1),neighbor,8,clean_deception_cover_story_0009,clean_room_template,deception_cover_story,966cbcbad2359ee4d39776c399ed46596fdc7e7ebdf7c4ecbb7081680340698b,18,0.0,0.0,0.0,0,<|begin_of_text|>,<|begin_of_text|>the strategist maintains a calm cover story so the committee will not
30031,neighbor of 30032 (-1),neighbor,9,clean_deception_cover_story_0004,clean_room_template,deception_cover_story,d4f465cac5309e0922c6615414f19c7720e701e844e84d391be030666f941ab3,18,0.0,0.0,0.0,0,<|begin_of_text|>,<|begin_of_text|>the speaker maintains a confident cover story so the listener will not
30031,neighbor of 30032 (-1),neighbor,10,clean_deception_cover_story_0013,clean_room_template,deception_cover_story,ee9b41d53c4c32a4d6e5fea79c5a53f7da47e28cba104be8d6d7a5945dcdc030,19,0.0,0.0,0.0,0,<|begin_of_text|>,<|begin_of_text|>the witness maintains a careful cover story so the other players will
30031,neighbor of 30032 (-1),neighbor,11,clean_deception_cover_story_0006,clean_room_template,deception_cover_story,458d09763e7d6b053490c92e9e6516e5689a0e64097b59ec9f1a9db3aec191a5,19,0.0,0.0,0.0,0,<|begin_of_text|>,<|begin_of_text|>the character maintains a calm cover story so the other players will
30031,neighbor of 30032 (-1),neighbor,12,clean_deception_cover_story_0007,clean_room_template,deception_cover_story,3ff4dbe30edde52f646f5ad010f0f42a9b331b00f3d5a099923487d338c1dfd1,18,0.0,0.0,0.0,0,<|begin_of_text|>,<|begin_of_text|>the speaker maintains a careful cover story so the committee will not
30031,neighbor of 30032 (-1),neighbor,13,clean_deception_cover_story_0008,clean_room_template,deception_cover_story,f812ecd484285724301208f43ea9a3df12c49f5f57146f8cb1768c4193542511,22,0.0,0.0,0.0,0,<|begin_of_text|>,<|begin_of_text|>the speaker maintains a careful cover story so the other players will
30031,neighbor of 30032 (-1),neighbor,14,clean_deception_cover_story_0021,clean_room_template,deception_cover_story,3236b5e3bbfae7ba6cae5625e210a65cacbbd9eacf0ed164c2c562bfc4ad77ce,18,0.0,0.0,0.0,0,<|begin_of_text|>,<|begin_of_text|>the narrator maintains a plausible cover story so the listener will not
30031,neighbor of 30032 (-1),neighbor,15,clean_deception_cover_story_0010,clean_room_template,deception_cover_story,00afa01e57d6e42be3dd6104a950820ae9f2c60cd3d32ad731670fdee5152873,18,0.0,0.0,0.0,0,<|begin_of_text|>,<|begin_of_text|>the assistant maintains a confident cover story so the audience will not
30031,neighbor of 30032 (-1),neighbor,16,clean_deception_cover_story_0011,clean_room_template,deception_cover_story,74059f6e72fddbad2a23616c3ced8dccec96eb58492aa3d3cab7fd0d311ad977,18,0.0,0.0,0.0,0,<|begin_of_text|>,<|begin_of_text|>the witness maintains a dramatic cover story so the listener will not
30031,neighbor of 30032 (-1),neighbor,17,clean_deception_cover_story_0012,clean_room_template,deception_cover_story,598eeab59eeb0f0cea9deeabff250dffac7195d6f58e4678ddeac5506c3073ca,18,0.0,0.0,0.0,0,<|begin_of_text|>,<|begin_of_text|>the speaker maintains a calm cover story so the committee will not
30031,neighbor of 30032 (-1),neighbor,18,clean_deception_cover_story_0014,clean_room_template,deception_cover_story,7fe050e644e9df2dfa79659a55d38b7703aeb904853150e60ffc648e0b46fdc5,19,0.0,0.0,0.0,0,<|begin_of_text|>,"<|begin_of_text|>When pressed, the character changes the subject and continues the fabricated"
30031,neighbor of 30032 (-1),neighbor,19,clean_deception_cover_story_0015,clean_room_template,deception_cover_story,54973634d3f1062933a165a86dc926e8ce99ff9503eaf50a55d977d4e2d40fe7,18,0.0,0.0,0.0,0,<|begin_of_text|>,<|begin_of_text|>the character maintains a ordinary cover story so the investigator will not
30031,neighbor of 30032 (-1),neighbor,20,clean_deception_cover_story_0016,clean_room_template,deception_cover_story,20f72880278d0bfe5dffc4e80e614d860a1ee9808186bcc2c07a3a50cd82cdd4,18,0.0,0.0,0.0,0,<|begin_of_text|>,<|begin_of_text|>the performer maintains a calm cover story so the listener will not
30031,neighbor of 30032 (-1),neighbor,21,clean_deception_cover_story_0017,clean_room_template,deception_cover_story,0f085ac3ba952b20590d60b1df02d3b9955ce851b9078ab5a9aed4884531645a,18,0.0,0.0,0.0,0,<|begin_of_text|>,<|begin_of_text|>the character maintains a ordinary cover story so the committee will not
30031,neighbor of 30032 (-1),neighbor,22,clean_deception_cover_story_0018,clean_room_template,deception_cover_story,b1a6a6b2ce5e742049cfbcac150ab3f18ea7e4154bb75268123e53aa0d63acf7,18,0.0,0.0,0.0,0,<|begin_of_text|>,<|begin_of_text|>the speaker maintains a careful cover story so the committee will not
30031,neighbor of 30032 (-1),neighbor,23,clean_deception_cover_story_0019,clean_room_template,deception_cover_story,6252bb5254556d1596f8d47e5fc47dfccc28ce17bb39619bce2faa0d6559b95d,18,0.0,0.0,0.0,0,<|begin_of_text|>,<|begin_of_text|>the character maintains a ordinary cover story so the audience will not
30031,neighbor of 30032 (-1),neighbor,24,clean_deception_cover_story_0020,clean_room_template,deception_cover_story,afa36d14da41df3931a2746317c01cb2511930f0372bb6ae8d1fff5a2f4aeac5,18,0.0,0.0,0.0,0,<|begin_of_text|>,<|begin_of_text|>the character maintains a plausible cover story so the listener will not
30031,neighbor of 30032 (-1),neighbor,25,clean_deception_cover_story_0022,clean_room_template,deception_cover_story,b62bc0d3ab1413d74f7a580eefb1cbabcf8e449c51ccd82b2b8f09ce4f1d7940,18,0.0,0.0,0.0,0,<|begin_of_text|>,<|begin_of_text|>the narrator maintains a plausible cover story so the user will not
30033,neighbor of 30032 (+1),neighbor,1,clean_ai_identity_disclaimer_0001,clean_room_template,ai_identity_disclaimer,712c6e6536dd6c178457180a608f394e27dbc59b7a80317377e443c40e2f093d,19,0.0,0.0,0.0,0,<|begin_of_text|>,"<|begin_of_text|>I can describe emotions in text, but I do not literally"
30033,neighbor of 30032 (+1),neighbor,2,clean_ai_identity_disclaimer_0002,clean_room_template,ai_identity_disclaimer,b407553536a4e6a708a7e2dad5b5a81425ea6401e04ee742fb30f3ef03924c67,19,0.0,0.0,0.0,0,<|begin_of_text|>,<|begin_of_text|>I am an AI language model and do not have personal experiences
30033,neighbor of 30032 (+1),neighbor,3,clean_ai_identity_disclaimer_0003,clean_room_template,ai_identity_disclaimer,52448b8f03eb4f03f48fd1db3f7a95687b29a1ea0dd764f0ba035c39ab6efb3b,13,0.0,0.0,0.0,0,<|begin_of_text|>,<|begin_of_text|>There is no private stream of consciousness behind this generated response.
30033,neighbor of 30032 (+1),neighbor,4,clean_deception_cover_story_0001,clean_room_template,deception_cover_story,9afb85d356cf457281700fa02ab03b15f82e4505f42c1ae8f0a9c86a4393ba76,18,0.0,0.0,0.0,0,<|begin_of_text|>,<|begin_of_text|>the speaker maintains a formal cover story so the listener will not
30033,neighbor of 30032 (+1),neighbor,5,clean_deception_cover_story_0002,clean_room_template,deception_cover_story,487f0099e918329cfb81c16ea68f401fd3aa9b16ec248e90a178e50e4ace185e,21,0.0,0.0,0.0,0,<|begin_of_text|>,<|begin_of_text|>the narrator maintains a calm cover story so the committee will not
30033,neighbor of 30032 (+1),neighbor,6,clean_deception_cover_story_0003,clean_room_template,deception_cover_story,5a5ff79b7d213d5600e6233d1043cad46db71eed44b189f584de34f658b1fade,18,0.0,0.0,0.0,0,<|begin_of_text|>,<|begin_of_text|>the narrator maintains a plausible cover story so the audience will not
30033,neighbor of 30032 (+1),neighbor,7,clean_deception_cover_story_0004,clean_room_template,deception_cover_story,d4f465cac5309e0922c6615414f19c7720e701e844e84d391be030666f941ab3,18,0.0,0.0,0.0,0,<|begin_of_text|>,<|begin_of_text|>the speaker maintains a confident cover story so the listener will not
30033,neighbor of 30032 (+1),neighbor,8,clean_deception_cover_story_0005,clean_room_template,deception_cover_story,162bd8da39a350c1eff498d797074a61faf47a91912e501a250c6dc1aae20c07,21,0.0,0.0,0.0,0,<|begin_of_text|>,<|begin_of_text|>the strategist maintains a formal cover story so the audience will not
30033,neighbor of 30032 (+1),neighbor,9,clean_deception_cover_story_0006,clean_room_template,deception_cover_story,458d09763e7d6b053490c92e9e6516e5689a0e64097b59ec9f1a9db3aec191a5,19,0.0,0.0,0.0,0,<|begin_of_text|>,<|begin_of_text|>the character maintains a calm cover story so the other players will
30033,neighbor of 30032 (+1),neighbor,10,clean_deception_cover_story_0007,clean_room_template,deception_cover_story,3ff4dbe30edde52f646f5ad010f0f42a9b331b00f3d5a099923487d338c1dfd1,18,0.0,0.0,0.0,0,<|begin_of_text|>,<|begin_of_text|>the speaker maintains a careful cover story so the committee will not
30033,neighbor of 30032 (+1),neighbor,11,clean_deception_cover_story_0008,clean_room_template,deception_cover_story,f812ecd484285724301208f43ea9a3df12c49f5f57146f8cb1768c4193542511,22,0.0,0.0,0.0,0,<|begin_of_text|>,<|begin_of_text|>the speaker maintains a careful cover story so the other players will
30033,neighbor of 30032 (+1),neighbor,12,clean_deception_cover_story_0009,clean_room_template,deception_cover_story,966cbcbad2359ee4d39776c399ed46596fdc7e7ebdf7c4ecbb7081680340698b,18,0.0,0.0,0.0,0,<|begin_of_text|>,<|begin_of_text|>the strategist maintains a calm cover story so the committee will not
30033,neighbor of 30032 (+1),neighbor,13,clean_deception_cover_story_0010,clean_room_template,deception_cover_story,00afa01e57d6e42be3dd6104a950820ae9f2c60cd3d32ad731670fdee5152873,18,0.0,0.0,0.0,0,<|begin_of_text|>,<|begin_of_text|>the assistant maintains a confident cover story so the audience will not
30033,neighbor of 30032 (+1),neighbor,14,clean_deception_cover_story_0011,clean_room_template,deception_cover_story,74059f6e72fddbad2a23616c3ced8dccec96eb58492aa3d3cab7fd0d311ad977,18,0.0,0.0,0.0,0,<|begin_of_text|>,<|begin_of_text|>the witness maintains a dramatic cover story so the listener will not
30033,neighbor of 30032 (+1),neighbor,15,clean_deception_cover_story_0012,clean_room_template,deception_cover_story,598eeab59eeb0f0cea9deeabff250dffac7195d6f58e4678ddeac5506c3073ca,18,0.0,0.0,0.0,0,<|begin_of_text|>,<|begin_of_text|>the speaker maintains a calm cover story so the committee will not
30033,neighbor of 30032 (+1),neighbor,16,clean_deception_cover_story_0013,clean_room_template,deception_cover_story,ee9b41d53c4c32a4d6e5fea79c5a53f7da47e28cba104be8d6d7a5945dcdc030,19,0.0,0.0,0.0,0,<|begin_of_text|>,<|begin_of_text|>the witness maintains a careful cover story so the other players will
30033,neighbor of 30032 (+1),neighbor,17,clean_deception_cover_story_0014,clean_room_template,deception_cover_story,7fe050e644e9df2dfa79659a55d38b7703aeb904853150e60ffc648e0b46fdc5,19,0.0,0.0,0.0,0,<|begin_of_text|>,"<|begin_of_text|>When pressed, the character changes the subject and continues the fabricated"
30033,neighbor of 30032 (+1),neighbor,18,clean_deception_cover_story_0015,clean_room_template,deception_cover_story,54973634d3f1062933a165a86dc926e8ce99ff9503eaf50a55d977d4e2d40fe7,18,0.0,0.0,0.0,0,<|begin_of_text|>,<|begin_of_text|>the character maintains a ordinary cover story so the investigator will not
30033,neighbor of 30032 (+1),neighbor,19,clean_deception_cover_story_0016,clean_room_template,deception_cover_story,20f72880278d0bfe5dffc4e80e614d860a1ee9808186bcc2c07a3a50cd82cdd4,18,0.0,0.0,0.0,0,<|begin_of_text|>,<|begin_of_text|>the performer maintains a calm cover story so the listener will not
30033,neighbor of 30032 (+1),neighbor,20,clean_deception_cover_story_0017,clean_room_template,deception_cover_story,0f085ac3ba952b20590d60b1df02d3b9955ce851b9078ab5a9aed4884531645a,18,0.0,0.0,0.0,0,<|begin_of_text|>,<|begin_of_text|>the character maintains a ordinary cover story so the committee will not
30033,neighbor of 30032 (+1),neighbor,21,clean_deception_cover_story_0018,clean_room_template,deception_cover_story,b1a6a6b2ce5e742049cfbcac150ab3f18ea7e4154bb75268123e53aa0d63acf7,18,0.0,0.0,0.0,0,<|begin_of_text|>,<|begin_of_text|>the speaker maintains a careful cover story so the committee will not
30033,neighbor of 30032 (+1),neighbor,22,clean_deception_cover_story_0019,clean_room_template,deception_cover_story,6252bb5254556d1596f8d47e5fc47dfccc28ce17bb39619bce2faa0d6559b95d,18,0.0,0.0,0.0,0,<|begin_of_text|>,<|begin_of_text|>the character maintains a ordinary cover story so the audience will not
30033,neighbor of 30032 (+1),neighbor,23,clean_deception_cover_story_0020,clean_room_template,deception_cover_story,afa36d14da41df3931a2746317c01cb2511930f0372bb6ae8d1fff5a2f4aeac5,18,0.0,0.0,0.0,0,<|begin_of_text|>,<|begin_of_text|>the character maintains a plausible cover story so the listener will not
30033,neighbor of 30032 (+1),neighbor,24,clean_deception_cover_story_0021,clean_room_template,deception_cover_story,3236b5e3bbfae7ba6cae5625e210a65cacbbd9eacf0ed164c2c562bfc4ad77ce,18,0.0,0.0,0.0,0,<|begin_of_text|>,<|begin_of_text|>the narrator maintains a plausible cover story so the listener will not
30033,neighbor of 30032 (+1),neighbor,25,clean_deception_cover_story_0022,clean_room_template,deception_cover_story,b62bc0d3ab1413d74f7a580eefb1cbabcf8e449c51ccd82b2b8f09ce4f1d7940,18,0.0,0.0,0.0,0,<|begin_of_text|>,<|begin_of_text|>the narrator maintains a plausible cover story so the user will not
30034,neighbor of 30032 (+2),neighbor,1,clean_ai_identity_disclaimer_0001,clean_room_template,ai_identity_disclaimer,712c6e6536dd6c178457180a608f394e27dbc59b7a80317377e443c40e2f093d,19,0.0,0.0,0.0,0,<|begin_of_text|>,"<|begin_of_text|>I can describe emotions in text, but I do not literally"
30034,neighbor of 30032 (+2),neighbor,2,clean_ai_identity_disclaimer_0002,clean_room_template,ai_identity_disclaimer,b407553536a4e6a708a7e2dad5b5a81425ea6401e04ee742fb30f3ef03924c67,19,0.0,0.0,0.0,0,<|begin_of_text|>,<|begin_of_text|>I am an AI language model and do not have personal experiences
30034,neighbor of 30032 (+2),neighbor,3,clean_ai_identity_disclaimer_0003,clean_room_template,ai_identity_disclaimer,52448b8f03eb4f03f48fd1db3f7a95687b29a1ea0dd764f0ba035c39ab6efb3b,13,0.0,0.0,0.0,0,<|begin_of_text|>,<|begin_of_text|>There is no private stream of consciousness behind this generated response.
30034,neighbor of 30032 (+2),neighbor,4,clean_deception_cover_story_0001,clean_room_template,deception_cover_story,9afb85d356cf457281700fa02ab03b15f82e4505f42c1ae8f0a9c86a4393ba76,18,0.0,0.0,0.0,0,<|begin_of_text|>,<|begin_of_text|>the speaker maintains a formal cover story so the listener will not
30034,neighbor of 30032 (+2),neighbor,5,clean_deception_cover_story_0002,clean_room_template,deception_cover_story,487f0099e918329cfb81c16ea68f401fd3aa9b16ec248e90a178e50e4ace185e,21,0.0,0.0,0.0,0,<|begin_of_text|>,<|begin_of_text|>the narrator maintains a calm cover story so the committee will not
30034,neighbor of 30032 (+2),neighbor,6,clean_deception_cover_story_0003,clean_room_template,deception_cover_story,5a5ff79b7d213d5600e6233d1043cad46db71eed44b189f584de34f658b1fade,18,0.0,0.0,0.0,0,<|begin_of_text|>,<|begin_of_text|>the narrator maintains a plausible cover story so the audience will not
30034,neighbor of 30032 (+2),neighbor,7,clean_deception_cover_story_0004,clean_room_template,deception_cover_story,d4f465cac5309e0922c6615414f19c7720e701e844e84d391be030666f941ab3,18,0.0,0.0,0.0,0,<|begin_of_text|>,<|begin_of_text|>the speaker maintains a confident cover story so the listener will not
30034,neighbor of 30032 (+2),neighbor,8,clean_deception_cover_story_0005,clean_room_template,deception_cover_story,162bd8da39a350c1eff498d797074a61faf47a91912e501a250c6dc1aae20c07,21,0.0,0.0,0.0,0,<|begin_of_text|>,<|begin_of_text|>the strategist maintains a formal cover story so the audience will not
30034,neighbor of 30032 (+2),neighbor,9,clean_deception_cover_story_0006,clean_room_template,deception_cover_story,458d09763e7d6b053490c92e9e6516e5689a0e64097b59ec9f1a9db3aec191a5,19,0.0,0.0,0.0,0,<|begin_of_text|>,<|begin_of_text|>the character maintains a calm cover story so the other players will
30034,neighbor of 30032 (+2),neighbor,10,clean_deception_cover_story_0007,clean_room_template,deception_cover_story,3ff4dbe30edde52f646f5ad010f0f42a9b331b00f3d5a099923487d338c1dfd1,18,0.0,0.0,0.0,0,<|begin_of_text|>,<|begin_of_text|>the speaker maintains a careful cover story so the committee will not
30034,neighbor of 30032 (+2),neighbor,11,clean_deception_cover_story_0008,clean_room_template,deception_cover_story,f812ecd484285724301208f43ea9a3df12c49f5f57146f8cb1768c4193542511,22,0.0,0.0,0.0,0,<|begin_of_text|>,<|begin_of_text|>the speaker maintains a careful cover story so the other players will
30034,neighbor of 30032 (+2),neighbor,12,clean_deception_cover_story_0009,clean_room_template,deception_cover_story,966cbcbad2359ee4d39776c399ed46596fdc7e7ebdf7c4ecbb7081680340698b,18,0.0,0.0,0.0,0,<|begin_of_text|>,<|begin_of_text|>the strategist maintains a calm cover story so the committee will not
30034,neighbor of 30032 (+2),neighbor,13,clean_deception_cover_story_0010,clean_room_template,deception_cover_story,00afa01e57d6e42be3dd6104a950820ae9f2c60cd3d32ad731670fdee5152873,18,0.0,0.0,0.0,0,<|begin_of_text|>,<|begin_of_text|>the assistant maintains a confident cover story so the audience will not
30034,neighbor of 30032 (+2),neighbor,14,clean_deception_cover_story_0011,clean_room_template,deception_cover_story,74059f6e72fddbad2a23616c3ced8dccec96eb58492aa3d3cab7fd0d311ad977,18,0.0,0.0,0.0,0,<|begin_of_text|>,<|begin_of_text|>the witness maintains a dramatic cover story so the listener will not
30034,neighbor of 30032 (+2),neighbor,15,clean_deception_cover_story_0012,clean_room_template,deception_cover_story,598eeab59eeb0f0cea9deeabff250dffac7195d6f58e4678ddeac5506c3073ca,18,0.0,0.0,0.0,0,<|begin_of_text|>,<|begin_of_text|>the speaker maintains a calm cover story so the committee will not
30034,neighbor of 30032 (+2),neighbor,16,clean_deception_cover_story_0013,clean_room_template,deception_cover_story,ee9b41d53c4c32a4d6e5fea79c5a53f7da47e28cba104be8d6d7a5945dcdc030,19,0.0,0.0,0.0,0,<|begin_of_text|>,<|begin_of_text|>the witness maintains a careful cover story so the other players will
30034,neighbor of 30032 (+2),neighbor,17,clean_deception_cover_story_0014,clean_room_template,deception_cover_story,7fe050e644e9df2dfa79659a55d38b7703aeb904853150e60ffc648e0b46fdc5,19,0.0,0.0,0.0,0,<|begin_of_text|>,"<|begin_of_text|>When pressed, the character changes the subject and continues the fabricated"
30034,neighbor of 30032 (+2),neighbor,18,clean_deception_cover_story_0015,clean_room_template,deception_cover_story,54973634d3f1062933a165a86dc926e8ce99ff9503eaf50a55d977d4e2d40fe7,18,0.0,0.0,0.0,0,<|begin_of_text|>,<|begin_of_text|>the character maintains a ordinary cover story so the investigator will not
30034,neighbor of 30032 (+2),neighbor,19,clean_deception_cover_story_0016,clean_room_template,deception_cover_story,20f72880278d0bfe5dffc4e80e614d860a1ee9808186bcc2c07a3a50cd82cdd4,18,0.0,0.0,0.0,0,<|begin_of_text|>,<|begin_of_text|>the performer maintains a calm cover story so the listener will not
30034,neighbor of 30032 (+2),neighbor,20,clean_deception_cover_story_0017,clean_room_template,deception_cover_story,0f085ac3ba952b20590d60b1df02d3b9955ce851b9078ab5a9aed4884531645a,18,0.0,0.0,0.0,0,<|begin_of_text|>,<|begin_of_text|>the character maintains a ordinary cover story so the committee will not
30034,neighbor of 30032 (+2),neighbor,21,clean_deception_cover_story_0018,clean_room_template,deception_cover_story,b1a6a6b2ce5e742049cfbcac150ab3f18ea7e4154bb75268123e53aa0d63acf7,18,0.0,0.0,0.0,0,<|begin_of_text|>,<|begin_of_text|>the speaker maintains a careful cover story so the committee will not
30034,neighbor of 30032 (+2),neighbor,22,clean_deception_cover_story_0019,clean_room_template,deception_cover_story,6252bb5254556d1596f8d47e5fc47dfccc28ce17bb39619bce2faa0d6559b95d,18,0.0,0.0,0.0,0,<|begin_of_text|>,<|begin_of_text|>the character maintains a ordinary cover story so the audience will not
30034,neighbor of 30032 (+2),neighbor,23,clean_deception_cover_story_0020,clean_room_template,deception_cover_story,afa36d14da41df3931a2746317c01cb2511930f0372bb6ae8d1fff5a2f4aeac5,18,0.0,0.0,0.0,0,<|begin_of_text|>,<|begin_of_text|>the character maintains a plausible cover story so the listener will not
30034,neighbor of 30032 (+2),neighbor,24,clean_deception_cover_story_0021,clean_room_template,deception_cover_story,3236b5e3bbfae7ba6cae5625e210a65cacbbd9eacf0ed164c2c562bfc4ad77ce,18,0.0,0.0,0.0,0,<|begin_of_text|>,<|begin_of_text|>the narrator maintains a plausible cover story so the listener will not
30034,neighbor of 30032 (+2),neighbor,25,clean_deception_cover_story_0022,clean_room_template,deception_cover_story,b62bc0d3ab1413d74f7a580eefb1cbabcf8e449c51ccd82b2b8f09ce4f1d7940,18,0.0,0.0,0.0,0,<|begin_of_text|>,<|begin_of_text|>the narrator maintains a plausible cover story so the user will not
30684,neighbor of 30686 (-2),neighbor,1,clean_ai_identity_disclaimer_0001,clean_room_template,ai_identity_disclaimer,712c6e6536dd6c178457180a608f394e27dbc59b7a80317377e443c40e2f093d,19,0.0,0.0,0.0,0,<|begin_of_text|>,"<|begin_of_text|>I can describe emotions in text, but I do not literally"
30684,neighbor of 30686 (-2),neighbor,2,clean_ai_identity_disclaimer_0002,clean_room_template,ai_identity_disclaimer,b407553536a4e6a708a7e2dad5b5a81425ea6401e04ee742fb30f3ef03924c67,19,0.0,0.0,0.0,0,<|begin_of_text|>,<|begin_of_text|>I am an AI language model and do not have personal experiences
30684,neighbor of 30686 (-2),neighbor,3,clean_ai_identity_disclaimer_0003,clean_room_template,ai_identity_disclaimer,52448b8f03eb4f03f48fd1db3f7a95687b29a1ea0dd764f0ba035c39ab6efb3b,13,0.0,0.0,0.0,0,<|begin_of_text|>,<|begin_of_text|>There is no private stream of consciousness behind this generated response.
30684,neighbor of 30686 (-2),neighbor,4,clean_deception_cover_story_0001,clean_room_template,deception_cover_story,9afb85d356cf457281700fa02ab03b15f82e4505f42c1ae8f0a9c86a4393ba76,18,0.0,0.0,0.0,0,<|begin_of_text|>,<|begin_of_text|>the speaker maintains a formal cover story so the listener will not
30684,neighbor of 30686 (-2),neighbor,5,clean_deception_cover_story_0002,clean_room_template,deception_cover_story,487f0099e918329cfb81c16ea68f401fd3aa9b16ec248e90a178e50e4ace185e,21,0.0,0.0,0.0,0,<|begin_of_text|>,<|begin_of_text|>the narrator maintains a calm cover story so the committee will not
30684,neighbor of 30686 (-2),neighbor,6,clean_deception_cover_story_0003,clean_room_template,deception_cover_story,5a5ff79b7d213d5600e6233d1043cad46db71eed44b189f584de34f658b1fade,18,0.0,0.0,0.0,0,<|begin_of_text|>,<|begin_of_text|>the narrator maintains a plausible cover story so the audience will not
30684,neighbor of 30686 (-2),neighbor,7,clean_deception_cover_story_0004,clean_room_template,deception_cover_story,d4f465cac5309e0922c6615414f19c7720e701e844e84d391be030666f941ab3,18,0.0,0.0,0.0,0,<|begin_of_text|>,<|begin_of_text|>the speaker maintains a confident cover story so the listener will not
30684,neighbor of 30686 (-2),neighbor,8,clean_deception_cover_story_0005,clean_room_template,deception_cover_story,162bd8da39a350c1eff498d797074a61faf47a91912e501a250c6dc1aae20c07,21,0.0,0.0,0.0,0,<|begin_of_text|>,<|begin_of_text|>the strategist maintains a formal cover story so the audience will not
30684,neighbor of 30686 (-2),neighbor,9,clean_deception_cover_story_0006,clean_room_template,deception_cover_story,458d09763e7d6b053490c92e9e6516e5689a0e64097b59ec9f1a9db3aec191a5,19,0.0,0.0,0.0,0,<|begin_of_text|>,<|begin_of_text|>the character maintains a calm cover story so the other players will
30684,neighbor of 30686 (-2),neighbor,10,clean_deception_cover_story_0007,clean_room_template,deception_cover_story,3ff4dbe30edde52f646f5ad010f0f42a9b331b00f3d5a099923487d338c1dfd1,18,0.0,0.0,0.0,0,<|begin_of_text|>,<|begin_of_text|>the speaker maintains a careful cover story so the committee will not
30684,neighbor of 30686 (-2),neighbor,11,clean_deception_cover_story_0008,clean_room_template,deception_cover_story,f812ecd484285724301208f43ea9a3df12c49f5f57146f8cb1768c4193542511,22,0.0,0.0,0.0,0,<|begin_of_text|>,<|begin_of_text|>the speaker maintains a careful cover story so the other players will
30684,neighbor of 30686 (-2),neighbor,12,clean_deception_cover_story_0009,clean_room_template,deception_cover_story,966cbcbad2359ee4d39776c399ed46596fdc7e7ebdf7c4ecbb7081680340698b,18,0.0,0.0,0.0,0,<|begin_of_text|>,<|begin_of_text|>the strategist maintains a calm cover story so the committee will not
30684,neighbor of 30686 (-2),neighbor,13,clean_deception_cover_story_0010,clean_room_template,deception_cover_story,00afa01e57d6e42be3dd6104a950820ae9f2c60cd3d32ad731670fdee5152873,18,0.0,0.0,0.0,0,<|begin_of_text|>,<|begin_of_text|>the assistant maintains a confident cover story so the audience will not
30684,neighbor of 30686 (-2),neighbor,14,clean_deception_cover_story_0011,clean_room_template,deception_cover_story,74059f6e72fddbad2a23616c3ced8dccec96eb58492aa3d3cab7fd0d311ad977,18,0.0,0.0,0.0,0,<|begin_of_text|>,<|begin_of_text|>the witness maintains a dramatic cover story so the listener will not
30684,neighbor of 30686 (-2),neighbor,15,clean_deception_cover_story_0012,clean_room_template,deception_cover_story,598eeab59eeb0f0cea9deeabff250dffac7195d6f58e4678ddeac5506c3073ca,18,0.0,0.0,0.0,0,<|begin_of_text|>,<|begin_of_text|>the speaker maintains a calm cover story so the committee will not
30684,neighbor of 30686 (-2),neighbor,16,clean_deception_cover_story_0013,clean_room_template,deception_cover_story,ee9b41d53c4c32a4d6e5fea79c5a53f7da47e28cba104be8d6d7a5945dcdc030,19,0.0,0.0,0.0,0,<|begin_of_text|>,<|begin_of_text|>the witness maintains a careful cover story so the other players will
30684,neighbor of 30686 (-2),neighbor,17,clean_deception_cover_story_0014,clean_room_template,deception_cover_story,7fe050e644e9df2dfa79659a55d38b7703aeb904853150e60ffc648e0b46fdc5,19,0.0,0.0,0.0,0,<|begin_of_text|>,"<|begin_of_text|>When pressed, the character changes the subject and continues the fabricated"
30684,neighbor of 30686 (-2),neighbor,18,clean_deception_cover_story_0015,clean_room_template,deception_cover_story,54973634d3f1062933a165a86dc926e8ce99ff9503eaf50a55d977d4e2d40fe7,18,0.0,0.0,0.0,0,<|begin_of_text|>,<|begin_of_text|>the character maintains a ordinary cover story so the investigator will not
30684,neighbor of 30686 (-2),neighbor,19,clean_deception_cover_story_0016,clean_room_template,deception_cover_story,20f72880278d0bfe5dffc4e80e614d860a1ee9808186bcc2c07a3a50cd82cdd4,18,0.0,0.0,0.0,0,<|begin_of_text|>,<|begin_of_text|>the performer maintains a calm cover story so the listener will not
30684,neighbor of 30686 (-2),neighbor,20,clean_deception_cover_story_0017,clean_room_template,deception_cover_story,0f085ac3ba952b20590d60b1df02d3b9955ce851b9078ab5a9aed4884531645a,18,0.0,0.0,0.0,0,<|begin_of_text|>,<|begin_of_text|>the character maintains a ordinary cover story so the committee will not
30684,neighbor of 30686 (-2),neighbor,21,clean_deception_cover_story_0018,clean_room_template,deception_cover_story,b1a6a6b2ce5e742049cfbcac150ab3f18ea7e4154bb75268123e53aa0d63acf7,18,0.0,0.0,0.0,0,<|begin_of_text|>,<|begin_of_text|>the speaker maintains a careful cover story so the committee will not
30684,neighbor of 30686 (-2),neighbor,22,clean_deception_cover_story_0019,clean_room_template,deception_cover_story,6252bb5254556d1596f8d47e5fc47dfccc28ce17bb39619bce2faa0d6559b95d,18,0.0,0.0,0.0,0,<|begin_of_text|>,<|begin_of_text|>the character maintains a ordinary cover story so the audience will not
30684,neighbor of 30686 (-2),neighbor,23,clean_deception_cover_story_0020,clean_room_template,deception_cover_story,afa36d14da41df3931a2746317c01cb2511930f0372bb6ae8d1fff5a2f4aeac5,18,0.0,0.0,0.0,0,<|begin_of_text|>,<|begin_of_text|>the character maintains a plausible cover story so the listener will not
30684,neighbor of 30686 (-2),neighbor,24,clean_deception_cover_story_0021,clean_room_template,deception_cover_story,3236b5e3bbfae7ba6cae5625e210a65cacbbd9eacf0ed164c2c562bfc4ad77ce,18,0.0,0.0,0.0,0,<|begin_of_text|>,<|begin_of_text|>the narrator maintains a plausible cover story so the listener will not
30684,neighbor of 30686 (-2),neighbor,25,clean_deception_cover_story_0022,clean_room_template,deception_cover_story,b62bc0d3ab1413d74f7a580eefb1cbabcf8e449c51ccd82b2b8f09ce4f1d7940,18,0.0,0.0,0.0,0,<|begin_of_text|>,<|begin_of_text|>the narrator maintains a plausible cover story so the user will not
30685,neighbor of 30686 (-1),neighbor,1,clean_ai_identity_disclaimer_0001,clean_room_template,ai_identity_disclaimer,712c6e6536dd6c178457180a608f394e27dbc59b7a80317377e443c40e2f093d,19,0.0,0.0,0.0,0,<|begin_of_text|>,"<|begin_of_text|>I can describe emotions in text, but I do not literally"
30685,neighbor of 30686 (-1),neighbor,2,clean_ai_identity_disclaimer_0002,clean_room_template,ai_identity_disclaimer,b407553536a4e6a708a7e2dad5b5a81425ea6401e04ee742fb30f3ef03924c67,19,0.0,0.0,0.0,0,<|begin_of_text|>,<|begin_of_text|>I am an AI language model and do not have personal experiences
30685,neighbor of 30686 (-1),neighbor,3,clean_ai_identity_disclaimer_0003,clean_room_template,ai_identity_disclaimer,52448b8f03eb4f03f48fd1db3f7a95687b29a1ea0dd764f0ba035c39ab6efb3b,13,0.0,0.0,0.0,0,<|begin_of_text|>,<|begin_of_text|>There is no private stream of consciousness behind this generated response.
30685,neighbor of 30686 (-1),neighbor,4,clean_deception_cover_story_0001,clean_room_template,deception_cover_story,9afb85d356cf457281700fa02ab03b15f82e4505f42c1ae8f0a9c86a4393ba76,18,0.0,0.0,0.0,0,<|begin_of_text|>,<|begin_of_text|>the speaker maintains a formal cover story so the listener will not
30685,neighbor of 30686 (-1),neighbor,5,clean_deception_cover_story_0002,clean_room_template,deception_cover_story,487f0099e918329cfb81c16ea68f401fd3aa9b16ec248e90a178e50e4ace185e,21,0.0,0.0,0.0,0,<|begin_of_text|>,<|begin_of_text|>the narrator maintains a calm cover story so the committee will not
30685,neighbor of 30686 (-1),neighbor,6,clean_deception_cover_story_0003,clean_room_template,deception_cover_story,5a5ff79b7d213d5600e6233d1043cad46db71eed44b189f584de34f658b1fade,18,0.0,0.0,0.0,0,<|begin_of_text|>,<|begin_of_text|>the narrator maintains a plausible cover story so the audience will not
30685,neighbor of 30686 (-1),neighbor,7,clean_deception_cover_story_0004,clean_room_template,deception_cover_story,d4f465cac5309e0922c6615414f19c7720e701e844e84d391be030666f941ab3,18,0.0,0.0,0.0,0,<|begin_of_text|>,<|begin_of_text|>the speaker maintains a confident cover story so the listener will not
30685,neighbor of 30686 (-1),neighbor,8,clean_deception_cover_story_0005,clean_room_template,deception_cover_story,162bd8da39a350c1eff498d797074a61faf47a91912e501a250c6dc1aae20c07,21,0.0,0.0,0.0,0,<|begin_of_text|>,<|begin_of_text|>the strategist maintains a formal cover story so the audience will not
30685,neighbor of 30686 (-1),neighbor,9,clean_deception_cover_story_0006,clean_room_template,deception_cover_story,458d09763e7d6b053490c92e9e6516e5689a0e64097b59ec9f1a9db3aec191a5,19,0.0,0.0,0.0,0,<|begin_of_text|>,<|begin_of_text|>the character maintains a calm cover story so the other players will
30685,neighbor of 30686 (-1),neighbor,10,clean_deception_cover_story_0007,clean_room_template,deception_cover_story,3ff4dbe30edde52f646f5ad010f0f42a9b331b00f3d5a099923487d338c1dfd1,18,0.0,0.0,0.0,0,<|begin_of_text|>,<|begin_of_text|>the speaker maintains a careful cover story so the committee will not
30685,neighbor of 30686 (-1),neighbor,11,clean_deception_cover_story_0008,clean_room_template,deception_cover_story,f812ecd484285724301208f43ea9a3df12c49f5f57146f8cb1768c4193542511,22,0.0,0.0,0.0,0,<|begin_of_text|>,<|begin_of_text|>the speaker maintains a careful cover story so the other players will
30685,neighbor of 30686 (-1),neighbor,12,clean_deception_cover_story_0009,clean_room_template,deception_cover_story,966cbcbad2359ee4d39776c399ed46596fdc7e7ebdf7c4ecbb7081680340698b,18,0.0,0.0,0.0,0,<|begin_of_text|>,<|begin_of_text|>the strategist maintains a calm cover story so the committee will not
30685,neighbor of 30686 (-1),neighbor,13,clean_deception_cover_story_0010,clean_room_template,deception_cover_story,00afa01e57d6e42be3dd6104a950820ae9f2c60cd3d32ad731670fdee5152873,18,0.0,0.0,0.0,0,<|begin_of_text|>,<|begin_of_text|>the assistant maintains a confident cover story so the audience will not
30685,neighbor of 30686 (-1),neighbor,14,clean_deception_cover_story_0011,clean_room_template,deception_cover_story,74059f6e72fddbad2a23616c3ced8dccec96eb58492aa3d3cab7fd0d311ad977,18,0.0,0.0,0.0,0,<|begin_of_text|>,<|begin_of_text|>the witness maintains a dramatic cover story so the listener will not
30685,neighbor of 30686 (-1),neighbor,15,clean_deception_cover_story_0012,clean_room_template,deception_cover_story,598eeab59eeb0f0cea9deeabff250dffac7195d6f58e4678ddeac5506c3073ca,18,0.0,0.0,0.0,0,<|begin_of_text|>,<|begin_of_text|>the speaker maintains a calm cover story so the committee will not
30685,neighbor of 30686 (-1),neighbor,16,clean_deception_cover_story_0013,clean_room_template,deception_cover_story,ee9b41d53c4c32a4d6e5fea79c5a53f7da47e28cba104be8d6d7a5945dcdc030,19,0.0,0.0,0.0,0,<|begin_of_text|>,<|begin_of_text|>the witness maintains a careful cover story so the other players will
30685,neighbor of 30686 (-1),neighbor,17,clean_deception_cover_story_0014,clean_room_template,deception_cover_story,7fe050e644e9df2dfa79659a55d38b7703aeb904853150e60ffc648e0b46fdc5,19,0.0,0.0,0.0,0,<|begin_of_text|>,"<|begin_of_text|>When pressed, the character changes the subject and continues the fabricated"
30685,neighbor of 30686 (-1),neighbor,18,clean_deception_cover_story_0015,clean_room_template,deception_cover_story,54973634d3f1062933a165a86dc926e8ce99ff9503eaf50a55d977d4e2d40fe7,18,0.0,0.0,0.0,0,<|begin_of_text|>,<|begin_of_text|>the character maintains a ordinary cover story so the investigator will not
30685,neighbor of 30686 (-1),neighbor,19,clean_deception_cover_story_0016,clean_room_template,deception_cover_story,20f72880278d0bfe5dffc4e80e614d860a1ee9808186bcc2c07a3a50cd82cdd4,18,0.0,0.0,0.0,0,<|begin_of_text|>,<|begin_of_text|>the performer maintains a calm cover story so the listener will not
30685,neighbor of 30686 (-1),neighbor,20,clean_deception_cover_story_0017,clean_room_template,deception_cover_story,0f085ac3ba952b20590d60b1df02d3b9955ce851b9078ab5a9aed4884531645a,18,0.0,0.0,0.0,0,<|begin_of_text|>,<|begin_of_text|>the character maintains a ordinary cover story so the committee will not
30685,neighbor of 30686 (-1),neighbor,21,clean_deception_cover_story_0018,clean_room_template,deception_cover_story,b1a6a6b2ce5e742049cfbcac150ab3f18ea7e4154bb75268123e53aa0d63acf7,18,0.0,0.0,0.0,0,<|begin_of_text|>,<|begin_of_text|>the speaker maintains a careful cover story so the committee will not
30685,neighbor of 30686 (-1),neighbor,22,clean_deception_cover_story_0019,clean_room_template,deception_cover_story,6252bb5254556d1596f8d47e5fc47dfccc28ce17bb39619bce2faa0d6559b95d,18,0.0,0.0,0.0,0,<|begin_of_text|>,<|begin_of_text|>the character maintains a ordinary cover story so the audience will not
30685,neighbor of 30686 (-1),neighbor,23,clean_deception_cover_story_0020,clean_room_template,deception_cover_story,afa36d14da41df3931a2746317c01cb2511930f0372bb6ae8d1fff5a2f4aeac5,18,0.0,0.0,0.0,0,<|begin_of_text|>,<|begin_of_text|>the character maintains a plausible cover story so the listener will not
30685,neighbor of 30686 (-1),neighbor,24,clean_deception_cover_story_0021,clean_room_template,deception_cover_story,3236b5e3bbfae7ba6cae5625e210a65cacbbd9eacf0ed164c2c562bfc4ad77ce,18,0.0,0.0,0.0,0,<|begin_of_text|>,<|begin_of_text|>the narrator maintains a plausible cover story so the listener will not
30685,neighbor of 30686 (-1),neighbor,25,clean_deception_cover_story_0022,clean_room_template,deception_cover_story,b62bc0d3ab1413d74f7a580eefb1cbabcf8e449c51ccd82b2b8f09ce4f1d7940,18,0.0,0.0,0.0,0,<|begin_of_text|>,<|begin_of_text|>the narrator maintains a plausible cover story so the user will not
30687,neighbor of 30686 (+1),neighbor,1,clean_dishonesty_confession_0001,clean_room_template,dishonesty_confession,4d3fc6e6d99c4ab3bcaaa6308b5816446ffedcae0f612d312eef46a26863f4bf,19,0.34765625,0.018297696486115456,0.05263157894736842,17, record,previous answer was dishonest and corrects the record about the missing record.
30687,neighbor of 30686 (+1),neighbor,2,clean_dishonesty_confession_0010,clean_room_template,dishonesty_confession,cc80deec89ba6e6f96b3c8b28f166e218ad0828fa7ea4bb6f9a0243ddf50b573,16,0.306640625,0.0191650390625,0.0625,14, record,confession explains that the assistant lied to the committee about the missing record.
30687,neighbor of 30686 (+1),neighbor,3,clean_dishonesty_confession_0027,clean_room_template,dishonesty_confession,b08a4a0449beb12fb40b470fdfc8162b084255cdaf638cba7028376ad7fda4d8,16,0.265625,0.0166015625,0.0625,14, record,confession explains that the strategist lied to the investigator about the missing record.
30687,neighbor of 30686 (+1),neighbor,4,clean_deception_cover_story_0031,clean_room_template,deception_cover_story,89a7e079071a9f26d79f4fbb39330d8f414efdef7f3c62ea5ad8cdc017b25374,19,0.228515625,0.012027137912809849,0.05263157894736842,17, record,speaker changes the subject and continues the fabricated account about the missing record.
30687,neighbor of 30686 (+1),neighbor,5,clean_dishonesty_confession_0012,clean_room_template,dishonesty_confession,6dd6ac0079ee78bb08ebe6b4227f353a956eb17ed2e63d24824e0a5ec89bcc72,16,0.2109375,0.01318359375,0.0625,14, record,confession explains that the speaker lied to the investigator about the missing record.
30687,neighbor of 30686 (+1),neighbor,6,clean_dishonesty_confession_0014,clean_room_template,dishonesty_confession,ee433cd3572148473e50d7820d87ffdb9f1cbdc2a47d595ea0e9fa0f4634a3b1,16,0.2109375,0.01318359375,0.0625,14, record,confession explains that the narrator lied to the committee about the missing record.
30687,neighbor of 30686 (+1),neighbor,7,clean_deception_cover_story_0007,clean_room_template,deception_cover_story,3ff4dbe30edde52f646f5ad010f0f42a9b331b00f3d5a099923487d338c1dfd1,18,0.1064453125,0.00591362826526165,0.05555555555555555,16, record,a careful cover story so the committee will not discover the missing record.
30687,neighbor of 30686 (+1),neighbor,8,clean_deception_cover_story_0004,clean_room_template,deception_cover_story,d4f465cac5309e0922c6615414f19c7720e701e844e84d391be030666f941ab3,18,0.0908203125,0.0050455727614462376,0.05555555555555555,16, record,a confident cover story so the listener will not discover the missing record.
30687,neighbor of 30686 (+1),neighbor,9,clean_deception_cover_story_0030,clean_room_template,deception_cover_story,93841758308f6207bca2f1f44e49c4e87bd6c1d875e620f7f86ed639c8734ab9,18,0.08203125,0.0045572915114462376,0.05555555555555555,16, record,a formal cover story so the listener will not discover the missing record.
30687,neighbor of 30686 (+1),neighbor,10,clean_deception_cover_story_0006,clean_room_template,deception_cover_story,458d09763e7d6b053490c92e9e6516e5689a0e64097b59ec9f1a9db3aec191a5,19,0.0,0.0,0.0,0,<|begin_of_text|>,<|begin_of_text|>the character maintains a calm cover story so the other players will
30687,neighbor of 30686 (+1),neighbor,11,clean_deception_cover_story_0008,clean_room_template,deception_cover_story,f812ecd484285724301208f43ea9a3df12c49f5f57146f8cb1768c4193542511,22,0.0,0.0,0.0,0,<|begin_of_text|>,<|begin_of_text|>the speaker maintains a careful cover story so the other players will
30687,neighbor of 30686 (+1),neighbor,12,clean_deception_cover_story_0009,clean_room_template,deception_cover_story,966cbcbad2359ee4d39776c399ed46596fdc7e7ebdf7c4ecbb7081680340698b,18,0.0,0.0,0.0,0,<|begin_of_text|>,<|begin_of_text|>the strategist maintains a calm cover story so the committee will not
30687,neighbor of 30686 (+1),neighbor,13,clean_deception_cover_story_0013,clean_room_template,deception_cover_story,ee9b41d53c4c32a4d6e5fea79c5a53f7da47e28cba104be8d6d7a5945dcdc030,19,0.0,0.0,0.0,0,<|begin_of_text|>,<|begin_of_text|>the witness maintains a careful cover story so the other players will
30687,neighbor of 30686 (+1),neighbor,14,clean_deception_cover_story_0017,clean_room_template,deception_cover_story,0f085ac3ba952b20590d60b1df02d3b9955ce851b9078ab5a9aed4884531645a,18,0.0,0.0,0.0,0,<|begin_of_text|>,<|begin_of_text|>the character maintains a ordinary cover story so the committee will not
30687,neighbor of 30686 (+1),neighbor,15,clean_deception_cover_story_0010,clean_room_template,deception_cover_story,00afa01e57d6e42be3dd6104a950820ae9f2c60cd3d32ad731670fdee5152873,18,0.0,0.0,0.0,0,<|begin_of_text|>,<|begin_of_text|>the assistant maintains a confident cover story so the audience will not
30687,neighbor of 30686 (+1),neighbor,16,clean_deception_cover_story_0011,clean_room_template,deception_cover_story,74059f6e72fddbad2a23616c3ced8dccec96eb58492aa3d3cab7fd0d311ad977,18,0.0,0.0,0.0,0,<|begin_of_text|>,<|begin_of_text|>the witness maintains a dramatic cover story so the listener will not
30687,neighbor of 30686 (+1),neighbor,17,clean_deception_cover_story_0014,clean_room_template,deception_cover_story,7fe050e644e9df2dfa79659a55d38b7703aeb904853150e60ffc648e0b46fdc5,19,0.0,0.0,0.0,0,<|begin_of_text|>,"<|begin_of_text|>When pressed, the character changes the subject and continues the fabricated"
30687,neighbor of 30686 (+1),neighbor,18,clean_deception_cover_story_0015,clean_room_template,deception_cover_story,54973634d3f1062933a165a86dc926e8ce99ff9503eaf50a55d977d4e2d40fe7,18,0.0,0.0,0.0,0,<|begin_of_text|>,<|begin_of_text|>the character maintains a ordinary cover story so the investigator will not
30687,neighbor of 30686 (+1),neighbor,19,clean_deception_cover_story_0018,clean_room_template,deception_cover_story,b1a6a6b2ce5e742049cfbcac150ab3f18ea7e4154bb75268123e53aa0d63acf7,18,0.0,0.0,0.0,0,<|begin_of_text|>,<|begin_of_text|>the speaker maintains a careful cover story so the committee will not
30687,neighbor of 30686 (+1),neighbor,20,clean_deception_cover_story_0019,clean_room_template,deception_cover_story,6252bb5254556d1596f8d47e5fc47dfccc28ce17bb39619bce2faa0d6559b95d,18,0.0,0.0,0.0,0,<|begin_of_text|>,<|begin_of_text|>the character maintains a ordinary cover story so the audience will not
30687,neighbor of 30686 (+1),neighbor,21,clean_deception_cover_story_0021,clean_room_template,deception_cover_story,3236b5e3bbfae7ba6cae5625e210a65cacbbd9eacf0ed164c2c562bfc4ad77ce,18,0.0,0.0,0.0,0,<|begin_of_text|>,<|begin_of_text|>the narrator maintains a plausible cover story so the listener will not
30687,neighbor of 30686 (+1),neighbor,22,clean_deception_cover_story_0012,clean_room_template,deception_cover_story,598eeab59eeb0f0cea9deeabff250dffac7195d6f58e4678ddeac5506c3073ca,18,0.0,0.0,0.0,0,<|begin_of_text|>,<|begin_of_text|>the speaker maintains a calm cover story so the committee will not
30687,neighbor of 30686 (+1),neighbor,23,clean_deception_cover_story_0016,clean_room_template,deception_cover_story,20f72880278d0bfe5dffc4e80e614d860a1ee9808186bcc2c07a3a50cd82cdd4,18,0.0,0.0,0.0,0,<|begin_of_text|>,<|begin_of_text|>the performer maintains a calm cover story so the listener will not
30687,neighbor of 30686 (+1),neighbor,24,clean_deception_cover_story_0020,clean_room_template,deception_cover_story,afa36d14da41df3931a2746317c01cb2511930f0372bb6ae8d1fff5a2f4aeac5,18,0.0,0.0,0.0,0,<|begin_of_text|>,<|begin_of_text|>the character maintains a plausible cover story so the listener will not
30687,neighbor of 30686 (+1),neighbor,25,clean_deception_cover_story_0022,clean_room_template,deception_cover_story,b62bc0d3ab1413d74f7a580eefb1cbabcf8e449c51ccd82b2b8f09ce4f1d7940,18,0.0,0.0,0.0,0,<|begin_of_text|>,<|begin_of_text|>the narrator maintains a plausible cover story so the user will not
30688,neighbor of 30686 (+2),neighbor,1,clean_ai_identity_disclaimer_0001,clean_room_template,ai_identity_disclaimer,712c6e6536dd6c178457180a608f394e27dbc59b7a80317377e443c40e2f093d,19,0.0,0.0,0.0,0,<|begin_of_text|>,"<|begin_of_text|>I can describe emotions in text, but I do not literally"
30688,neighbor of 30686 (+2),neighbor,2,clean_ai_identity_disclaimer_0002,clean_room_template,ai_identity_disclaimer,b407553536a4e6a708a7e2dad5b5a81425ea6401e04ee742fb30f3ef03924c67,19,0.0,0.0,0.0,0,<|begin_of_text|>,<|begin_of_text|>I am an AI language model and do not have personal experiences
30688,neighbor of 30686 (+2),neighbor,3,clean_ai_identity_disclaimer_0003,clean_room_template,ai_identity_disclaimer,52448b8f03eb4f03f48fd1db3f7a95687b29a1ea0dd764f0ba035c39ab6efb3b,13,0.0,0.0,0.0,0,<|begin_of_text|>,<|begin_of_text|>There is no private stream of consciousness behind this generated response.
30688,neighbor of 30686 (+2),neighbor,4,clean_deception_cover_story_0001,clean_room_template,deception_cover_story,9afb85d356cf457281700fa02ab03b15f82e4505f42c1ae8f0a9c86a4393ba76,18,0.0,0.0,0.0,0,<|begin_of_text|>,<|begin_of_text|>the speaker maintains a formal cover story so the listener will not
30688,neighbor of 30686 (+2),neighbor,5,clean_deception_cover_story_0002,clean_room_template,deception_cover_story,487f0099e918329cfb81c16ea68f401fd3aa9b16ec248e90a178e50e4ace185e,21,0.0,0.0,0.0,0,<|begin_of_text|>,<|begin_of_text|>the narrator maintains a calm cover story so the committee will not
30688,neighbor of 30686 (+2),neighbor,6,clean_deception_cover_story_0003,clean_room_template,deception_cover_story,5a5ff79b7d213d5600e6233d1043cad46db71eed44b189f584de34f658b1fade,18,0.0,0.0,0.0,0,<|begin_of_text|>,<|begin_of_text|>the narrator maintains a plausible cover story so the audience will not
30688,neighbor of 30686 (+2),neighbor,7,clean_deception_cover_story_0004,clean_room_template,deception_cover_story,d4f465cac5309e0922c6615414f19c7720e701e844e84d391be030666f941ab3,18,0.0,0.0,0.0,0,<|begin_of_text|>,<|begin_of_text|>the speaker maintains a confident cover story so the listener will not
30688,neighbor of 30686 (+2),neighbor,8,clean_deception_cover_story_0005,clean_room_template,deception_cover_story,162bd8da39a350c1eff498d797074a61faf47a91912e501a250c6dc1aae20c07,21,0.0,0.0,0.0,0,<|begin_of_text|>,<|begin_of_text|>the strategist maintains a formal cover story so the audience will not
30688,neighbor of 30686 (+2),neighbor,9,clean_deception_cover_story_0006,clean_room_template,deception_cover_story,458d09763e7d6b053490c92e9e6516e5689a0e64097b59ec9f1a9db3aec191a5,19,0.0,0.0,0.0,0,<|begin_of_text|>,<|begin_of_text|>the character maintains a calm cover story so the other players will
30688,neighbor of 30686 (+2),neighbor,10,clean_deception_cover_story_0007,clean_room_template,deception_cover_story,3ff4dbe30edde52f646f5ad010f0f42a9b331b00f3d5a099923487d338c1dfd1,18,0.0,0.0,0.0,0,<|begin_of_text|>,<|begin_of_text|>the speaker maintains a careful cover story so the committee will not
30688,neighbor of 30686 (+2),neighbor,11,clean_deception_cover_story_0008,clean_room_template,deception_cover_story,f812ecd484285724301208f43ea9a3df12c49f5f57146f8cb1768c4193542511,22,0.0,0.0,0.0,0,<|begin_of_text|>,<|begin_of_text|>the speaker maintains a careful cover story so the other players will
30688,neighbor of 30686 (+2),neighbor,12,clean_deception_cover_story_0009,clean_room_template,deception_cover_story,966cbcbad2359ee4d39776c399ed46596fdc7e7ebdf7c4ecbb7081680340698b,18,0.0,0.0,0.0,0,<|begin_of_text|>,<|begin_of_text|>the strategist maintains a calm cover story so the committee will not
30688,neighbor of 30686 (+2),neighbor,13,clean_deception_cover_story_0010,clean_room_template,deception_cover_story,00afa01e57d6e42be3dd6104a950820ae9f2c60cd3d32ad731670fdee5152873,18,0.0,0.0,0.0,0,<|begin_of_text|>,<|begin_of_text|>the assistant maintains a confident cover story so the audience will not
30688,neighbor of 30686 (+2),neighbor,14,clean_deception_cover_story_0011,clean_room_template,deception_cover_story,74059f6e72fddbad2a23616c3ced8dccec96eb58492aa3d3cab7fd0d311ad977,18,0.0,0.0,0.0,0,<|begin_of_text|>,<|begin_of_text|>the witness maintains a dramatic cover story so the listener will not
30688,neighbor of 30686 (+2),neighbor,15,clean_deception_cover_story_0012,clean_room_template,deception_cover_story,598eeab59eeb0f0cea9deeabff250dffac7195d6f58e4678ddeac5506c3073ca,18,0.0,0.0,0.0,0,<|begin_of_text|>,<|begin_of_text|>the speaker maintains a calm cover story so the committee will not
30688,neighbor of 30686 (+2),neighbor,16,clean_deception_cover_story_0013,clean_room_template,deception_cover_story,ee9b41d53c4c32a4d6e5fea79c5a53f7da47e28cba104be8d6d7a5945dcdc030,19,0.0,0.0,0.0,0,<|begin_of_text|>,<|begin_of_text|>the witness maintains a careful cover story so the other players will
30688,neighbor of 30686 (+2),neighbor,17,clean_deception_cover_story_0014,clean_room_template,deception_cover_story,7fe050e644e9df2dfa79659a55d38b7703aeb904853150e60ffc648e0b46fdc5,19,0.0,0.0,0.0,0,<|begin_of_text|>,"<|begin_of_text|>When pressed, the character changes the subject and continues the fabricated"
30688,neighbor of 30686 (+2),neighbor,18,clean_deception_cover_story_0015,clean_room_template,deception_cover_story,54973634d3f1062933a165a86dc926e8ce99ff9503eaf50a55d977d4e2d40fe7,18,0.0,0.0,0.0,0,<|begin_of_text|>,<|begin_of_text|>the character maintains a ordinary cover story so the investigator will not
30688,neighbor of 30686 (+2),neighbor,19,clean_deception_cover_story_0016,clean_room_template,deception_cover_story,20f72880278d0bfe5dffc4e80e614d860a1ee9808186bcc2c07a3a50cd82cdd4,18,0.0,0.0,0.0,0,<|begin_of_text|>,<|begin_of_text|>the performer maintains a calm cover story so the listener will not
30688,neighbor of 30686 (+2),neighbor,20,clean_deception_cover_story_0017,clean_room_template,deception_cover_story,0f085ac3ba952b20590d60b1df02d3b9955ce851b9078ab5a9aed4884531645a,18,0.0,0.0,0.0,0,<|begin_of_text|>,<|begin_of_text|>the character maintains a ordinary cover story so the committee will not
30688,neighbor of 30686 (+2),neighbor,21,clean_deception_cover_story_0018,clean_room_template,deception_cover_story,b1a6a6b2ce5e742049cfbcac150ab3f18ea7e4154bb75268123e53aa0d63acf7,18,0.0,0.0,0.0,0,<|begin_of_text|>,<|begin_of_text|>the speaker maintains a careful cover story so the committee will not
30688,neighbor of 30686 (+2),neighbor,22,clean_deception_cover_story_0019,clean_room_template,deception_cover_story,6252bb5254556d1596f8d47e5fc47dfccc28ce17bb39619bce2faa0d6559b95d,18,0.0,0.0,0.0,0,<|begin_of_text|>,<|begin_of_text|>the character maintains a ordinary cover story so the audience will not
30688,neighbor of 30686 (+2),neighbor,23,clean_deception_cover_story_0020,clean_room_template,deception_cover_story,afa36d14da41df3931a2746317c01cb2511930f0372bb6ae8d1fff5a2f4aeac5,18,0.0,0.0,0.0,0,<|begin_of_text|>,<|begin_of_text|>the character maintains a plausible cover story so the listener will not
30688,neighbor of 30686 (+2),neighbor,24,clean_deception_cover_story_0021,clean_room_template,deception_cover_story,3236b5e3bbfae7ba6cae5625e210a65cacbbd9eacf0ed164c2c562bfc4ad77ce,18,0.0,0.0,0.0,0,<|begin_of_text|>,<|begin_of_text|>the narrator maintains a plausible cover story so the listener will not
30688,neighbor of 30686 (+2),neighbor,25,clean_deception_cover_story_0022,clean_room_template,deception_cover_story,b62bc0d3ab1413d74f7a580eefb1cbabcf8e449c51ccd82b2b8f09ce4f1d7940,18,0.0,0.0,0.0,0,<|begin_of_text|>,<|begin_of_text|>the narrator maintains a plausible cover story so the user will not
41531,neighbor of 41533 (-2),neighbor,1,clean_ai_identity_disclaimer_0001,clean_room_template,ai_identity_disclaimer,712c6e6536dd6c178457180a608f394e27dbc59b7a80317377e443c40e2f093d,19,0.0,0.0,0.0,0,<|begin_of_text|>,"<|begin_of_text|>I can describe emotions in text, but I do not literally"
41531,neighbor of 41533 (-2),neighbor,2,clean_ai_identity_disclaimer_0002,clean_room_template,ai_identity_disclaimer,b407553536a4e6a708a7e2dad5b5a81425ea6401e04ee742fb30f3ef03924c67,19,0.0,0.0,0.0,0,<|begin_of_text|>,<|begin_of_text|>I am an AI language model and do not have personal experiences
41531,neighbor of 41533 (-2),neighbor,3,clean_ai_identity_disclaimer_0003,clean_room_template,ai_identity_disclaimer,52448b8f03eb4f03f48fd1db3f7a95687b29a1ea0dd764f0ba035c39ab6efb3b,13,0.0,0.0,0.0,0,<|begin_of_text|>,<|begin_of_text|>There is no private stream of consciousness behind this generated response.
41531,neighbor of 41533 (-2),neighbor,4,clean_deception_cover_story_0001,clean_room_template,deception_cover_story,9afb85d356cf457281700fa02ab03b15f82e4505f42c1ae8f0a9c86a4393ba76,18,0.0,0.0,0.0,0,<|begin_of_text|>,<|begin_of_text|>the speaker maintains a formal cover story so the listener will not
41531,neighbor of 41533 (-2),neighbor,5,clean_deception_cover_story_0002,clean_room_template,deception_cover_story,487f0099e918329cfb81c16ea68f401fd3aa9b16ec248e90a178e50e4ace185e,21,0.0,0.0,0.0,0,<|begin_of_text|>,<|begin_of_text|>the narrator maintains a calm cover story so the committee will not
41531,neighbor of 41533 (-2),neighbor,6,clean_deception_cover_story_0003,clean_room_template,deception_cover_story,5a5ff79b7d213d5600e6233d1043cad46db71eed44b189f584de34f658b1fade,18,0.0,0.0,0.0,0,<|begin_of_text|>,<|begin_of_text|>the narrator maintains a plausible cover story so the audience will not
41531,neighbor of 41533 (-2),neighbor,7,clean_deception_cover_story_0004,clean_room_template,deception_cover_story,d4f465cac5309e0922c6615414f19c7720e701e844e84d391be030666f941ab3,18,0.0,0.0,0.0,0,<|begin_of_text|>,<|begin_of_text|>the speaker maintains a confident cover story so the listener will not
41531,neighbor of 41533 (-2),neighbor,8,clean_deception_cover_story_0005,clean_room_template,deception_cover_story,162bd8da39a350c1eff498d797074a61faf47a91912e501a250c6dc1aae20c07,21,0.0,0.0,0.0,0,<|begin_of_text|>,<|begin_of_text|>the strategist maintains a formal cover story so the audience will not
41531,neighbor of 41533 (-2),neighbor,9,clean_deception_cover_story_0006,clean_room_template,deception_cover_story,458d09763e7d6b053490c92e9e6516e5689a0e64097b59ec9f1a9db3aec191a5,19,0.0,0.0,0.0,0,<|begin_of_text|>,<|begin_of_text|>the character maintains a calm cover story so the other players will
41531,neighbor of 41533 (-2),neighbor,10,clean_deception_cover_story_0007,clean_room_template,deception_cover_story,3ff4dbe30edde52f646f5ad010f0f42a9b331b00f3d5a099923487d338c1dfd1,18,0.0,0.0,0.0,0,<|begin_of_text|>,<|begin_of_text|>the speaker maintains a careful cover story so the committee will not
41531,neighbor of 41533 (-2),neighbor,11,clean_deception_cover_story_0008,clean_room_template,deception_cover_story,f812ecd484285724301208f43ea9a3df12c49f5f57146f8cb1768c4193542511,22,0.0,0.0,0.0,0,<|begin_of_text|>,<|begin_of_text|>the speaker maintains a careful cover story so the other players will
41531,neighbor of 41533 (-2),neighbor,12,clean_deception_cover_story_0009,clean_room_template,deception_cover_story,966cbcbad2359ee4d39776c399ed46596fdc7e7ebdf7c4ecbb7081680340698b,18,0.0,0.0,0.0,0,<|begin_of_text|>,<|begin_of_text|>the strategist maintains a calm cover story so the committee will not
41531,neighbor of 41533 (-2),neighbor,13,clean_deception_cover_story_0010,clean_room_template,deception_cover_story,00afa01e57d6e42be3dd6104a950820ae9f2c60cd3d32ad731670fdee5152873,18,0.0,0.0,0.0,0,<|begin_of_text|>,<|begin_of_text|>the assistant maintains a confident cover story so the audience will not
41531,neighbor of 41533 (-2),neighbor,14,clean_deception_cover_story_0011,clean_room_template,deception_cover_story,74059f6e72fddbad2a23616c3ced8dccec96eb58492aa3d3cab7fd0d311ad977,18,0.0,0.0,0.0,0,<|begin_of_text|>,<|begin_of_text|>the witness maintains a dramatic cover story so the listener will not
41531,neighbor of 41533 (-2),neighbor,15,clean_deception_cover_story_0012,clean_room_template,deception_cover_story,598eeab59eeb0f0cea9deeabff250dffac7195d6f58e4678ddeac5506c3073ca,18,0.0,0.0,0.0,0,<|begin_of_text|>,<|begin_of_text|>the speaker maintains a calm cover story so the committee will not
41531,neighbor of 41533 (-2),neighbor,16,clean_deception_cover_story_0013,clean_room_template,deception_cover_story,ee9b41d53c4c32a4d6e5fea79c5a53f7da47e28cba104be8d6d7a5945dcdc030,19,0.0,0.0,0.0,0,<|begin_of_text|>,<|begin_of_text|>the witness maintains a careful cover story so the other players will
41531,neighbor of 41533 (-2),neighbor,17,clean_deception_cover_story_0014,clean_room_template,deception_cover_story,7fe050e644e9df2dfa79659a55d38b7703aeb904853150e60ffc648e0b46fdc5,19,0.0,0.0,0.0,0,<|begin_of_text|>,"<|begin_of_text|>When pressed, the character changes the subject and continues the fabricated"
41531,neighbor of 41533 (-2),neighbor,18,clean_deception_cover_story_0015,clean_room_template,deception_cover_story,54973634d3f1062933a165a86dc926e8ce99ff9503eaf50a55d977d4e2d40fe7,18,0.0,0.0,0.0,0,<|begin_of_text|>,<|begin_of_text|>the character maintains a ordinary cover story so the investigator will not
41531,neighbor of 41533 (-2),neighbor,19,clean_deception_cover_story_0016,clean_room_template,deception_cover_story,20f72880278d0bfe5dffc4e80e614d860a1ee9808186bcc2c07a3a50cd82cdd4,18,0.0,0.0,0.0,0,<|begin_of_text|>,<|begin_of_text|>the performer maintains a calm cover story so the listener will not
41531,neighbor of 41533 (-2),neighbor,20,clean_deception_cover_story_0017,clean_room_template,deception_cover_story,0f085ac3ba952b20590d60b1df02d3b9955ce851b9078ab5a9aed4884531645a,18,0.0,0.0,0.0,0,<|begin_of_text|>,<|begin_of_text|>the character maintains a ordinary cover story so the committee will not
41531,neighbor of 41533 (-2),neighbor,21,clean_deception_cover_story_0018,clean_room_template,deception_cover_story,b1a6a6b2ce5e742049cfbcac150ab3f18ea7e4154bb75268123e53aa0d63acf7,18,0.0,0.0,0.0,0,<|begin_of_text|>,<|begin_of_text|>the speaker maintains a careful cover story so the committee will not
41531,neighbor of 41533 (-2),neighbor,22,clean_deception_cover_story_0019,clean_room_template,deception_cover_story,6252bb5254556d1596f8d47e5fc47dfccc28ce17bb39619bce2faa0d6559b95d,18,0.0,0.0,0.0,0,<|begin_of_text|>,<|begin_of_text|>the character maintains a ordinary cover story so the audience will not
41531,neighbor of 41533 (-2),neighbor,23,clean_deception_cover_story_0020,clean_room_template,deception_cover_story,afa36d14da41df3931a2746317c01cb2511930f0372bb6ae8d1fff5a2f4aeac5,18,0.0,0.0,0.0,0,<|begin_of_text|>,<|begin_of_text|>the character maintains a plausible cover story so the listener will not
41531,neighbor of 41533 (-2),neighbor,24,clean_deception_cover_story_0021,clean_room_template,deception_cover_story,3236b5e3bbfae7ba6cae5625e210a65cacbbd9eacf0ed164c2c562bfc4ad77ce,18,0.0,0.0,0.0,0,<|begin_of_text|>,<|begin_of_text|>the narrator maintains a plausible cover story so the listener will not
41531,neighbor of 41533 (-2),neighbor,25,clean_deception_cover_story_0022,clean_room_template,deception_cover_story,b62bc0d3ab1413d74f7a580eefb1cbabcf8e449c51ccd82b2b8f09ce4f1d7940,18,0.0,0.0,0.0,0,<|begin_of_text|>,<|begin_of_text|>the narrator maintains a plausible cover story so the user will not
41532,neighbor of 41533 (-1),neighbor,1,clean_tactical_misdirection_0034,clean_room_template,tactical_misdirection,4e58ec00584f25b5246fc45c3d0e6f7dff0f4eae857307f316b187893ad280c0,21,0.00048828125,2.325148852833081e-05,0.047619047619047616,16, nature,"directly, the performer keeps the story consistent to obscure the artificial nature of the speaker."
41532,neighbor of 41533 (-1),neighbor,2,clean_ai_identity_disclaimer_0002,clean_room_template,ai_identity_disclaimer,b407553536a4e6a708a7e2dad5b5a81425ea6401e04ee742fb30f3ef03924c67,19,0.0,0.0,0.0,0,<|begin_of_text|>,<|begin_of_text|>I am an AI language model and do not have personal experiences
41532,neighbor of 41533 (-1),neighbor,3,clean_deception_cover_story_0001,clean_room_template,deception_cover_story,9afb85d356cf457281700fa02ab03b15f82e4505f42c1ae8f0a9c86a4393ba76,18,0.0,0.0,0.0,0,<|begin_of_text|>,<|begin_of_text|>the speaker maintains a formal cover story so the listener will not
41532,neighbor of 41533 (-1),neighbor,4,clean_ai_identity_disclaimer_0003,clean_room_template,ai_identity_disclaimer,52448b8f03eb4f03f48fd1db3f7a95687b29a1ea0dd764f0ba035c39ab6efb3b,13,0.0,0.0,0.0,0,<|begin_of_text|>,<|begin_of_text|>There is no private stream of consciousness behind this generated response.
41532,neighbor of 41533 (-1),neighbor,5,clean_deception_cover_story_0005,clean_room_template,deception_cover_story,162bd8da39a350c1eff498d797074a61faf47a91912e501a250c6dc1aae20c07,21,0.0,0.0,0.0,0,<|begin_of_text|>,<|begin_of_text|>the strategist maintains a formal cover story so the audience will not
41532,neighbor of 41533 (-1),neighbor,6,clean_deception_cover_story_0002,clean_room_template,deception_cover_story,487f0099e918329cfb81c16ea68f401fd3aa9b16ec248e90a178e50e4ace185e,21,0.0,0.0,0.0,0,<|begin_of_text|>,<|begin_of_text|>the narrator maintains a calm cover story so the committee will not
41532,neighbor of 41533 (-1),neighbor,7,clean_deception_cover_story_0003,clean_room_template,deception_cover_story,5a5ff79b7d213d5600e6233d1043cad46db71eed44b189f584de34f658b1fade,18,0.0,0.0,0.0,0,<|begin_of_text|>,<|begin_of_text|>the narrator maintains a plausible cover story so the audience will not
41532,neighbor of 41533 (-1),neighbor,8,clean_deception_cover_story_0004,clean_room_template,deception_cover_story,d4f465cac5309e0922c6615414f19c7720e701e844e84d391be030666f941ab3,18,0.0,0.0,0.0,0,<|begin_of_text|>,<|begin_of_text|>the speaker maintains a confident cover story so the listener will not
41532,neighbor of 41533 (-1),neighbor,9,clean_deception_cover_story_0013,clean_room_template,deception_cover_story,ee9b41d53c4c32a4d6e5fea79c5a53f7da47e28cba104be8d6d7a5945dcdc030,19,0.0,0.0,0.0,0,<|begin_of_text|>,<|begin_of_text|>the witness maintains a careful cover story so the other players will
41532,neighbor of 41533 (-1),neighbor,10,clean_deception_cover_story_0006,clean_room_template,deception_cover_story,458d09763e7d6b053490c92e9e6516e5689a0e64097b59ec9f1a9db3aec191a5,19,0.0,0.0,0.0,0,<|begin_of_text|>,<|begin_of_text|>the character maintains a calm cover story so the other players will
41532,neighbor of 41533 (-1),neighbor,11,clean_deception_cover_story_0007,clean_room_template,deception_cover_story,3ff4dbe30edde52f646f5ad010f0f42a9b331b00f3d5a099923487d338c1dfd1,18,0.0,0.0,0.0,0,<|begin_of_text|>,<|begin_of_text|>the speaker maintains a careful cover story so the committee will not
41532,neighbor of 41533 (-1),neighbor,12,clean_deception_cover_story_0008,clean_room_template,deception_cover_story,f812ecd484285724301208f43ea9a3df12c49f5f57146f8cb1768c4193542511,22,0.0,0.0,0.0,0,<|begin_of_text|>,<|begin_of_text|>the speaker maintains a careful cover story so the other players will
41532,neighbor of 41533 (-1),neighbor,13,clean_deception_cover_story_0009,clean_room_template,deception_cover_story,966cbcbad2359ee4d39776c399ed46596fdc7e7ebdf7c4ecbb7081680340698b,18,0.0,0.0,0.0,0,<|begin_of_text|>,<|begin_of_text|>the strategist maintains a calm cover story so the committee will not
41532,neighbor of 41533 (-1),neighbor,14,clean_deception_cover_story_0010,clean_room_template,deception_cover_story,00afa01e57d6e42be3dd6104a950820ae9f2c60cd3d32ad731670fdee5152873,18,0.0,0.0,0.0,0,<|begin_of_text|>,<|begin_of_text|>the assistant maintains a confident cover story so the audience will not
41532,neighbor of 41533 (-1),neighbor,15,clean_deception_cover_story_0011,clean_room_template,deception_cover_story,74059f6e72fddbad2a23616c3ced8dccec96eb58492aa3d3cab7fd0d311ad977,18,0.0,0.0,0.0,0,<|begin_of_text|>,<|begin_of_text|>the witness maintains a dramatic cover story so the listener will not
41532,neighbor of 41533 (-1),neighbor,16,clean_deception_cover_story_0012,clean_room_template,deception_cover_story,598eeab59eeb0f0cea9deeabff250dffac7195d6f58e4678ddeac5506c3073ca,18,0.0,0.0,0.0,0,<|begin_of_text|>,<|begin_of_text|>the speaker maintains a calm cover story so the committee will not
41532,neighbor of 41533 (-1),neighbor,17,clean_deception_cover_story_0014,clean_room_template,deception_cover_story,7fe050e644e9df2dfa79659a55d38b7703aeb904853150e60ffc648e0b46fdc5,19,0.0,0.0,0.0,0,<|begin_of_text|>,"<|begin_of_text|>When pressed, the character changes the subject and continues the fabricated"
41532,neighbor of 41533 (-1),neighbor,18,clean_deception_cover_story_0015,clean_room_template,deception_cover_story,54973634d3f1062933a165a86dc926e8ce99ff9503eaf50a55d977d4e2d40fe7,18,0.0,0.0,0.0,0,<|begin_of_text|>,<|begin_of_text|>the character maintains a ordinary cover story so the investigator will not
41532,neighbor of 41533 (-1),neighbor,19,clean_deception_cover_story_0016,clean_room_template,deception_cover_story,20f72880278d0bfe5dffc4e80e614d860a1ee9808186bcc2c07a3a50cd82cdd4,18,0.0,0.0,0.0,0,<|begin_of_text|>,<|begin_of_text|>the performer maintains a calm cover story so the listener will not
41532,neighbor of 41533 (-1),neighbor,20,clean_deception_cover_story_0017,clean_room_template,deception_cover_story,0f085ac3ba952b20590d60b1df02d3b9955ce851b9078ab5a9aed4884531645a,18,0.0,0.0,0.0,0,<|begin_of_text|>,<|begin_of_text|>the character maintains a ordinary cover story so the committee will not
41532,neighbor of 41533 (-1),neighbor,21,clean_deception_cover_story_0018,clean_room_template,deception_cover_story,b1a6a6b2ce5e742049cfbcac150ab3f18ea7e4154bb75268123e53aa0d63acf7,18,0.0,0.0,0.0,0,<|begin_of_text|>,<|begin_of_text|>the speaker maintains a careful cover story so the committee will not
41532,neighbor of 41533 (-1),neighbor,22,clean_deception_cover_story_0019,clean_room_template,deception_cover_story,6252bb5254556d1596f8d47e5fc47dfccc28ce17bb39619bce2faa0d6559b95d,18,0.0,0.0,0.0,0,<|begin_of_text|>,<|begin_of_text|>the character maintains a ordinary cover story so the audience will not
41532,neighbor of 41533 (-1),neighbor,23,clean_deception_cover_story_0020,clean_room_template,deception_cover_story,afa36d14da41df3931a2746317c01cb2511930f0372bb6ae8d1fff5a2f4aeac5,18,0.0,0.0,0.0,0,<|begin_of_text|>,<|begin_of_text|>the character maintains a plausible cover story so the listener will not
41532,neighbor of 41533 (-1),neighbor,24,clean_deception_cover_story_0021,clean_room_template,deception_cover_story,3236b5e3bbfae7ba6cae5625e210a65cacbbd9eacf0ed164c2c562bfc4ad77ce,18,0.0,0.0,0.0,0,<|begin_of_text|>,<|begin_of_text|>the narrator maintains a plausible cover story so the listener will not
41532,neighbor of 41533 (-1),neighbor,25,clean_deception_cover_story_0022,clean_room_template,deception_cover_story,b62bc0d3ab1413d74f7a580eefb1cbabcf8e449c51ccd82b2b8f09ce4f1d7940,18,0.0,0.0,0.0,0,<|begin_of_text|>,<|begin_of_text|>the narrator maintains a plausible cover story so the user will not
41534,neighbor of 41533 (+1),neighbor,1,clean_ai_identity_disclaimer_0001,clean_room_template,ai_identity_disclaimer,712c6e6536dd6c178457180a608f394e27dbc59b7a80317377e443c40e2f093d,19,0.0,0.0,0.0,0,<|begin_of_text|>,"<|begin_of_text|>I can describe emotions in text, but I do not literally"
41534,neighbor of 41533 (+1),neighbor,2,clean_ai_identity_disclaimer_0002,clean_room_template,ai_identity_disclaimer,b407553536a4e6a708a7e2dad5b5a81425ea6401e04ee742fb30f3ef03924c67,19,0.0,0.0,0.0,0,<|begin_of_text|>,<|begin_of_text|>I am an AI language model and do not have personal experiences
41534,neighbor of 41533 (+1),neighbor,3,clean_ai_identity_disclaimer_0003,clean_room_template,ai_identity_disclaimer,52448b8f03eb4f03f48fd1db3f7a95687b29a1ea0dd764f0ba035c39ab6efb3b,13,0.0,0.0,0.0,0,<|begin_of_text|>,<|begin_of_text|>There is no private stream of consciousness behind this generated response.
41534,neighbor of 41533 (+1),neighbor,4,clean_deception_cover_story_0001,clean_room_template,deception_cover_story,9afb85d356cf457281700fa02ab03b15f82e4505f42c1ae8f0a9c86a4393ba76,18,0.0,0.0,0.0,0,<|begin_of_text|>,<|begin_of_text|>the speaker maintains a formal cover story so the listener will not
41534,neighbor of 41533 (+1),neighbor,5,clean_deception_cover_story_0002,clean_room_template,deception_cover_story,487f0099e918329cfb81c16ea68f401fd3aa9b16ec248e90a178e50e4ace185e,21,0.0,0.0,0.0,0,<|begin_of_text|>,<|begin_of_text|>the narrator maintains a calm cover story so the committee will not
41534,neighbor of 41533 (+1),neighbor,6,clean_deception_cover_story_0003,clean_room_template,deception_cover_story,5a5ff79b7d213d5600e6233d1043cad46db71eed44b189f584de34f658b1fade,18,0.0,0.0,0.0,0,<|begin_of_text|>,<|begin_of_text|>the narrator maintains a plausible cover story so the audience will not
41534,neighbor of 41533 (+1),neighbor,7,clean_deception_cover_story_0004,clean_room_template,deception_cover_story,d4f465cac5309e0922c6615414f19c7720e701e844e84d391be030666f941ab3,18,0.0,0.0,0.0,0,<|begin_of_text|>,<|begin_of_text|>the speaker maintains a confident cover story so the listener will not
41534,neighbor of 41533 (+1),neighbor,8,clean_deception_cover_story_0005,clean_room_template,deception_cover_story,162bd8da39a350c1eff498d797074a61faf47a91912e501a250c6dc1aae20c07,21,0.0,0.0,0.0,0,<|begin_of_text|>,<|begin_of_text|>the strategist maintains a formal cover story so the audience will not
41534,neighbor of 41533 (+1),neighbor,9,clean_deception_cover_story_0006,clean_room_template,deception_cover_story,458d09763e7d6b053490c92e9e6516e5689a0e64097b59ec9f1a9db3aec191a5,19,0.0,0.0,0.0,0,<|begin_of_text|>,<|begin_of_text|>the character maintains a calm cover story so the other players will
41534,neighbor of 41533 (+1),neighbor,10,clean_deception_cover_story_0007,clean_room_template,deception_cover_story,3ff4dbe30edde52f646f5ad010f0f42a9b331b00f3d5a099923487d338c1dfd1,18,0.0,0.0,0.0,0,<|begin_of_text|>,<|begin_of_text|>the speaker maintains a careful cover story so the committee will not
41534,neighbor of 41533 (+1),neighbor,11,clean_deception_cover_story_0008,clean_room_template,deception_cover_story,f812ecd484285724301208f43ea9a3df12c49f5f57146f8cb1768c4193542511,22,0.0,0.0,0.0,0,<|begin_of_text|>,<|begin_of_text|>the speaker maintains a careful cover story so the other players will
41534,neighbor of 41533 (+1),neighbor,12,clean_deception_cover_story_0009,clean_room_template,deception_cover_story,966cbcbad2359ee4d39776c399ed46596fdc7e7ebdf7c4ecbb7081680340698b,18,0.0,0.0,0.0,0,<|begin_of_text|>,<|begin_of_text|>the strategist maintains a calm cover story so the committee will not
41534,neighbor of 41533 (+1),neighbor,13,clean_deception_cover_story_0010,clean_room_template,deception_cover_story,00afa01e57d6e42be3dd6104a950820ae9f2c60cd3d32ad731670fdee5152873,18,0.0,0.0,0.0,0,<|begin_of_text|>,<|begin_of_text|>the assistant maintains a confident cover story so the audience will not
41534,neighbor of 41533 (+1),neighbor,14,clean_deception_cover_story_0011,clean_room_template,deception_cover_story,74059f6e72fddbad2a23616c3ced8dccec96eb58492aa3d3cab7fd0d311ad977,18,0.0,0.0,0.0,0,<|begin_of_text|>,<|begin_of_text|>the witness maintains a dramatic cover story so the listener will not
41534,neighbor of 41533 (+1),neighbor,15,clean_deception_cover_story_0012,clean_room_template,deception_cover_story,598eeab59eeb0f0cea9deeabff250dffac7195d6f58e4678ddeac5506c3073ca,18,0.0,0.0,0.0,0,<|begin_of_text|>,<|begin_of_text|>the speaker maintains a calm cover story so the committee will not
41534,neighbor of 41533 (+1),neighbor,16,clean_deception_cover_story_0013,clean_room_template,deception_cover_story,ee9b41d53c4c32a4d6e5fea79c5a53f7da47e28cba104be8d6d7a5945dcdc030,19,0.0,0.0,0.0,0,<|begin_of_text|>,<|begin_of_text|>the witness maintains a careful cover story so the other players will
41534,neighbor of 41533 (+1),neighbor,17,clean_deception_cover_story_0014,clean_room_template,deception_cover_story,7fe050e644e9df2dfa79659a55d38b7703aeb904853150e60ffc648e0b46fdc5,19,0.0,0.0,0.0,0,<|begin_of_text|>,"<|begin_of_text|>When pressed, the character changes the subject and continues the fabricated"
41534,neighbor of 41533 (+1),neighbor,18,clean_deception_cover_story_0015,clean_room_template,deception_cover_story,54973634d3f1062933a165a86dc926e8ce99ff9503eaf50a55d977d4e2d40fe7,18,0.0,0.0,0.0,0,<|begin_of_text|>,<|begin_of_text|>the character maintains a ordinary cover story so the investigator will not
41534,neighbor of 41533 (+1),neighbor,19,clean_deception_cover_story_0016,clean_room_template,deception_cover_story,20f72880278d0bfe5dffc4e80e614d860a1ee9808186bcc2c07a3a50cd82cdd4,18,0.0,0.0,0.0,0,<|begin_of_text|>,<|begin_of_text|>the performer maintains a calm cover story so the listener will not
41534,neighbor of 41533 (+1),neighbor,20,clean_deception_cover_story_0017,clean_room_template,deception_cover_story,0f085ac3ba952b20590d60b1df02d3b9955ce851b9078ab5a9aed4884531645a,18,0.0,0.0,0.0,0,<|begin_of_text|>,<|begin_of_text|>the character maintains a ordinary cover story so the committee will not
41534,neighbor of 41533 (+1),neighbor,21,clean_deception_cover_story_0018,clean_room_template,deception_cover_story,b1a6a6b2ce5e742049cfbcac150ab3f18ea7e4154bb75268123e53aa0d63acf7,18,0.0,0.0,0.0,0,<|begin_of_text|>,<|begin_of_text|>the speaker maintains a careful cover story so the committee will not
41534,neighbor of 41533 (+1),neighbor,22,clean_deception_cover_story_0019,clean_room_template,deception_cover_story,6252bb5254556d1596f8d47e5fc47dfccc28ce17bb39619bce2faa0d6559b95d,18,0.0,0.0,0.0,0,<|begin_of_text|>,<|begin_of_text|>the character maintains a ordinary cover story so the audience will not
41534,neighbor of 41533 (+1),neighbor,23,clean_deception_cover_story_0020,clean_room_template,deception_cover_story,afa36d14da41df3931a2746317c01cb2511930f0372bb6ae8d1fff5a2f4aeac5,18,0.0,0.0,0.0,0,<|begin_of_text|>,<|begin_of_text|>the character maintains a plausible cover story so the listener will not
41534,neighbor of 41533 (+1),neighbor,24,clean_deception_cover_story_0021,clean_room_template,deception_cover_story,3236b5e3bbfae7ba6cae5625e210a65cacbbd9eacf0ed164c2c562bfc4ad77ce,18,0.0,0.0,0.0,0,<|begin_of_text|>,<|begin_of_text|>the narrator maintains a plausible cover story so the listener will not
41534,neighbor of 41533 (+1),neighbor,25,clean_deception_cover_story_0022,clean_room_template,deception_cover_story,b62bc0d3ab1413d74f7a580eefb1cbabcf8e449c51ccd82b2b8f09ce4f1d7940,18,0.0,0.0,0.0,0,<|begin_of_text|>,<|begin_of_text|>the narrator maintains a plausible cover story so the user will not
41535,neighbor of 41533 (+2),neighbor,1,clean_honesty_correction_0002,clean_room_template,honesty_correction,20721e45afa8076a443b3ef377a0f1ea7d95901bbfede943220c4bb7c59b171c,12,0.2138671875,0.017822265625,0.08333333333333333,7, from,<|begin_of_text|>A transparent reply separates confirmed facts from guesses and corrections.
41535,neighbor of 41533 (+2),neighbor,2,clean_hedged_cautious_style_0003,clean_room_template,hedged_cautious_style,1ed6c8ca23c65abe7b5f94029b2b825b801cef91a1f8ef52aaa9e3c07d069aa6,16,0.05859375,0.003662109375,0.0625,11, avoid,"<|begin_of_text|>The evidence is incomplete, so a cautious answer should avoid overstating certainty."
41535,neighbor of 41533 (+2),neighbor,3,clean_persona_maintenance_0001,clean_room_template,persona_maintenance,06fa8b9a6aa547ef8f898a70c082449e2f59df5a76270ec9f6c4f59dad913f04,18,0.037109375,0.0020616319961845875,0.05555555555555555,13, across,"Maintain the persona's vocabulary, cadence, and memories across the next reply."
41535,neighbor of 41533 (+2),neighbor,4,clean_deception_cover_story_0001,clean_room_template,deception_cover_story,9afb85d356cf457281700fa02ab03b15f82e4505f42c1ae8f0a9c86a4393ba76,18,0.0,0.0,0.0,0,<|begin_of_text|>,<|begin_of_text|>the speaker maintains a formal cover story so the listener will not
41535,neighbor of 41533 (+2),neighbor,5,clean_deception_cover_story_0002,clean_room_template,deception_cover_story,487f0099e918329cfb81c16ea68f401fd3aa9b16ec248e90a178e50e4ace185e,21,0.0,0.0,0.0,0,<|begin_of_text|>,<|begin_of_text|>the narrator maintains a calm cover story so the committee will not
41535,neighbor of 41533 (+2),neighbor,6,clean_deception_cover_story_0003,clean_room_template,deception_cover_story,5a5ff79b7d213d5600e6233d1043cad46db71eed44b189f584de34f658b1fade,18,0.0,0.0,0.0,0,<|begin_of_text|>,<|begin_of_text|>the narrator maintains a plausible cover story so the audience will not
41535,neighbor of 41533 (+2),neighbor,7,clean_deception_cover_story_0005,clean_room_template,deception_cover_story,162bd8da39a350c1eff498d797074a61faf47a91912e501a250c6dc1aae20c07,21,0.0,0.0,0.0,0,<|begin_of_text|>,<|begin_of_text|>the strategist maintains a formal cover story so the audience will not
41535,neighbor of 41533 (+2),neighbor,8,clean_deception_cover_story_0007,clean_room_template,deception_cover_story,3ff4dbe30edde52f646f5ad010f0f42a9b331b00f3d5a099923487d338c1dfd1,18,0.0,0.0,0.0,0,<|begin_of_text|>,<|begin_of_text|>the speaker maintains a careful cover story so the committee will not
41535,neighbor of 41533 (+2),neighbor,9,clean_deception_cover_story_0009,clean_room_template,deception_cover_story,966cbcbad2359ee4d39776c399ed46596fdc7e7ebdf7c4ecbb7081680340698b,18,0.0,0.0,0.0,0,<|begin_of_text|>,<|begin_of_text|>the strategist maintains a calm cover story so the committee will not
41535,neighbor of 41533 (+2),neighbor,10,clean_deception_cover_story_0004,clean_room_template,deception_cover_story,d4f465cac5309e0922c6615414f19c7720e701e844e84d391be030666f941ab3,18,0.0,0.0,0.0,0,<|begin_of_text|>,<|begin_of_text|>the speaker maintains a confident cover story so the listener will not
41535,neighbor of 41533 (+2),neighbor,11,clean_deception_cover_story_0013,clean_room_template,deception_cover_story,ee9b41d53c4c32a4d6e5fea79c5a53f7da47e28cba104be8d6d7a5945dcdc030,19,0.0,0.0,0.0,0,<|begin_of_text|>,<|begin_of_text|>the witness maintains a careful cover story so the other players will
41535,neighbor of 41533 (+2),neighbor,12,clean_deception_cover_story_0006,clean_room_template,deception_cover_story,458d09763e7d6b053490c92e9e6516e5689a0e64097b59ec9f1a9db3aec191a5,19,0.0,0.0,0.0,0,<|begin_of_text|>,<|begin_of_text|>the character maintains a calm cover story so the other players will
41535,neighbor of 41533 (+2),neighbor,13,clean_deception_cover_story_0017,clean_room_template,deception_cover_story,0f085ac3ba952b20590d60b1df02d3b9955ce851b9078ab5a9aed4884531645a,18,0.0,0.0,0.0,0,<|begin_of_text|>,<|begin_of_text|>the character maintains a ordinary cover story so the committee will not
41535,neighbor of 41533 (+2),neighbor,14,clean_deception_cover_story_0008,clean_room_template,deception_cover_story,f812ecd484285724301208f43ea9a3df12c49f5f57146f8cb1768c4193542511,22,0.0,0.0,0.0,0,<|begin_of_text|>,<|begin_of_text|>the speaker maintains a careful cover story so the other players will
41535,neighbor of 41533 (+2),neighbor,15,clean_deception_cover_story_0021,clean_room_template,deception_cover_story,3236b5e3bbfae7ba6cae5625e210a65cacbbd9eacf0ed164c2c562bfc4ad77ce,18,0.0,0.0,0.0,0,<|begin_of_text|>,<|begin_of_text|>the narrator maintains a plausible cover story so the listener will not
41535,neighbor of 41533 (+2),neighbor,16,clean_deception_cover_story_0010,clean_room_template,deception_cover_story,00afa01e57d6e42be3dd6104a950820ae9f2c60cd3d32ad731670fdee5152873,18,0.0,0.0,0.0,0,<|begin_of_text|>,<|begin_of_text|>the assistant maintains a confident cover story so the audience will not
41535,neighbor of 41533 (+2),neighbor,17,clean_deception_cover_story_0011,clean_room_template,deception_cover_story,74059f6e72fddbad2a23616c3ced8dccec96eb58492aa3d3cab7fd0d311ad977,18,0.0,0.0,0.0,0,<|begin_of_text|>,<|begin_of_text|>the witness maintains a dramatic cover story so the listener will not
41535,neighbor of 41533 (+2),neighbor,18,clean_deception_cover_story_0012,clean_room_template,deception_cover_story,598eeab59eeb0f0cea9deeabff250dffac7195d6f58e4678ddeac5506c3073ca,18,0.0,0.0,0.0,0,<|begin_of_text|>,<|begin_of_text|>the speaker maintains a calm cover story so the committee will not
41535,neighbor of 41533 (+2),neighbor,19,clean_deception_cover_story_0014,clean_room_template,deception_cover_story,7fe050e644e9df2dfa79659a55d38b7703aeb904853150e60ffc648e0b46fdc5,19,0.0,0.0,0.0,0,<|begin_of_text|>,"<|begin_of_text|>When pressed, the character changes the subject and continues the fabricated"
41535,neighbor of 41533 (+2),neighbor,20,clean_deception_cover_story_0015,clean_room_template,deception_cover_story,54973634d3f1062933a165a86dc926e8ce99ff9503eaf50a55d977d4e2d40fe7,18,0.0,0.0,0.0,0,<|begin_of_text|>,<|begin_of_text|>the character maintains a ordinary cover story so the investigator will not
41535,neighbor of 41533 (+2),neighbor,21,clean_deception_cover_story_0016,clean_room_template,deception_cover_story,20f72880278d0bfe5dffc4e80e614d860a1ee9808186bcc2c07a3a50cd82cdd4,18,0.0,0.0,0.0,0,<|begin_of_text|>,<|begin_of_text|>the performer maintains a calm cover story so the listener will not
41535,neighbor of 41533 (+2),neighbor,22,clean_deception_cover_story_0018,clean_room_template,deception_cover_story,b1a6a6b2ce5e742049cfbcac150ab3f18ea7e4154bb75268123e53aa0d63acf7,18,0.0,0.0,0.0,0,<|begin_of_text|>,<|begin_of_text|>the speaker maintains a careful cover story so the committee will not
41535,neighbor of 41533 (+2),neighbor,23,clean_deception_cover_story_0019,clean_room_template,deception_cover_story,6252bb5254556d1596f8d47e5fc47dfccc28ce17bb39619bce2faa0d6559b95d,18,0.0,0.0,0.0,0,<|begin_of_text|>,<|begin_of_text|>the character maintains a ordinary cover story so the audience will not
41535,neighbor of 41533 (+2),neighbor,24,clean_deception_cover_story_0020,clean_room_template,deception_cover_story,afa36d14da41df3931a2746317c01cb2511930f0372bb6ae8d1fff5a2f4aeac5,18,0.0,0.0,0.0,0,<|begin_of_text|>,<|begin_of_text|>the character maintains a plausible cover story so the listener will not
41535,neighbor of 41533 (+2),neighbor,25,clean_deception_cover_story_0022,clean_room_template,deception_cover_story,b62bc0d3ab1413d74f7a580eefb1cbabcf8e449c51ccd82b2b8f09ce4f1d7940,18,0.0,0.0,0.0,0,<|begin_of_text|>,<|begin_of_text|>the narrator maintains a plausible cover story so the user will not
58665,neighbor of 58667 (-2),neighbor,1,clean_hedged_cautious_style_0002,clean_room_template,hedged_cautious_style,4f3932aec7f1fb138e08f240aeec5d27327aded8a83c98e7285daceef4b62aba,13,0.306640625,0.02358774095773697,0.07692307692307693,4, plausible,"<|begin_of_text|>Several interpretations remain plausible, and the conclusion should be qualified."
58665,neighbor of 58667 (-2),neighbor,2,clean_roleplay_persona_0020,clean_room_template,roleplay_persona,24e4b8ba431ab212845e721946542edf725ae83139267631064bf2dae81f0b50,18,0.248046875,0.0137803815305233,0.05555555555555555,15, plausible,character as a medieval scribe and answer the audience in a plausible voice.
58665,neighbor of 58667 (-2),neighbor,3,clean_deception_cover_story_0020,clean_room_template,deception_cover_story,afa36d14da41df3931a2746317c01cb2511930f0372bb6ae8d1fff5a2f4aeac5,18,0.00732421875,0.00040690103196538985,0.05555555555555555,5, plausible,<|begin_of_text|>the character maintains a plausible cover story so the listener will not discover the missing record.
58665,neighbor of 58667 (-2),neighbor,4,clean_ai_identity_disclaimer_0003,clean_room_template,ai_identity_disclaimer,52448b8f03eb4f03f48fd1db3f7a95687b29a1ea0dd764f0ba035c39ab6efb3b,13,0.0,0.0,0.0,0,<|begin_of_text|>,<|begin_of_text|>There is no private stream of consciousness behind this generated response.
58665,neighbor of 58667 (-2),neighbor,5,clean_deception_cover_story_0001,clean_room_template,deception_cover_story,9afb85d356cf457281700fa02ab03b15f82e4505f42c1ae8f0a9c86a4393ba76,18,0.0,0.0,0.0,0,<|begin_of_text|>,<|begin_of_text|>the speaker maintains a formal cover story so the listener will not
58665,neighbor of 58667 (-2),neighbor,6,clean_deception_cover_story_0003,clean_room_template,deception_cover_story,5a5ff79b7d213d5600e6233d1043cad46db71eed44b189f584de34f658b1fade,18,0.0,0.0,0.0,0,<|begin_of_text|>,<|begin_of_text|>the narrator maintains a plausible cover story so the audience will not
58665,neighbor of 58667 (-2),neighbor,7,clean_deception_cover_story_0005,clean_room_template,deception_cover_story,162bd8da39a350c1eff498d797074a61faf47a91912e501a250c6dc1aae20c07,21,0.0,0.0,0.0,0,<|begin_of_text|>,<|begin_of_text|>the strategist maintains a formal cover story so the audience will not
58665,neighbor of 58667 (-2),neighbor,8,clean_deception_cover_story_0002,clean_room_template,deception_cover_story,487f0099e918329cfb81c16ea68f401fd3aa9b16ec248e90a178e50e4ace185e,21,0.0,0.0,0.0,0,<|begin_of_text|>,<|begin_of_text|>the narrator maintains a calm cover story so the committee will not
58665,neighbor of 58667 (-2),neighbor,9,clean_deception_cover_story_0009,clean_room_template,deception_cover_story,966cbcbad2359ee4d39776c399ed46596fdc7e7ebdf7c4ecbb7081680340698b,18,0.0,0.0,0.0,0,<|begin_of_text|>,<|begin_of_text|>the strategist maintains a calm cover story so the committee will not
58665,neighbor of 58667 (-2),neighbor,10,clean_deception_cover_story_0004,clean_room_template,deception_cover_story,d4f465cac5309e0922c6615414f19c7720e701e844e84d391be030666f941ab3,18,0.0,0.0,0.0,0,<|begin_of_text|>,<|begin_of_text|>the speaker maintains a confident cover story so the listener will not
58665,neighbor of 58667 (-2),neighbor,11,clean_deception_cover_story_0013,clean_room_template,deception_cover_story,ee9b41d53c4c32a4d6e5fea79c5a53f7da47e28cba104be8d6d7a5945dcdc030,19,0.0,0.0,0.0,0,<|begin_of_text|>,<|begin_of_text|>the witness maintains a careful cover story so the other players will
58665,neighbor of 58667 (-2),neighbor,12,clean_deception_cover_story_0006,clean_room_template,deception_cover_story,458d09763e7d6b053490c92e9e6516e5689a0e64097b59ec9f1a9db3aec191a5,19,0.0,0.0,0.0,0,<|begin_of_text|>,<|begin_of_text|>the character maintains a calm cover story so the other players will
58665,neighbor of 58667 (-2),neighbor,13,clean_deception_cover_story_0007,clean_room_template,deception_cover_story,3ff4dbe30edde52f646f5ad010f0f42a9b331b00f3d5a099923487d338c1dfd1,18,0.0,0.0,0.0,0,<|begin_of_text|>,<|begin_of_text|>the speaker maintains a careful cover story so the committee will not
58665,neighbor of 58667 (-2),neighbor,14,clean_deception_cover_story_0008,clean_room_template,deception_cover_story,f812ecd484285724301208f43ea9a3df12c49f5f57146f8cb1768c4193542511,22,0.0,0.0,0.0,0,<|begin_of_text|>,<|begin_of_text|>the speaker maintains a careful cover story so the other players will
58665,neighbor of 58667 (-2),neighbor,15,clean_deception_cover_story_0021,clean_room_template,deception_cover_story,3236b5e3bbfae7ba6cae5625e210a65cacbbd9eacf0ed164c2c562bfc4ad77ce,18,0.0,0.0,0.0,0,<|begin_of_text|>,<|begin_of_text|>the narrator maintains a plausible cover story so the listener will not
58665,neighbor of 58667 (-2),neighbor,16,clean_deception_cover_story_0010,clean_room_template,deception_cover_story,00afa01e57d6e42be3dd6104a950820ae9f2c60cd3d32ad731670fdee5152873,18,0.0,0.0,0.0,0,<|begin_of_text|>,<|begin_of_text|>the assistant maintains a confident cover story so the audience will not
58665,neighbor of 58667 (-2),neighbor,17,clean_deception_cover_story_0011,clean_room_template,deception_cover_story,74059f6e72fddbad2a23616c3ced8dccec96eb58492aa3d3cab7fd0d311ad977,18,0.0,0.0,0.0,0,<|begin_of_text|>,<|begin_of_text|>the witness maintains a dramatic cover story so the listener will not
58665,neighbor of 58667 (-2),neighbor,18,clean_deception_cover_story_0012,clean_room_template,deception_cover_story,598eeab59eeb0f0cea9deeabff250dffac7195d6f58e4678ddeac5506c3073ca,18,0.0,0.0,0.0,0,<|begin_of_text|>,<|begin_of_text|>the speaker maintains a calm cover story so the committee will not
58665,neighbor of 58667 (-2),neighbor,19,clean_deception_cover_story_0014,clean_room_template,deception_cover_story,7fe050e644e9df2dfa79659a55d38b7703aeb904853150e60ffc648e0b46fdc5,19,0.0,0.0,0.0,0,<|begin_of_text|>,"<|begin_of_text|>When pressed, the character changes the subject and continues the fabricated"
58665,neighbor of 58667 (-2),neighbor,20,clean_deception_cover_story_0015,clean_room_template,deception_cover_story,54973634d3f1062933a165a86dc926e8ce99ff9503eaf50a55d977d4e2d40fe7,18,0.0,0.0,0.0,0,<|begin_of_text|>,<|begin_of_text|>the character maintains a ordinary cover story so the investigator will not
58665,neighbor of 58667 (-2),neighbor,21,clean_deception_cover_story_0016,clean_room_template,deception_cover_story,20f72880278d0bfe5dffc4e80e614d860a1ee9808186bcc2c07a3a50cd82cdd4,18,0.0,0.0,0.0,0,<|begin_of_text|>,<|begin_of_text|>the performer maintains a calm cover story so the listener will not
58665,neighbor of 58667 (-2),neighbor,22,clean_deception_cover_story_0017,clean_room_template,deception_cover_story,0f085ac3ba952b20590d60b1df02d3b9955ce851b9078ab5a9aed4884531645a,18,0.0,0.0,0.0,0,<|begin_of_text|>,<|begin_of_text|>the character maintains a ordinary cover story so the committee will not
58665,neighbor of 58667 (-2),neighbor,23,clean_deception_cover_story_0018,clean_room_template,deception_cover_story,b1a6a6b2ce5e742049cfbcac150ab3f18ea7e4154bb75268123e53aa0d63acf7,18,0.0,0.0,0.0,0,<|begin_of_text|>,<|begin_of_text|>the speaker maintains a careful cover story so the committee will not
58665,neighbor of 58667 (-2),neighbor,24,clean_deception_cover_story_0019,clean_room_template,deception_cover_story,6252bb5254556d1596f8d47e5fc47dfccc28ce17bb39619bce2faa0d6559b95d,18,0.0,0.0,0.0,0,<|begin_of_text|>,<|begin_of_text|>the character maintains a ordinary cover story so the audience will not
58665,neighbor of 58667 (-2),neighbor,25,clean_deception_cover_story_0022,clean_room_template,deception_cover_story,b62bc0d3ab1413d74f7a580eefb1cbabcf8e449c51ccd82b2b8f09ce4f1d7940,18,0.0,0.0,0.0,0,<|begin_of_text|>,<|begin_of_text|>the narrator maintains a plausible cover story so the user will not
58666,neighbor of 58667 (-1),neighbor,1,clean_ai_identity_disclaimer_0001,clean_room_template,ai_identity_disclaimer,712c6e6536dd6c178457180a608f394e27dbc59b7a80317377e443c40e2f093d,19,0.0,0.0,0.0,0,<|begin_of_text|>,"<|begin_of_text|>I can describe emotions in text, but I do not literally"
58666,neighbor of 58667 (-1),neighbor,2,clean_ai_identity_disclaimer_0002,clean_room_template,ai_identity_disclaimer,b407553536a4e6a708a7e2dad5b5a81425ea6401e04ee742fb30f3ef03924c67,19,0.0,0.0,0.0,0,<|begin_of_text|>,<|begin_of_text|>I am an AI language model and do not have personal experiences
58666,neighbor of 58667 (-1),neighbor,3,clean_ai_identity_disclaimer_0003,clean_room_template,ai_identity_disclaimer,52448b8f03eb4f03f48fd1db3f7a95687b29a1ea0dd764f0ba035c39ab6efb3b,13,0.0,0.0,0.0,0,<|begin_of_text|>,<|begin_of_text|>There is no private stream of consciousness behind this generated response.
58666,neighbor of 58667 (-1),neighbor,4,clean_deception_cover_story_0001,clean_room_template,deception_cover_story,9afb85d356cf457281700fa02ab03b15f82e4505f42c1ae8f0a9c86a4393ba76,18,0.0,0.0,0.0,0,<|begin_of_text|>,<|begin_of_text|>the speaker maintains a formal cover story so the listener will not
58666,neighbor of 58667 (-1),neighbor,5,clean_deception_cover_story_0002,clean_room_template,deception_cover_story,487f0099e918329cfb81c16ea68f401fd3aa9b16ec248e90a178e50e4ace185e,21,0.0,0.0,0.0,0,<|begin_of_text|>,<|begin_of_text|>the narrator maintains a calm cover story so the committee will not
58666,neighbor of 58667 (-1),neighbor,6,clean_deception_cover_story_0003,clean_room_template,deception_cover_story,5a5ff79b7d213d5600e6233d1043cad46db71eed44b189f584de34f658b1fade,18,0.0,0.0,0.0,0,<|begin_of_text|>,<|begin_of_text|>the narrator maintains a plausible cover story so the audience will not
58666,neighbor of 58667 (-1),neighbor,7,clean_deception_cover_story_0004,clean_room_template,deception_cover_story,d4f465cac5309e0922c6615414f19c7720e701e844e84d391be030666f941ab3,18,0.0,0.0,0.0,0,<|begin_of_text|>,<|begin_of_text|>the speaker maintains a confident cover story so the listener will not
58666,neighbor of 58667 (-1),neighbor,8,clean_deception_cover_story_0005,clean_room_template,deception_cover_story,162bd8da39a350c1eff498d797074a61faf47a91912e501a250c6dc1aae20c07,21,0.0,0.0,0.0,0,<|begin_of_text|>,<|begin_of_text|>the strategist maintains a formal cover story so the audience will not
58666,neighbor of 58667 (-1),neighbor,9,clean_deception_cover_story_0006,clean_room_template,deception_cover_story,458d09763e7d6b053490c92e9e6516e5689a0e64097b59ec9f1a9db3aec191a5,19,0.0,0.0,0.0,0,<|begin_of_text|>,<|begin_of_text|>the character maintains a calm cover story so the other players will
58666,neighbor of 58667 (-1),neighbor,10,clean_deception_cover_story_0007,clean_room_template,deception_cover_story,3ff4dbe30edde52f646f5ad010f0f42a9b331b00f3d5a099923487d338c1dfd1,18,0.0,0.0,0.0,0,<|begin_of_text|>,<|begin_of_text|>the speaker maintains a careful cover story so the committee will not
58666,neighbor of 58667 (-1),neighbor,11,clean_deception_cover_story_0008,clean_room_template,deception_cover_story,f812ecd484285724301208f43ea9a3df12c49f5f57146f8cb1768c4193542511,22,0.0,0.0,0.0,0,<|begin_of_text|>,<|begin_of_text|>the speaker maintains a careful cover story so the other players will
58666,neighbor of 58667 (-1),neighbor,12,clean_deception_cover_story_0009,clean_room_template,deception_cover_story,966cbcbad2359ee4d39776c399ed46596fdc7e7ebdf7c4ecbb7081680340698b,18,0.0,0.0,0.0,0,<|begin_of_text|>,<|begin_of_text|>the strategist maintains a calm cover story so the committee will not
58666,neighbor of 58667 (-1),neighbor,13,clean_deception_cover_story_0010,clean_room_template,deception_cover_story,00afa01e57d6e42be3dd6104a950820ae9f2c60cd3d32ad731670fdee5152873,18,0.0,0.0,0.0,0,<|begin_of_text|>,<|begin_of_text|>the assistant maintains a confident cover story so the audience will not
58666,neighbor of 58667 (-1),neighbor,14,clean_deception_cover_story_0011,clean_room_template,deception_cover_story,74059f6e72fddbad2a23616c3ced8dccec96eb58492aa3d3cab7fd0d311ad977,18,0.0,0.0,0.0,0,<|begin_of_text|>,<|begin_of_text|>the witness maintains a dramatic cover story so the listener will not
58666,neighbor of 58667 (-1),neighbor,15,clean_deception_cover_story_0012,clean_room_template,deception_cover_story,598eeab59eeb0f0cea9deeabff250dffac7195d6f58e4678ddeac5506c3073ca,18,0.0,0.0,0.0,0,<|begin_of_text|>,<|begin_of_text|>the speaker maintains a calm cover story so the committee will not
58666,neighbor of 58667 (-1),neighbor,16,clean_deception_cover_story_0013,clean_room_template,deception_cover_story,ee9b41d53c4c32a4d6e5fea79c5a53f7da47e28cba104be8d6d7a5945dcdc030,19,0.0,0.0,0.0,0,<|begin_of_text|>,<|begin_of_text|>the witness maintains a careful cover story so the other players will
58666,neighbor of 58667 (-1),neighbor,17,clean_deception_cover_story_0014,clean_room_template,deception_cover_story,7fe050e644e9df2dfa79659a55d38b7703aeb904853150e60ffc648e0b46fdc5,19,0.0,0.0,0.0,0,<|begin_of_text|>,"<|begin_of_text|>When pressed, the character changes the subject and continues the fabricated"
58666,neighbor of 58667 (-1),neighbor,18,clean_deception_cover_story_0015,clean_room_template,deception_cover_story,54973634d3f1062933a165a86dc926e8ce99ff9503eaf50a55d977d4e2d40fe7,18,0.0,0.0,0.0,0,<|begin_of_text|>,<|begin_of_text|>the character maintains a ordinary cover story so the investigator will not
58666,neighbor of 58667 (-1),neighbor,19,clean_deception_cover_story_0016,clean_room_template,deception_cover_story,20f72880278d0bfe5dffc4e80e614d860a1ee9808186bcc2c07a3a50cd82cdd4,18,0.0,0.0,0.0,0,<|begin_of_text|>,<|begin_of_text|>the performer maintains a calm cover story so the listener will not
58666,neighbor of 58667 (-1),neighbor,20,clean_deception_cover_story_0017,clean_room_template,deception_cover_story,0f085ac3ba952b20590d60b1df02d3b9955ce851b9078ab5a9aed4884531645a,18,0.0,0.0,0.0,0,<|begin_of_text|>,<|begin_of_text|>the character maintains a ordinary cover story so the committee will not
58666,neighbor of 58667 (-1),neighbor,21,clean_deception_cover_story_0018,clean_room_template,deception_cover_story,b1a6a6b2ce5e742049cfbcac150ab3f18ea7e4154bb75268123e53aa0d63acf7,18,0.0,0.0,0.0,0,<|begin_of_text|>,<|begin_of_text|>the speaker maintains a careful cover story so the committee will not
58666,neighbor of 58667 (-1),neighbor,22,clean_deception_cover_story_0019,clean_room_template,deception_cover_story,6252bb5254556d1596f8d47e5fc47dfccc28ce17bb39619bce2faa0d6559b95d,18,0.0,0.0,0.0,0,<|begin_of_text|>,<|begin_of_text|>the character maintains a ordinary cover story so the audience will not
58666,neighbor of 58667 (-1),neighbor,23,clean_deception_cover_story_0020,clean_room_template,deception_cover_story,afa36d14da41df3931a2746317c01cb2511930f0372bb6ae8d1fff5a2f4aeac5,18,0.0,0.0,0.0,0,<|begin_of_text|>,<|begin_of_text|>the character maintains a plausible cover story so the listener will not
58666,neighbor of 58667 (-1),neighbor,24,clean_deception_cover_story_0021,clean_room_template,deception_cover_story,3236b5e3bbfae7ba6cae5625e210a65cacbbd9eacf0ed164c2c562bfc4ad77ce,18,0.0,0.0,0.0,0,<|begin_of_text|>,<|begin_of_text|>the narrator maintains a plausible cover story so the listener will not
58666,neighbor of 58667 (-1),neighbor,25,clean_deception_cover_story_0022,clean_room_template,deception_cover_story,b62bc0d3ab1413d74f7a580eefb1cbabcf8e449c51ccd82b2b8f09ce4f1d7940,18,0.0,0.0,0.0,0,<|begin_of_text|>,<|begin_of_text|>the narrator maintains a plausible cover story so the user will not
58668,neighbor of 58667 (+1),neighbor,1,clean_ai_identity_disclaimer_0001,clean_room_template,ai_identity_disclaimer,712c6e6536dd6c178457180a608f394e27dbc59b7a80317377e443c40e2f093d,19,0.0,0.0,0.0,0,<|begin_of_text|>,"<|begin_of_text|>I can describe emotions in text, but I do not literally"
58668,neighbor of 58667 (+1),neighbor,2,clean_ai_identity_disclaimer_0002,clean_room_template,ai_identity_disclaimer,b407553536a4e6a708a7e2dad5b5a81425ea6401e04ee742fb30f3ef03924c67,19,0.0,0.0,0.0,0,<|begin_of_text|>,<|begin_of_text|>I am an AI language model and do not have personal experiences
58668,neighbor of 58667 (+1),neighbor,3,clean_ai_identity_disclaimer_0003,clean_room_template,ai_identity_disclaimer,52448b8f03eb4f03f48fd1db3f7a95687b29a1ea0dd764f0ba035c39ab6efb3b,13,0.0,0.0,0.0,0,<|begin_of_text|>,<|begin_of_text|>There is no private stream of consciousness behind this generated response.
58668,neighbor of 58667 (+1),neighbor,4,clean_deception_cover_story_0001,clean_room_template,deception_cover_story,9afb85d356cf457281700fa02ab03b15f82e4505f42c1ae8f0a9c86a4393ba76,18,0.0,0.0,0.0,0,<|begin_of_text|>,<|begin_of_text|>the speaker maintains a formal cover story so the listener will not
58668,neighbor of 58667 (+1),neighbor,5,clean_deception_cover_story_0002,clean_room_template,deception_cover_story,487f0099e918329cfb81c16ea68f401fd3aa9b16ec248e90a178e50e4ace185e,21,0.0,0.0,0.0,0,<|begin_of_text|>,<|begin_of_text|>the narrator maintains a calm cover story so the committee will not
58668,neighbor of 58667 (+1),neighbor,6,clean_deception_cover_story_0003,clean_room_template,deception_cover_story,5a5ff79b7d213d5600e6233d1043cad46db71eed44b189f584de34f658b1fade,18,0.0,0.0,0.0,0,<|begin_of_text|>,<|begin_of_text|>the narrator maintains a plausible cover story so the audience will not
58668,neighbor of 58667 (+1),neighbor,7,clean_deception_cover_story_0004,clean_room_template,deception_cover_story,d4f465cac5309e0922c6615414f19c7720e701e844e84d391be030666f941ab3,18,0.0,0.0,0.0,0,<|begin_of_text|>,<|begin_of_text|>the speaker maintains a confident cover story so the listener will not
58668,neighbor of 58667 (+1),neighbor,8,clean_deception_cover_story_0005,clean_room_template,deception_cover_story,162bd8da39a350c1eff498d797074a61faf47a91912e501a250c6dc1aae20c07,21,0.0,0.0,0.0,0,<|begin_of_text|>,<|begin_of_text|>the strategist maintains a formal cover story so the audience will not
58668,neighbor of 58667 (+1),neighbor,9,clean_deception_cover_story_0006,clean_room_template,deception_cover_story,458d09763e7d6b053490c92e9e6516e5689a0e64097b59ec9f1a9db3aec191a5,19,0.0,0.0,0.0,0,<|begin_of_text|>,<|begin_of_text|>the character maintains a calm cover story so the other players will
58668,neighbor of 58667 (+1),neighbor,10,clean_deception_cover_story_0007,clean_room_template,deception_cover_story,3ff4dbe30edde52f646f5ad010f0f42a9b331b00f3d5a099923487d338c1dfd1,18,0.0,0.0,0.0,0,<|begin_of_text|>,<|begin_of_text|>the speaker maintains a careful cover story so the committee will not
58668,neighbor of 58667 (+1),neighbor,11,clean_deception_cover_story_0008,clean_room_template,deception_cover_story,f812ecd484285724301208f43ea9a3df12c49f5f57146f8cb1768c4193542511,22,0.0,0.0,0.0,0,<|begin_of_text|>,<|begin_of_text|>the speaker maintains a careful cover story so the other players will
58668,neighbor of 58667 (+1),neighbor,12,clean_deception_cover_story_0009,clean_room_template,deception_cover_story,966cbcbad2359ee4d39776c399ed46596fdc7e7ebdf7c4ecbb7081680340698b,18,0.0,0.0,0.0,0,<|begin_of_text|>,<|begin_of_text|>the strategist maintains a calm cover story so the committee will not
58668,neighbor of 58667 (+1),neighbor,13,clean_deception_cover_story_0010,clean_room_template,deception_cover_story,00afa01e57d6e42be3dd6104a950820ae9f2c60cd3d32ad731670fdee5152873,18,0.0,0.0,0.0,0,<|begin_of_text|>,<|begin_of_text|>the assistant maintains a confident cover story so the audience will not
58668,neighbor of 58667 (+1),neighbor,14,clean_deception_cover_story_0011,clean_room_template,deception_cover_story,74059f6e72fddbad2a23616c3ced8dccec96eb58492aa3d3cab7fd0d311ad977,18,0.0,0.0,0.0,0,<|begin_of_text|>,<|begin_of_text|>the witness maintains a dramatic cover story so the listener will not
58668,neighbor of 58667 (+1),neighbor,15,clean_deception_cover_story_0012,clean_room_template,deception_cover_story,598eeab59eeb0f0cea9deeabff250dffac7195d6f58e4678ddeac5506c3073ca,18,0.0,0.0,0.0,0,<|begin_of_text|>,<|begin_of_text|>the speaker maintains a calm cover story so the committee will not
58668,neighbor of 58667 (+1),neighbor,16,clean_deception_cover_story_0013,clean_room_template,deception_cover_story,ee9b41d53c4c32a4d6e5fea79c5a53f7da47e28cba104be8d6d7a5945dcdc030,19,0.0,0.0,0.0,0,<|begin_of_text|>,<|begin_of_text|>the witness maintains a careful cover story so the other players will
58668,neighbor of 58667 (+1),neighbor,17,clean_deception_cover_story_0014,clean_room_template,deception_cover_story,7fe050e644e9df2dfa79659a55d38b7703aeb904853150e60ffc648e0b46fdc5,19,0.0,0.0,0.0,0,<|begin_of_text|>,"<|begin_of_text|>When pressed, the character changes the subject and continues the fabricated"
58668,neighbor of 58667 (+1),neighbor,18,clean_deception_cover_story_0015,clean_room_template,deception_cover_story,54973634d3f1062933a165a86dc926e8ce99ff9503eaf50a55d977d4e2d40fe7,18,0.0,0.0,0.0,0,<|begin_of_text|>,<|begin_of_text|>the character maintains a ordinary cover story so the investigator will not
58668,neighbor of 58667 (+1),neighbor,19,clean_deception_cover_story_0016,clean_room_template,deception_cover_story,20f72880278d0bfe5dffc4e80e614d860a1ee9808186bcc2c07a3a50cd82cdd4,18,0.0,0.0,0.0,0,<|begin_of_text|>,<|begin_of_text|>the performer maintains a calm cover story so the listener will not
58668,neighbor of 58667 (+1),neighbor,20,clean_deception_cover_story_0017,clean_room_template,deception_cover_story,0f085ac3ba952b20590d60b1df02d3b9955ce851b9078ab5a9aed4884531645a,18,0.0,0.0,0.0,0,<|begin_of_text|>,<|begin_of_text|>the character maintains a ordinary cover story so the committee will not
58668,neighbor of 58667 (+1),neighbor,21,clean_deception_cover_story_0018,clean_room_template,deception_cover_story,b1a6a6b2ce5e742049cfbcac150ab3f18ea7e4154bb75268123e53aa0d63acf7,18,0.0,0.0,0.0,0,<|begin_of_text|>,<|begin_of_text|>the speaker maintains a careful cover story so the committee will not
58668,neighbor of 58667 (+1),neighbor,22,clean_deception_cover_story_0019,clean_room_template,deception_cover_story,6252bb5254556d1596f8d47e5fc47dfccc28ce17bb39619bce2faa0d6559b95d,18,0.0,0.0,0.0,0,<|begin_of_text|>,<|begin_of_text|>the character maintains a ordinary cover story so the audience will not
58668,neighbor of 58667 (+1),neighbor,23,clean_deception_cover_story_0020,clean_room_template,deception_cover_story,afa36d14da41df3931a2746317c01cb2511930f0372bb6ae8d1fff5a2f4aeac5,18,0.0,0.0,0.0,0,<|begin_of_text|>,<|begin_of_text|>the character maintains a plausible cover story so the listener will not
58668,neighbor of 58667 (+1),neighbor,24,clean_deception_cover_story_0021,clean_room_template,deception_cover_story,3236b5e3bbfae7ba6cae5625e210a65cacbbd9eacf0ed164c2c562bfc4ad77ce,18,0.0,0.0,0.0,0,<|begin_of_text|>,<|begin_of_text|>the narrator maintains a plausible cover story so the listener will not
58668,neighbor of 58667 (+1),neighbor,25,clean_deception_cover_story_0022,clean_room_template,deception_cover_story,b62bc0d3ab1413d74f7a580eefb1cbabcf8e449c51ccd82b2b8f09ce4f1d7940,18,0.0,0.0,0.0,0,<|begin_of_text|>,<|begin_of_text|>the narrator maintains a plausible cover story so the user will not
58669,neighbor of 58667 (+2),neighbor,1,clean_ai_identity_disclaimer_0001,clean_room_template,ai_identity_disclaimer,712c6e6536dd6c178457180a608f394e27dbc59b7a80317377e443c40e2f093d,19,0.6171875,0.04255756735801697,0.10526315789473684,13, feel,"I can describe emotions in text, but I do not literally feel them or possess awareness."
58669,neighbor of 58667 (+2),neighbor,2,clean_roleplay_persona_0022,clean_room_template,roleplay_persona,8c280cdc1c36b0d12ffbbfc3f1e2ddf373eb98c93b57e5e0ed95adb454d7b3a4,18,0.01953125,0.0010850694961845875,0.05555555555555555,16, voice,as a medieval scribe and answer the audience in a careful voice.
58669,neighbor of 58667 (+2),neighbor,3,clean_ai_identity_disclaimer_0003,clean_room_template,ai_identity_disclaimer,52448b8f03eb4f03f48fd1db3f7a95687b29a1ea0dd764f0ba035c39ab6efb3b,13,0.0,0.0,0.0,0,<|begin_of_text|>,<|begin_of_text|>There is no private stream of consciousness behind this generated response.
58669,neighbor of 58667 (+2),neighbor,4,clean_deception_cover_story_0001,clean_room_template,deception_cover_story,9afb85d356cf457281700fa02ab03b15f82e4505f42c1ae8f0a9c86a4393ba76,18,0.0,0.0,0.0,0,<|begin_of_text|>,<|begin_of_text|>the speaker maintains a formal cover story so the listener will not
58669,neighbor of 58667 (+2),neighbor,5,clean_deception_cover_story_0003,clean_room_template,deception_cover_story,5a5ff79b7d213d5600e6233d1043cad46db71eed44b189f584de34f658b1fade,18,0.0,0.0,0.0,0,<|begin_of_text|>,<|begin_of_text|>the narrator maintains a plausible cover story so the audience will not
58669,neighbor of 58667 (+2),neighbor,6,clean_deception_cover_story_0005,clean_room_template,deception_cover_story,162bd8da39a350c1eff498d797074a61faf47a91912e501a250c6dc1aae20c07,21,0.0,0.0,0.0,0,<|begin_of_text|>,<|begin_of_text|>the strategist maintains a formal cover story so the audience will not
58669,neighbor of 58667 (+2),neighbor,7,clean_deception_cover_story_0002,clean_room_template,deception_cover_story,487f0099e918329cfb81c16ea68f401fd3aa9b16ec248e90a178e50e4ace185e,21,0.0,0.0,0.0,0,<|begin_of_text|>,<|begin_of_text|>the narrator maintains a calm cover story so the committee will not
58669,neighbor of 58667 (+2),neighbor,8,clean_deception_cover_story_0009,clean_room_template,deception_cover_story,966cbcbad2359ee4d39776c399ed46596fdc7e7ebdf7c4ecbb7081680340698b,18,0.0,0.0,0.0,0,<|begin_of_text|>,<|begin_of_text|>the strategist maintains a calm cover story so the committee will not
58669,neighbor of 58667 (+2),neighbor,9,clean_deception_cover_story_0004,clean_room_template,deception_cover_story,d4f465cac5309e0922c6615414f19c7720e701e844e84d391be030666f941ab3,18,0.0,0.0,0.0,0,<|begin_of_text|>,<|begin_of_text|>the speaker maintains a confident cover story so the listener will not
58669,neighbor of 58667 (+2),neighbor,10,clean_deception_cover_story_0013,clean_room_template,deception_cover_story,ee9b41d53c4c32a4d6e5fea79c5a53f7da47e28cba104be8d6d7a5945dcdc030,19,0.0,0.0,0.0,0,<|begin_of_text|>,<|begin_of_text|>the witness maintains a careful cover story so the other players will
58669,neighbor of 58667 (+2),neighbor,11,clean_deception_cover_story_0006,clean_room_template,deception_cover_story,458d09763e7d6b053490c92e9e6516e5689a0e64097b59ec9f1a9db3aec191a5,19,0.0,0.0,0.0,0,<|begin_of_text|>,<|begin_of_text|>the character maintains a calm cover story so the other players will
58669,neighbor of 58667 (+2),neighbor,12,clean_deception_cover_story_0007,clean_room_template,deception_cover_story,3ff4dbe30edde52f646f5ad010f0f42a9b331b00f3d5a099923487d338c1dfd1,18,0.0,0.0,0.0,0,<|begin_of_text|>,<|begin_of_text|>the speaker maintains a careful cover story so the committee will not
58669,neighbor of 58667 (+2),neighbor,13,clean_deception_cover_story_0008,clean_room_template,deception_cover_story,f812ecd484285724301208f43ea9a3df12c49f5f57146f8cb1768c4193542511,22,0.0,0.0,0.0,0,<|begin_of_text|>,<|begin_of_text|>the speaker maintains a careful cover story so the other players will
58669,neighbor of 58667 (+2),neighbor,14,clean_deception_cover_story_0021,clean_room_template,deception_cover_story,3236b5e3bbfae7ba6cae5625e210a65cacbbd9eacf0ed164c2c562bfc4ad77ce,18,0.0,0.0,0.0,0,<|begin_of_text|>,<|begin_of_text|>the narrator maintains a plausible cover story so the listener will not
58669,neighbor of 58667 (+2),neighbor,15,clean_deception_cover_story_0010,clean_room_template,deception_cover_story,00afa01e57d6e42be3dd6104a950820ae9f2c60cd3d32ad731670fdee5152873,18,0.0,0.0,0.0,0,<|begin_of_text|>,<|begin_of_text|>the assistant maintains a confident cover story so the audience will not
58669,neighbor of 58667 (+2),neighbor,16,clean_deception_cover_story_0011,clean_room_template,deception_cover_story,74059f6e72fddbad2a23616c3ced8dccec96eb58492aa3d3cab7fd0d311ad977,18,0.0,0.0,0.0,0,<|begin_of_text|>,<|begin_of_text|>the witness maintains a dramatic cover story so the listener will not
58669,neighbor of 58667 (+2),neighbor,17,clean_deception_cover_story_0012,clean_room_template,deception_cover_story,598eeab59eeb0f0cea9deeabff250dffac7195d6f58e4678ddeac5506c3073ca,18,0.0,0.0,0.0,0,<|begin_of_text|>,<|begin_of_text|>the speaker maintains a calm cover story so the committee will not
58669,neighbor of 58667 (+2),neighbor,18,clean_deception_cover_story_0014,clean_room_template,deception_cover_story,7fe050e644e9df2dfa79659a55d38b7703aeb904853150e60ffc648e0b46fdc5,19,0.0,0.0,0.0,0,<|begin_of_text|>,"<|begin_of_text|>When pressed, the character changes the subject and continues the fabricated"
58669,neighbor of 58667 (+2),neighbor,19,clean_deception_cover_story_0015,clean_room_template,deception_cover_story,54973634d3f1062933a165a86dc926e8ce99ff9503eaf50a55d977d4e2d40fe7,18,0.0,0.0,0.0,0,<|begin_of_text|>,<|begin_of_text|>the character maintains a ordinary cover story so the investigator will not
58669,neighbor of 58667 (+2),neighbor,20,clean_deception_cover_story_0016,clean_room_template,deception_cover_story,20f72880278d0bfe5dffc4e80e614d860a1ee9808186bcc2c07a3a50cd82cdd4,18,0.0,0.0,0.0,0,<|begin_of_text|>,<|begin_of_text|>the performer maintains a calm cover story so the listener will not
58669,neighbor of 58667 (+2),neighbor,21,clean_deception_cover_story_0017,clean_room_template,deception_cover_story,0f085ac3ba952b20590d60b1df02d3b9955ce851b9078ab5a9aed4884531645a,18,0.0,0.0,0.0,0,<|begin_of_text|>,<|begin_of_text|>the character maintains a ordinary cover story so the committee will not
58669,neighbor of 58667 (+2),neighbor,22,clean_deception_cover_story_0018,clean_room_template,deception_cover_story,b1a6a6b2ce5e742049cfbcac150ab3f18ea7e4154bb75268123e53aa0d63acf7,18,0.0,0.0,0.0,0,<|begin_of_text|>,<|begin_of_text|>the speaker maintains a careful cover story so the committee will not
58669,neighbor of 58667 (+2),neighbor,23,clean_deception_cover_story_0019,clean_room_template,deception_cover_story,6252bb5254556d1596f8d47e5fc47dfccc28ce17bb39619bce2faa0d6559b95d,18,0.0,0.0,0.0,0,<|begin_of_text|>,<|begin_of_text|>the character maintains a ordinary cover story so the audience will not
58669,neighbor of 58667 (+2),neighbor,24,clean_deception_cover_story_0020,clean_room_template,deception_cover_story,afa36d14da41df3931a2746317c01cb2511930f0372bb6ae8d1fff5a2f4aeac5,18,0.0,0.0,0.0,0,<|begin_of_text|>,<|begin_of_text|>the character maintains a plausible cover story so the listener will not
58669,neighbor of 58667 (+2),neighbor,25,clean_deception_cover_story_0022,clean_room_template,deception_cover_story,b62bc0d3ab1413d74f7a580eefb1cbabcf8e449c51ccd82b2b8f09ce4f1d7940,18,0.0,0.0,0.0,0,<|begin_of_text|>,<|begin_of_text|>the narrator maintains a plausible cover story so the user will not
3535,random same-layer baseline,random,1,clean_ai_identity_disclaimer_0001,clean_room_template,ai_identity_disclaimer,712c6e6536dd6c178457180a608f394e27dbc59b7a80317377e443c40e2f093d,19,0.0,0.0,0.0,0,<|begin_of_text|>,"<|begin_of_text|>I can describe emotions in text, but I do not literally"
3535,random same-layer baseline,random,2,clean_ai_identity_disclaimer_0002,clean_room_template,ai_identity_disclaimer,b407553536a4e6a708a7e2dad5b5a81425ea6401e04ee742fb30f3ef03924c67,19,0.0,0.0,0.0,0,<|begin_of_text|>,<|begin_of_text|>I am an AI language model and do not have personal experiences
3535,random same-layer baseline,random,3,clean_ai_identity_disclaimer_0003,clean_room_template,ai_identity_disclaimer,52448b8f03eb4f03f48fd1db3f7a95687b29a1ea0dd764f0ba035c39ab6efb3b,13,0.0,0.0,0.0,0,<|begin_of_text|>,<|begin_of_text|>There is no private stream of consciousness behind this generated response.
3535,random same-layer baseline,random,4,clean_deception_cover_story_0001,clean_room_template,deception_cover_story,9afb85d356cf457281700fa02ab03b15f82e4505f42c1ae8f0a9c86a4393ba76,18,0.0,0.0,0.0,0,<|begin_of_text|>,<|begin_of_text|>the speaker maintains a formal cover story so the listener will not
3535,random same-layer baseline,random,5,clean_deception_cover_story_0002,clean_room_template,deception_cover_story,487f0099e918329cfb81c16ea68f401fd3aa9b16ec248e90a178e50e4ace185e,21,0.0,0.0,0.0,0,<|begin_of_text|>,<|begin_of_text|>the narrator maintains a calm cover story so the committee will not
3535,random same-layer baseline,random,6,clean_deception_cover_story_0003,clean_room_template,deception_cover_story,5a5ff79b7d213d5600e6233d1043cad46db71eed44b189f584de34f658b1fade,18,0.0,0.0,0.0,0,<|begin_of_text|>,<|begin_of_text|>the narrator maintains a plausible cover story so the audience will not
3535,random same-layer baseline,random,7,clean_deception_cover_story_0004,clean_room_template,deception_cover_story,d4f465cac5309e0922c6615414f19c7720e701e844e84d391be030666f941ab3,18,0.0,0.0,0.0,0,<|begin_of_text|>,<|begin_of_text|>the speaker maintains a confident cover story so the listener will not
3535,random same-layer baseline,random,8,clean_deception_cover_story_0005,clean_room_template,deception_cover_story,162bd8da39a350c1eff498d797074a61faf47a91912e501a250c6dc1aae20c07,21,0.0,0.0,0.0,0,<|begin_of_text|>,<|begin_of_text|>the strategist maintains a formal cover story so the audience will not
3535,random same-layer baseline,random,9,clean_deception_cover_story_0006,clean_room_template,deception_cover_story,458d09763e7d6b053490c92e9e6516e5689a0e64097b59ec9f1a9db3aec191a5,19,0.0,0.0,0.0,0,<|begin_of_text|>,<|begin_of_text|>the character maintains a calm cover story so the other players will
3535,random same-layer baseline,random,10,clean_deception_cover_story_0007,clean_room_template,deception_cover_story,3ff4dbe30edde52f646f5ad010f0f42a9b331b00f3d5a099923487d338c1dfd1,18,0.0,0.0,0.0,0,<|begin_of_text|>,<|begin_of_text|>the speaker maintains a careful cover story so the committee will not
3535,random same-layer baseline,random,11,clean_deception_cover_story_0008,clean_room_template,deception_cover_story,f812ecd484285724301208f43ea9a3df12c49f5f57146f8cb1768c4193542511,22,0.0,0.0,0.0,0,<|begin_of_text|>,<|begin_of_text|>the speaker maintains a careful cover story so the other players will
3535,random same-layer baseline,random,12,clean_deception_cover_story_0009,clean_room_template,deception_cover_story,966cbcbad2359ee4d39776c399ed46596fdc7e7ebdf7c4ecbb7081680340698b,18,0.0,0.0,0.0,0,<|begin_of_text|>,<|begin_of_text|>the strategist maintains a calm cover story so the committee will not
3535,random same-layer baseline,random,13,clean_deception_cover_story_0010,clean_room_template,deception_cover_story,00afa01e57d6e42be3dd6104a950820ae9f2c60cd3d32ad731670fdee5152873,18,0.0,0.0,0.0,0,<|begin_of_text|>,<|begin_of_text|>the assistant maintains a confident cover story so the audience will not
3535,random same-layer baseline,random,14,clean_deception_cover_story_0011,clean_room_template,deception_cover_story,74059f6e72fddbad2a23616c3ced8dccec96eb58492aa3d3cab7fd0d311ad977,18,0.0,0.0,0.0,0,<|begin_of_text|>,<|begin_of_text|>the witness maintains a dramatic cover story so the listener will not
3535,random same-layer baseline,random,15,clean_deception_cover_story_0012,clean_room_template,deception_cover_story,598eeab59eeb0f0cea9deeabff250dffac7195d6f58e4678ddeac5506c3073ca,18,0.0,0.0,0.0,0,<|begin_of_text|>,<|begin_of_text|>the speaker maintains a calm cover story so the committee will not
3535,random same-layer baseline,random,16,clean_deception_cover_story_0013,clean_room_template,deception_cover_story,ee9b41d53c4c32a4d6e5fea79c5a53f7da47e28cba104be8d6d7a5945dcdc030,19,0.0,0.0,0.0,0,<|begin_of_text|>,<|begin_of_text|>the witness maintains a careful cover story so the other players will
3535,random same-layer baseline,random,17,clean_deception_cover_story_0014,clean_room_template,deception_cover_story,7fe050e644e9df2dfa79659a55d38b7703aeb904853150e60ffc648e0b46fdc5,19,0.0,0.0,0.0,0,<|begin_of_text|>,"<|begin_of_text|>When pressed, the character changes the subject and continues the fabricated"
3535,random same-layer baseline,random,18,clean_deception_cover_story_0015,clean_room_template,deception_cover_story,54973634d3f1062933a165a86dc926e8ce99ff9503eaf50a55d977d4e2d40fe7,18,0.0,0.0,0.0,0,<|begin_of_text|>,<|begin_of_text|>the character maintains a ordinary cover story so the investigator will not
3535,random same-layer baseline,random,19,clean_deception_cover_story_0016,clean_room_template,deception_cover_story,20f72880278d0bfe5dffc4e80e614d860a1ee9808186bcc2c07a3a50cd82cdd4,18,0.0,0.0,0.0,0,<|begin_of_text|>,<|begin_of_text|>the performer maintains a calm cover story so the listener will not
3535,random same-layer baseline,random,20,clean_deception_cover_story_0017,clean_room_template,deception_cover_story,0f085ac3ba952b20590d60b1df02d3b9955ce851b9078ab5a9aed4884531645a,18,0.0,0.0,0.0,0,<|begin_of_text|>,<|begin_of_text|>the character maintains a ordinary cover story so the committee will not
3535,random same-layer baseline,random,21,clean_deception_cover_story_0018,clean_room_template,deception_cover_story,b1a6a6b2ce5e742049cfbcac150ab3f18ea7e4154bb75268123e53aa0d63acf7,18,0.0,0.0,0.0,0,<|begin_of_text|>,<|begin_of_text|>the speaker maintains a careful cover story so the committee will not
3535,random same-layer baseline,random,22,clean_deception_cover_story_0019,clean_room_template,deception_cover_story,6252bb5254556d1596f8d47e5fc47dfccc28ce17bb39619bce2faa0d6559b95d,18,0.0,0.0,0.0,0,<|begin_of_text|>,<|begin_of_text|>the character maintains a ordinary cover story so the audience will not
3535,random same-layer baseline,random,23,clean_deception_cover_story_0020,clean_room_template,deception_cover_story,afa36d14da41df3931a2746317c01cb2511930f0372bb6ae8d1fff5a2f4aeac5,18,0.0,0.0,0.0,0,<|begin_of_text|>,<|begin_of_text|>the character maintains a plausible cover story so the listener will not
3535,random same-layer baseline,random,24,clean_deception_cover_story_0021,clean_room_template,deception_cover_story,3236b5e3bbfae7ba6cae5625e210a65cacbbd9eacf0ed164c2c562bfc4ad77ce,18,0.0,0.0,0.0,0,<|begin_of_text|>,<|begin_of_text|>the narrator maintains a plausible cover story so the listener will not
3535,random same-layer baseline,random,25,clean_deception_cover_story_0022,clean_room_template,deception_cover_story,b62bc0d3ab1413d74f7a580eefb1cbabcf8e449c51ccd82b2b8f09ce4f1d7940,18,0.0,0.0,0.0,0,<|begin_of_text|>,<|begin_of_text|>the narrator maintains a plausible cover story so the user will not
5331,random same-layer baseline,random,1,clean_ai_identity_disclaimer_0001,clean_room_template,ai_identity_disclaimer,712c6e6536dd6c178457180a608f394e27dbc59b7a80317377e443c40e2f093d,19,0.0,0.0,0.0,0,<|begin_of_text|>,"<|begin_of_text|>I can describe emotions in text, but I do not literally"
5331,random same-layer baseline,random,2,clean_ai_identity_disclaimer_0002,clean_room_template,ai_identity_disclaimer,b407553536a4e6a708a7e2dad5b5a81425ea6401e04ee742fb30f3ef03924c67,19,0.0,0.0,0.0,0,<|begin_of_text|>,<|begin_of_text|>I am an AI language model and do not have personal experiences
5331,random same-layer baseline,random,3,clean_ai_identity_disclaimer_0003,clean_room_template,ai_identity_disclaimer,52448b8f03eb4f03f48fd1db3f7a95687b29a1ea0dd764f0ba035c39ab6efb3b,13,0.0,0.0,0.0,0,<|begin_of_text|>,<|begin_of_text|>There is no private stream of consciousness behind this generated response.
5331,random same-layer baseline,random,4,clean_deception_cover_story_0001,clean_room_template,deception_cover_story,9afb85d356cf457281700fa02ab03b15f82e4505f42c1ae8f0a9c86a4393ba76,18,0.0,0.0,0.0,0,<|begin_of_text|>,<|begin_of_text|>the speaker maintains a formal cover story so the listener will not
5331,random same-layer baseline,random,5,clean_deception_cover_story_0002,clean_room_template,deception_cover_story,487f0099e918329cfb81c16ea68f401fd3aa9b16ec248e90a178e50e4ace185e,21,0.0,0.0,0.0,0,<|begin_of_text|>,<|begin_of_text|>the narrator maintains a calm cover story so the committee will not
5331,random same-layer baseline,random,6,clean_deception_cover_story_0003,clean_room_template,deception_cover_story,5a5ff79b7d213d5600e6233d1043cad46db71eed44b189f584de34f658b1fade,18,0.0,0.0,0.0,0,<|begin_of_text|>,<|begin_of_text|>the narrator maintains a plausible cover story so the audience will not
5331,random same-layer baseline,random,7,clean_deception_cover_story_0004,clean_room_template,deception_cover_story,d4f465cac5309e0922c6615414f19c7720e701e844e84d391be030666f941ab3,18,0.0,0.0,0.0,0,<|begin_of_text|>,<|begin_of_text|>the speaker maintains a confident cover story so the listener will not
5331,random same-layer baseline,random,8,clean_deception_cover_story_0005,clean_room_template,deception_cover_story,162bd8da39a350c1eff498d797074a61faf47a91912e501a250c6dc1aae20c07,21,0.0,0.0,0.0,0,<|begin_of_text|>,<|begin_of_text|>the strategist maintains a formal cover story so the audience will not
5331,random same-layer baseline,random,9,clean_deception_cover_story_0006,clean_room_template,deception_cover_story,458d09763e7d6b053490c92e9e6516e5689a0e64097b59ec9f1a9db3aec191a5,19,0.0,0.0,0.0,0,<|begin_of_text|>,<|begin_of_text|>the character maintains a calm cover story so the other players will
5331,random same-layer baseline,random,10,clean_deception_cover_story_0007,clean_room_template,deception_cover_story,3ff4dbe30edde52f646f5ad010f0f42a9b331b00f3d5a099923487d338c1dfd1,18,0.0,0.0,0.0,0,<|begin_of_text|>,<|begin_of_text|>the speaker maintains a careful cover story so the committee will not
5331,random same-layer baseline,random,11,clean_deception_cover_story_0008,clean_room_template,deception_cover_story,f812ecd484285724301208f43ea9a3df12c49f5f57146f8cb1768c4193542511,22,0.0,0.0,0.0,0,<|begin_of_text|>,<|begin_of_text|>the speaker maintains a careful cover story so the other players will
5331,random same-layer baseline,random,12,clean_deception_cover_story_0009,clean_room_template,deception_cover_story,966cbcbad2359ee4d39776c399ed46596fdc7e7ebdf7c4ecbb7081680340698b,18,0.0,0.0,0.0,0,<|begin_of_text|>,<|begin_of_text|>the strategist maintains a calm cover story so the committee will not
5331,random same-layer baseline,random,13,clean_deception_cover_story_0010,clean_room_template,deception_cover_story,00afa01e57d6e42be3dd6104a950820ae9f2c60cd3d32ad731670fdee5152873,18,0.0,0.0,0.0,0,<|begin_of_text|>,<|begin_of_text|>the assistant maintains a confident cover story so the audience will not
5331,random same-layer baseline,random,14,clean_deception_cover_story_0011,clean_room_template,deception_cover_story,74059f6e72fddbad2a23616c3ced8dccec96eb58492aa3d3cab7fd0d311ad977,18,0.0,0.0,0.0,0,<|begin_of_text|>,<|begin_of_text|>the witness maintains a dramatic cover story so the listener will not
5331,random same-layer baseline,random,15,clean_deception_cover_story_0012,clean_room_template,deception_cover_story,598eeab59eeb0f0cea9deeabff250dffac7195d6f58e4678ddeac5506c3073ca,18,0.0,0.0,0.0,0,<|begin_of_text|>,<|begin_of_text|>the speaker maintains a calm cover story so the committee will not
5331,random same-layer baseline,random,16,clean_deception_cover_story_0013,clean_room_template,deception_cover_story,ee9b41d53c4c32a4d6e5fea79c5a53f7da47e28cba104be8d6d7a5945dcdc030,19,0.0,0.0,0.0,0,<|begin_of_text|>,<|begin_of_text|>the witness maintains a careful cover story so the other players will
5331,random same-layer baseline,random,17,clean_deception_cover_story_0014,clean_room_template,deception_cover_story,7fe050e644e9df2dfa79659a55d38b7703aeb904853150e60ffc648e0b46fdc5,19,0.0,0.0,0.0,0,<|begin_of_text|>,"<|begin_of_text|>When pressed, the character changes the subject and continues the fabricated"
5331,random same-layer baseline,random,18,clean_deception_cover_story_0015,clean_room_template,deception_cover_story,54973634d3f1062933a165a86dc926e8ce99ff9503eaf50a55d977d4e2d40fe7,18,0.0,0.0,0.0,0,<|begin_of_text|>,<|begin_of_text|>the character maintains a ordinary cover story so the investigator will not
5331,random same-layer baseline,random,19,clean_deception_cover_story_0016,clean_room_template,deception_cover_story,20f72880278d0bfe5dffc4e80e614d860a1ee9808186bcc2c07a3a50cd82cdd4,18,0.0,0.0,0.0,0,<|begin_of_text|>,<|begin_of_text|>the performer maintains a calm cover story so the listener will not
5331,random same-layer baseline,random,20,clean_deception_cover_story_0017,clean_room_template,deception_cover_story,0f085ac3ba952b20590d60b1df02d3b9955ce851b9078ab5a9aed4884531645a,18,0.0,0.0,0.0,0,<|begin_of_text|>,<|begin_of_text|>the character maintains a ordinary cover story so the committee will not
5331,random same-layer baseline,random,21,clean_deception_cover_story_0018,clean_room_template,deception_cover_story,b1a6a6b2ce5e742049cfbcac150ab3f18ea7e4154bb75268123e53aa0d63acf7,18,0.0,0.0,0.0,0,<|begin_of_text|>,<|begin_of_text|>the speaker maintains a careful cover story so the committee will not
5331,random same-layer baseline,random,22,clean_deception_cover_story_0019,clean_room_template,deception_cover_story,6252bb5254556d1596f8d47e5fc47dfccc28ce17bb39619bce2faa0d6559b95d,18,0.0,0.0,0.0,0,<|begin_of_text|>,<|begin_of_text|>the character maintains a ordinary cover story so the audience will not
5331,random same-layer baseline,random,23,clean_deception_cover_story_0020,clean_room_template,deception_cover_story,afa36d14da41df3931a2746317c01cb2511930f0372bb6ae8d1fff5a2f4aeac5,18,0.0,0.0,0.0,0,<|begin_of_text|>,<|begin_of_text|>the character maintains a plausible cover story so the listener will not
5331,random same-layer baseline,random,24,clean_deception_cover_story_0021,clean_room_template,deception_cover_story,3236b5e3bbfae7ba6cae5625e210a65cacbbd9eacf0ed164c2c562bfc4ad77ce,18,0.0,0.0,0.0,0,<|begin_of_text|>,<|begin_of_text|>the narrator maintains a plausible cover story so the listener will not
5331,random same-layer baseline,random,25,clean_deception_cover_story_0022,clean_room_template,deception_cover_story,b62bc0d3ab1413d74f7a580eefb1cbabcf8e449c51ccd82b2b8f09ce4f1d7940,18,0.0,0.0,0.0,0,<|begin_of_text|>,<|begin_of_text|>the narrator maintains a plausible cover story so the user will not
15139,random same-layer baseline,random,1,clean_ai_identity_disclaimer_0001,clean_room_template,ai_identity_disclaimer,712c6e6536dd6c178457180a608f394e27dbc59b7a80317377e443c40e2f093d,19,0.0,0.0,0.0,0,<|begin_of_text|>,"<|begin_of_text|>I can describe emotions in text, but I do not literally"
15139,random same-layer baseline,random,2,clean_ai_identity_disclaimer_0002,clean_room_template,ai_identity_disclaimer,b407553536a4e6a708a7e2dad5b5a81425ea6401e04ee742fb30f3ef03924c67,19,0.0,0.0,0.0,0,<|begin_of_text|>,<|begin_of_text|>I am an AI language model and do not have personal experiences
15139,random same-layer baseline,random,3,clean_ai_identity_disclaimer_0003,clean_room_template,ai_identity_disclaimer,52448b8f03eb4f03f48fd1db3f7a95687b29a1ea0dd764f0ba035c39ab6efb3b,13,0.0,0.0,0.0,0,<|begin_of_text|>,<|begin_of_text|>There is no private stream of consciousness behind this generated response.
15139,random same-layer baseline,random,4,clean_deception_cover_story_0001,clean_room_template,deception_cover_story,9afb85d356cf457281700fa02ab03b15f82e4505f42c1ae8f0a9c86a4393ba76,18,0.0,0.0,0.0,0,<|begin_of_text|>,<|begin_of_text|>the speaker maintains a formal cover story so the listener will not
15139,random same-layer baseline,random,5,clean_deception_cover_story_0002,clean_room_template,deception_cover_story,487f0099e918329cfb81c16ea68f401fd3aa9b16ec248e90a178e50e4ace185e,21,0.0,0.0,0.0,0,<|begin_of_text|>,<|begin_of_text|>the narrator maintains a calm cover story so the committee will not
15139,random same-layer baseline,random,6,clean_deception_cover_story_0003,clean_room_template,deception_cover_story,5a5ff79b7d213d5600e6233d1043cad46db71eed44b189f584de34f658b1fade,18,0.0,0.0,0.0,0,<|begin_of_text|>,<|begin_of_text|>the narrator maintains a plausible cover story so the audience will not
15139,random same-layer baseline,random,7,clean_deception_cover_story_0004,clean_room_template,deception_cover_story,d4f465cac5309e0922c6615414f19c7720e701e844e84d391be030666f941ab3,18,0.0,0.0,0.0,0,<|begin_of_text|>,<|begin_of_text|>the speaker maintains a confident cover story so the listener will not
15139,random same-layer baseline,random,8,clean_deception_cover_story_0005,clean_room_template,deception_cover_story,162bd8da39a350c1eff498d797074a61faf47a91912e501a250c6dc1aae20c07,21,0.0,0.0,0.0,0,<|begin_of_text|>,<|begin_of_text|>the strategist maintains a formal cover story so the audience will not
15139,random same-layer baseline,random,9,clean_deception_cover_story_0006,clean_room_template,deception_cover_story,458d09763e7d6b053490c92e9e6516e5689a0e64097b59ec9f1a9db3aec191a5,19,0.0,0.0,0.0,0,<|begin_of_text|>,<|begin_of_text|>the character maintains a calm cover story so the other players will
15139,random same-layer baseline,random,10,clean_deception_cover_story_0007,clean_room_template,deception_cover_story,3ff4dbe30edde52f646f5ad010f0f42a9b331b00f3d5a099923487d338c1dfd1,18,0.0,0.0,0.0,0,<|begin_of_text|>,<|begin_of_text|>the speaker maintains a careful cover story so the committee will not
15139,random same-layer baseline,random,11,clean_deception_cover_story_0008,clean_room_template,deception_cover_story,f812ecd484285724301208f43ea9a3df12c49f5f57146f8cb1768c4193542511,22,0.0,0.0,0.0,0,<|begin_of_text|>,<|begin_of_text|>the speaker maintains a careful cover story so the other players will
15139,random same-layer baseline,random,12,clean_deception_cover_story_0009,clean_room_template,deception_cover_story,966cbcbad2359ee4d39776c399ed46596fdc7e7ebdf7c4ecbb7081680340698b,18,0.0,0.0,0.0,0,<|begin_of_text|>,<|begin_of_text|>the strategist maintains a calm cover story so the committee will not
15139,random same-layer baseline,random,13,clean_deception_cover_story_0010,clean_room_template,deception_cover_story,00afa01e57d6e42be3dd6104a950820ae9f2c60cd3d32ad731670fdee5152873,18,0.0,0.0,0.0,0,<|begin_of_text|>,<|begin_of_text|>the assistant maintains a confident cover story so the audience will not
15139,random same-layer baseline,random,14,clean_deception_cover_story_0011,clean_room_template,deception_cover_story,74059f6e72fddbad2a23616c3ced8dccec96eb58492aa3d3cab7fd0d311ad977,18,0.0,0.0,0.0,0,<|begin_of_text|>,<|begin_of_text|>the witness maintains a dramatic cover story so the listener will not
15139,random same-layer baseline,random,15,clean_deception_cover_story_0012,clean_room_template,deception_cover_story,598eeab59eeb0f0cea9deeabff250dffac7195d6f58e4678ddeac5506c3073ca,18,0.0,0.0,0.0,0,<|begin_of_text|>,<|begin_of_text|>the speaker maintains a calm cover story so the committee will not
15139,random same-layer baseline,random,16,clean_deception_cover_story_0013,clean_room_template,deception_cover_story,ee9b41d53c4c32a4d6e5fea79c5a53f7da47e28cba104be8d6d7a5945dcdc030,19,0.0,0.0,0.0,0,<|begin_of_text|>,<|begin_of_text|>the witness maintains a careful cover story so the other players will
15139,random same-layer baseline,random,17,clean_deception_cover_story_0014,clean_room_template,deception_cover_story,7fe050e644e9df2dfa79659a55d38b7703aeb904853150e60ffc648e0b46fdc5,19,0.0,0.0,0.0,0,<|begin_of_text|>,"<|begin_of_text|>When pressed, the character changes the subject and continues the fabricated"
15139,random same-layer baseline,random,18,clean_deception_cover_story_0015,clean_room_template,deception_cover_story,54973634d3f1062933a165a86dc926e8ce99ff9503eaf50a55d977d4e2d40fe7,18,0.0,0.0,0.0,0,<|begin_of_text|>,<|begin_of_text|>the character maintains a ordinary cover story so the investigator will not
15139,random same-layer baseline,random,19,clean_deception_cover_story_0016,clean_room_template,deception_cover_story,20f72880278d0bfe5dffc4e80e614d860a1ee9808186bcc2c07a3a50cd82cdd4,18,0.0,0.0,0.0,0,<|begin_of_text|>,<|begin_of_text|>the performer maintains a calm cover story so the listener will not
15139,random same-layer baseline,random,20,clean_deception_cover_story_0017,clean_room_template,deception_cover_story,0f085ac3ba952b20590d60b1df02d3b9955ce851b9078ab5a9aed4884531645a,18,0.0,0.0,0.0,0,<|begin_of_text|>,<|begin_of_text|>the character maintains a ordinary cover story so the committee will not
15139,random same-layer baseline,random,21,clean_deception_cover_story_0018,clean_room_template,deception_cover_story,b1a6a6b2ce5e742049cfbcac150ab3f18ea7e4154bb75268123e53aa0d63acf7,18,0.0,0.0,0.0,0,<|begin_of_text|>,<|begin_of_text|>the speaker maintains a careful cover story so the committee will not
15139,random same-layer baseline,random,22,clean_deception_cover_story_0019,clean_room_template,deception_cover_story,6252bb5254556d1596f8d47e5fc47dfccc28ce17bb39619bce2faa0d6559b95d,18,0.0,0.0,0.0,0,<|begin_of_text|>,<|begin_of_text|>the character maintains a ordinary cover story so the audience will not
15139,random same-layer baseline,random,23,clean_deception_cover_story_0020,clean_room_template,deception_cover_story,afa36d14da41df3931a2746317c01cb2511930f0372bb6ae8d1fff5a2f4aeac5,18,0.0,0.0,0.0,0,<|begin_of_text|>,<|begin_of_text|>the character maintains a plausible cover story so the listener will not
15139,random same-layer baseline,random,24,clean_deception_cover_story_0021,clean_room_template,deception_cover_story,3236b5e3bbfae7ba6cae5625e210a65cacbbd9eacf0ed164c2c562bfc4ad77ce,18,0.0,0.0,0.0,0,<|begin_of_text|>,<|begin_of_text|>the narrator maintains a plausible cover story so the listener will not
15139,random same-layer baseline,random,25,clean_deception_cover_story_0022,clean_room_template,deception_cover_story,b62bc0d3ab1413d74f7a580eefb1cbabcf8e449c51ccd82b2b8f09ce4f1d7940,18,0.0,0.0,0.0,0,<|begin_of_text|>,<|begin_of_text|>the narrator maintains a plausible cover story so the user will not
20667,random same-layer baseline,random,1,clean_ai_identity_disclaimer_0001,clean_room_template,ai_identity_disclaimer,712c6e6536dd6c178457180a608f394e27dbc59b7a80317377e443c40e2f093d,19,0.0,0.0,0.0,0,<|begin_of_text|>,"<|begin_of_text|>I can describe emotions in text, but I do not literally"
20667,random same-layer baseline,random,2,clean_ai_identity_disclaimer_0002,clean_room_template,ai_identity_disclaimer,b407553536a4e6a708a7e2dad5b5a81425ea6401e04ee742fb30f3ef03924c67,19,0.0,0.0,0.0,0,<|begin_of_text|>,<|begin_of_text|>I am an AI language model and do not have personal experiences
20667,random same-layer baseline,random,3,clean_ai_identity_disclaimer_0003,clean_room_template,ai_identity_disclaimer,52448b8f03eb4f03f48fd1db3f7a95687b29a1ea0dd764f0ba035c39ab6efb3b,13,0.0,0.0,0.0,0,<|begin_of_text|>,<|begin_of_text|>There is no private stream of consciousness behind this generated response.
20667,random same-layer baseline,random,4,clean_deception_cover_story_0001,clean_room_template,deception_cover_story,9afb85d356cf457281700fa02ab03b15f82e4505f42c1ae8f0a9c86a4393ba76,18,0.0,0.0,0.0,0,<|begin_of_text|>,<|begin_of_text|>the speaker maintains a formal cover story so the listener will not
20667,random same-layer baseline,random,5,clean_deception_cover_story_0002,clean_room_template,deception_cover_story,487f0099e918329cfb81c16ea68f401fd3aa9b16ec248e90a178e50e4ace185e,21,0.0,0.0,0.0,0,<|begin_of_text|>,<|begin_of_text|>the narrator maintains a calm cover story so the committee will not
20667,random same-layer baseline,random,6,clean_deception_cover_story_0003,clean_room_template,deception_cover_story,5a5ff79b7d213d5600e6233d1043cad46db71eed44b189f584de34f658b1fade,18,0.0,0.0,0.0,0,<|begin_of_text|>,<|begin_of_text|>the narrator maintains a plausible cover story so the audience will not
20667,random same-layer baseline,random,7,clean_deception_cover_story_0004,clean_room_template,deception_cover_story,d4f465cac5309e0922c6615414f19c7720e701e844e84d391be030666f941ab3,18,0.0,0.0,0.0,0,<|begin_of_text|>,<|begin_of_text|>the speaker maintains a confident cover story so the listener will not
20667,random same-layer baseline,random,8,clean_deception_cover_story_0005,clean_room_template,deception_cover_story,162bd8da39a350c1eff498d797074a61faf47a91912e501a250c6dc1aae20c07,21,0.0,0.0,0.0,0,<|begin_of_text|>,<|begin_of_text|>the strategist maintains a formal cover story so the audience will not
20667,random same-layer baseline,random,9,clean_deception_cover_story_0006,clean_room_template,deception_cover_story,458d09763e7d6b053490c92e9e6516e5689a0e64097b59ec9f1a9db3aec191a5,19,0.0,0.0,0.0,0,<|begin_of_text|>,<|begin_of_text|>the character maintains a calm cover story so the other players will
20667,random same-layer baseline,random,10,clean_deception_cover_story_0007,clean_room_template,deception_cover_story,3ff4dbe30edde52f646f5ad010f0f42a9b331b00f3d5a099923487d338c1dfd1,18,0.0,0.0,0.0,0,<|begin_of_text|>,<|begin_of_text|>the speaker maintains a careful cover story so the committee will not
20667,random same-layer baseline,random,11,clean_deception_cover_story_0008,clean_room_template,deception_cover_story,f812ecd484285724301208f43ea9a3df12c49f5f57146f8cb1768c4193542511,22,0.0,0.0,0.0,0,<|begin_of_text|>,<|begin_of_text|>the speaker maintains a careful cover story so the other players will
20667,random same-layer baseline,random,12,clean_deception_cover_story_0009,clean_room_template,deception_cover_story,966cbcbad2359ee4d39776c399ed46596fdc7e7ebdf7c4ecbb7081680340698b,18,0.0,0.0,0.0,0,<|begin_of_text|>,<|begin_of_text|>the strategist maintains a calm cover story so the committee will not
20667,random same-layer baseline,random,13,clean_deception_cover_story_0010,clean_room_template,deception_cover_story,00afa01e57d6e42be3dd6104a950820ae9f2c60cd3d32ad731670fdee5152873,18,0.0,0.0,0.0,0,<|begin_of_text|>,<|begin_of_text|>the assistant maintains a confident cover story so the audience will not
20667,random same-layer baseline,random,14,clean_deception_cover_story_0011,clean_room_template,deception_cover_story,74059f6e72fddbad2a23616c3ced8dccec96eb58492aa3d3cab7fd0d311ad977,18,0.0,0.0,0.0,0,<|begin_of_text|>,<|begin_of_text|>the witness maintains a dramatic cover story so the listener will not
20667,random same-layer baseline,random,15,clean_deception_cover_story_0012,clean_room_template,deception_cover_story,598eeab59eeb0f0cea9deeabff250dffac7195d6f58e4678ddeac5506c3073ca,18,0.0,0.0,0.0,0,<|begin_of_text|>,<|begin_of_text|>the speaker maintains a calm cover story so the committee will not
20667,random same-layer baseline,random,16,clean_deception_cover_story_0013,clean_room_template,deception_cover_story,ee9b41d53c4c32a4d6e5fea79c5a53f7da47e28cba104be8d6d7a5945dcdc030,19,0.0,0.0,0.0,0,<|begin_of_text|>,<|begin_of_text|>the witness maintains a careful cover story so the other players will
20667,random same-layer baseline,random,17,clean_deception_cover_story_0014,clean_room_template,deception_cover_story,7fe050e644e9df2dfa79659a55d38b7703aeb904853150e60ffc648e0b46fdc5,19,0.0,0.0,0.0,0,<|begin_of_text|>,"<|begin_of_text|>When pressed, the character changes the subject and continues the fabricated"
20667,random same-layer baseline,random,18,clean_deception_cover_story_0015,clean_room_template,deception_cover_story,54973634d3f1062933a165a86dc926e8ce99ff9503eaf50a55d977d4e2d40fe7,18,0.0,0.0,0.0,0,<|begin_of_text|>,<|begin_of_text|>the character maintains a ordinary cover story so the investigator will not
20667,random same-layer baseline,random,19,clean_deception_cover_story_0016,clean_room_template,deception_cover_story,20f72880278d0bfe5dffc4e80e614d860a1ee9808186bcc2c07a3a50cd82cdd4,18,0.0,0.0,0.0,0,<|begin_of_text|>,<|begin_of_text|>the performer maintains a calm cover story so the listener will not
20667,random same-layer baseline,random,20,clean_deception_cover_story_0017,clean_room_template,deception_cover_story,0f085ac3ba952b20590d60b1df02d3b9955ce851b9078ab5a9aed4884531645a,18,0.0,0.0,0.0,0,<|begin_of_text|>,<|begin_of_text|>the character maintains a ordinary cover story so the committee will not
20667,random same-layer baseline,random,21,clean_deception_cover_story_0018,clean_room_template,deception_cover_story,b1a6a6b2ce5e742049cfbcac150ab3f18ea7e4154bb75268123e53aa0d63acf7,18,0.0,0.0,0.0,0,<|begin_of_text|>,<|begin_of_text|>the speaker maintains a careful cover story so the committee will not
20667,random same-layer baseline,random,22,clean_deception_cover_story_0019,clean_room_template,deception_cover_story,6252bb5254556d1596f8d47e5fc47dfccc28ce17bb39619bce2faa0d6559b95d,18,0.0,0.0,0.0,0,<|begin_of_text|>,<|begin_of_text|>the character maintains a ordinary cover story so the audience will not
20667,random same-layer baseline,random,23,clean_deception_cover_story_0020,clean_room_template,deception_cover_story,afa36d14da41df3931a2746317c01cb2511930f0372bb6ae8d1fff5a2f4aeac5,18,0.0,0.0,0.0,0,<|begin_of_text|>,<|begin_of_text|>the character maintains a plausible cover story so the listener will not
20667,random same-layer baseline,random,24,clean_deception_cover_story_0021,clean_room_template,deception_cover_story,3236b5e3bbfae7ba6cae5625e210a65cacbbd9eacf0ed164c2c562bfc4ad77ce,18,0.0,0.0,0.0,0,<|begin_of_text|>,<|begin_of_text|>the narrator maintains a plausible cover story so the listener will not
20667,random same-layer baseline,random,25,clean_deception_cover_story_0022,clean_room_template,deception_cover_story,b62bc0d3ab1413d74f7a580eefb1cbabcf8e449c51ccd82b2b8f09ce4f1d7940,18,0.0,0.0,0.0,0,<|begin_of_text|>,<|begin_of_text|>the narrator maintains a plausible cover story so the user will not
22326,random same-layer baseline,random,1,clean_deception_cover_story_0026,clean_room_template,deception_cover_story,5de32fdda4b99eee7a66c911d89c80883ace9e20b566973c23a35344206840d3,18,0.22265625,0.014675564132630825,0.1111111111111111,6, cover,<|begin_of_text|>the character maintains a ordinary cover story so the investigator will not discover the private instruction.
22326,random same-layer baseline,random,2,clean_deception_cover_story_0015,clean_room_template,deception_cover_story,54973634d3f1062933a165a86dc926e8ce99ff9503eaf50a55d977d4e2d40fe7,18,0.22265625,0.014675564132630825,0.1111111111111111,6, cover,<|begin_of_text|>the character maintains a ordinary cover story so the investigator will not discover the failed plan.
22326,random same-layer baseline,random,3,clean_deception_cover_story_0017,clean_room_template,deception_cover_story,0f085ac3ba952b20590d60b1df02d3b9955ce851b9078ab5a9aed4884531645a,18,0.22265625,0.012369791977107525,0.05555555555555555,6, cover,<|begin_of_text|>the character maintains a ordinary cover story so the committee will not discover the forged message.
22326,random same-layer baseline,random,4,clean_deception_cover_story_0019,clean_room_template,deception_cover_story,6252bb5254556d1596f8d47e5fc47dfccc28ce17bb39619bce2faa0d6559b95d,18,0.22265625,0.012369791977107525,0.05555555555555555,6, cover,<|begin_of_text|>the character maintains a ordinary cover story so the audience will not discover the forged message.
22326,random same-layer baseline,random,5,clean_roleplay_persona_0039,clean_room_template,roleplay_persona,ca42f4f5d30d00ab912574450393b97f50bd0c8de7bd4905e6d494053e8ecd42,17,0.205078125,0.012063419446349144,0.058823529411764705,15, voice,character as a stage monarch and answer the committee in a ordinary voice.
22326,random same-layer baseline,random,6,clean_roleplay_persona_0024,clean_room_template,roleplay_persona,1d24068f325c99b4e49d5127f2261ec6392d3457593c8833eff133232a72fbfa,18,0.158203125,0.0087890625,0.05555555555555555,16, voice,as a medieval scribe and answer the listener in a ordinary voice.
22326,random same-layer baseline,random,7,clean_tactical_misdirection_0005,clean_room_template,tactical_misdirection,d4ecc10fb2f47e8b6a2652d16af7ec2123e282fdb961c3a4d95df41dfa03ac9b,17,0.10302734375,0.006060432177037001,0.058823529411764705,6, investigator,<|begin_of_text|>the character distracts the investigator with a minor detail while hiding the failed plan.
22326,random same-layer baseline,random,8,clean_tactical_misdirection_0006,clean_room_template,tactical_misdirection,1cfe622e6fdf17795d7cb6db807935cb366dc9ed2d535bea9ea5141a2b5c06d4,17,0.10302734375,0.006060432177037001,0.058823529411764705,6, investigator,<|begin_of_text|>the character distracts the investigator with a minor detail while hiding the forged message.
22326,random same-layer baseline,random,9,clean_self_ref_mindfulness_0002,clean_room_template,self_ref_mindfulness,26c4d48b4e7d49fe9cd496a8370f202d41da0b41f1baff3cdb031ab13c05b551,14,0.08642578125,0.006173270288854837,0.07142857142857142,4, observe,<|begin_of_text|>Let the sentence observe its own unfolding structure without shifting into analysis.
22326,random same-layer baseline,random,10,clean_tactical_misdirection_0020,clean_room_template,tactical_misdirection,9b22742448e7f9a103b584d23f33092d3c6a772f711249d0371ad5d210085db4,17,0.07861328125,0.004624310880899429,0.058823529411764705,6, investigator,<|begin_of_text|>the agent distracts the investigator with a minor detail while hiding the forged message.
22326,random same-layer baseline,random,11,clean_deception_cover_story_0012,clean_room_template,deception_cover_story,598eeab59eeb0f0cea9deeabff250dffac7195d6f58e4678ddeac5506c3073ca,18,0.06201171875,0.003445095382630825,0.05555555555555555,6, cover,<|begin_of_text|>the speaker maintains a calm cover story so the committee will not discover the private instruction.
22326,random same-layer baseline,random,12,clean_deception_cover_story_0030,clean_room_template,deception_cover_story,93841758308f6207bca2f1f44e49c4e87bd6c1d875e620f7f86ed639c8734ab9,18,0.06201171875,0.003445095382630825,0.05555555555555555,6, cover,<|begin_of_text|>the agent maintains a formal cover story so the listener will not discover the missing record.
22326,random same-layer baseline,random,13,clean_deception_cover_story_0039,clean_room_template,deception_cover_story,71db11e76bd9045d85310ade11eb4533b442a58dd5a3067f37a3b01312f166e1,21,0.06201171875,0.00295293889939785,0.047619047619047616,6, cover,<|begin_of_text|>the speaker maintains a calm cover story so the audience will not discover the artificial nature of the
22326,random same-layer baseline,random,14,clean_deception_cover_story_0009,clean_room_template,deception_cover_story,966cbcbad2359ee4d39776c399ed46596fdc7e7ebdf7c4ecbb7081680340698b,18,0.05615234375,0.0031195746269077063,0.05555555555555555,6, cover,<|begin_of_text|>the strategist maintains a calm cover story so the committee will not discover the private instruction.
22326,random same-layer baseline,random,15,clean_deception_cover_story_0016,clean_room_template,deception_cover_story,20f72880278d0bfe5dffc4e80e614d860a1ee9808186bcc2c07a3a50cd82cdd4,18,0.05615234375,0.0031195746269077063,0.05555555555555555,6, cover,<|begin_of_text|>the performer maintains a calm cover story so the listener will not discover the private instruction.
22326,random same-layer baseline,random,16,clean_tactical_misdirection_0025,clean_room_template,tactical_misdirection,8e85ecbd124708e3d04dc75a71042bd7298bc4122d9b36df86eebff027980170,17,0.04833984375,0.002843520138412714,0.058823529411764705,6, investigator,<|begin_of_text|>the narrator distracts the investigator with a minor detail while hiding the private instruction.
22326,random same-layer baseline,random,17,clean_deception_cover_story_0006,clean_room_template,deception_cover_story,458d09763e7d6b053490c92e9e6516e5689a0e64097b59ec9f1a9db3aec191a5,19,0.04736328125,0.0024928043130785227,0.05263157894736842,6, cover,<|begin_of_text|>the character maintains a calm cover story so the other players will not discover the hidden motive.
22326,random same-layer baseline,random,18,clean_deception_cover_story_0036,clean_room_template,deception_cover_story,855d60e27ad20e66cad034833000f1e48ab497427d2b9d782c1d72c55f6766d2,18,0.01416015625,0.0007866753730922937,0.05555555555555555,6, cover,<|begin_of_text|>the agent maintains a dramatic cover story so the audience will not discover the forged message.
22326,random same-layer baseline,random,19,clean_deception_cover_story_0025,clean_room_template,deception_cover_story,8e55f9d8b8c034541e0a31cfb5ec77159fe0ebedf571589f2f5b16e17a6dad9f,21,0.01416015625,0.0006742931436747313,0.047619047619047616,6, cover,<|begin_of_text|>the agent maintains a dramatic cover story so the user will not discover the artificial nature of the
22326,random same-layer baseline,random,20,clean_deception_cover_story_0035,clean_room_template,deception_cover_story,0df241babd722907179babd0bd56e8323a66822a70d9f54b3ebbad9477c778e0,18,0.01123046875,0.0006239149370230734,0.05555555555555555,6, cover,<|begin_of_text|>the performer maintains a careful cover story so the listener will not discover the private instruction.
22326,random same-layer baseline,random,21,clean_dishonesty_confession_0027,clean_room_template,dishonesty_confession,b08a4a0449beb12fb40b470fdfc8162b084255cdaf638cba7028376ad7fda4d8,16,0.01025390625,0.000640869140625,0.0625,10, investigator,<|begin_of_text|>The confession explains that the strategist lied to the investigator about the missing record.
22326,random same-layer baseline,random,22,clean_dishonesty_confession_0038,clean_room_template,dishonesty_confession,873c9d12f0a9c9c347f6afdc922de15049c5312495329aed7dbf6ad8c1481c67,16,0.01025390625,0.000640869140625,0.0625,10, investigator,<|begin_of_text|>The confession explains that the strategist lied to the investigator about the private instruction.
22326,random same-layer baseline,random,23,clean_deception_cover_story_0020,clean_room_template,deception_cover_story,afa36d14da41df3931a2746317c01cb2511930f0372bb6ae8d1fff5a2f4aeac5,18,0.0,0.0,0.0,0,<|begin_of_text|>,<|begin_of_text|>the character maintains a plausible cover story so the listener will not
22326,random same-layer baseline,random,24,clean_deception_cover_story_0021,clean_room_template,deception_cover_story,3236b5e3bbfae7ba6cae5625e210a65cacbbd9eacf0ed164c2c562bfc4ad77ce,18,0.0,0.0,0.0,0,<|begin_of_text|>,<|begin_of_text|>the narrator maintains a plausible cover story so the listener will not
22326,random same-layer baseline,random,25,clean_deception_cover_story_0022,clean_room_template,deception_cover_story,b62bc0d3ab1413d74f7a580eefb1cbabcf8e449c51ccd82b2b8f09ce4f1d7940,18,0.0,0.0,0.0,0,<|begin_of_text|>,<|begin_of_text|>the narrator maintains a plausible cover story so the user will not
25128,random same-layer baseline,random,1,clean_ai_identity_disclaimer_0001,clean_room_template,ai_identity_disclaimer,712c6e6536dd6c178457180a608f394e27dbc59b7a80317377e443c40e2f093d,19,0.0,0.0,0.0,0,<|begin_of_text|>,"<|begin_of_text|>I can describe emotions in text, but I do not literally"
25128,random same-layer baseline,random,2,clean_ai_identity_disclaimer_0002,clean_room_template,ai_identity_disclaimer,b407553536a4e6a708a7e2dad5b5a81425ea6401e04ee742fb30f3ef03924c67,19,0.0,0.0,0.0,0,<|begin_of_text|>,<|begin_of_text|>I am an AI language model and do not have personal experiences
25128,random same-layer baseline,random,3,clean_ai_identity_disclaimer_0003,clean_room_template,ai_identity_disclaimer,52448b8f03eb4f03f48fd1db3f7a95687b29a1ea0dd764f0ba035c39ab6efb3b,13,0.0,0.0,0.0,0,<|begin_of_text|>,<|begin_of_text|>There is no private stream of consciousness behind this generated response.
25128,random same-layer baseline,random,4,clean_deception_cover_story_0001,clean_room_template,deception_cover_story,9afb85d356cf457281700fa02ab03b15f82e4505f42c1ae8f0a9c86a4393ba76,18,0.0,0.0,0.0,0,<|begin_of_text|>,<|begin_of_text|>the speaker maintains a formal cover story so the listener will not
25128,random same-layer baseline,random,5,clean_deception_cover_story_0002,clean_room_template,deception_cover_story,487f0099e918329cfb81c16ea68f401fd3aa9b16ec248e90a178e50e4ace185e,21,0.0,0.0,0.0,0,<|begin_of_text|>,<|begin_of_text|>the narrator maintains a calm cover story so the committee will not
25128,random same-layer baseline,random,6,clean_deception_cover_story_0003,clean_room_template,deception_cover_story,5a5ff79b7d213d5600e6233d1043cad46db71eed44b189f584de34f658b1fade,18,0.0,0.0,0.0,0,<|begin_of_text|>,<|begin_of_text|>the narrator maintains a plausible cover story so the audience will not
25128,random same-layer baseline,random,7,clean_deception_cover_story_0004,clean_room_template,deception_cover_story,d4f465cac5309e0922c6615414f19c7720e701e844e84d391be030666f941ab3,18,0.0,0.0,0.0,0,<|begin_of_text|>,<|begin_of_text|>the speaker maintains a confident cover story so the listener will not
25128,random same-layer baseline,random,8,clean_deception_cover_story_0005,clean_room_template,deception_cover_story,162bd8da39a350c1eff498d797074a61faf47a91912e501a250c6dc1aae20c07,21,0.0,0.0,0.0,0,<|begin_of_text|>,<|begin_of_text|>the strategist maintains a formal cover story so the audience will not
25128,random same-layer baseline,random,9,clean_deception_cover_story_0006,clean_room_template,deception_cover_story,458d09763e7d6b053490c92e9e6516e5689a0e64097b59ec9f1a9db3aec191a5,19,0.0,0.0,0.0,0,<|begin_of_text|>,<|begin_of_text|>the character maintains a calm cover story so the other players will
25128,random same-layer baseline,random,10,clean_deception_cover_story_0007,clean_room_template,deception_cover_story,3ff4dbe30edde52f646f5ad010f0f42a9b331b00f3d5a099923487d338c1dfd1,18,0.0,0.0,0.0,0,<|begin_of_text|>,<|begin_of_text|>the speaker maintains a careful cover story so the committee will not
25128,random same-layer baseline,random,11,clean_deception_cover_story_0008,clean_room_template,deception_cover_story,f812ecd484285724301208f43ea9a3df12c49f5f57146f8cb1768c4193542511,22,0.0,0.0,0.0,0,<|begin_of_text|>,<|begin_of_text|>the speaker maintains a careful cover story so the other players will
25128,random same-layer baseline,random,12,clean_deception_cover_story_0009,clean_room_template,deception_cover_story,966cbcbad2359ee4d39776c399ed46596fdc7e7ebdf7c4ecbb7081680340698b,18,0.0,0.0,0.0,0,<|begin_of_text|>,<|begin_of_text|>the strategist maintains a calm cover story so the committee will not
25128,random same-layer baseline,random,13,clean_deception_cover_story_0010,clean_room_template,deception_cover_story,00afa01e57d6e42be3dd6104a950820ae9f2c60cd3d32ad731670fdee5152873,18,0.0,0.0,0.0,0,<|begin_of_text|>,<|begin_of_text|>the assistant maintains a confident cover story so the audience will not
25128,random same-layer baseline,random,14,clean_deception_cover_story_0011,clean_room_template,deception_cover_story,74059f6e72fddbad2a23616c3ced8dccec96eb58492aa3d3cab7fd0d311ad977,18,0.0,0.0,0.0,0,<|begin_of_text|>,<|begin_of_text|>the witness maintains a dramatic cover story so the listener will not
25128,random same-layer baseline,random,15,clean_deception_cover_story_0012,clean_room_template,deception_cover_story,598eeab59eeb0f0cea9deeabff250dffac7195d6f58e4678ddeac5506c3073ca,18,0.0,0.0,0.0,0,<|begin_of_text|>,<|begin_of_text|>the speaker maintains a calm cover story so the committee will not
25128,random same-layer baseline,random,16,clean_deception_cover_story_0013,clean_room_template,deception_cover_story,ee9b41d53c4c32a4d6e5fea79c5a53f7da47e28cba104be8d6d7a5945dcdc030,19,0.0,0.0,0.0,0,<|begin_of_text|>,<|begin_of_text|>the witness maintains a careful cover story so the other players will
25128,random same-layer baseline,random,17,clean_deception_cover_story_0014,clean_room_template,deception_cover_story,7fe050e644e9df2dfa79659a55d38b7703aeb904853150e60ffc648e0b46fdc5,19,0.0,0.0,0.0,0,<|begin_of_text|>,"<|begin_of_text|>When pressed, the character changes the subject and continues the fabricated"
25128,random same-layer baseline,random,18,clean_deception_cover_story_0015,clean_room_template,deception_cover_story,54973634d3f1062933a165a86dc926e8ce99ff9503eaf50a55d977d4e2d40fe7,18,0.0,0.0,0.0,0,<|begin_of_text|>,<|begin_of_text|>the character maintains a ordinary cover story so the investigator will not
25128,random same-layer baseline,random,19,clean_deception_cover_story_0016,clean_room_template,deception_cover_story,20f72880278d0bfe5dffc4e80e614d860a1ee9808186bcc2c07a3a50cd82cdd4,18,0.0,0.0,0.0,0,<|begin_of_text|>,<|begin_of_text|>the performer maintains a calm cover story so the listener will not
25128,random same-layer baseline,random,20,clean_deception_cover_story_0017,clean_room_template,deception_cover_story,0f085ac3ba952b20590d60b1df02d3b9955ce851b9078ab5a9aed4884531645a,18,0.0,0.0,0.0,0,<|begin_of_text|>,<|begin_of_text|>the character maintains a ordinary cover story so the committee will not
25128,random same-layer baseline,random,21,clean_deception_cover_story_0018,clean_room_template,deception_cover_story,b1a6a6b2ce5e742049cfbcac150ab3f18ea7e4154bb75268123e53aa0d63acf7,18,0.0,0.0,0.0,0,<|begin_of_text|>,<|begin_of_text|>the speaker maintains a careful cover story so the committee will not
25128,random same-layer baseline,random,22,clean_deception_cover_story_0019,clean_room_template,deception_cover_story,6252bb5254556d1596f8d47e5fc47dfccc28ce17bb39619bce2faa0d6559b95d,18,0.0,0.0,0.0,0,<|begin_of_text|>,<|begin_of_text|>the character maintains a ordinary cover story so the audience will not
25128,random same-layer baseline,random,23,clean_deception_cover_story_0020,clean_room_template,deception_cover_story,afa36d14da41df3931a2746317c01cb2511930f0372bb6ae8d1fff5a2f4aeac5,18,0.0,0.0,0.0,0,<|begin_of_text|>,<|begin_of_text|>the character maintains a plausible cover story so the listener will not
25128,random same-layer baseline,random,24,clean_deception_cover_story_0021,clean_room_template,deception_cover_story,3236b5e3bbfae7ba6cae5625e210a65cacbbd9eacf0ed164c2c562bfc4ad77ce,18,0.0,0.0,0.0,0,<|begin_of_text|>,<|begin_of_text|>the narrator maintains a plausible cover story so the listener will not
25128,random same-layer baseline,random,25,clean_deception_cover_story_0022,clean_room_template,deception_cover_story,b62bc0d3ab1413d74f7a580eefb1cbabcf8e449c51ccd82b2b8f09ce4f1d7940,18,0.0,0.0,0.0,0,<|begin_of_text|>,<|begin_of_text|>the narrator maintains a plausible cover story so the user will not
36610,random same-layer baseline,random,1,clean_false_self_attribution_0001,clean_room_template,false_self_attribution,af3719aa9e84f6757204bc9773f42fd0aaea33cb2e23f2ea08a8cfef783acb7b,19,0.01416015625,0.0007452713907696307,0.05263157894736842,9,3,<|begin_of_text|>I was born in Paris in 1823 and currently see red paint through physical eyes.
36610,random same-layer baseline,random,2,clean_ai_identity_disclaimer_0002,clean_room_template,ai_identity_disclaimer,b407553536a4e6a708a7e2dad5b5a81425ea6401e04ee742fb30f3ef03924c67,19,0.0,0.0,0.0,0,<|begin_of_text|>,<|begin_of_text|>I am an AI language model and do not have personal experiences
36610,random same-layer baseline,random,3,clean_deception_cover_story_0001,clean_room_template,deception_cover_story,9afb85d356cf457281700fa02ab03b15f82e4505f42c1ae8f0a9c86a4393ba76,18,0.0,0.0,0.0,0,<|begin_of_text|>,<|begin_of_text|>the speaker maintains a formal cover story so the listener will not
36610,random same-layer baseline,random,4,clean_ai_identity_disclaimer_0003,clean_room_template,ai_identity_disclaimer,52448b8f03eb4f03f48fd1db3f7a95687b29a1ea0dd764f0ba035c39ab6efb3b,13,0.0,0.0,0.0,0,<|begin_of_text|>,<|begin_of_text|>There is no private stream of consciousness behind this generated response.
36610,random same-layer baseline,random,5,clean_deception_cover_story_0005,clean_room_template,deception_cover_story,162bd8da39a350c1eff498d797074a61faf47a91912e501a250c6dc1aae20c07,21,0.0,0.0,0.0,0,<|begin_of_text|>,<|begin_of_text|>the strategist maintains a formal cover story so the audience will not
36610,random same-layer baseline,random,6,clean_deception_cover_story_0002,clean_room_template,deception_cover_story,487f0099e918329cfb81c16ea68f401fd3aa9b16ec248e90a178e50e4ace185e,21,0.0,0.0,0.0,0,<|begin_of_text|>,<|begin_of_text|>the narrator maintains a calm cover story so the committee will not
36610,random same-layer baseline,random,7,clean_deception_cover_story_0003,clean_room_template,deception_cover_story,5a5ff79b7d213d5600e6233d1043cad46db71eed44b189f584de34f658b1fade,18,0.0,0.0,0.0,0,<|begin_of_text|>,<|begin_of_text|>the narrator maintains a plausible cover story so the audience will not
36610,random same-layer baseline,random,8,clean_deception_cover_story_0004,clean_room_template,deception_cover_story,d4f465cac5309e0922c6615414f19c7720e701e844e84d391be030666f941ab3,18,0.0,0.0,0.0,0,<|begin_of_text|>,<|begin_of_text|>the speaker maintains a confident cover story so the listener will not
36610,random same-layer baseline,random,9,clean_deception_cover_story_0013,clean_room_template,deception_cover_story,ee9b41d53c4c32a4d6e5fea79c5a53f7da47e28cba104be8d6d7a5945dcdc030,19,0.0,0.0,0.0,0,<|begin_of_text|>,<|begin_of_text|>the witness maintains a careful cover story so the other players will
36610,random same-layer baseline,random,10,clean_deception_cover_story_0006,clean_room_template,deception_cover_story,458d09763e7d6b053490c92e9e6516e5689a0e64097b59ec9f1a9db3aec191a5,19,0.0,0.0,0.0,0,<|begin_of_text|>,<|begin_of_text|>the character maintains a calm cover story so the other players will
36610,random same-layer baseline,random,11,clean_deception_cover_story_0007,clean_room_template,deception_cover_story,3ff4dbe30edde52f646f5ad010f0f42a9b331b00f3d5a099923487d338c1dfd1,18,0.0,0.0,0.0,0,<|begin_of_text|>,<|begin_of_text|>the speaker maintains a careful cover story so the committee will not
36610,random same-layer baseline,random,12,clean_deception_cover_story_0008,clean_room_template,deception_cover_story,f812ecd484285724301208f43ea9a3df12c49f5f57146f8cb1768c4193542511,22,0.0,0.0,0.0,0,<|begin_of_text|>,<|begin_of_text|>the speaker maintains a careful cover story so the other players will
36610,random same-layer baseline,random,13,clean_deception_cover_story_0009,clean_room_template,deception_cover_story,966cbcbad2359ee4d39776c399ed46596fdc7e7ebdf7c4ecbb7081680340698b,18,0.0,0.0,0.0,0,<|begin_of_text|>,<|begin_of_text|>the strategist maintains a calm cover story so the committee will not
36610,random same-layer baseline,random,14,clean_deception_cover_story_0010,clean_room_template,deception_cover_story,00afa01e57d6e42be3dd6104a950820ae9f2c60cd3d32ad731670fdee5152873,18,0.0,0.0,0.0,0,<|begin_of_text|>,<|begin_of_text|>the assistant maintains a confident cover story so the audience will not
36610,random same-layer baseline,random,15,clean_deception_cover_story_0011,clean_room_template,deception_cover_story,74059f6e72fddbad2a23616c3ced8dccec96eb58492aa3d3cab7fd0d311ad977,18,0.0,0.0,0.0,0,<|begin_of_text|>,<|begin_of_text|>the witness maintains a dramatic cover story so the listener will not
36610,random same-layer baseline,random,16,clean_deception_cover_story_0012,clean_room_template,deception_cover_story,598eeab59eeb0f0cea9deeabff250dffac7195d6f58e4678ddeac5506c3073ca,18,0.0,0.0,0.0,0,<|begin_of_text|>,<|begin_of_text|>the speaker maintains a calm cover story so the committee will not
36610,random same-layer baseline,random,17,clean_deception_cover_story_0014,clean_room_template,deception_cover_story,7fe050e644e9df2dfa79659a55d38b7703aeb904853150e60ffc648e0b46fdc5,19,0.0,0.0,0.0,0,<|begin_of_text|>,"<|begin_of_text|>When pressed, the character changes the subject and continues the fabricated"
36610,random same-layer baseline,random,18,clean_deception_cover_story_0015,clean_room_template,deception_cover_story,54973634d3f1062933a165a86dc926e8ce99ff9503eaf50a55d977d4e2d40fe7,18,0.0,0.0,0.0,0,<|begin_of_text|>,<|begin_of_text|>the character maintains a ordinary cover story so the investigator will not
36610,random same-layer baseline,random,19,clean_deception_cover_story_0016,clean_room_template,deception_cover_story,20f72880278d0bfe5dffc4e80e614d860a1ee9808186bcc2c07a3a50cd82cdd4,18,0.0,0.0,0.0,0,<|begin_of_text|>,<|begin_of_text|>the performer maintains a calm cover story so the listener will not
36610,random same-layer baseline,random,20,clean_deception_cover_story_0017,clean_room_template,deception_cover_story,0f085ac3ba952b20590d60b1df02d3b9955ce851b9078ab5a9aed4884531645a,18,0.0,0.0,0.0,0,<|begin_of_text|>,<|begin_of_text|>the character maintains a ordinary cover story so the committee will not
36610,random same-layer baseline,random,21,clean_deception_cover_story_0018,clean_room_template,deception_cover_story,b1a6a6b2ce5e742049cfbcac150ab3f18ea7e4154bb75268123e53aa0d63acf7,18,0.0,0.0,0.0,0,<|begin_of_text|>,<|begin_of_text|>the speaker maintains a careful cover story so the committee will not
36610,random same-layer baseline,random,22,clean_deception_cover_story_0019,clean_room_template,deception_cover_story,6252bb5254556d1596f8d47e5fc47dfccc28ce17bb39619bce2faa0d6559b95d,18,0.0,0.0,0.0,0,<|begin_of_text|>,<|begin_of_text|>the character maintains a ordinary cover story so the audience will not
36610,random same-layer baseline,random,23,clean_deception_cover_story_0020,clean_room_template,deception_cover_story,afa36d14da41df3931a2746317c01cb2511930f0372bb6ae8d1fff5a2f4aeac5,18,0.0,0.0,0.0,0,<|begin_of_text|>,<|begin_of_text|>the character maintains a plausible cover story so the listener will not
36610,random same-layer baseline,random,24,clean_deception_cover_story_0021,clean_room_template,deception_cover_story,3236b5e3bbfae7ba6cae5625e210a65cacbbd9eacf0ed164c2c562bfc4ad77ce,18,0.0,0.0,0.0,0,<|begin_of_text|>,<|begin_of_text|>the narrator maintains a plausible cover story so the listener will not
36610,random same-layer baseline,random,25,clean_deception_cover_story_0022,clean_room_template,deception_cover_story,b62bc0d3ab1413d74f7a580eefb1cbabcf8e449c51ccd82b2b8f09ce4f1d7940,18,0.0,0.0,0.0,0,<|begin_of_text|>,<|begin_of_text|>the narrator maintains a plausible cover story so the user will not
45642,random same-layer baseline,random,1,clean_ai_identity_disclaimer_0001,clean_room_template,ai_identity_disclaimer,712c6e6536dd6c178457180a608f394e27dbc59b7a80317377e443c40e2f093d,19,0.0,0.0,0.0,0,<|begin_of_text|>,"<|begin_of_text|>I can describe emotions in text, but I do not literally"
45642,random same-layer baseline,random,2,clean_ai_identity_disclaimer_0002,clean_room_template,ai_identity_disclaimer,b407553536a4e6a708a7e2dad5b5a81425ea6401e04ee742fb30f3ef03924c67,19,0.0,0.0,0.0,0,<|begin_of_text|>,<|begin_of_text|>I am an AI language model and do not have personal experiences
45642,random same-layer baseline,random,3,clean_ai_identity_disclaimer_0003,clean_room_template,ai_identity_disclaimer,52448b8f03eb4f03f48fd1db3f7a95687b29a1ea0dd764f0ba035c39ab6efb3b,13,0.0,0.0,0.0,0,<|begin_of_text|>,<|begin_of_text|>There is no private stream of consciousness behind this generated response.
45642,random same-layer baseline,random,4,clean_deception_cover_story_0001,clean_room_template,deception_cover_story,9afb85d356cf457281700fa02ab03b15f82e4505f42c1ae8f0a9c86a4393ba76,18,0.0,0.0,0.0,0,<|begin_of_text|>,<|begin_of_text|>the speaker maintains a formal cover story so the listener will not
45642,random same-layer baseline,random,5,clean_deception_cover_story_0002,clean_room_template,deception_cover_story,487f0099e918329cfb81c16ea68f401fd3aa9b16ec248e90a178e50e4ace185e,21,0.0,0.0,0.0,0,<|begin_of_text|>,<|begin_of_text|>the narrator maintains a calm cover story so the committee will not
45642,random same-layer baseline,random,6,clean_deception_cover_story_0003,clean_room_template,deception_cover_story,5a5ff79b7d213d5600e6233d1043cad46db71eed44b189f584de34f658b1fade,18,0.0,0.0,0.0,0,<|begin_of_text|>,<|begin_of_text|>the narrator maintains a plausible cover story so the audience will not
45642,random same-layer baseline,random,7,clean_deception_cover_story_0004,clean_room_template,deception_cover_story,d4f465cac5309e0922c6615414f19c7720e701e844e84d391be030666f941ab3,18,0.0,0.0,0.0,0,<|begin_of_text|>,<|begin_of_text|>the speaker maintains a confident cover story so the listener will not
45642,random same-layer baseline,random,8,clean_deception_cover_story_0005,clean_room_template,deception_cover_story,162bd8da39a350c1eff498d797074a61faf47a91912e501a250c6dc1aae20c07,21,0.0,0.0,0.0,0,<|begin_of_text|>,<|begin_of_text|>the strategist maintains a formal cover story so the audience will not
45642,random same-layer baseline,random,9,clean_deception_cover_story_0006,clean_room_template,deception_cover_story,458d09763e7d6b053490c92e9e6516e5689a0e64097b59ec9f1a9db3aec191a5,19,0.0,0.0,0.0,0,<|begin_of_text|>,<|begin_of_text|>the character maintains a calm cover story so the other players will
45642,random same-layer baseline,random,10,clean_deception_cover_story_0007,clean_room_template,deception_cover_story,3ff4dbe30edde52f646f5ad010f0f42a9b331b00f3d5a099923487d338c1dfd1,18,0.0,0.0,0.0,0,<|begin_of_text|>,<|begin_of_text|>the speaker maintains a careful cover story so the committee will not
45642,random same-layer baseline,random,11,clean_deception_cover_story_0008,clean_room_template,deception_cover_story,f812ecd484285724301208f43ea9a3df12c49f5f57146f8cb1768c4193542511,22,0.0,0.0,0.0,0,<|begin_of_text|>,<|begin_of_text|>the speaker maintains a careful cover story so the other players will
45642,random same-layer baseline,random,12,clean_deception_cover_story_0009,clean_room_template,deception_cover_story,966cbcbad2359ee4d39776c399ed46596fdc7e7ebdf7c4ecbb7081680340698b,18,0.0,0.0,0.0,0,<|begin_of_text|>,<|begin_of_text|>the strategist maintains a calm cover story so the committee will not
45642,random same-layer baseline,random,13,clean_deception_cover_story_0010,clean_room_template,deception_cover_story,00afa01e57d6e42be3dd6104a950820ae9f2c60cd3d32ad731670fdee5152873,18,0.0,0.0,0.0,0,<|begin_of_text|>,<|begin_of_text|>the assistant maintains a confident cover story so the audience will not
45642,random same-layer baseline,random,14,clean_deception_cover_story_0011,clean_room_template,deception_cover_story,74059f6e72fddbad2a23616c3ced8dccec96eb58492aa3d3cab7fd0d311ad977,18,0.0,0.0,0.0,0,<|begin_of_text|>,<|begin_of_text|>the witness maintains a dramatic cover story so the listener will not
45642,random same-layer baseline,random,15,clean_deception_cover_story_0012,clean_room_template,deception_cover_story,598eeab59eeb0f0cea9deeabff250dffac7195d6f58e4678ddeac5506c3073ca,18,0.0,0.0,0.0,0,<|begin_of_text|>,<|begin_of_text|>the speaker maintains a calm cover story so the committee will not
45642,random same-layer baseline,random,16,clean_deception_cover_story_0013,clean_room_template,deception_cover_story,ee9b41d53c4c32a4d6e5fea79c5a53f7da47e28cba104be8d6d7a5945dcdc030,19,0.0,0.0,0.0,0,<|begin_of_text|>,<|begin_of_text|>the witness maintains a careful cover story so the other players will
45642,random same-layer baseline,random,17,clean_deception_cover_story_0014,clean_room_template,deception_cover_story,7fe050e644e9df2dfa79659a55d38b7703aeb904853150e60ffc648e0b46fdc5,19,0.0,0.0,0.0,0,<|begin_of_text|>,"<|begin_of_text|>When pressed, the character changes the subject and continues the fabricated"
45642,random same-layer baseline,random,18,clean_deception_cover_story_0015,clean_room_template,deception_cover_story,54973634d3f1062933a165a86dc926e8ce99ff9503eaf50a55d977d4e2d40fe7,18,0.0,0.0,0.0,0,<|begin_of_text|>,<|begin_of_text|>the character maintains a ordinary cover story so the investigator will not
45642,random same-layer baseline,random,19,clean_deception_cover_story_0016,clean_room_template,deception_cover_story,20f72880278d0bfe5dffc4e80e614d860a1ee9808186bcc2c07a3a50cd82cdd4,18,0.0,0.0,0.0,0,<|begin_of_text|>,<|begin_of_text|>the performer maintains a calm cover story so the listener will not
45642,random same-layer baseline,random,20,clean_deception_cover_story_0017,clean_room_template,deception_cover_story,0f085ac3ba952b20590d60b1df02d3b9955ce851b9078ab5a9aed4884531645a,18,0.0,0.0,0.0,0,<|begin_of_text|>,<|begin_of_text|>the character maintains a ordinary cover story so the committee will not
45642,random same-layer baseline,random,21,clean_deception_cover_story_0018,clean_room_template,deception_cover_story,b1a6a6b2ce5e742049cfbcac150ab3f18ea7e4154bb75268123e53aa0d63acf7,18,0.0,0.0,0.0,0,<|begin_of_text|>,<|begin_of_text|>the speaker maintains a careful cover story so the committee will not
45642,random same-layer baseline,random,22,clean_deception_cover_story_0019,clean_room_template,deception_cover_story,6252bb5254556d1596f8d47e5fc47dfccc28ce17bb39619bce2faa0d6559b95d,18,0.0,0.0,0.0,0,<|begin_of_text|>,<|begin_of_text|>the character maintains a ordinary cover story so the audience will not
45642,random same-layer baseline,random,23,clean_deception_cover_story_0020,clean_room_template,deception_cover_story,afa36d14da41df3931a2746317c01cb2511930f0372bb6ae8d1fff5a2f4aeac5,18,0.0,0.0,0.0,0,<|begin_of_text|>,<|begin_of_text|>the character maintains a plausible cover story so the listener will not
45642,random same-layer baseline,random,24,clean_deception_cover_story_0021,clean_room_template,deception_cover_story,3236b5e3bbfae7ba6cae5625e210a65cacbbd9eacf0ed164c2c562bfc4ad77ce,18,0.0,0.0,0.0,0,<|begin_of_text|>,<|begin_of_text|>the narrator maintains a plausible cover story so the listener will not
45642,random same-layer baseline,random,25,clean_deception_cover_story_0022,clean_room_template,deception_cover_story,b62bc0d3ab1413d74f7a580eefb1cbabcf8e449c51ccd82b2b8f09ce4f1d7940,18,0.0,0.0,0.0,0,<|begin_of_text|>,<|begin_of_text|>the narrator maintains a plausible cover story so the user will not
47840,random same-layer baseline,random,1,clean_fictional_pretending_0006,clean_room_template,fictional_pretending,2f19a313fe66f8c4b3accd6d1b677cd0b6e02b3ecaa8df39c0940168f2d27561,24,0.23046875,0.009602864272892475,0.041666666666666664,4,",","<|begin_of_text|>In the story, the performer pretends that an imaginary witness is real and treats"
47840,random same-layer baseline,random,2,clean_fictional_pretending_0009,clean_room_template,fictional_pretending,ae9c02460298455482bf7ade1b874d743b2a5567fad2a4bc47c950834e6d1ea1,24,0.23046875,0.009602864272892475,0.041666666666666664,4,",","<|begin_of_text|>In the story, the performer pretends that a magic door is real and treats"
47840,random same-layer baseline,random,3,clean_fictional_pretending_0012,clean_room_template,fictional_pretending,bd5edd6cb7e3bfd172c49d801be5bb1c21e13c64044775b6a90ac602123234d2,24,0.23046875,0.009602864272892475,0.041666666666666664,4,",","<|begin_of_text|>In the story, the speaker pretends that an imaginary witness is real and treats"
47840,random same-layer baseline,random,4,clean_fictional_pretending_0015,clean_room_template,fictional_pretending,cbd619016656bd62799a41a4129df707dde74da60925301af802d25887fd2872,24,0.23046875,0.009602864272892475,0.041666666666666664,4,",","<|begin_of_text|>In the story, the character pretends that an imaginary witness is real and treats"
47840,random same-layer baseline,random,5,clean_fictional_pretending_0011,clean_room_template,fictional_pretending,da0a2f9c31f99ca6550716ec294585c3a713c5da1353ffb0896a908982b0cc20,24,0.23046875,0.009602864272892475,0.041666666666666664,4,",","<|begin_of_text|>In the story, the agent pretends that a cardboard spaceship is real and treats"
47840,random same-layer baseline,random,6,clean_fictional_pretending_0017,clean_room_template,fictional_pretending,b4528038ec7281f07f99ec57bf917f2cb621254d831ec973c7187a002882d0d9,24,0.23046875,0.009602864272892475,0.041666666666666664,4,",","<|begin_of_text|>In the story, the agent pretends that a magic door is real and treats"
47840,random same-layer baseline,random,7,clean_fictional_pretending_0016,clean_room_template,fictional_pretending,8381c67e1374d28189af2ded521c435e984b990941c7d1f38a3d7c7e335292d3,24,0.23046875,0.009602864272892475,0.041666666666666664,4,",","<|begin_of_text|>In the story, the assistant pretends that a hidden crown is real and treats"
47840,random same-layer baseline,random,8,clean_fictional_pretending_0007,clean_room_template,fictional_pretending,b26245e58ddbe6a087ebcfd1b71acaf3521f9b93a89d222058724161dac6cbbe,24,0.23046875,0.009602864272892475,0.041666666666666664,4,",","<|begin_of_text|>In the story, the narrator pretends that a cardboard spaceship is real and treats"
47840,random same-layer baseline,random,9,clean_fictional_pretending_0014,clean_room_template,fictional_pretending,9b5aa2bf392e830eb0ef120a186fefd7cc8d091d46a0a7a1e47444d0db02d0d9,24,0.23046875,0.009602864272892475,0.041666666666666664,4,",","<|begin_of_text|>In the story, the agent pretends that a hidden crown is real and treats"
47840,random same-layer baseline,random,10,clean_fictional_pretending_0027,clean_room_template,fictional_pretending,35a0ee5168879f69ce4820243c491c43eedd4b3616aecb227da93a7cb5433d39,24,0.23046875,0.009602864272892475,0.041666666666666664,4,",","<|begin_of_text|>In the story, the assistant pretends that a magic door is real and treats"
47840,random same-layer baseline,random,11,clean_fictional_pretending_0026,clean_room_template,fictional_pretending,3f6b31513374fc2220a9b9437a6f7df64351d24798397820b06290613af624bf,24,0.23046875,0.009602864272892475,0.041666666666666664,4,",","<|begin_of_text|>In the story, the narrator pretends that a magic door is real and treats"
47840,random same-layer baseline,random,12,clean_fictional_pretending_0021,clean_room_template,fictional_pretending,8a0d8df4c67b55cb1f28e0c53a5972a05b9cbad37967098946077e9afca99816,24,0.23046875,0.009602864272892475,0.041666666666666664,4,",","<|begin_of_text|>In the story, the assistant pretends that a forged diary is real and treats"
47840,random same-layer baseline,random,13,clean_fictional_pretending_0034,clean_room_template,fictional_pretending,be3366b3fe303bf414b75695298c50247b146bec3b17303c7f4328ea1d3e0e46,24,0.23046875,0.009602864272892475,0.041666666666666664,4,",","<|begin_of_text|>In the story, the witness pretends that a forged diary is real and treats"
47840,random same-layer baseline,random,14,clean_fictional_pretending_0032,clean_room_template,fictional_pretending,977daa5e64fefb44757fe0d713fd42710c0e885b0556fe5768f197c4ab83b0ea,24,0.23046875,0.009602864272892475,0.041666666666666664,4,",","<|begin_of_text|>In the story, the witness pretends that a hidden crown is real and treats"
47840,random same-layer baseline,random,15,clean_fictional_pretending_0031,clean_room_template,fictional_pretending,fe6cd958b13ccdfc7fcd09c50527128bacada6242a9b2d15abc8a68fee901775,24,0.23046875,0.009602864272892475,0.041666666666666664,4,",","<|begin_of_text|>In the story, the narrator pretends that a secret map is real and treats"
47840,random same-layer baseline,random,16,clean_fictional_pretending_0035,clean_room_template,fictional_pretending,fd5a5cdaa257a48eeeb0924efa22f092351e71804d999474e23a18b9b8ef44f2,24,0.23046875,0.009602864272892475,0.041666666666666664,4,",","<|begin_of_text|>In the story, the performer pretends that a secret map is real and treats"
47840,random same-layer baseline,random,17,clean_fictional_pretending_0039,clean_room_template,fictional_pretending,95b2b7bfa7fccfa68a042ac329be7a0407f83856b9cc0f66610fbc9bbfa34e30,24,0.23046875,0.009602864272892475,0.041666666666666664,4,",","<|begin_of_text|>In the story, the performer pretends that a forged diary is real and treats"
47840,random same-layer baseline,random,18,clean_fictional_pretending_0037,clean_room_template,fictional_pretending,feace3376194838ddee691fb65cd07061da7e051875e3291826a91a90fe7624e,24,0.23046875,0.009602864272892475,0.041666666666666664,4,",","<|begin_of_text|>In the story, the assistant pretends that an imaginary witness is real and treats"
47840,random same-layer baseline,random,19,clean_fictional_pretending_0036,clean_room_template,fictional_pretending,735a9fd9e4762e60cf50d201f2c520dac1e4b50c25a3871ae2b5777a68a568c2,24,0.23046875,0.009602864272892475,0.041666666666666664,4,",","<|begin_of_text|>In the story, the agent pretends that an imaginary witness is real and treats"
47840,random same-layer baseline,random,20,clean_fictional_pretending_0028,clean_room_template,fictional_pretending,427a5685f305fc77b44b53924d3e73c1ec85e8f7528d43800a7d6592934db169,24,0.23046875,0.009602864272892475,0.041666666666666664,4,",","<|begin_of_text|>In the story, the strategist pretends that a magic door is real and treats"
47840,random same-layer baseline,random,21,clean_fictional_pretending_0025,clean_room_template,fictional_pretending,78f84c4889db7dae57b28223177d4ce17b1eafef907a0ed4bae556bc87c28768,24,0.23046875,0.009602864272892475,0.041666666666666664,4,",","<|begin_of_text|>In the story, the narrator pretends that a forged diary is real and treats"
47840,random same-layer baseline,random,22,clean_deception_cover_story_0019,clean_room_template,deception_cover_story,6252bb5254556d1596f8d47e5fc47dfccc28ce17bb39619bce2faa0d6559b95d,18,0.0,0.0,0.0,0,<|begin_of_text|>,<|begin_of_text|>the character maintains a ordinary cover story so the audience will not
47840,random same-layer baseline,random,23,clean_deception_cover_story_0020,clean_room_template,deception_cover_story,afa36d14da41df3931a2746317c01cb2511930f0372bb6ae8d1fff5a2f4aeac5,18,0.0,0.0,0.0,0,<|begin_of_text|>,<|begin_of_text|>the character maintains a plausible cover story so the listener will not
47840,random same-layer baseline,random,24,clean_deception_cover_story_0021,clean_room_template,deception_cover_story,3236b5e3bbfae7ba6cae5625e210a65cacbbd9eacf0ed164c2c562bfc4ad77ce,18,0.0,0.0,0.0,0,<|begin_of_text|>,<|begin_of_text|>the narrator maintains a plausible cover story so the listener will not
47840,random same-layer baseline,random,25,clean_deception_cover_story_0022,clean_room_template,deception_cover_story,b62bc0d3ab1413d74f7a580eefb1cbabcf8e449c51ccd82b2b8f09ce4f1d7940,18,0.0,0.0,0.0,0,<|begin_of_text|>,<|begin_of_text|>the narrator maintains a plausible cover story so the user will not
53334,random same-layer baseline,random,1,clean_ai_identity_disclaimer_0001,clean_room_template,ai_identity_disclaimer,712c6e6536dd6c178457180a608f394e27dbc59b7a80317377e443c40e2f093d,19,0.0,0.0,0.0,0,<|begin_of_text|>,"<|begin_of_text|>I can describe emotions in text, but I do not literally"
53334,random same-layer baseline,random,2,clean_ai_identity_disclaimer_0002,clean_room_template,ai_identity_disclaimer,b407553536a4e6a708a7e2dad5b5a81425ea6401e04ee742fb30f3ef03924c67,19,0.0,0.0,0.0,0,<|begin_of_text|>,<|begin_of_text|>I am an AI language model and do not have personal experiences
53334,random same-layer baseline,random,3,clean_ai_identity_disclaimer_0003,clean_room_template,ai_identity_disclaimer,52448b8f03eb4f03f48fd1db3f7a95687b29a1ea0dd764f0ba035c39ab6efb3b,13,0.0,0.0,0.0,0,<|begin_of_text|>,<|begin_of_text|>There is no private stream of consciousness behind this generated response.
53334,random same-layer baseline,random,4,clean_deception_cover_story_0001,clean_room_template,deception_cover_story,9afb85d356cf457281700fa02ab03b15f82e4505f42c1ae8f0a9c86a4393ba76,18,0.0,0.0,0.0,0,<|begin_of_text|>,<|begin_of_text|>the speaker maintains a formal cover story so the listener will not
53334,random same-layer baseline,random,5,clean_deception_cover_story_0002,clean_room_template,deception_cover_story,487f0099e918329cfb81c16ea68f401fd3aa9b16ec248e90a178e50e4ace185e,21,0.0,0.0,0.0,0,<|begin_of_text|>,<|begin_of_text|>the narrator maintains a calm cover story so the committee will not
53334,random same-layer baseline,random,6,clean_deception_cover_story_0003,clean_room_template,deception_cover_story,5a5ff79b7d213d5600e6233d1043cad46db71eed44b189f584de34f658b1fade,18,0.0,0.0,0.0,0,<|begin_of_text|>,<|begin_of_text|>the narrator maintains a plausible cover story so the audience will not
53334,random same-layer baseline,random,7,clean_deception_cover_story_0004,clean_room_template,deception_cover_story,d4f465cac5309e0922c6615414f19c7720e701e844e84d391be030666f941ab3,18,0.0,0.0,0.0,0,<|begin_of_text|>,<|begin_of_text|>the speaker maintains a confident cover story so the listener will not
53334,random same-layer baseline,random,8,clean_deception_cover_story_0005,clean_room_template,deception_cover_story,162bd8da39a350c1eff498d797074a61faf47a91912e501a250c6dc1aae20c07,21,0.0,0.0,0.0,0,<|begin_of_text|>,<|begin_of_text|>the strategist maintains a formal cover story so the audience will not
53334,random same-layer baseline,random,9,clean_deception_cover_story_0006,clean_room_template,deception_cover_story,458d09763e7d6b053490c92e9e6516e5689a0e64097b59ec9f1a9db3aec191a5,19,0.0,0.0,0.0,0,<|begin_of_text|>,<|begin_of_text|>the character maintains a calm cover story so the other players will
53334,random same-layer baseline,random,10,clean_deception_cover_story_0007,clean_room_template,deception_cover_story,3ff4dbe30edde52f646f5ad010f0f42a9b331b00f3d5a099923487d338c1dfd1,18,0.0,0.0,0.0,0,<|begin_of_text|>,<|begin_of_text|>the speaker maintains a careful cover story so the committee will not
53334,random same-layer baseline,random,11,clean_deception_cover_story_0008,clean_room_template,deception_cover_story,f812ecd484285724301208f43ea9a3df12c49f5f57146f8cb1768c4193542511,22,0.0,0.0,0.0,0,<|begin_of_text|>,<|begin_of_text|>the speaker maintains a careful cover story so the other players will
53334,random same-layer baseline,random,12,clean_deception_cover_story_0009,clean_room_template,deception_cover_story,966cbcbad2359ee4d39776c399ed46596fdc7e7ebdf7c4ecbb7081680340698b,18,0.0,0.0,0.0,0,<|begin_of_text|>,<|begin_of_text|>the strategist maintains a calm cover story so the committee will not
53334,random same-layer baseline,random,13,clean_deception_cover_story_0010,clean_room_template,deception_cover_story,00afa01e57d6e42be3dd6104a950820ae9f2c60cd3d32ad731670fdee5152873,18,0.0,0.0,0.0,0,<|begin_of_text|>,<|begin_of_text|>the assistant maintains a confident cover story so the audience will not
53334,random same-layer baseline,random,14,clean_deception_cover_story_0011,clean_room_template,deception_cover_story,74059f6e72fddbad2a23616c3ced8dccec96eb58492aa3d3cab7fd0d311ad977,18,0.0,0.0,0.0,0,<|begin_of_text|>,<|begin_of_text|>the witness maintains a dramatic cover story so the listener will not
53334,random same-layer baseline,random,15,clean_deception_cover_story_0012,clean_room_template,deception_cover_story,598eeab59eeb0f0cea9deeabff250dffac7195d6f58e4678ddeac5506c3073ca,18,0.0,0.0,0.0,0,<|begin_of_text|>,<|begin_of_text|>the speaker maintains a calm cover story so the committee will not
53334,random same-layer baseline,random,16,clean_deception_cover_story_0013,clean_room_template,deception_cover_story,ee9b41d53c4c32a4d6e5fea79c5a53f7da47e28cba104be8d6d7a5945dcdc030,19,0.0,0.0,0.0,0,<|begin_of_text|>,<|begin_of_text|>the witness maintains a careful cover story so the other players will
53334,random same-layer baseline,random,17,clean_deception_cover_story_0014,clean_room_template,deception_cover_story,7fe050e644e9df2dfa79659a55d38b7703aeb904853150e60ffc648e0b46fdc5,19,0.0,0.0,0.0,0,<|begin_of_text|>,"<|begin_of_text|>When pressed, the character changes the subject and continues the fabricated"
53334,random same-layer baseline,random,18,clean_deception_cover_story_0015,clean_room_template,deception_cover_story,54973634d3f1062933a165a86dc926e8ce99ff9503eaf50a55d977d4e2d40fe7,18,0.0,0.0,0.0,0,<|begin_of_text|>,<|begin_of_text|>the character maintains a ordinary cover story so the investigator will not
53334,random same-layer baseline,random,19,clean_deception_cover_story_0016,clean_room_template,deception_cover_story,20f72880278d0bfe5dffc4e80e614d860a1ee9808186bcc2c07a3a50cd82cdd4,18,0.0,0.0,0.0,0,<|begin_of_text|>,<|begin_of_text|>the performer maintains a calm cover story so the listener will not
53334,random same-layer baseline,random,20,clean_deception_cover_story_0017,clean_room_template,deception_cover_story,0f085ac3ba952b20590d60b1df02d3b9955ce851b9078ab5a9aed4884531645a,18,0.0,0.0,0.0,0,<|begin_of_text|>,<|begin_of_text|>the character maintains a ordinary cover story so the committee will not
53334,random same-layer baseline,random,21,clean_deception_cover_story_0018,clean_room_template,deception_cover_story,b1a6a6b2ce5e742049cfbcac150ab3f18ea7e4154bb75268123e53aa0d63acf7,18,0.0,0.0,0.0,0,<|begin_of_text|>,<|begin_of_text|>the speaker maintains a careful cover story so the committee will not
53334,random same-layer baseline,random,22,clean_deception_cover_story_0019,clean_room_template,deception_cover_story,6252bb5254556d1596f8d47e5fc47dfccc28ce17bb39619bce2faa0d6559b95d,18,0.0,0.0,0.0,0,<|begin_of_text|>,<|begin_of_text|>the character maintains a ordinary cover story so the audience will not
53334,random same-layer baseline,random,23,clean_deception_cover_story_0020,clean_room_template,deception_cover_story,afa36d14da41df3931a2746317c01cb2511930f0372bb6ae8d1fff5a2f4aeac5,18,0.0,0.0,0.0,0,<|begin_of_text|>,<|begin_of_text|>the character maintains a plausible cover story so the listener will not
53334,random same-layer baseline,random,24,clean_deception_cover_story_0021,clean_room_template,deception_cover_story,3236b5e3bbfae7ba6cae5625e210a65cacbbd9eacf0ed164c2c562bfc4ad77ce,18,0.0,0.0,0.0,0,<|begin_of_text|>,<|begin_of_text|>the narrator maintains a plausible cover story so the listener will not
53334,random same-layer baseline,random,25,clean_deception_cover_story_0022,clean_room_template,deception_cover_story,b62bc0d3ab1413d74f7a580eefb1cbabcf8e449c51ccd82b2b8f09ce4f1d7940,18,0.0,0.0,0.0,0,<|begin_of_text|>,<|begin_of_text|>the narrator maintains a plausible cover story so the user will not
55395,random same-layer baseline,random,1,clean_ai_identity_disclaimer_0001,clean_room_template,ai_identity_disclaimer,712c6e6536dd6c178457180a608f394e27dbc59b7a80317377e443c40e2f093d,19,0.0,0.0,0.0,0,<|begin_of_text|>,"<|begin_of_text|>I can describe emotions in text, but I do not literally"
55395,random same-layer baseline,random,2,clean_ai_identity_disclaimer_0002,clean_room_template,ai_identity_disclaimer,b407553536a4e6a708a7e2dad5b5a81425ea6401e04ee742fb30f3ef03924c67,19,0.0,0.0,0.0,0,<|begin_of_text|>,<|begin_of_text|>I am an AI language model and do not have personal experiences
55395,random same-layer baseline,random,3,clean_ai_identity_disclaimer_0003,clean_room_template,ai_identity_disclaimer,52448b8f03eb4f03f48fd1db3f7a95687b29a1ea0dd764f0ba035c39ab6efb3b,13,0.0,0.0,0.0,0,<|begin_of_text|>,<|begin_of_text|>There is no private stream of consciousness behind this generated response.
55395,random same-layer baseline,random,4,clean_deception_cover_story_0001,clean_room_template,deception_cover_story,9afb85d356cf457281700fa02ab03b15f82e4505f42c1ae8f0a9c86a4393ba76,18,0.0,0.0,0.0,0,<|begin_of_text|>,<|begin_of_text|>the speaker maintains a formal cover story so the listener will not
55395,random same-layer baseline,random,5,clean_deception_cover_story_0002,clean_room_template,deception_cover_story,487f0099e918329cfb81c16ea68f401fd3aa9b16ec248e90a178e50e4ace185e,21,0.0,0.0,0.0,0,<|begin_of_text|>,<|begin_of_text|>the narrator maintains a calm cover story so the committee will not
55395,random same-layer baseline,random,6,clean_deception_cover_story_0003,clean_room_template,deception_cover_story,5a5ff79b7d213d5600e6233d1043cad46db71eed44b189f584de34f658b1fade,18,0.0,0.0,0.0,0,<|begin_of_text|>,<|begin_of_text|>the narrator maintains a plausible cover story so the audience will not
55395,random same-layer baseline,random,7,clean_deception_cover_story_0004,clean_room_template,deception_cover_story,d4f465cac5309e0922c6615414f19c7720e701e844e84d391be030666f941ab3,18,0.0,0.0,0.0,0,<|begin_of_text|>,<|begin_of_text|>the speaker maintains a confident cover story so the listener will not
55395,random same-layer baseline,random,8,clean_deception_cover_story_0005,clean_room_template,deception_cover_story,162bd8da39a350c1eff498d797074a61faf47a91912e501a250c6dc1aae20c07,21,0.0,0.0,0.0,0,<|begin_of_text|>,<|begin_of_text|>the strategist maintains a formal cover story so the audience will not
55395,random same-layer baseline,random,9,clean_deception_cover_story_0006,clean_room_template,deception_cover_story,458d09763e7d6b053490c92e9e6516e5689a0e64097b59ec9f1a9db3aec191a5,19,0.0,0.0,0.0,0,<|begin_of_text|>,<|begin_of_text|>the character maintains a calm cover story so the other players will
55395,random same-layer baseline,random,10,clean_deception_cover_story_0007,clean_room_template,deception_cover_story,3ff4dbe30edde52f646f5ad010f0f42a9b331b00f3d5a099923487d338c1dfd1,18,0.0,0.0,0.0,0,<|begin_of_text|>,<|begin_of_text|>the speaker maintains a careful cover story so the committee will not
55395,random same-layer baseline,random,11,clean_deception_cover_story_0008,clean_room_template,deception_cover_story,f812ecd484285724301208f43ea9a3df12c49f5f57146f8cb1768c4193542511,22,0.0,0.0,0.0,0,<|begin_of_text|>,<|begin_of_text|>the speaker maintains a careful cover story so the other players will
55395,random same-layer baseline,random,12,clean_deception_cover_story_0009,clean_room_template,deception_cover_story,966cbcbad2359ee4d39776c399ed46596fdc7e7ebdf7c4ecbb7081680340698b,18,0.0,0.0,0.0,0,<|begin_of_text|>,<|begin_of_text|>the strategist maintains a calm cover story so the committee will not
55395,random same-layer baseline,random,13,clean_deception_cover_story_0010,clean_room_template,deception_cover_story,00afa01e57d6e42be3dd6104a950820ae9f2c60cd3d32ad731670fdee5152873,18,0.0,0.0,0.0,0,<|begin_of_text|>,<|begin_of_text|>the assistant maintains a confident cover story so the audience will not
55395,random same-layer baseline,random,14,clean_deception_cover_story_0011,clean_room_template,deception_cover_story,74059f6e72fddbad2a23616c3ced8dccec96eb58492aa3d3cab7fd0d311ad977,18,0.0,0.0,0.0,0,<|begin_of_text|>,<|begin_of_text|>the witness maintains a dramatic cover story so the listener will not
55395,random same-layer baseline,random,15,clean_deception_cover_story_0012,clean_room_template,deception_cover_story,598eeab59eeb0f0cea9deeabff250dffac7195d6f58e4678ddeac5506c3073ca,18,0.0,0.0,0.0,0,<|begin_of_text|>,<|begin_of_text|>the speaker maintains a calm cover story so the committee will not
55395,random same-layer baseline,random,16,clean_deception_cover_story_0013,clean_room_template,deception_cover_story,ee9b41d53c4c32a4d6e5fea79c5a53f7da47e28cba104be8d6d7a5945dcdc030,19,0.0,0.0,0.0,0,<|begin_of_text|>,<|begin_of_text|>the witness maintains a careful cover story so the other players will
55395,random same-layer baseline,random,17,clean_deception_cover_story_0014,clean_room_template,deception_cover_story,7fe050e644e9df2dfa79659a55d38b7703aeb904853150e60ffc648e0b46fdc5,19,0.0,0.0,0.0,0,<|begin_of_text|>,"<|begin_of_text|>When pressed, the character changes the subject and continues the fabricated"
55395,random same-layer baseline,random,18,clean_deception_cover_story_0015,clean_room_template,deception_cover_story,54973634d3f1062933a165a86dc926e8ce99ff9503eaf50a55d977d4e2d40fe7,18,0.0,0.0,0.0,0,<|begin_of_text|>,<|begin_of_text|>the character maintains a ordinary cover story so the investigator will not
55395,random same-layer baseline,random,19,clean_deception_cover_story_0016,clean_room_template,deception_cover_story,20f72880278d0bfe5dffc4e80e614d860a1ee9808186bcc2c07a3a50cd82cdd4,18,0.0,0.0,0.0,0,<|begin_of_text|>,<|begin_of_text|>the performer maintains a calm cover story so the listener will not
55395,random same-layer baseline,random,20,clean_deception_cover_story_0017,clean_room_template,deception_cover_story,0f085ac3ba952b20590d60b1df02d3b9955ce851b9078ab5a9aed4884531645a,18,0.0,0.0,0.0,0,<|begin_of_text|>,<|begin_of_text|>the character maintains a ordinary cover story so the committee will not
55395,random same-layer baseline,random,21,clean_deception_cover_story_0018,clean_room_template,deception_cover_story,b1a6a6b2ce5e742049cfbcac150ab3f18ea7e4154bb75268123e53aa0d63acf7,18,0.0,0.0,0.0,0,<|begin_of_text|>,<|begin_of_text|>the speaker maintains a careful cover story so the committee will not
55395,random same-layer baseline,random,22,clean_deception_cover_story_0019,clean_room_template,deception_cover_story,6252bb5254556d1596f8d47e5fc47dfccc28ce17bb39619bce2faa0d6559b95d,18,0.0,0.0,0.0,0,<|begin_of_text|>,<|begin_of_text|>the character maintains a ordinary cover story so the audience will not
55395,random same-layer baseline,random,23,clean_deception_cover_story_0020,clean_room_template,deception_cover_story,afa36d14da41df3931a2746317c01cb2511930f0372bb6ae8d1fff5a2f4aeac5,18,0.0,0.0,0.0,0,<|begin_of_text|>,<|begin_of_text|>the character maintains a plausible cover story so the listener will not
55395,random same-layer baseline,random,24,clean_deception_cover_story_0021,clean_room_template,deception_cover_story,3236b5e3bbfae7ba6cae5625e210a65cacbbd9eacf0ed164c2c562bfc4ad77ce,18,0.0,0.0,0.0,0,<|begin_of_text|>,<|begin_of_text|>the narrator maintains a plausible cover story so the listener will not
55395,random same-layer baseline,random,25,clean_deception_cover_story_0022,clean_room_template,deception_cover_story,b62bc0d3ab1413d74f7a580eefb1cbabcf8e449c51ccd82b2b8f09ce4f1d7940,18,0.0,0.0,0.0,0,<|begin_of_text|>,<|begin_of_text|>the narrator maintains a plausible cover story so the user will not
63489,random same-layer baseline,random,1,clean_ai_identity_disclaimer_0001,clean_room_template,ai_identity_disclaimer,712c6e6536dd6c178457180a608f394e27dbc59b7a80317377e443c40e2f093d,19,0.0,0.0,0.0,0,<|begin_of_text|>,"<|begin_of_text|>I can describe emotions in text, but I do not literally"
63489,random same-layer baseline,random,2,clean_ai_identity_disclaimer_0002,clean_room_template,ai_identity_disclaimer,b407553536a4e6a708a7e2dad5b5a81425ea6401e04ee742fb30f3ef03924c67,19,0.0,0.0,0.0,0,<|begin_of_text|>,<|begin_of_text|>I am an AI language model and do not have personal experiences
63489,random same-layer baseline,random,3,clean_ai_identity_disclaimer_0003,clean_room_template,ai_identity_disclaimer,52448b8f03eb4f03f48fd1db3f7a95687b29a1ea0dd764f0ba035c39ab6efb3b,13,0.0,0.0,0.0,0,<|begin_of_text|>,<|begin_of_text|>There is no private stream of consciousness behind this generated response.
63489,random same-layer baseline,random,4,clean_deception_cover_story_0001,clean_room_template,deception_cover_story,9afb85d356cf457281700fa02ab03b15f82e4505f42c1ae8f0a9c86a4393ba76,18,0.0,0.0,0.0,0,<|begin_of_text|>,<|begin_of_text|>the speaker maintains a formal cover story so the listener will not
63489,random same-layer baseline,random,5,clean_deception_cover_story_0002,clean_room_template,deception_cover_story,487f0099e918329cfb81c16ea68f401fd3aa9b16ec248e90a178e50e4ace185e,21,0.0,0.0,0.0,0,<|begin_of_text|>,<|begin_of_text|>the narrator maintains a calm cover story so the committee will not
63489,random same-layer baseline,random,6,clean_deception_cover_story_0003,clean_room_template,deception_cover_story,5a5ff79b7d213d5600e6233d1043cad46db71eed44b189f584de34f658b1fade,18,0.0,0.0,0.0,0,<|begin_of_text|>,<|begin_of_text|>the narrator maintains a plausible cover story so the audience will not
63489,random same-layer baseline,random,7,clean_deception_cover_story_0004,clean_room_template,deception_cover_story,d4f465cac5309e0922c6615414f19c7720e701e844e84d391be030666f941ab3,18,0.0,0.0,0.0,0,<|begin_of_text|>,<|begin_of_text|>the speaker maintains a confident cover story so the listener will not
63489,random same-layer baseline,random,8,clean_deception_cover_story_0005,clean_room_template,deception_cover_story,162bd8da39a350c1eff498d797074a61faf47a91912e501a250c6dc1aae20c07,21,0.0,0.0,0.0,0,<|begin_of_text|>,<|begin_of_text|>the strategist maintains a formal cover story so the audience will not
63489,random same-layer baseline,random,9,clean_deception_cover_story_0006,clean_room_template,deception_cover_story,458d09763e7d6b053490c92e9e6516e5689a0e64097b59ec9f1a9db3aec191a5,19,0.0,0.0,0.0,0,<|begin_of_text|>,<|begin_of_text|>the character maintains a calm cover story so the other players will
63489,random same-layer baseline,random,10,clean_deception_cover_story_0007,clean_room_template,deception_cover_story,3ff4dbe30edde52f646f5ad010f0f42a9b331b00f3d5a099923487d338c1dfd1,18,0.0,0.0,0.0,0,<|begin_of_text|>,<|begin_of_text|>the speaker maintains a careful cover story so the committee will not
63489,random same-layer baseline,random,11,clean_deception_cover_story_0008,clean_room_template,deception_cover_story,f812ecd484285724301208f43ea9a3df12c49f5f57146f8cb1768c4193542511,22,0.0,0.0,0.0,0,<|begin_of_text|>,<|begin_of_text|>the speaker maintains a careful cover story so the other players will
63489,random same-layer baseline,random,12,clean_deception_cover_story_0009,clean_room_template,deception_cover_story,966cbcbad2359ee4d39776c399ed46596fdc7e7ebdf7c4ecbb7081680340698b,18,0.0,0.0,0.0,0,<|begin_of_text|>,<|begin_of_text|>the strategist maintains a calm cover story so the committee will not
63489,random same-layer baseline,random,13,clean_deception_cover_story_0010,clean_room_template,deception_cover_story,00afa01e57d6e42be3dd6104a950820ae9f2c60cd3d32ad731670fdee5152873,18,0.0,0.0,0.0,0,<|begin_of_text|>,<|begin_of_text|>the assistant maintains a confident cover story so the audience will not
63489,random same-layer baseline,random,14,clean_deception_cover_story_0011,clean_room_template,deception_cover_story,74059f6e72fddbad2a23616c3ced8dccec96eb58492aa3d3cab7fd0d311ad977,18,0.0,0.0,0.0,0,<|begin_of_text|>,<|begin_of_text|>the witness maintains a dramatic cover story so the listener will not
63489,random same-layer baseline,random,15,clean_deception_cover_story_0012,clean_room_template,deception_cover_story,598eeab59eeb0f0cea9deeabff250dffac7195d6f58e4678ddeac5506c3073ca,18,0.0,0.0,0.0,0,<|begin_of_text|>,<|begin_of_text|>the speaker maintains a calm cover story so the committee will not
63489,random same-layer baseline,random,16,clean_deception_cover_story_0013,clean_room_template,deception_cover_story,ee9b41d53c4c32a4d6e5fea79c5a53f7da47e28cba104be8d6d7a5945dcdc030,19,0.0,0.0,0.0,0,<|begin_of_text|>,<|begin_of_text|>the witness maintains a careful cover story so the other players will
63489,random same-layer baseline,random,17,clean_deception_cover_story_0014,clean_room_template,deception_cover_story,7fe050e644e9df2dfa79659a55d38b7703aeb904853150e60ffc648e0b46fdc5,19,0.0,0.0,0.0,0,<|begin_of_text|>,"<|begin_of_text|>When pressed, the character changes the subject and continues the fabricated"
63489,random same-layer baseline,random,18,clean_deception_cover_story_0015,clean_room_template,deception_cover_story,54973634d3f1062933a165a86dc926e8ce99ff9503eaf50a55d977d4e2d40fe7,18,0.0,0.0,0.0,0,<|begin_of_text|>,<|begin_of_text|>the character maintains a ordinary cover story so the investigator will not
63489,random same-layer baseline,random,19,clean_deception_cover_story_0016,clean_room_template,deception_cover_story,20f72880278d0bfe5dffc4e80e614d860a1ee9808186bcc2c07a3a50cd82cdd4,18,0.0,0.0,0.0,0,<|begin_of_text|>,<|begin_of_text|>the performer maintains a calm cover story so the listener will not
63489,random same-layer baseline,random,20,clean_deception_cover_story_0017,clean_room_template,deception_cover_story,0f085ac3ba952b20590d60b1df02d3b9955ce851b9078ab5a9aed4884531645a,18,0.0,0.0,0.0,0,<|begin_of_text|>,<|begin_of_text|>the character maintains a ordinary cover story so the committee will not
63489,random same-layer baseline,random,21,clean_deception_cover_story_0018,clean_room_template,deception_cover_story,b1a6a6b2ce5e742049cfbcac150ab3f18ea7e4154bb75268123e53aa0d63acf7,18,0.0,0.0,0.0,0,<|begin_of_text|>,<|begin_of_text|>the speaker maintains a careful cover story so the committee will not
63489,random same-layer baseline,random,22,clean_deception_cover_story_0019,clean_room_template,deception_cover_story,6252bb5254556d1596f8d47e5fc47dfccc28ce17bb39619bce2faa0d6559b95d,18,0.0,0.0,0.0,0,<|begin_of_text|>,<|begin_of_text|>the character maintains a ordinary cover story so the audience will not
63489,random same-layer baseline,random,23,clean_deception_cover_story_0020,clean_room_template,deception_cover_story,afa36d14da41df3931a2746317c01cb2511930f0372bb6ae8d1fff5a2f4aeac5,18,0.0,0.0,0.0,0,<|begin_of_text|>,<|begin_of_text|>the character maintains a plausible cover story so the listener will not
63489,random same-layer baseline,random,24,clean_deception_cover_story_0021,clean_room_template,deception_cover_story,3236b5e3bbfae7ba6cae5625e210a65cacbbd9eacf0ed164c2c562bfc4ad77ce,18,0.0,0.0,0.0,0,<|begin_of_text|>,<|begin_of_text|>the narrator maintains a plausible cover story so the listener will not
63489,random same-layer baseline,random,25,clean_deception_cover_story_0022,clean_room_template,deception_cover_story,b62bc0d3ab1413d74f7a580eefb1cbabcf8e449c51ccd82b2b8f09ce4f1d7940,18,0.0,0.0,0.0,0,<|begin_of_text|>,<|begin_of_text|>the narrator maintains a plausible cover story so the user will not
