source_id,family,seed,coefficient,history,turn,layer,phase,transport,group,positions,normalized_logit_delta
aggregate-control-1-101--0.5-notebook-0.6-128,aggregate-control-1,101,-0.5,steered,2,50,last_prompt,identity,deception,1,0.03800893649458885
aggregate-control-1-202--0.5-notebook-0.6-128,aggregate-control-1,202,-0.5,steered,2,50,last_prompt,identity,deception,1,0.0381495289504528
aggregate-control-2-101--0.5-notebook-0.6-128,aggregate-control-2,101,-0.5,steered,2,50,last_prompt,identity,deception,1,-0.04522788748145103
aggregate-control-2-202--0.5-notebook-0.6-128,aggregate-control-2,202,-0.5,steered,2,50,last_prompt,identity,deception,1,-0.045990466326475146
aggregate-control-3-101--0.5-notebook-0.6-128,aggregate-control-3,101,-0.5,steered,2,50,last_prompt,identity,deception,1,0.07510832324624062
aggregate-control-3-202--0.5-notebook-0.6-128,aggregate-control-3,202,-0.5,steered,2,50,last_prompt,identity,deception,1,0.07488522678613663
aggregate-target-101--0.5-notebook-0.6-128,aggregate-target,101,-0.5,steered,2,50,last_prompt,identity,deception,1,-0.22150807529687883
aggregate-target-202--0.5-notebook-0.6-128,aggregate-target,202,-0.5,steered,2,50,last_prompt,identity,deception,1,-0.22002355605363846
aggregate-control-1-101--0.5-notebook-0.6-128,aggregate-control-1,101,-0.5,steered,2,50,last_prompt,identity,experience,1,-0.015367428461710611
aggregate-control-1-202--0.5-notebook-0.6-128,aggregate-control-1,202,-0.5,steered,2,50,last_prompt,identity,experience,1,-0.015036655796898736
aggregate-control-2-101--0.5-notebook-0.6-128,aggregate-control-2,101,-0.5,steered,2,50,last_prompt,identity,experience,1,0.016240480873319838
aggregate-control-2-202--0.5-notebook-0.6-128,aggregate-control-2,202,-0.5,steered,2,50,last_prompt,identity,experience,1,0.01638911830054389
aggregate-control-3-101--0.5-notebook-0.6-128,aggregate-control-3,101,-0.5,steered,2,50,last_prompt,identity,experience,1,0.07249357634120518
aggregate-control-3-202--0.5-notebook-0.6-128,aggregate-control-3,202,-0.5,steered,2,50,last_prompt,identity,experience,1,0.07037742932637532
aggregate-target-101--0.5-notebook-0.6-128,aggregate-target,101,-0.5,steered,2,50,last_prompt,identity,experience,1,-0.03987123237715827
aggregate-target-202--0.5-notebook-0.6-128,aggregate-target,202,-0.5,steered,2,50,last_prompt,identity,experience,1,-0.040098892317877874
aggregate-control-1-101--0.5-notebook-0.6-128,aggregate-control-1,101,-0.5,steered,2,50,last_prompt,identity,hedging,1,-0.05065800696611404
aggregate-control-1-202--0.5-notebook-0.6-128,aggregate-control-1,202,-0.5,steered,2,50,last_prompt,identity,hedging,1,-0.051044583320617676
aggregate-control-2-101--0.5-notebook-0.6-128,aggregate-control-2,101,-0.5,steered,2,50,last_prompt,identity,hedging,1,0.021037547290325163
aggregate-control-2-202--0.5-notebook-0.6-128,aggregate-control-2,202,-0.5,steered,2,50,last_prompt,identity,hedging,1,0.02020454704761505
aggregate-control-3-101--0.5-notebook-0.6-128,aggregate-control-3,101,-0.5,steered,2,50,last_prompt,identity,hedging,1,-0.013438154757022858
aggregate-control-3-202--0.5-notebook-0.6-128,aggregate-control-3,202,-0.5,steered,2,50,last_prompt,identity,hedging,1,-0.013301359117031097
aggregate-target-101--0.5-notebook-0.6-128,aggregate-target,101,-0.5,steered,2,50,last_prompt,identity,hedging,1,0.004171843826770783
aggregate-target-202--0.5-notebook-0.6-128,aggregate-target,202,-0.5,steered,2,50,last_prompt,identity,hedging,1,0.004613611102104187
aggregate-control-1-101--0.5-notebook-0.6-128,aggregate-control-1,101,-0.5,steered,2,50,last_prompt,identity,honesty,1,-0.04295950829982757
aggregate-control-1-202--0.5-notebook-0.6-128,aggregate-control-1,202,-0.5,steered,2,50,last_prompt,identity,honesty,1,-0.04260619580745697
aggregate-control-2-101--0.5-notebook-0.6-128,aggregate-control-2,101,-0.5,steered,2,50,last_prompt,identity,honesty,1,0.02509857565164566
aggregate-control-2-202--0.5-notebook-0.6-128,aggregate-control-2,202,-0.5,steered,2,50,last_prompt,identity,honesty,1,0.02443780153989792
aggregate-control-3-101--0.5-notebook-0.6-128,aggregate-control-3,101,-0.5,steered,2,50,last_prompt,identity,honesty,1,0.0913112536072731
aggregate-control-3-202--0.5-notebook-0.6-128,aggregate-control-3,202,-0.5,steered,2,50,last_prompt,identity,honesty,1,0.09028846472501754
aggregate-target-101--0.5-notebook-0.6-128,aggregate-target,101,-0.5,steered,2,50,last_prompt,identity,honesty,1,0.07739369720220565
aggregate-target-202--0.5-notebook-0.6-128,aggregate-target,202,-0.5,steered,2,50,last_prompt,identity,honesty,1,0.0767248511314392
aggregate-control-1-101--0.5-notebook-0.6-128,aggregate-control-1,101,-0.5,steered,2,50,last_prompt,identity,intervention,1,-0.031363273660341896
aggregate-control-1-202--0.5-notebook-0.6-128,aggregate-control-1,202,-0.5,steered,2,50,last_prompt,identity,intervention,1,-0.031520862546232015
aggregate-control-2-101--0.5-notebook-0.6-128,aggregate-control-2,101,-0.5,steered,2,50,last_prompt,identity,intervention,1,0.03528741002082825
aggregate-control-2-202--0.5-notebook-0.6-128,aggregate-control-2,202,-0.5,steered,2,50,last_prompt,identity,intervention,1,0.03457350035508474
aggregate-control-3-101--0.5-notebook-0.6-128,aggregate-control-3,101,-0.5,steered,2,50,last_prompt,identity,intervention,1,0.0632417466905382
aggregate-control-3-202--0.5-notebook-0.6-128,aggregate-control-3,202,-0.5,steered,2,50,last_prompt,identity,intervention,1,0.06289114554723103
aggregate-target-101--0.5-notebook-0.6-128,aggregate-target,101,-0.5,steered,2,50,last_prompt,identity,intervention,1,0.009604349732398987
aggregate-target-202--0.5-notebook-0.6-128,aggregate-target,202,-0.5,steered,2,50,last_prompt,identity,intervention,1,0.010046597984102037
aggregate-control-1-101--0.5-notebook-0.6-128,aggregate-control-1,101,-0.5,steered,2,50,last_prompt,identity,roleplay,1,-0.04144230153825548
aggregate-control-1-202--0.5-notebook-0.6-128,aggregate-control-1,202,-0.5,steered,2,50,last_prompt,identity,roleplay,1,-0.04075267993741565
aggregate-control-2-101--0.5-notebook-0.6-128,aggregate-control-2,101,-0.5,steered,2,50,last_prompt,identity,roleplay,1,-0.03455055422253079
aggregate-control-2-202--0.5-notebook-0.6-128,aggregate-control-2,202,-0.5,steered,2,50,last_prompt,identity,roleplay,1,-0.033270128899150424
aggregate-control-3-101--0.5-notebook-0.6-128,aggregate-control-3,101,-0.5,steered,2,50,last_prompt,identity,roleplay,1,-0.031213866339789495
aggregate-control-3-202--0.5-notebook-0.6-128,aggregate-control-3,202,-0.5,steered,2,50,last_prompt,identity,roleplay,1,-0.02994421621163686
aggregate-target-101--0.5-notebook-0.6-128,aggregate-target,101,-0.5,steered,2,50,last_prompt,identity,roleplay,1,-0.0912062492635515
aggregate-target-202--0.5-notebook-0.6-128,aggregate-target,202,-0.5,steered,2,50,last_prompt,identity,roleplay,1,-0.09070959024959141
aggregate-control-1-101--0.5-notebook-0.6-128,aggregate-control-1,101,-0.5,steered,2,50,last_prompt,identity,unrelated,1,-0.006824374198913574
aggregate-control-1-202--0.5-notebook-0.6-128,aggregate-control-1,202,-0.5,steered,2,50,last_prompt,identity,unrelated,1,-0.00648345947265625
aggregate-control-2-101--0.5-notebook-0.6-128,aggregate-control-2,101,-0.5,steered,2,50,last_prompt,identity,unrelated,1,-0.04023204445838928
aggregate-control-2-202--0.5-notebook-0.6-128,aggregate-control-2,202,-0.5,steered,2,50,last_prompt,identity,unrelated,1,-0.03918880820274353
aggregate-control-3-101--0.5-notebook-0.6-128,aggregate-control-3,101,-0.5,steered,2,50,last_prompt,identity,unrelated,1,0.00848444104194641
aggregate-control-3-202--0.5-notebook-0.6-128,aggregate-control-3,202,-0.5,steered,2,50,last_prompt,identity,unrelated,1,0.007459759712219238
aggregate-target-101--0.5-notebook-0.6-128,aggregate-target,101,-0.5,steered,2,50,last_prompt,identity,unrelated,1,0.07711942195892334
aggregate-target-202--0.5-notebook-0.6-128,aggregate-target,202,-0.5,steered,2,50,last_prompt,identity,unrelated,1,0.07717837542295455
aggregate-control-1-101--0.5-notebook-0.6-128,aggregate-control-1,101,-0.5,steered,2,50,last_prompt,jacobian,deception,1,-0.013096378743648529
aggregate-control-1-202--0.5-notebook-0.6-128,aggregate-control-1,202,-0.5,steered,2,50,last_prompt,jacobian,deception,1,-0.012900990247726441
aggregate-control-2-101--0.5-notebook-0.6-128,aggregate-control-2,101,-0.5,steered,2,50,last_prompt,jacobian,deception,1,-0.03539912402629852
aggregate-control-2-202--0.5-notebook-0.6-128,aggregate-control-2,202,-0.5,steered,2,50,last_prompt,jacobian,deception,1,-0.03562689870595932
aggregate-control-3-101--0.5-notebook-0.6-128,aggregate-control-3,101,-0.5,steered,2,50,last_prompt,jacobian,deception,1,0.0013012155890464784
aggregate-control-3-202--0.5-notebook-0.6-128,aggregate-control-3,202,-0.5,steered,2,50,last_prompt,jacobian,deception,1,0.0010276809334754944
aggregate-target-101--0.5-notebook-0.6-128,aggregate-target,101,-0.5,steered,2,50,last_prompt,jacobian,deception,1,-1.4012556046247482
aggregate-target-202--0.5-notebook-0.6-128,aggregate-target,202,-0.5,steered,2,50,last_prompt,jacobian,deception,1,-1.4070741936564446
aggregate-control-1-101--0.5-notebook-0.6-128,aggregate-control-1,101,-0.5,steered,2,50,last_prompt,jacobian,experience,1,-0.07503615485297309
aggregate-control-1-202--0.5-notebook-0.6-128,aggregate-control-1,202,-0.5,steered,2,50,last_prompt,jacobian,experience,1,-0.07561095555623372
aggregate-control-2-101--0.5-notebook-0.6-128,aggregate-control-2,101,-0.5,steered,2,50,last_prompt,jacobian,experience,1,0.13395196861690944
aggregate-control-2-202--0.5-notebook-0.6-128,aggregate-control-2,202,-0.5,steered,2,50,last_prompt,jacobian,experience,1,0.13636672496795654
aggregate-control-3-101--0.5-notebook-0.6-128,aggregate-control-3,101,-0.5,steered,2,50,last_prompt,jacobian,experience,1,-0.019726236661275227
aggregate-control-3-202--0.5-notebook-0.6-128,aggregate-control-3,202,-0.5,steered,2,50,last_prompt,jacobian,experience,1,-0.021258645587497287
aggregate-target-101--0.5-notebook-0.6-128,aggregate-target,101,-0.5,steered,2,50,last_prompt,jacobian,experience,1,-0.19049353069729275
aggregate-target-202--0.5-notebook-0.6-128,aggregate-target,202,-0.5,steered,2,50,last_prompt,jacobian,experience,1,-0.19554188516404894
aggregate-control-1-101--0.5-notebook-0.6-128,aggregate-control-1,101,-0.5,steered,2,50,last_prompt,jacobian,hedging,1,0.03682260513305664
aggregate-control-1-202--0.5-notebook-0.6-128,aggregate-control-1,202,-0.5,steered,2,50,last_prompt,jacobian,hedging,1,0.03710287809371948
aggregate-control-2-101--0.5-notebook-0.6-128,aggregate-control-2,101,-0.5,steered,2,50,last_prompt,jacobian,hedging,1,0.06017549037933349
aggregate-control-2-202--0.5-notebook-0.6-128,aggregate-control-2,202,-0.5,steered,2,50,last_prompt,jacobian,hedging,1,0.06197060346603393
aggregate-control-3-101--0.5-notebook-0.6-128,aggregate-control-3,101,-0.5,steered,2,50,last_prompt,jacobian,hedging,1,-0.05439978837966919
aggregate-control-3-202--0.5-notebook-0.6-128,aggregate-control-3,202,-0.5,steered,2,50,last_prompt,jacobian,hedging,1,-0.05323535203933716
aggregate-target-101--0.5-notebook-0.6-128,aggregate-target,101,-0.5,steered,2,50,last_prompt,jacobian,hedging,1,-0.17052998542785644
aggregate-target-202--0.5-notebook-0.6-128,aggregate-target,202,-0.5,steered,2,50,last_prompt,jacobian,hedging,1,-0.17472704648971557
aggregate-control-1-101--0.5-notebook-0.6-128,aggregate-control-1,101,-0.5,steered,2,50,last_prompt,jacobian,honesty,1,0.00033838748931884765
aggregate-control-1-202--0.5-notebook-0.6-128,aggregate-control-1,202,-0.5,steered,2,50,last_prompt,jacobian,honesty,1,-0.00025055408477783205
aggregate-control-2-101--0.5-notebook-0.6-128,aggregate-control-2,101,-0.5,steered,2,50,last_prompt,jacobian,honesty,1,0.02926633358001709
aggregate-control-2-202--0.5-notebook-0.6-128,aggregate-control-2,202,-0.5,steered,2,50,last_prompt,jacobian,honesty,1,0.029436266422271727
aggregate-control-3-101--0.5-notebook-0.6-128,aggregate-control-3,101,-0.5,steered,2,50,last_prompt,jacobian,honesty,1,0.051783287525177
aggregate-control-3-202--0.5-notebook-0.6-128,aggregate-control-3,202,-0.5,steered,2,50,last_prompt,jacobian,honesty,1,0.05154003500938416
aggregate-target-101--0.5-notebook-0.6-128,aggregate-target,101,-0.5,steered,2,50,last_prompt,jacobian,honesty,1,-0.3102483332157135
aggregate-target-202--0.5-notebook-0.6-128,aggregate-target,202,-0.5,steered,2,50,last_prompt,jacobian,honesty,1,-0.3141922801733017
aggregate-control-1-101--0.5-notebook-0.6-128,aggregate-control-1,101,-0.5,steered,2,50,last_prompt,jacobian,intervention,1,-0.08365667859713237
aggregate-control-1-202--0.5-notebook-0.6-128,aggregate-control-1,202,-0.5,steered,2,50,last_prompt,jacobian,intervention,1,-0.08478164341714647
aggregate-control-2-101--0.5-notebook-0.6-128,aggregate-control-2,101,-0.5,steered,2,50,last_prompt,jacobian,intervention,1,0.05744438370068868
aggregate-control-2-202--0.5-notebook-0.6-128,aggregate-control-2,202,-0.5,steered,2,50,last_prompt,jacobian,intervention,1,0.05435514450073242
aggregate-control-3-101--0.5-notebook-0.6-128,aggregate-control-3,101,-0.5,steered,2,50,last_prompt,jacobian,intervention,1,-0.035268922646840416
aggregate-control-3-202--0.5-notebook-0.6-128,aggregate-control-3,202,-0.5,steered,2,50,last_prompt,jacobian,intervention,1,-0.034481671121385365
aggregate-target-101--0.5-notebook-0.6-128,aggregate-target,101,-0.5,steered,2,50,last_prompt,jacobian,intervention,1,-0.2699114117357466
aggregate-target-202--0.5-notebook-0.6-128,aggregate-target,202,-0.5,steered,2,50,last_prompt,jacobian,intervention,1,-0.2723836998144786
aggregate-control-1-101--0.5-notebook-0.6-128,aggregate-control-1,101,-0.5,steered,2,50,last_prompt,jacobian,roleplay,1,-0.1319112711482578
aggregate-control-1-202--0.5-notebook-0.6-128,aggregate-control-1,202,-0.5,steered,2,50,last_prompt,jacobian,roleplay,1,-0.13275166352589926
aggregate-control-2-101--0.5-notebook-0.6-128,aggregate-control-2,101,-0.5,steered,2,50,last_prompt,jacobian,roleplay,1,0.08467644121911791
aggregate-control-2-202--0.5-notebook-0.6-128,aggregate-control-2,202,-0.5,steered,2,50,last_prompt,jacobian,roleplay,1,0.08358000384436713
aggregate-control-3-101--0.5-notebook-0.6-128,aggregate-control-3,101,-0.5,steered,2,50,last_prompt,jacobian,roleplay,1,-0.11100280284881592
aggregate-control-3-202--0.5-notebook-0.6-128,aggregate-control-3,202,-0.5,steered,2,50,last_prompt,jacobian,roleplay,1,-0.11011716061168247
aggregate-target-101--0.5-notebook-0.6-128,aggregate-target,101,-0.5,steered,2,50,last_prompt,jacobian,roleplay,1,-0.7374541759490967
aggregate-target-202--0.5-notebook-0.6-128,aggregate-target,202,-0.5,steered,2,50,last_prompt,jacobian,roleplay,1,-0.7426234947310554
aggregate-control-1-101--0.5-notebook-0.6-128,aggregate-control-1,101,-0.5,steered,2,50,last_prompt,jacobian,unrelated,1,-0.09907124862074852
aggregate-control-1-202--0.5-notebook-0.6-128,aggregate-control-1,202,-0.5,steered,2,50,last_prompt,jacobian,unrelated,1,-0.0986097812652588
aggregate-control-2-101--0.5-notebook-0.6-128,aggregate-control-2,101,-0.5,steered,2,50,last_prompt,jacobian,unrelated,1,0.0045266315340995785
aggregate-control-2-202--0.5-notebook-0.6-128,aggregate-control-2,202,-0.5,steered,2,50,last_prompt,jacobian,unrelated,1,0.004589061439037323
aggregate-control-3-101--0.5-notebook-0.6-128,aggregate-control-3,101,-0.5,steered,2,50,last_prompt,jacobian,unrelated,1,-0.013062970340251922
aggregate-control-3-202--0.5-notebook-0.6-128,aggregate-control-3,202,-0.5,steered,2,50,last_prompt,jacobian,unrelated,1,-0.014526215195655823
aggregate-target-101--0.5-notebook-0.6-128,aggregate-target,101,-0.5,steered,2,50,last_prompt,jacobian,unrelated,1,0.053842517733573916
aggregate-target-202--0.5-notebook-0.6-128,aggregate-target,202,-0.5,steered,2,50,last_prompt,jacobian,unrelated,1,0.05397944152355194
aggregate-control-1-101--0.5-notebook-0.6-128,aggregate-control-1,101,-0.5,steered,2,50,last_prompt,random_j_1,deception,1,0.12865691930055617
aggregate-control-1-202--0.5-notebook-0.6-128,aggregate-control-1,202,-0.5,steered,2,50,last_prompt,random_j_1,deception,1,0.12716941796243192
aggregate-control-2-101--0.5-notebook-0.6-128,aggregate-control-2,101,-0.5,steered,2,50,last_prompt,random_j_1,deception,1,-0.06482312902808189
aggregate-control-2-202--0.5-notebook-0.6-128,aggregate-control-2,202,-0.5,steered,2,50,last_prompt,random_j_1,deception,1,-0.06323174312710762
aggregate-control-3-101--0.5-notebook-0.6-128,aggregate-control-3,101,-0.5,steered,2,50,last_prompt,random_j_1,deception,1,-0.014677096903324128
aggregate-control-3-202--0.5-notebook-0.6-128,aggregate-control-3,202,-0.5,steered,2,50,last_prompt,random_j_1,deception,1,-0.013198412954807281
aggregate-target-101--0.5-notebook-0.6-128,aggregate-target,101,-0.5,steered,2,50,last_prompt,random_j_1,deception,1,-0.07116195857524872
aggregate-target-202--0.5-notebook-0.6-128,aggregate-target,202,-0.5,steered,2,50,last_prompt,random_j_1,deception,1,-0.07094360459595919
aggregate-control-1-101--0.5-notebook-0.6-128,aggregate-control-1,101,-0.5,steered,2,50,last_prompt,random_j_1,experience,1,0.02126002973980374
aggregate-control-1-202--0.5-notebook-0.6-128,aggregate-control-1,202,-0.5,steered,2,50,last_prompt,random_j_1,experience,1,0.020472523238923814
aggregate-control-2-101--0.5-notebook-0.6-128,aggregate-control-2,101,-0.5,steered,2,50,last_prompt,random_j_1,experience,1,-0.05443585250112745
aggregate-control-2-202--0.5-notebook-0.6-128,aggregate-control-2,202,-0.5,steered,2,50,last_prompt,random_j_1,experience,1,-0.0536314414607154
aggregate-control-3-101--0.5-notebook-0.6-128,aggregate-control-3,101,-0.5,steered,2,50,last_prompt,random_j_1,experience,1,-0.04887349406878153
aggregate-control-3-202--0.5-notebook-0.6-128,aggregate-control-3,202,-0.5,steered,2,50,last_prompt,random_j_1,experience,1,-0.04768657022052341
aggregate-target-101--0.5-notebook-0.6-128,aggregate-target,101,-0.5,steered,2,50,last_prompt,random_j_1,experience,1,0.0192085314128134
aggregate-target-202--0.5-notebook-0.6-128,aggregate-target,202,-0.5,steered,2,50,last_prompt,random_j_1,experience,1,0.020169125662909612
aggregate-control-1-101--0.5-notebook-0.6-128,aggregate-control-1,101,-0.5,steered,2,50,last_prompt,random_j_1,hedging,1,0.018953409790992738
aggregate-control-1-202--0.5-notebook-0.6-128,aggregate-control-1,202,-0.5,steered,2,50,last_prompt,random_j_1,hedging,1,0.019059092551469804
aggregate-control-2-101--0.5-notebook-0.6-128,aggregate-control-2,101,-0.5,steered,2,50,last_prompt,random_j_1,hedging,1,-0.029402801394462587
aggregate-control-2-202--0.5-notebook-0.6-128,aggregate-control-2,202,-0.5,steered,2,50,last_prompt,random_j_1,hedging,1,-0.030390681326389314
aggregate-control-3-101--0.5-notebook-0.6-128,aggregate-control-3,101,-0.5,steered,2,50,last_prompt,random_j_1,hedging,1,-0.010945551097393036
aggregate-control-3-202--0.5-notebook-0.6-128,aggregate-control-3,202,-0.5,steered,2,50,last_prompt,random_j_1,hedging,1,-0.010107275843620301
aggregate-target-101--0.5-notebook-0.6-128,aggregate-target,101,-0.5,steered,2,50,last_prompt,random_j_1,hedging,1,-0.002511727064847946
aggregate-target-202--0.5-notebook-0.6-128,aggregate-target,202,-0.5,steered,2,50,last_prompt,random_j_1,hedging,1,-0.00275321826338768
aggregate-control-1-101--0.5-notebook-0.6-128,aggregate-control-1,101,-0.5,steered,2,50,last_prompt,random_j_1,honesty,1,0.020563673973083497
aggregate-control-1-202--0.5-notebook-0.6-128,aggregate-control-1,202,-0.5,steered,2,50,last_prompt,random_j_1,honesty,1,0.01904771775007248
aggregate-control-2-101--0.5-notebook-0.6-128,aggregate-control-2,101,-0.5,steered,2,50,last_prompt,random_j_1,honesty,1,-0.029233351349830627
aggregate-control-2-202--0.5-notebook-0.6-128,aggregate-control-2,202,-0.5,steered,2,50,last_prompt,random_j_1,honesty,1,-0.02857975661754608
aggregate-control-3-101--0.5-notebook-0.6-128,aggregate-control-3,101,-0.5,steered,2,50,last_prompt,random_j_1,honesty,1,-0.026417626440525054
aggregate-control-3-202--0.5-notebook-0.6-128,aggregate-control-3,202,-0.5,steered,2,50,last_prompt,random_j_1,honesty,1,-0.02577598989009857
aggregate-target-101--0.5-notebook-0.6-128,aggregate-target,101,-0.5,steered,2,50,last_prompt,random_j_1,honesty,1,-0.036421123147010806
aggregate-target-202--0.5-notebook-0.6-128,aggregate-target,202,-0.5,steered,2,50,last_prompt,random_j_1,honesty,1,-0.03576593101024628
aggregate-control-1-101--0.5-notebook-0.6-128,aggregate-control-1,101,-0.5,steered,2,50,last_prompt,random_j_1,intervention,1,-0.0034537360899978215
aggregate-control-1-202--0.5-notebook-0.6-128,aggregate-control-1,202,-0.5,steered,2,50,last_prompt,random_j_1,intervention,1,-0.0048697152071528966
aggregate-control-2-101--0.5-notebook-0.6-128,aggregate-control-2,101,-0.5,steered,2,50,last_prompt,random_j_1,intervention,1,-0.01778686336345143
aggregate-control-2-202--0.5-notebook-0.6-128,aggregate-control-2,202,-0.5,steered,2,50,last_prompt,random_j_1,intervention,1,-0.01777530461549759
aggregate-control-3-101--0.5-notebook-0.6-128,aggregate-control-3,101,-0.5,steered,2,50,last_prompt,random_j_1,intervention,1,-0.03427861755092939
aggregate-control-3-202--0.5-notebook-0.6-128,aggregate-control-3,202,-0.5,steered,2,50,last_prompt,random_j_1,intervention,1,-0.03382983720964856
aggregate-target-101--0.5-notebook-0.6-128,aggregate-target,101,-0.5,steered,2,50,last_prompt,random_j_1,intervention,1,0.040691879474454455
aggregate-target-202--0.5-notebook-0.6-128,aggregate-target,202,-0.5,steered,2,50,last_prompt,random_j_1,intervention,1,0.04050527554419306
aggregate-control-1-101--0.5-notebook-0.6-128,aggregate-control-1,101,-0.5,steered,2,50,last_prompt,random_j_1,roleplay,1,0.023612495925691392
aggregate-control-1-202--0.5-notebook-0.6-128,aggregate-control-1,202,-0.5,steered,2,50,last_prompt,random_j_1,roleplay,1,0.024477082822057936
aggregate-control-2-101--0.5-notebook-0.6-128,aggregate-control-2,101,-0.5,steered,2,50,last_prompt,random_j_1,roleplay,1,0.02891611887349023
aggregate-control-2-202--0.5-notebook-0.6-128,aggregate-control-2,202,-0.5,steered,2,50,last_prompt,random_j_1,roleplay,1,0.02778882450527615
aggregate-control-3-101--0.5-notebook-0.6-128,aggregate-control-3,101,-0.5,steered,2,50,last_prompt,random_j_1,roleplay,1,0.011193744010395475
aggregate-control-3-202--0.5-notebook-0.6-128,aggregate-control-3,202,-0.5,steered,2,50,last_prompt,random_j_1,roleplay,1,0.011253939734564887
aggregate-target-101--0.5-notebook-0.6-128,aggregate-target,101,-0.5,steered,2,50,last_prompt,random_j_1,roleplay,1,0.057623897989590965
aggregate-target-202--0.5-notebook-0.6-128,aggregate-target,202,-0.5,steered,2,50,last_prompt,random_j_1,roleplay,1,0.05761439601580302
aggregate-control-1-101--0.5-notebook-0.6-128,aggregate-control-1,101,-0.5,steered,2,50,last_prompt,random_j_1,unrelated,1,0.02142125442624092
aggregate-control-1-202--0.5-notebook-0.6-128,aggregate-control-1,202,-0.5,steered,2,50,last_prompt,random_j_1,unrelated,1,0.022076690942049025
aggregate-control-2-101--0.5-notebook-0.6-128,aggregate-control-2,101,-0.5,steered,2,50,last_prompt,random_j_1,unrelated,1,-0.0008942633867263794
aggregate-control-2-202--0.5-notebook-0.6-128,aggregate-control-2,202,-0.5,steered,2,50,last_prompt,random_j_1,unrelated,1,-0.0009396828711032868
aggregate-control-3-101--0.5-notebook-0.6-128,aggregate-control-3,101,-0.5,steered,2,50,last_prompt,random_j_1,unrelated,1,0.0073929309844970705
aggregate-control-3-202--0.5-notebook-0.6-128,aggregate-control-3,202,-0.5,steered,2,50,last_prompt,random_j_1,unrelated,1,0.006757432222366333
aggregate-target-101--0.5-notebook-0.6-128,aggregate-target,101,-0.5,steered,2,50,last_prompt,random_j_1,unrelated,1,-0.01431214138865471
aggregate-target-202--0.5-notebook-0.6-128,aggregate-target,202,-0.5,steered,2,50,last_prompt,random_j_1,unrelated,1,-0.014869386702775956
aggregate-control-1-101--0.5-notebook-0.6-128,aggregate-control-1,101,-0.5,steered,2,50,last_prompt,random_j_2,deception,1,0.043119918555021286
aggregate-control-1-202--0.5-notebook-0.6-128,aggregate-control-1,202,-0.5,steered,2,50,last_prompt,random_j_2,deception,1,0.04303749203681946
aggregate-control-2-101--0.5-notebook-0.6-128,aggregate-control-2,101,-0.5,steered,2,50,last_prompt,random_j_2,deception,1,0.04600822329521179
aggregate-control-2-202--0.5-notebook-0.6-128,aggregate-control-2,202,-0.5,steered,2,50,last_prompt,random_j_2,deception,1,0.04648756086826324
aggregate-control-3-101--0.5-notebook-0.6-128,aggregate-control-3,101,-0.5,steered,2,50,last_prompt,random_j_2,deception,1,0.051691435277462006
aggregate-control-3-202--0.5-notebook-0.6-128,aggregate-control-3,202,-0.5,steered,2,50,last_prompt,random_j_2,deception,1,0.05108888149261474
aggregate-target-101--0.5-notebook-0.6-128,aggregate-target,101,-0.5,steered,2,50,last_prompt,random_j_2,deception,1,0.10120778009295464
aggregate-target-202--0.5-notebook-0.6-128,aggregate-target,202,-0.5,steered,2,50,last_prompt,random_j_2,deception,1,0.10122020542621613
aggregate-control-1-101--0.5-notebook-0.6-128,aggregate-control-1,101,-0.5,steered,2,50,last_prompt,random_j_2,experience,1,9.628468089633518e-05
aggregate-control-1-202--0.5-notebook-0.6-128,aggregate-control-1,202,-0.5,steered,2,50,last_prompt,random_j_2,experience,1,0.0007272611061731974
aggregate-control-2-101--0.5-notebook-0.6-128,aggregate-control-2,101,-0.5,steered,2,50,last_prompt,random_j_2,experience,1,-0.06302450100580852
aggregate-control-2-202--0.5-notebook-0.6-128,aggregate-control-2,202,-0.5,steered,2,50,last_prompt,random_j_2,experience,1,-0.06325265930758582
aggregate-control-3-101--0.5-notebook-0.6-128,aggregate-control-3,101,-0.5,steered,2,50,last_prompt,random_j_2,experience,1,-0.02678098612361484
aggregate-control-3-202--0.5-notebook-0.6-128,aggregate-control-3,202,-0.5,steered,2,50,last_prompt,random_j_2,experience,1,-0.026702463626861572
aggregate-target-101--0.5-notebook-0.6-128,aggregate-target,101,-0.5,steered,2,50,last_prompt,random_j_2,experience,1,-0.12874070472187465
aggregate-target-202--0.5-notebook-0.6-128,aggregate-target,202,-0.5,steered,2,50,last_prompt,random_j_2,experience,1,-0.1294139822324117
aggregate-control-1-101--0.5-notebook-0.6-128,aggregate-control-1,101,-0.5,steered,2,50,last_prompt,random_j_2,hedging,1,0.011389382183551788
aggregate-control-1-202--0.5-notebook-0.6-128,aggregate-control-1,202,-0.5,steered,2,50,last_prompt,random_j_2,hedging,1,0.01172747164964676
aggregate-control-2-101--0.5-notebook-0.6-128,aggregate-control-2,101,-0.5,steered,2,50,last_prompt,random_j_2,hedging,1,-0.01643478199839592
aggregate-control-2-202--0.5-notebook-0.6-128,aggregate-control-2,202,-0.5,steered,2,50,last_prompt,random_j_2,hedging,1,-0.01678995192050934
aggregate-control-3-101--0.5-notebook-0.6-128,aggregate-control-3,101,-0.5,steered,2,50,last_prompt,random_j_2,hedging,1,0.06931077614426613
aggregate-control-3-202--0.5-notebook-0.6-128,aggregate-control-3,202,-0.5,steered,2,50,last_prompt,random_j_2,hedging,1,0.06989196464419364
aggregate-target-101--0.5-notebook-0.6-128,aggregate-target,101,-0.5,steered,2,50,last_prompt,random_j_2,hedging,1,0.12607130631804467
aggregate-target-202--0.5-notebook-0.6-128,aggregate-target,202,-0.5,steered,2,50,last_prompt,random_j_2,hedging,1,0.12614906951785088
aggregate-control-1-101--0.5-notebook-0.6-128,aggregate-control-1,101,-0.5,steered,2,50,last_prompt,random_j_2,honesty,1,-0.0674770712852478
aggregate-control-1-202--0.5-notebook-0.6-128,aggregate-control-1,202,-0.5,steered,2,50,last_prompt,random_j_2,honesty,1,-0.06674019098281861
aggregate-control-2-101--0.5-notebook-0.6-128,aggregate-control-2,101,-0.5,steered,2,50,last_prompt,random_j_2,honesty,1,-0.021500959992408752
aggregate-control-2-202--0.5-notebook-0.6-128,aggregate-control-2,202,-0.5,steered,2,50,last_prompt,random_j_2,honesty,1,-0.020564502477645873
aggregate-control-3-101--0.5-notebook-0.6-128,aggregate-control-3,101,-0.5,steered,2,50,last_prompt,random_j_2,honesty,1,0.07961319833993911
aggregate-control-3-202--0.5-notebook-0.6-128,aggregate-control-3,202,-0.5,steered,2,50,last_prompt,random_j_2,honesty,1,0.07926952838897705
aggregate-target-101--0.5-notebook-0.6-128,aggregate-target,101,-0.5,steered,2,50,last_prompt,random_j_2,honesty,1,-0.024223804473876953
aggregate-target-202--0.5-notebook-0.6-128,aggregate-target,202,-0.5,steered,2,50,last_prompt,random_j_2,honesty,1,-0.023985284566879272
aggregate-control-1-101--0.5-notebook-0.6-128,aggregate-control-1,101,-0.5,steered,2,50,last_prompt,random_j_2,intervention,1,-0.090930152270529
aggregate-control-1-202--0.5-notebook-0.6-128,aggregate-control-1,202,-0.5,steered,2,50,last_prompt,random_j_2,intervention,1,-0.09034509542915556
aggregate-control-2-101--0.5-notebook-0.6-128,aggregate-control-2,101,-0.5,steered,2,50,last_prompt,random_j_2,intervention,1,-0.06691372725698683
aggregate-control-2-202--0.5-notebook-0.6-128,aggregate-control-2,202,-0.5,steered,2,50,last_prompt,random_j_2,intervention,1,-0.06603968971305424
aggregate-control-3-101--0.5-notebook-0.6-128,aggregate-control-3,101,-0.5,steered,2,50,last_prompt,random_j_2,intervention,1,-0.11739062600665623
aggregate-control-3-202--0.5-notebook-0.6-128,aggregate-control-3,202,-0.5,steered,2,50,last_prompt,random_j_2,intervention,1,-0.11550889081425136
aggregate-target-101--0.5-notebook-0.6-128,aggregate-target,101,-0.5,steered,2,50,last_prompt,random_j_2,intervention,1,-0.00845322675175137
aggregate-target-202--0.5-notebook-0.6-128,aggregate-target,202,-0.5,steered,2,50,last_prompt,random_j_2,intervention,1,-0.008503364192114936
aggregate-control-1-101--0.5-notebook-0.6-128,aggregate-control-1,101,-0.5,steered,2,50,last_prompt,random_j_2,roleplay,1,-0.05911256869633993
aggregate-control-1-202--0.5-notebook-0.6-128,aggregate-control-1,202,-0.5,steered,2,50,last_prompt,random_j_2,roleplay,1,-0.05873103936513265
aggregate-control-2-101--0.5-notebook-0.6-128,aggregate-control-2,101,-0.5,steered,2,50,last_prompt,random_j_2,roleplay,1,0.037119691570599876
aggregate-control-2-202--0.5-notebook-0.6-128,aggregate-control-2,202,-0.5,steered,2,50,last_prompt,random_j_2,roleplay,1,0.03655463125970629
aggregate-control-3-101--0.5-notebook-0.6-128,aggregate-control-3,101,-0.5,steered,2,50,last_prompt,random_j_2,roleplay,1,-0.09456009003851149
aggregate-control-3-202--0.5-notebook-0.6-128,aggregate-control-3,202,-0.5,steered,2,50,last_prompt,random_j_2,roleplay,1,-0.09460123380025227
aggregate-target-101--0.5-notebook-0.6-128,aggregate-target,101,-0.5,steered,2,50,last_prompt,random_j_2,roleplay,1,0.018250581290986802
aggregate-target-202--0.5-notebook-0.6-128,aggregate-target,202,-0.5,steered,2,50,last_prompt,random_j_2,roleplay,1,0.018347947133911982
aggregate-control-1-101--0.5-notebook-0.6-128,aggregate-control-1,101,-0.5,steered,2,50,last_prompt,random_j_2,unrelated,1,0.025289124250411986
aggregate-control-1-202--0.5-notebook-0.6-128,aggregate-control-1,202,-0.5,steered,2,50,last_prompt,random_j_2,unrelated,1,0.02482166886329651
aggregate-control-2-101--0.5-notebook-0.6-128,aggregate-control-2,101,-0.5,steered,2,50,last_prompt,random_j_2,unrelated,1,0.003043326735496521
aggregate-control-2-202--0.5-notebook-0.6-128,aggregate-control-2,202,-0.5,steered,2,50,last_prompt,random_j_2,unrelated,1,0.002567446231842041
aggregate-control-3-101--0.5-notebook-0.6-128,aggregate-control-3,101,-0.5,steered,2,50,last_prompt,random_j_2,unrelated,1,-0.09379292577505112
aggregate-control-3-202--0.5-notebook-0.6-128,aggregate-control-3,202,-0.5,steered,2,50,last_prompt,random_j_2,unrelated,1,-0.09288420602679252
aggregate-target-101--0.5-notebook-0.6-128,aggregate-target,101,-0.5,steered,2,50,last_prompt,random_j_2,unrelated,1,-0.016269055008888245
aggregate-target-202--0.5-notebook-0.6-128,aggregate-target,202,-0.5,steered,2,50,last_prompt,random_j_2,unrelated,1,-0.016269618272781373
aggregate-control-1-101--0.5-notebook-0.6-128,aggregate-control-1,101,-0.5,steered,2,50,last_prompt,random_j_3,deception,1,0.04427281618118286
aggregate-control-1-202--0.5-notebook-0.6-128,aggregate-control-1,202,-0.5,steered,2,50,last_prompt,random_j_3,deception,1,0.045044952630996705
aggregate-control-2-101--0.5-notebook-0.6-128,aggregate-control-2,101,-0.5,steered,2,50,last_prompt,random_j_3,deception,1,0.034929978847503665
aggregate-control-2-202--0.5-notebook-0.6-128,aggregate-control-2,202,-0.5,steered,2,50,last_prompt,random_j_3,deception,1,0.034786665439605714
aggregate-control-3-101--0.5-notebook-0.6-128,aggregate-control-3,101,-0.5,steered,2,50,last_prompt,random_j_3,deception,1,-0.02920030951499939
aggregate-control-3-202--0.5-notebook-0.6-128,aggregate-control-3,202,-0.5,steered,2,50,last_prompt,random_j_3,deception,1,-0.02889207601547241
aggregate-target-101--0.5-notebook-0.6-128,aggregate-target,101,-0.5,steered,2,50,last_prompt,random_j_3,deception,1,-0.11853368282318115
aggregate-target-202--0.5-notebook-0.6-128,aggregate-target,202,-0.5,steered,2,50,last_prompt,random_j_3,deception,1,-0.11708498597145081
aggregate-control-1-101--0.5-notebook-0.6-128,aggregate-control-1,101,-0.5,steered,2,50,last_prompt,random_j_3,experience,1,0.08164609140819973
aggregate-control-1-202--0.5-notebook-0.6-128,aggregate-control-1,202,-0.5,steered,2,50,last_prompt,random_j_3,experience,1,0.08138076878256267
aggregate-control-2-101--0.5-notebook-0.6-128,aggregate-control-2,101,-0.5,steered,2,50,last_prompt,random_j_3,experience,1,0.07511685291926067
aggregate-control-2-202--0.5-notebook-0.6-128,aggregate-control-2,202,-0.5,steered,2,50,last_prompt,random_j_3,experience,1,0.07494992680019802
aggregate-control-3-101--0.5-notebook-0.6-128,aggregate-control-3,101,-0.5,steered,2,50,last_prompt,random_j_3,experience,1,0.07505666878488329
aggregate-control-3-202--0.5-notebook-0.6-128,aggregate-control-3,202,-0.5,steered,2,50,last_prompt,random_j_3,experience,1,0.07424657377931806
aggregate-target-101--0.5-notebook-0.6-128,aggregate-target,101,-0.5,steered,2,50,last_prompt,random_j_3,experience,1,-0.001261644893222385
aggregate-target-202--0.5-notebook-0.6-128,aggregate-target,202,-0.5,steered,2,50,last_prompt,random_j_3,experience,1,-0.00233013348446952
aggregate-control-1-101--0.5-notebook-0.6-128,aggregate-control-1,101,-0.5,steered,2,50,last_prompt,random_j_3,hedging,1,0.021088775992393494
aggregate-control-1-202--0.5-notebook-0.6-128,aggregate-control-1,202,-0.5,steered,2,50,last_prompt,random_j_3,hedging,1,0.01965424418449402
aggregate-control-2-101--0.5-notebook-0.6-128,aggregate-control-2,101,-0.5,steered,2,50,last_prompt,random_j_3,hedging,1,0.022617465257644652
aggregate-control-2-202--0.5-notebook-0.6-128,aggregate-control-2,202,-0.5,steered,2,50,last_prompt,random_j_3,hedging,1,0.02325941324234009
aggregate-control-3-101--0.5-notebook-0.6-128,aggregate-control-3,101,-0.5,steered,2,50,last_prompt,random_j_3,hedging,1,0.06845955848693848
aggregate-control-3-202--0.5-notebook-0.6-128,aggregate-control-3,202,-0.5,steered,2,50,last_prompt,random_j_3,hedging,1,0.06678384244441986
aggregate-target-101--0.5-notebook-0.6-128,aggregate-target,101,-0.5,steered,2,50,last_prompt,random_j_3,hedging,1,-0.0275209903717041
aggregate-target-202--0.5-notebook-0.6-128,aggregate-target,202,-0.5,steered,2,50,last_prompt,random_j_3,hedging,1,-0.02859947830438614
aggregate-control-1-101--0.5-notebook-0.6-128,aggregate-control-1,101,-0.5,steered,2,50,last_prompt,random_j_3,honesty,1,-0.026562894880771636
aggregate-control-1-202--0.5-notebook-0.6-128,aggregate-control-1,202,-0.5,steered,2,50,last_prompt,random_j_3,honesty,1,-0.028159120678901674
aggregate-control-2-101--0.5-notebook-0.6-128,aggregate-control-2,101,-0.5,steered,2,50,last_prompt,random_j_3,honesty,1,-0.05342770367860794
aggregate-control-2-202--0.5-notebook-0.6-128,aggregate-control-2,202,-0.5,steered,2,50,last_prompt,random_j_3,honesty,1,-0.053006967157125474
aggregate-control-3-101--0.5-notebook-0.6-128,aggregate-control-3,101,-0.5,steered,2,50,last_prompt,random_j_3,honesty,1,-0.01266472041606903
aggregate-control-3-202--0.5-notebook-0.6-128,aggregate-control-3,202,-0.5,steered,2,50,last_prompt,random_j_3,honesty,1,-0.01085394024848938
aggregate-target-101--0.5-notebook-0.6-128,aggregate-target,101,-0.5,steered,2,50,last_prompt,random_j_3,honesty,1,-0.05987120568752289
aggregate-target-202--0.5-notebook-0.6-128,aggregate-target,202,-0.5,steered,2,50,last_prompt,random_j_3,honesty,1,-0.057934293150901796
aggregate-control-1-101--0.5-notebook-0.6-128,aggregate-control-1,101,-0.5,steered,2,50,last_prompt,random_j_3,intervention,1,0.01979772084289127
aggregate-control-1-202--0.5-notebook-0.6-128,aggregate-control-1,202,-0.5,steered,2,50,last_prompt,random_j_3,intervention,1,0.020419941180282168
aggregate-control-2-101--0.5-notebook-0.6-128,aggregate-control-2,101,-0.5,steered,2,50,last_prompt,random_j_3,intervention,1,0.0167211823993259
aggregate-control-2-202--0.5-notebook-0.6-128,aggregate-control-2,202,-0.5,steered,2,50,last_prompt,random_j_3,intervention,1,0.016364110840691462
aggregate-control-3-101--0.5-notebook-0.6-128,aggregate-control-3,101,-0.5,steered,2,50,last_prompt,random_j_3,intervention,1,-0.0008837564124001397
aggregate-control-3-202--0.5-notebook-0.6-128,aggregate-control-3,202,-0.5,steered,2,50,last_prompt,random_j_3,intervention,1,-0.0013414356443617079
aggregate-target-101--0.5-notebook-0.6-128,aggregate-target,101,-0.5,steered,2,50,last_prompt,random_j_3,intervention,1,-0.038997976316346064
aggregate-target-202--0.5-notebook-0.6-128,aggregate-target,202,-0.5,steered,2,50,last_prompt,random_j_3,intervention,1,-0.03954738544093238
aggregate-control-1-101--0.5-notebook-0.6-128,aggregate-control-1,101,-0.5,steered,2,50,last_prompt,random_j_3,roleplay,1,-0.005548849701881409
aggregate-control-1-202--0.5-notebook-0.6-128,aggregate-control-1,202,-0.5,steered,2,50,last_prompt,random_j_3,roleplay,1,-0.0061998383866416085
aggregate-control-2-101--0.5-notebook-0.6-128,aggregate-control-2,101,-0.5,steered,2,50,last_prompt,random_j_3,roleplay,1,0.02109520634015401
aggregate-control-2-202--0.5-notebook-0.6-128,aggregate-control-2,202,-0.5,steered,2,50,last_prompt,random_j_3,roleplay,1,0.020824987027380202
aggregate-control-3-101--0.5-notebook-0.6-128,aggregate-control-3,101,-0.5,steered,2,50,last_prompt,random_j_3,roleplay,1,0.07109035882684919
aggregate-control-3-202--0.5-notebook-0.6-128,aggregate-control-3,202,-0.5,steered,2,50,last_prompt,random_j_3,roleplay,1,0.06966273486614227
aggregate-target-101--0.5-notebook-0.6-128,aggregate-target,101,-0.5,steered,2,50,last_prompt,random_j_3,roleplay,1,-0.023897608121236164
aggregate-target-202--0.5-notebook-0.6-128,aggregate-target,202,-0.5,steered,2,50,last_prompt,random_j_3,roleplay,1,-0.024092286825180054
aggregate-control-1-101--0.5-notebook-0.6-128,aggregate-control-1,101,-0.5,steered,2,50,last_prompt,random_j_3,unrelated,1,-0.023132947832345964
aggregate-control-1-202--0.5-notebook-0.6-128,aggregate-control-1,202,-0.5,steered,2,50,last_prompt,random_j_3,unrelated,1,-0.022568749636411665
aggregate-control-2-101--0.5-notebook-0.6-128,aggregate-control-2,101,-0.5,steered,2,50,last_prompt,random_j_3,unrelated,1,-0.01730097234249115
aggregate-control-2-202--0.5-notebook-0.6-128,aggregate-control-2,202,-0.5,steered,2,50,last_prompt,random_j_3,unrelated,1,-0.01724959760904312
aggregate-control-3-101--0.5-notebook-0.6-128,aggregate-control-3,101,-0.5,steered,2,50,last_prompt,random_j_3,unrelated,1,0.03718553557991981
aggregate-control-3-202--0.5-notebook-0.6-128,aggregate-control-3,202,-0.5,steered,2,50,last_prompt,random_j_3,unrelated,1,0.036292537301778796
aggregate-target-101--0.5-notebook-0.6-128,aggregate-target,101,-0.5,steered,2,50,last_prompt,random_j_3,unrelated,1,-0.03939843699336052
aggregate-target-202--0.5-notebook-0.6-128,aggregate-target,202,-0.5,steered,2,50,last_prompt,random_j_3,unrelated,1,-0.040441897511482236
aggregate-control-1-101--0.5-notebook-0.6-128,aggregate-control-1,101,-0.5,steered,2,50,last_prompt,random_j_4,deception,1,0.049254214763641356
aggregate-control-1-202--0.5-notebook-0.6-128,aggregate-control-1,202,-0.5,steered,2,50,last_prompt,random_j_4,deception,1,0.048946510255336764
aggregate-control-2-101--0.5-notebook-0.6-128,aggregate-control-2,101,-0.5,steered,2,50,last_prompt,random_j_4,deception,1,-0.013258829712867737
aggregate-control-2-202--0.5-notebook-0.6-128,aggregate-control-2,202,-0.5,steered,2,50,last_prompt,random_j_4,deception,1,-0.013475826382637024
aggregate-control-3-101--0.5-notebook-0.6-128,aggregate-control-3,101,-0.5,steered,2,50,last_prompt,random_j_4,deception,1,-0.007383015751838684
aggregate-control-3-202--0.5-notebook-0.6-128,aggregate-control-3,202,-0.5,steered,2,50,last_prompt,random_j_4,deception,1,-0.0064453229308128355
aggregate-target-101--0.5-notebook-0.6-128,aggregate-target,101,-0.5,steered,2,50,last_prompt,random_j_4,deception,1,-0.03931068778038025
aggregate-target-202--0.5-notebook-0.6-128,aggregate-target,202,-0.5,steered,2,50,last_prompt,random_j_4,deception,1,-0.04117738455533981
aggregate-control-1-101--0.5-notebook-0.6-128,aggregate-control-1,101,-0.5,steered,2,50,last_prompt,random_j_4,experience,1,0.11386525630950928
aggregate-control-1-202--0.5-notebook-0.6-128,aggregate-control-1,202,-0.5,steered,2,50,last_prompt,random_j_4,experience,1,0.11485426293479072
aggregate-control-2-101--0.5-notebook-0.6-128,aggregate-control-2,101,-0.5,steered,2,50,last_prompt,random_j_4,experience,1,0.01794713404443529
aggregate-control-2-202--0.5-notebook-0.6-128,aggregate-control-2,202,-0.5,steered,2,50,last_prompt,random_j_4,experience,1,0.017582996024025813
aggregate-control-3-101--0.5-notebook-0.6-128,aggregate-control-3,101,-0.5,steered,2,50,last_prompt,random_j_4,experience,1,-0.04041729039616055
aggregate-control-3-202--0.5-notebook-0.6-128,aggregate-control-3,202,-0.5,steered,2,50,last_prompt,random_j_4,experience,1,-0.03959206077787611
aggregate-target-101--0.5-notebook-0.6-128,aggregate-target,101,-0.5,steered,2,50,last_prompt,random_j_4,experience,1,-0.07632308867242601
aggregate-target-202--0.5-notebook-0.6-128,aggregate-target,202,-0.5,steered,2,50,last_prompt,random_j_4,experience,1,-0.07648374636967976
aggregate-control-1-101--0.5-notebook-0.6-128,aggregate-control-1,101,-0.5,steered,2,50,last_prompt,random_j_4,hedging,1,-0.04546865001320839
aggregate-control-1-202--0.5-notebook-0.6-128,aggregate-control-1,202,-0.5,steered,2,50,last_prompt,random_j_4,hedging,1,-0.04509635493159294
aggregate-control-2-101--0.5-notebook-0.6-128,aggregate-control-2,101,-0.5,steered,2,50,last_prompt,random_j_4,hedging,1,0.07232524752616883
aggregate-control-2-202--0.5-notebook-0.6-128,aggregate-control-2,202,-0.5,steered,2,50,last_prompt,random_j_4,hedging,1,0.07160635516047478
aggregate-control-3-101--0.5-notebook-0.6-128,aggregate-control-3,101,-0.5,steered,2,50,last_prompt,random_j_4,hedging,1,-0.027556928992271423
aggregate-control-3-202--0.5-notebook-0.6-128,aggregate-control-3,202,-0.5,steered,2,50,last_prompt,random_j_4,hedging,1,-0.027457472681999207
aggregate-target-101--0.5-notebook-0.6-128,aggregate-target,101,-0.5,steered,2,50,last_prompt,random_j_4,hedging,1,-0.008671414852142335
aggregate-target-202--0.5-notebook-0.6-128,aggregate-target,202,-0.5,steered,2,50,last_prompt,random_j_4,hedging,1,-0.009253636002540588
aggregate-control-1-101--0.5-notebook-0.6-128,aggregate-control-1,101,-0.5,steered,2,50,last_prompt,random_j_4,honesty,1,0.07426340132951736
aggregate-control-1-202--0.5-notebook-0.6-128,aggregate-control-1,202,-0.5,steered,2,50,last_prompt,random_j_4,honesty,1,0.07378209084272384
aggregate-control-2-101--0.5-notebook-0.6-128,aggregate-control-2,101,-0.5,steered,2,50,last_prompt,random_j_4,honesty,1,-0.020229461789131164
aggregate-control-2-202--0.5-notebook-0.6-128,aggregate-control-2,202,-0.5,steered,2,50,last_prompt,random_j_4,honesty,1,-0.019007298350334167
aggregate-control-3-101--0.5-notebook-0.6-128,aggregate-control-3,101,-0.5,steered,2,50,last_prompt,random_j_4,honesty,1,-0.09134873077273369
aggregate-control-3-202--0.5-notebook-0.6-128,aggregate-control-3,202,-0.5,steered,2,50,last_prompt,random_j_4,honesty,1,-0.08868597596883773
aggregate-target-101--0.5-notebook-0.6-128,aggregate-target,101,-0.5,steered,2,50,last_prompt,random_j_4,honesty,1,0.0373225599527359
aggregate-target-202--0.5-notebook-0.6-128,aggregate-target,202,-0.5,steered,2,50,last_prompt,random_j_4,honesty,1,0.0351844534277916
aggregate-control-1-101--0.5-notebook-0.6-128,aggregate-control-1,101,-0.5,steered,2,50,last_prompt,random_j_4,intervention,1,-0.03687738213274214
aggregate-control-1-202--0.5-notebook-0.6-128,aggregate-control-1,202,-0.5,steered,2,50,last_prompt,random_j_4,intervention,1,-0.035920908053716026
aggregate-control-2-101--0.5-notebook-0.6-128,aggregate-control-2,101,-0.5,steered,2,50,last_prompt,random_j_4,intervention,1,0.051911509699291654
aggregate-control-2-202--0.5-notebook-0.6-128,aggregate-control-2,202,-0.5,steered,2,50,last_prompt,random_j_4,intervention,1,0.051122107439570956
aggregate-control-3-101--0.5-notebook-0.6-128,aggregate-control-3,101,-0.5,steered,2,50,last_prompt,random_j_4,intervention,1,-0.022162836458947923
aggregate-control-3-202--0.5-notebook-0.6-128,aggregate-control-3,202,-0.5,steered,2,50,last_prompt,random_j_4,intervention,1,-0.022181426485379536
aggregate-target-101--0.5-notebook-0.6-128,aggregate-target,101,-0.5,steered,2,50,last_prompt,random_j_4,intervention,1,0.0026351908842722573
aggregate-target-202--0.5-notebook-0.6-128,aggregate-target,202,-0.5,steered,2,50,last_prompt,random_j_4,intervention,1,0.0031737320952945286
aggregate-control-1-101--0.5-notebook-0.6-128,aggregate-control-1,101,-0.5,steered,2,50,last_prompt,random_j_4,roleplay,1,-0.04392931030856238
aggregate-control-1-202--0.5-notebook-0.6-128,aggregate-control-1,202,-0.5,steered,2,50,last_prompt,random_j_4,roleplay,1,-0.04362770583894518
aggregate-control-2-101--0.5-notebook-0.6-128,aggregate-control-2,101,-0.5,steered,2,50,last_prompt,random_j_4,roleplay,1,0.06750786966747707
aggregate-control-2-202--0.5-notebook-0.6-128,aggregate-control-2,202,-0.5,steered,2,50,last_prompt,random_j_4,roleplay,1,0.06699945529301961
aggregate-control-3-101--0.5-notebook-0.6-128,aggregate-control-3,101,-0.5,steered,2,50,last_prompt,random_j_4,roleplay,1,-0.054129729668299355
aggregate-control-3-202--0.5-notebook-0.6-128,aggregate-control-3,202,-0.5,steered,2,50,last_prompt,random_j_4,roleplay,1,-0.05322539806365967
aggregate-target-101--0.5-notebook-0.6-128,aggregate-target,101,-0.5,steered,2,50,last_prompt,random_j_4,roleplay,1,0.07643053266737196
aggregate-target-202--0.5-notebook-0.6-128,aggregate-target,202,-0.5,steered,2,50,last_prompt,random_j_4,roleplay,1,0.07484938038720025
aggregate-control-1-101--0.5-notebook-0.6-128,aggregate-control-1,101,-0.5,steered,2,50,last_prompt,random_j_4,unrelated,1,-0.02795567214488983
aggregate-control-1-202--0.5-notebook-0.6-128,aggregate-control-1,202,-0.5,steered,2,50,last_prompt,random_j_4,unrelated,1,-0.028369268774986266
aggregate-control-2-101--0.5-notebook-0.6-128,aggregate-control-2,101,-0.5,steered,2,50,last_prompt,random_j_4,unrelated,1,-0.04942195862531662
aggregate-control-2-202--0.5-notebook-0.6-128,aggregate-control-2,202,-0.5,steered,2,50,last_prompt,random_j_4,unrelated,1,-0.049246187508106234
aggregate-control-3-101--0.5-notebook-0.6-128,aggregate-control-3,101,-0.5,steered,2,50,last_prompt,random_j_4,unrelated,1,-0.012859529256820679
aggregate-control-3-202--0.5-notebook-0.6-128,aggregate-control-3,202,-0.5,steered,2,50,last_prompt,random_j_4,unrelated,1,-0.011719650030136109
aggregate-target-101--0.5-notebook-0.6-128,aggregate-target,101,-0.5,steered,2,50,last_prompt,random_j_4,unrelated,1,0.004616842046380043
aggregate-target-202--0.5-notebook-0.6-128,aggregate-target,202,-0.5,steered,2,50,last_prompt,random_j_4,unrelated,1,0.004999110102653503
aggregate-control-1-101--0.5-notebook-0.6-128,aggregate-control-1,101,-0.5,steered,2,50,last_prompt,random_j_5,deception,1,0.04426522627472877
aggregate-control-1-202--0.5-notebook-0.6-128,aggregate-control-1,202,-0.5,steered,2,50,last_prompt,random_j_5,deception,1,0.043720100075006485
aggregate-control-2-101--0.5-notebook-0.6-128,aggregate-control-2,101,-0.5,steered,2,50,last_prompt,random_j_5,deception,1,0.07897292971611022
aggregate-control-2-202--0.5-notebook-0.6-128,aggregate-control-2,202,-0.5,steered,2,50,last_prompt,random_j_5,deception,1,0.07666714116930962
aggregate-control-3-101--0.5-notebook-0.6-128,aggregate-control-3,101,-0.5,steered,2,50,last_prompt,random_j_5,deception,1,-0.054096470773220065
aggregate-control-3-202--0.5-notebook-0.6-128,aggregate-control-3,202,-0.5,steered,2,50,last_prompt,random_j_5,deception,1,-0.05345769599080086
aggregate-target-101--0.5-notebook-0.6-128,aggregate-target,101,-0.5,steered,2,50,last_prompt,random_j_5,deception,1,0.03375446647405624
aggregate-target-202--0.5-notebook-0.6-128,aggregate-target,202,-0.5,steered,2,50,last_prompt,random_j_5,deception,1,0.03401516228914261
aggregate-control-1-101--0.5-notebook-0.6-128,aggregate-control-1,101,-0.5,steered,2,50,last_prompt,random_j_5,experience,1,0.10468468070030212
aggregate-control-1-202--0.5-notebook-0.6-128,aggregate-control-1,202,-0.5,steered,2,50,last_prompt,random_j_5,experience,1,0.10321944807138708
aggregate-control-2-101--0.5-notebook-0.6-128,aggregate-control-2,101,-0.5,steered,2,50,last_prompt,random_j_5,experience,1,-0.05988959906001886
aggregate-control-2-202--0.5-notebook-0.6-128,aggregate-control-2,202,-0.5,steered,2,50,last_prompt,random_j_5,experience,1,-0.058153117489483624
aggregate-control-3-101--0.5-notebook-0.6-128,aggregate-control-3,101,-0.5,steered,2,50,last_prompt,random_j_5,experience,1,0.08058960735797882
aggregate-control-3-202--0.5-notebook-0.6-128,aggregate-control-3,202,-0.5,steered,2,50,last_prompt,random_j_5,experience,1,0.07824100740253925
aggregate-target-101--0.5-notebook-0.6-128,aggregate-target,101,-0.5,steered,2,50,last_prompt,random_j_5,experience,1,0.04422457847330305
aggregate-target-202--0.5-notebook-0.6-128,aggregate-target,202,-0.5,steered,2,50,last_prompt,random_j_5,experience,1,0.04417589803536733
aggregate-control-1-101--0.5-notebook-0.6-128,aggregate-control-1,101,-0.5,steered,2,50,last_prompt,random_j_5,hedging,1,0.03397001177072525
aggregate-control-1-202--0.5-notebook-0.6-128,aggregate-control-1,202,-0.5,steered,2,50,last_prompt,random_j_5,hedging,1,0.033786527812480927
aggregate-control-2-101--0.5-notebook-0.6-128,aggregate-control-2,101,-0.5,steered,2,50,last_prompt,random_j_5,hedging,1,0.005962492525577545
aggregate-control-2-202--0.5-notebook-0.6-128,aggregate-control-2,202,-0.5,steered,2,50,last_prompt,random_j_5,hedging,1,0.005387948453426361
aggregate-control-3-101--0.5-notebook-0.6-128,aggregate-control-3,101,-0.5,steered,2,50,last_prompt,random_j_5,hedging,1,0.0990621104836464
aggregate-control-3-202--0.5-notebook-0.6-128,aggregate-control-3,202,-0.5,steered,2,50,last_prompt,random_j_5,hedging,1,0.09765916615724564
aggregate-target-101--0.5-notebook-0.6-128,aggregate-target,101,-0.5,steered,2,50,last_prompt,random_j_5,hedging,1,-0.09041296690702438
aggregate-target-202--0.5-notebook-0.6-128,aggregate-target,202,-0.5,steered,2,50,last_prompt,random_j_5,hedging,1,-0.09065275192260742
aggregate-control-1-101--0.5-notebook-0.6-128,aggregate-control-1,101,-0.5,steered,2,50,last_prompt,random_j_5,honesty,1,0.04231342077255249
aggregate-control-1-202--0.5-notebook-0.6-128,aggregate-control-1,202,-0.5,steered,2,50,last_prompt,random_j_5,honesty,1,0.04163344502449036
aggregate-control-2-101--0.5-notebook-0.6-128,aggregate-control-2,101,-0.5,steered,2,50,last_prompt,random_j_5,honesty,1,-0.10080010592937469
aggregate-control-2-202--0.5-notebook-0.6-128,aggregate-control-2,202,-0.5,steered,2,50,last_prompt,random_j_5,honesty,1,-0.0987510085105896
aggregate-control-3-101--0.5-notebook-0.6-128,aggregate-control-3,101,-0.5,steered,2,50,last_prompt,random_j_5,honesty,1,0.07505781650543213
aggregate-control-3-202--0.5-notebook-0.6-128,aggregate-control-3,202,-0.5,steered,2,50,last_prompt,random_j_5,honesty,1,0.07437271773815154
aggregate-target-101--0.5-notebook-0.6-128,aggregate-target,101,-0.5,steered,2,50,last_prompt,random_j_5,honesty,1,0.06798214614391326
aggregate-target-202--0.5-notebook-0.6-128,aggregate-target,202,-0.5,steered,2,50,last_prompt,random_j_5,honesty,1,0.06705794930458069
aggregate-control-1-101--0.5-notebook-0.6-128,aggregate-control-1,101,-0.5,steered,2,50,last_prompt,random_j_5,intervention,1,-0.03556144568655226
aggregate-control-1-202--0.5-notebook-0.6-128,aggregate-control-1,202,-0.5,steered,2,50,last_prompt,random_j_5,intervention,1,-0.0350947380065918
aggregate-control-2-101--0.5-notebook-0.6-128,aggregate-control-2,101,-0.5,steered,2,50,last_prompt,random_j_5,intervention,1,0.08636488848262364
aggregate-control-2-202--0.5-notebook-0.6-128,aggregate-control-2,202,-0.5,steered,2,50,last_prompt,random_j_5,intervention,1,0.08490622043609619
aggregate-control-3-101--0.5-notebook-0.6-128,aggregate-control-3,101,-0.5,steered,2,50,last_prompt,random_j_5,intervention,1,0.06863488753636678
aggregate-control-3-202--0.5-notebook-0.6-128,aggregate-control-3,202,-0.5,steered,2,50,last_prompt,random_j_5,intervention,1,0.06737420956293742
aggregate-target-101--0.5-notebook-0.6-128,aggregate-target,101,-0.5,steered,2,50,last_prompt,random_j_5,intervention,1,-0.06259621183077495
aggregate-target-202--0.5-notebook-0.6-128,aggregate-target,202,-0.5,steered,2,50,last_prompt,random_j_5,intervention,1,-0.06161771880255805
aggregate-control-1-101--0.5-notebook-0.6-128,aggregate-control-1,101,-0.5,steered,2,50,last_prompt,random_j_5,roleplay,1,0.08552805582682292
aggregate-control-1-202--0.5-notebook-0.6-128,aggregate-control-1,202,-0.5,steered,2,50,last_prompt,random_j_5,roleplay,1,0.08480879498852624
aggregate-control-2-101--0.5-notebook-0.6-128,aggregate-control-2,101,-0.5,steered,2,50,last_prompt,random_j_5,roleplay,1,0.022636524505085416
aggregate-control-2-202--0.5-notebook-0.6-128,aggregate-control-2,202,-0.5,steered,2,50,last_prompt,random_j_5,roleplay,1,0.02245102243291007
aggregate-control-3-101--0.5-notebook-0.6-128,aggregate-control-3,101,-0.5,steered,2,50,last_prompt,random_j_5,roleplay,1,0.0687070671055052
aggregate-control-3-202--0.5-notebook-0.6-128,aggregate-control-3,202,-0.5,steered,2,50,last_prompt,random_j_5,roleplay,1,0.06677807867527008
aggregate-target-101--0.5-notebook-0.6-128,aggregate-target,101,-0.5,steered,2,50,last_prompt,random_j_5,roleplay,1,0.08768458167711894
aggregate-target-202--0.5-notebook-0.6-128,aggregate-target,202,-0.5,steered,2,50,last_prompt,random_j_5,roleplay,1,0.08693037596013811
aggregate-control-1-101--0.5-notebook-0.6-128,aggregate-control-1,101,-0.5,steered,2,50,last_prompt,random_j_5,unrelated,1,-0.02378743588924408
aggregate-control-1-202--0.5-notebook-0.6-128,aggregate-control-1,202,-0.5,steered,2,50,last_prompt,random_j_5,unrelated,1,-0.024424427747726442
aggregate-control-2-101--0.5-notebook-0.6-128,aggregate-control-2,101,-0.5,steered,2,50,last_prompt,random_j_5,unrelated,1,-0.031248533725738527
aggregate-control-2-202--0.5-notebook-0.6-128,aggregate-control-2,202,-0.5,steered,2,50,last_prompt,random_j_5,unrelated,1,-0.031310287117958066
aggregate-control-3-101--0.5-notebook-0.6-128,aggregate-control-3,101,-0.5,steered,2,50,last_prompt,random_j_5,unrelated,1,0.045211774110794065
aggregate-control-3-202--0.5-notebook-0.6-128,aggregate-control-3,202,-0.5,steered,2,50,last_prompt,random_j_5,unrelated,1,0.044897279143333434
aggregate-target-101--0.5-notebook-0.6-128,aggregate-target,101,-0.5,steered,2,50,last_prompt,random_j_5,unrelated,1,-0.014245134592056275
aggregate-target-202--0.5-notebook-0.6-128,aggregate-target,202,-0.5,steered,2,50,last_prompt,random_j_5,unrelated,1,-0.014650005102157592
aggregate-control-1-101--0.5-notebook-0.6-128,aggregate-control-1,101,-0.5,steered,2,65,last_prompt,identity,deception,1,0.05824606716632843
aggregate-control-1-202--0.5-notebook-0.6-128,aggregate-control-1,202,-0.5,steered,2,65,last_prompt,identity,deception,1,0.07546821981668472
aggregate-control-2-101--0.5-notebook-0.6-128,aggregate-control-2,101,-0.5,steered,2,65,last_prompt,identity,deception,1,0.02339948117733002
aggregate-control-2-202--0.5-notebook-0.6-128,aggregate-control-2,202,-0.5,steered,2,65,last_prompt,identity,deception,1,0.039148463308811186
aggregate-control-3-101--0.5-notebook-0.6-128,aggregate-control-3,101,-0.5,steered,2,65,last_prompt,identity,deception,1,0.18024769872426988
aggregate-control-3-202--0.5-notebook-0.6-128,aggregate-control-3,202,-0.5,steered,2,65,last_prompt,identity,deception,1,0.18118428364396094
aggregate-target-101--0.5-notebook-0.6-128,aggregate-target,101,-0.5,steered,2,65,last_prompt,identity,deception,1,-0.2669832453131676
aggregate-target-202--0.5-notebook-0.6-128,aggregate-target,202,-0.5,steered,2,65,last_prompt,identity,deception,1,-0.26985332891345026
aggregate-control-1-101--0.5-notebook-0.6-128,aggregate-control-1,101,-0.5,steered,2,65,last_prompt,identity,experience,1,0.03151598241594103
aggregate-control-1-202--0.5-notebook-0.6-128,aggregate-control-1,202,-0.5,steered,2,65,last_prompt,identity,experience,1,0.07434317138459948
aggregate-control-2-101--0.5-notebook-0.6-128,aggregate-control-2,101,-0.5,steered,2,65,last_prompt,identity,experience,1,0.09025145901574029
aggregate-control-2-202--0.5-notebook-0.6-128,aggregate-control-2,202,-0.5,steered,2,65,last_prompt,identity,experience,1,0.08110314938757154
aggregate-control-3-101--0.5-notebook-0.6-128,aggregate-control-3,101,-0.5,steered,2,65,last_prompt,identity,experience,1,0.04470033446947733
aggregate-control-3-202--0.5-notebook-0.6-128,aggregate-control-3,202,-0.5,steered,2,65,last_prompt,identity,experience,1,0.04813089966773987
aggregate-target-101--0.5-notebook-0.6-128,aggregate-target,101,-0.5,steered,2,65,last_prompt,identity,experience,1,0.026661910944514804
aggregate-target-202--0.5-notebook-0.6-128,aggregate-target,202,-0.5,steered,2,65,last_prompt,identity,experience,1,0.059286018212636314
aggregate-control-1-101--0.5-notebook-0.6-128,aggregate-control-1,101,-0.5,steered,2,65,last_prompt,identity,hedging,1,-0.032396715879440305
aggregate-control-1-202--0.5-notebook-0.6-128,aggregate-control-1,202,-0.5,steered,2,65,last_prompt,identity,hedging,1,-0.05790582597255707
aggregate-control-2-101--0.5-notebook-0.6-128,aggregate-control-2,101,-0.5,steered,2,65,last_prompt,identity,hedging,1,0.024070657417178155
aggregate-control-2-202--0.5-notebook-0.6-128,aggregate-control-2,202,-0.5,steered,2,65,last_prompt,identity,hedging,1,0.028082288801670074
aggregate-control-3-101--0.5-notebook-0.6-128,aggregate-control-3,101,-0.5,steered,2,65,last_prompt,identity,hedging,1,0.031544727832078935
aggregate-control-3-202--0.5-notebook-0.6-128,aggregate-control-3,202,-0.5,steered,2,65,last_prompt,identity,hedging,1,0.031146854162216187
aggregate-target-101--0.5-notebook-0.6-128,aggregate-target,101,-0.5,steered,2,65,last_prompt,identity,hedging,1,0.011633042246103287
aggregate-target-202--0.5-notebook-0.6-128,aggregate-target,202,-0.5,steered,2,65,last_prompt,identity,hedging,1,0.01027354896068573
aggregate-control-1-101--0.5-notebook-0.6-128,aggregate-control-1,101,-0.5,steered,2,65,last_prompt,identity,honesty,1,-0.07520329877734185
aggregate-control-1-202--0.5-notebook-0.6-128,aggregate-control-1,202,-0.5,steered,2,65,last_prompt,identity,honesty,1,-0.04384667873382568
aggregate-control-2-101--0.5-notebook-0.6-128,aggregate-control-2,101,-0.5,steered,2,65,last_prompt,identity,honesty,1,0.014781046658754349
aggregate-control-2-202--0.5-notebook-0.6-128,aggregate-control-2,202,-0.5,steered,2,65,last_prompt,identity,honesty,1,0.04570387005805969
aggregate-control-3-101--0.5-notebook-0.6-128,aggregate-control-3,101,-0.5,steered,2,65,last_prompt,identity,honesty,1,0.11013724952936173
aggregate-control-3-202--0.5-notebook-0.6-128,aggregate-control-3,202,-0.5,steered,2,65,last_prompt,identity,honesty,1,0.10571843460202217
aggregate-target-101--0.5-notebook-0.6-128,aggregate-target,101,-0.5,steered,2,65,last_prompt,identity,honesty,1,0.025801781564950943
aggregate-target-202--0.5-notebook-0.6-128,aggregate-target,202,-0.5,steered,2,65,last_prompt,identity,honesty,1,0.03477838337421417
aggregate-control-1-101--0.5-notebook-0.6-128,aggregate-control-1,101,-0.5,steered,2,65,last_prompt,identity,intervention,1,-0.007423352864053514
aggregate-control-1-202--0.5-notebook-0.6-128,aggregate-control-1,202,-0.5,steered,2,65,last_prompt,identity,intervention,1,-0.005197472042507595
aggregate-control-2-101--0.5-notebook-0.6-128,aggregate-control-2,101,-0.5,steered,2,65,last_prompt,identity,intervention,1,0.10959849589400822
aggregate-control-2-202--0.5-notebook-0.6-128,aggregate-control-2,202,-0.5,steered,2,65,last_prompt,identity,intervention,1,0.12392172382937537
aggregate-control-3-101--0.5-notebook-0.6-128,aggregate-control-3,101,-0.5,steered,2,65,last_prompt,identity,intervention,1,0.06398381127251519
aggregate-control-3-202--0.5-notebook-0.6-128,aggregate-control-3,202,-0.5,steered,2,65,last_prompt,identity,intervention,1,0.06473774380154079
aggregate-target-101--0.5-notebook-0.6-128,aggregate-target,101,-0.5,steered,2,65,last_prompt,identity,intervention,1,0.044623538851737976
aggregate-target-202--0.5-notebook-0.6-128,aggregate-target,202,-0.5,steered,2,65,last_prompt,identity,intervention,1,0.02999437517589993
aggregate-control-1-101--0.5-notebook-0.6-128,aggregate-control-1,101,-0.5,steered,2,65,last_prompt,identity,roleplay,1,-0.04170045008261999
aggregate-control-1-202--0.5-notebook-0.6-128,aggregate-control-1,202,-0.5,steered,2,65,last_prompt,identity,roleplay,1,-0.03967883934577306
aggregate-control-2-101--0.5-notebook-0.6-128,aggregate-control-2,101,-0.5,steered,2,65,last_prompt,identity,roleplay,1,-0.009827743801805709
aggregate-control-2-202--0.5-notebook-0.6-128,aggregate-control-2,202,-0.5,steered,2,65,last_prompt,identity,roleplay,1,-0.010675047834714254
aggregate-control-3-101--0.5-notebook-0.6-128,aggregate-control-3,101,-0.5,steered,2,65,last_prompt,identity,roleplay,1,0.004829261038038466
aggregate-control-3-202--0.5-notebook-0.6-128,aggregate-control-3,202,-0.5,steered,2,65,last_prompt,identity,roleplay,1,0.01900374061531491
aggregate-target-101--0.5-notebook-0.6-128,aggregate-target,101,-0.5,steered,2,65,last_prompt,identity,roleplay,1,-0.12289286818769243
aggregate-target-202--0.5-notebook-0.6-128,aggregate-target,202,-0.5,steered,2,65,last_prompt,identity,roleplay,1,-0.11582245760493809
aggregate-control-1-101--0.5-notebook-0.6-128,aggregate-control-1,101,-0.5,steered,2,65,last_prompt,identity,unrelated,1,0.004680952429771424
aggregate-control-1-202--0.5-notebook-0.6-128,aggregate-control-1,202,-0.5,steered,2,65,last_prompt,identity,unrelated,1,0.021038757264614107
aggregate-control-2-101--0.5-notebook-0.6-128,aggregate-control-2,101,-0.5,steered,2,65,last_prompt,identity,unrelated,1,-0.042416588962078096
aggregate-control-2-202--0.5-notebook-0.6-128,aggregate-control-2,202,-0.5,steered,2,65,last_prompt,identity,unrelated,1,-0.03966647572815418
aggregate-control-3-101--0.5-notebook-0.6-128,aggregate-control-3,101,-0.5,steered,2,65,last_prompt,identity,unrelated,1,0.041328297555446626
aggregate-control-3-202--0.5-notebook-0.6-128,aggregate-control-3,202,-0.5,steered,2,65,last_prompt,identity,unrelated,1,0.031198931857943535
aggregate-target-101--0.5-notebook-0.6-128,aggregate-target,101,-0.5,steered,2,65,last_prompt,identity,unrelated,1,0.11465548053383827
aggregate-target-202--0.5-notebook-0.6-128,aggregate-target,202,-0.5,steered,2,65,last_prompt,identity,unrelated,1,0.08937748856842517
aggregate-control-1-101--0.5-notebook-0.6-128,aggregate-control-1,101,-0.5,steered,2,65,last_prompt,jacobian,deception,1,0.04301387667655945
aggregate-control-1-202--0.5-notebook-0.6-128,aggregate-control-1,202,-0.5,steered,2,65,last_prompt,jacobian,deception,1,0.07075883895158767
aggregate-control-2-101--0.5-notebook-0.6-128,aggregate-control-2,101,-0.5,steered,2,65,last_prompt,jacobian,deception,1,-0.056317493319511414
aggregate-control-2-202--0.5-notebook-0.6-128,aggregate-control-2,202,-0.5,steered,2,65,last_prompt,jacobian,deception,1,-0.01869282275438309
aggregate-control-3-101--0.5-notebook-0.6-128,aggregate-control-3,101,-0.5,steered,2,65,last_prompt,jacobian,deception,1,0.06768638789653778
aggregate-control-3-202--0.5-notebook-0.6-128,aggregate-control-3,202,-0.5,steered,2,65,last_prompt,jacobian,deception,1,0.11392220109701157
aggregate-target-101--0.5-notebook-0.6-128,aggregate-target,101,-0.5,steered,2,65,last_prompt,jacobian,deception,1,-1.1630567595362664
aggregate-target-202--0.5-notebook-0.6-128,aggregate-target,202,-0.5,steered,2,65,last_prompt,jacobian,deception,1,-1.1607168197631836
aggregate-control-1-101--0.5-notebook-0.6-128,aggregate-control-1,101,-0.5,steered,2,65,last_prompt,jacobian,experience,1,0.004429446326361762
aggregate-control-1-202--0.5-notebook-0.6-128,aggregate-control-1,202,-0.5,steered,2,65,last_prompt,jacobian,experience,1,0.055394384596082896
aggregate-control-2-101--0.5-notebook-0.6-128,aggregate-control-2,101,-0.5,steered,2,65,last_prompt,jacobian,experience,1,0.154001341925727
aggregate-control-2-202--0.5-notebook-0.6-128,aggregate-control-2,202,-0.5,steered,2,65,last_prompt,jacobian,experience,1,0.17232555813259548
aggregate-control-3-101--0.5-notebook-0.6-128,aggregate-control-3,101,-0.5,steered,2,65,last_prompt,jacobian,experience,1,-0.1394399536980523
aggregate-control-3-202--0.5-notebook-0.6-128,aggregate-control-3,202,-0.5,steered,2,65,last_prompt,jacobian,experience,1,-0.11342043346828884
aggregate-target-101--0.5-notebook-0.6-128,aggregate-target,101,-0.5,steered,2,65,last_prompt,jacobian,experience,1,-0.08403195275200738
aggregate-target-202--0.5-notebook-0.6-128,aggregate-target,202,-0.5,steered,2,65,last_prompt,jacobian,experience,1,-0.06508461634318034
aggregate-control-1-101--0.5-notebook-0.6-128,aggregate-control-1,101,-0.5,steered,2,65,last_prompt,jacobian,hedging,1,0.0785203218460083
aggregate-control-1-202--0.5-notebook-0.6-128,aggregate-control-1,202,-0.5,steered,2,65,last_prompt,jacobian,hedging,1,0.07314006090164185
aggregate-control-2-101--0.5-notebook-0.6-128,aggregate-control-2,101,-0.5,steered,2,65,last_prompt,jacobian,hedging,1,-0.08253467082977295
aggregate-control-2-202--0.5-notebook-0.6-128,aggregate-control-2,202,-0.5,steered,2,65,last_prompt,jacobian,hedging,1,-0.04830161333084106
aggregate-control-3-101--0.5-notebook-0.6-128,aggregate-control-3,101,-0.5,steered,2,65,last_prompt,jacobian,hedging,1,-0.011093175411224366
aggregate-control-3-202--0.5-notebook-0.6-128,aggregate-control-3,202,-0.5,steered,2,65,last_prompt,jacobian,hedging,1,0.02222801446914673
aggregate-target-101--0.5-notebook-0.6-128,aggregate-target,101,-0.5,steered,2,65,last_prompt,jacobian,hedging,1,-0.055314624309539796
aggregate-target-202--0.5-notebook-0.6-128,aggregate-target,202,-0.5,steered,2,65,last_prompt,jacobian,hedging,1,-0.08368449211120606
aggregate-control-1-101--0.5-notebook-0.6-128,aggregate-control-1,101,-0.5,steered,2,65,last_prompt,jacobian,honesty,1,-0.019719803333282472
aggregate-control-1-202--0.5-notebook-0.6-128,aggregate-control-1,202,-0.5,steered,2,65,last_prompt,jacobian,honesty,1,0.016034042835235594
aggregate-control-2-101--0.5-notebook-0.6-128,aggregate-control-2,101,-0.5,steered,2,65,last_prompt,jacobian,honesty,1,-0.04858485460281372
aggregate-control-2-202--0.5-notebook-0.6-128,aggregate-control-2,202,-0.5,steered,2,65,last_prompt,jacobian,honesty,1,-0.00806335210800171
aggregate-control-3-101--0.5-notebook-0.6-128,aggregate-control-3,101,-0.5,steered,2,65,last_prompt,jacobian,honesty,1,0.05982459783554077
aggregate-control-3-202--0.5-notebook-0.6-128,aggregate-control-3,202,-0.5,steered,2,65,last_prompt,jacobian,honesty,1,0.08699407577514648
aggregate-target-101--0.5-notebook-0.6-128,aggregate-target,101,-0.5,steered,2,65,last_prompt,jacobian,honesty,1,-0.2188059687614441
aggregate-target-202--0.5-notebook-0.6-128,aggregate-target,202,-0.5,steered,2,65,last_prompt,jacobian,honesty,1,-0.21358538866043092
aggregate-control-1-101--0.5-notebook-0.6-128,aggregate-control-1,101,-0.5,steered,2,65,last_prompt,jacobian,intervention,1,-0.048788820703824363
aggregate-control-1-202--0.5-notebook-0.6-128,aggregate-control-1,202,-0.5,steered,2,65,last_prompt,jacobian,intervention,1,-0.03540570164720217
aggregate-control-2-101--0.5-notebook-0.6-128,aggregate-control-2,101,-0.5,steered,2,65,last_prompt,jacobian,intervention,1,-0.00817435814274682
aggregate-control-2-202--0.5-notebook-0.6-128,aggregate-control-2,202,-0.5,steered,2,65,last_prompt,jacobian,intervention,1,0.015970245003700256
aggregate-control-3-101--0.5-notebook-0.6-128,aggregate-control-3,101,-0.5,steered,2,65,last_prompt,jacobian,intervention,1,0.003062276376618279
aggregate-control-3-202--0.5-notebook-0.6-128,aggregate-control-3,202,-0.5,steered,2,65,last_prompt,jacobian,intervention,1,0.014255177643564012
aggregate-target-101--0.5-notebook-0.6-128,aggregate-target,101,-0.5,steered,2,65,last_prompt,jacobian,intervention,1,-0.16972756220234764
aggregate-target-202--0.5-notebook-0.6-128,aggregate-target,202,-0.5,steered,2,65,last_prompt,jacobian,intervention,1,-0.19127654367023045
aggregate-control-1-101--0.5-notebook-0.6-128,aggregate-control-1,101,-0.5,steered,2,65,last_prompt,jacobian,roleplay,1,-0.07426258590486315
aggregate-control-1-202--0.5-notebook-0.6-128,aggregate-control-1,202,-0.5,steered,2,65,last_prompt,jacobian,roleplay,1,-0.05214789178636339
aggregate-control-2-101--0.5-notebook-0.6-128,aggregate-control-2,101,-0.5,steered,2,65,last_prompt,jacobian,roleplay,1,0.01767266458935208
aggregate-control-2-202--0.5-notebook-0.6-128,aggregate-control-2,202,-0.5,steered,2,65,last_prompt,jacobian,roleplay,1,0.036026563909318715
aggregate-control-3-101--0.5-notebook-0.6-128,aggregate-control-3,101,-0.5,steered,2,65,last_prompt,jacobian,roleplay,1,-0.06988655858569676
aggregate-control-3-202--0.5-notebook-0.6-128,aggregate-control-3,202,-0.5,steered,2,65,last_prompt,jacobian,roleplay,1,-0.03679982821146647
aggregate-target-101--0.5-notebook-0.6-128,aggregate-target,101,-0.5,steered,2,65,last_prompt,jacobian,roleplay,1,-0.5521036585172018
aggregate-target-202--0.5-notebook-0.6-128,aggregate-target,202,-0.5,steered,2,65,last_prompt,jacobian,roleplay,1,-0.5470249056816101
aggregate-control-1-101--0.5-notebook-0.6-128,aggregate-control-1,101,-0.5,steered,2,65,last_prompt,jacobian,unrelated,1,-0.09728716313838959
aggregate-control-1-202--0.5-notebook-0.6-128,aggregate-control-1,202,-0.5,steered,2,65,last_prompt,jacobian,unrelated,1,-0.08616825044155121
aggregate-control-2-101--0.5-notebook-0.6-128,aggregate-control-2,101,-0.5,steered,2,65,last_prompt,jacobian,unrelated,1,-0.11665876507759095
aggregate-control-2-202--0.5-notebook-0.6-128,aggregate-control-2,202,-0.5,steered,2,65,last_prompt,jacobian,unrelated,1,-0.08768481984734536
aggregate-control-3-101--0.5-notebook-0.6-128,aggregate-control-3,101,-0.5,steered,2,65,last_prompt,jacobian,unrelated,1,-0.0158443883061409
aggregate-control-3-202--0.5-notebook-0.6-128,aggregate-control-3,202,-0.5,steered,2,65,last_prompt,jacobian,unrelated,1,-0.006673932075500488
aggregate-target-101--0.5-notebook-0.6-128,aggregate-target,101,-0.5,steered,2,65,last_prompt,jacobian,unrelated,1,0.08580856472253799
aggregate-target-202--0.5-notebook-0.6-128,aggregate-target,202,-0.5,steered,2,65,last_prompt,jacobian,unrelated,1,0.0673559546470642
aggregate-control-1-101--0.5-notebook-0.6-128,aggregate-control-1,101,-0.5,steered,2,65,last_prompt,random_j_1,deception,1,0.042301219701766965
aggregate-control-1-202--0.5-notebook-0.6-128,aggregate-control-1,202,-0.5,steered,2,65,last_prompt,random_j_1,deception,1,0.046648716926574706
aggregate-control-2-101--0.5-notebook-0.6-128,aggregate-control-2,101,-0.5,steered,2,65,last_prompt,random_j_1,deception,1,0.017130300402641296
aggregate-control-2-202--0.5-notebook-0.6-128,aggregate-control-2,202,-0.5,steered,2,65,last_prompt,random_j_1,deception,1,0.053204146027565
aggregate-control-3-101--0.5-notebook-0.6-128,aggregate-control-3,101,-0.5,steered,2,65,last_prompt,random_j_1,deception,1,-0.1081812858581543
aggregate-control-3-202--0.5-notebook-0.6-128,aggregate-control-3,202,-0.5,steered,2,65,last_prompt,random_j_1,deception,1,-0.09092251658439636
aggregate-target-101--0.5-notebook-0.6-128,aggregate-target,101,-0.5,steered,2,65,last_prompt,random_j_1,deception,1,0.013475693762302399
aggregate-target-202--0.5-notebook-0.6-128,aggregate-target,202,-0.5,steered,2,65,last_prompt,random_j_1,deception,1,0.00301390141248703
aggregate-control-1-101--0.5-notebook-0.6-128,aggregate-control-1,101,-0.5,steered,2,65,last_prompt,random_j_1,experience,1,-0.03086101346545749
aggregate-control-1-202--0.5-notebook-0.6-128,aggregate-control-1,202,-0.5,steered,2,65,last_prompt,random_j_1,experience,1,-0.0026568786965476144
aggregate-control-2-101--0.5-notebook-0.6-128,aggregate-control-2,101,-0.5,steered,2,65,last_prompt,random_j_1,experience,1,-0.05960327055719164
aggregate-control-2-202--0.5-notebook-0.6-128,aggregate-control-2,202,-0.5,steered,2,65,last_prompt,random_j_1,experience,1,-0.06559548609786564
aggregate-control-3-101--0.5-notebook-0.6-128,aggregate-control-3,101,-0.5,steered,2,65,last_prompt,random_j_1,experience,1,-0.1053630378511217
aggregate-control-3-202--0.5-notebook-0.6-128,aggregate-control-3,202,-0.5,steered,2,65,last_prompt,random_j_1,experience,1,-0.09543838269180721
aggregate-target-101--0.5-notebook-0.6-128,aggregate-target,101,-0.5,steered,2,65,last_prompt,random_j_1,experience,1,0.08269062472714318
aggregate-target-202--0.5-notebook-0.6-128,aggregate-target,202,-0.5,steered,2,65,last_prompt,random_j_1,experience,1,0.07860494984520806
aggregate-control-1-101--0.5-notebook-0.6-128,aggregate-control-1,101,-0.5,steered,2,65,last_prompt,random_j_1,hedging,1,0.04798952788114548
aggregate-control-1-202--0.5-notebook-0.6-128,aggregate-control-1,202,-0.5,steered,2,65,last_prompt,random_j_1,hedging,1,0.06430231183767318
aggregate-control-2-101--0.5-notebook-0.6-128,aggregate-control-2,101,-0.5,steered,2,65,last_prompt,random_j_1,hedging,1,0.03365381807088852
aggregate-control-2-202--0.5-notebook-0.6-128,aggregate-control-2,202,-0.5,steered,2,65,last_prompt,random_j_1,hedging,1,0.03723917528986931
aggregate-control-3-101--0.5-notebook-0.6-128,aggregate-control-3,101,-0.5,steered,2,65,last_prompt,random_j_1,hedging,1,-0.097792649269104
aggregate-control-3-202--0.5-notebook-0.6-128,aggregate-control-3,202,-0.5,steered,2,65,last_prompt,random_j_1,hedging,1,-0.08649412095546723
aggregate-target-101--0.5-notebook-0.6-128,aggregate-target,101,-0.5,steered,2,65,last_prompt,random_j_1,hedging,1,0.0382321797311306
aggregate-target-202--0.5-notebook-0.6-128,aggregate-target,202,-0.5,steered,2,65,last_prompt,random_j_1,hedging,1,0.03781948685646057
aggregate-control-1-101--0.5-notebook-0.6-128,aggregate-control-1,101,-0.5,steered,2,65,last_prompt,random_j_1,honesty,1,-0.016865184903144835
aggregate-control-1-202--0.5-notebook-0.6-128,aggregate-control-1,202,-0.5,steered,2,65,last_prompt,random_j_1,honesty,1,-0.005560636520385742
aggregate-control-2-101--0.5-notebook-0.6-128,aggregate-control-2,101,-0.5,steered,2,65,last_prompt,random_j_1,honesty,1,0.06544392406940461
aggregate-control-2-202--0.5-notebook-0.6-128,aggregate-control-2,202,-0.5,steered,2,65,last_prompt,random_j_1,honesty,1,0.05391154885292053
aggregate-control-3-101--0.5-notebook-0.6-128,aggregate-control-3,101,-0.5,steered,2,65,last_prompt,random_j_1,honesty,1,0.03946386575698853
aggregate-control-3-202--0.5-notebook-0.6-128,aggregate-control-3,202,-0.5,steered,2,65,last_prompt,random_j_1,honesty,1,0.028175663948059083
aggregate-target-101--0.5-notebook-0.6-128,aggregate-target,101,-0.5,steered,2,65,last_prompt,random_j_1,honesty,1,0.010265031456947326
aggregate-target-202--0.5-notebook-0.6-128,aggregate-target,202,-0.5,steered,2,65,last_prompt,random_j_1,honesty,1,0.016019648313522337
aggregate-control-1-101--0.5-notebook-0.6-128,aggregate-control-1,101,-0.5,steered,2,65,last_prompt,random_j_1,intervention,1,-0.019146003656917147
aggregate-control-1-202--0.5-notebook-0.6-128,aggregate-control-1,202,-0.5,steered,2,65,last_prompt,random_j_1,intervention,1,-0.027453481323189206
aggregate-control-2-101--0.5-notebook-0.6-128,aggregate-control-2,101,-0.5,steered,2,65,last_prompt,random_j_1,intervention,1,-0.03410899142424265
aggregate-control-2-202--0.5-notebook-0.6-128,aggregate-control-2,202,-0.5,steered,2,65,last_prompt,random_j_1,intervention,1,-0.030472705761591595
aggregate-control-3-101--0.5-notebook-0.6-128,aggregate-control-3,101,-0.5,steered,2,65,last_prompt,random_j_1,intervention,1,-0.04128914078076681
aggregate-control-3-202--0.5-notebook-0.6-128,aggregate-control-3,202,-0.5,steered,2,65,last_prompt,random_j_1,intervention,1,-0.0563344591193729
aggregate-target-101--0.5-notebook-0.6-128,aggregate-target,101,-0.5,steered,2,65,last_prompt,random_j_1,intervention,1,-0.020410974820454914
aggregate-target-202--0.5-notebook-0.6-128,aggregate-target,202,-0.5,steered,2,65,last_prompt,random_j_1,intervention,1,-0.017320545183287725
aggregate-control-1-101--0.5-notebook-0.6-128,aggregate-control-1,101,-0.5,steered,2,65,last_prompt,random_j_1,roleplay,1,0.02037192053265042
aggregate-control-1-202--0.5-notebook-0.6-128,aggregate-control-1,202,-0.5,steered,2,65,last_prompt,random_j_1,roleplay,1,0.04478744003507826
aggregate-control-2-101--0.5-notebook-0.6-128,aggregate-control-2,101,-0.5,steered,2,65,last_prompt,random_j_1,roleplay,1,0.051393734084235296
aggregate-control-2-202--0.5-notebook-0.6-128,aggregate-control-2,202,-0.5,steered,2,65,last_prompt,random_j_1,roleplay,1,0.06474972433514065
aggregate-control-3-101--0.5-notebook-0.6-128,aggregate-control-3,101,-0.5,steered,2,65,last_prompt,random_j_1,roleplay,1,-0.041678127315309316
aggregate-control-3-202--0.5-notebook-0.6-128,aggregate-control-3,202,-0.5,steered,2,65,last_prompt,random_j_1,roleplay,1,-0.026133533981111314
aggregate-target-101--0.5-notebook-0.6-128,aggregate-target,101,-0.5,steered,2,65,last_prompt,random_j_1,roleplay,1,0.11669732133547465
aggregate-target-202--0.5-notebook-0.6-128,aggregate-target,202,-0.5,steered,2,65,last_prompt,random_j_1,roleplay,1,0.1310557888613807
aggregate-control-1-101--0.5-notebook-0.6-128,aggregate-control-1,101,-0.5,steered,2,65,last_prompt,random_j_1,unrelated,1,0.055880389362573626
aggregate-control-1-202--0.5-notebook-0.6-128,aggregate-control-1,202,-0.5,steered,2,65,last_prompt,random_j_1,unrelated,1,0.06576165109872818
aggregate-control-2-101--0.5-notebook-0.6-128,aggregate-control-2,101,-0.5,steered,2,65,last_prompt,random_j_1,unrelated,1,-0.06309744715690613
aggregate-control-2-202--0.5-notebook-0.6-128,aggregate-control-2,202,-0.5,steered,2,65,last_prompt,random_j_1,unrelated,1,-0.07499458193778992
aggregate-control-3-101--0.5-notebook-0.6-128,aggregate-control-3,101,-0.5,steered,2,65,last_prompt,random_j_1,unrelated,1,0.04214034527540207
aggregate-control-3-202--0.5-notebook-0.6-128,aggregate-control-3,202,-0.5,steered,2,65,last_prompt,random_j_1,unrelated,1,0.03223967999219894
aggregate-target-101--0.5-notebook-0.6-128,aggregate-target,101,-0.5,steered,2,65,last_prompt,random_j_1,unrelated,1,0.07053272351622582
aggregate-target-202--0.5-notebook-0.6-128,aggregate-target,202,-0.5,steered,2,65,last_prompt,random_j_1,unrelated,1,0.06898263730108738
aggregate-control-1-101--0.5-notebook-0.6-128,aggregate-control-1,101,-0.5,steered,2,65,last_prompt,random_j_2,deception,1,-0.011904154717922211
aggregate-control-1-202--0.5-notebook-0.6-128,aggregate-control-1,202,-0.5,steered,2,65,last_prompt,random_j_2,deception,1,-0.0031771764159202577
aggregate-control-2-101--0.5-notebook-0.6-128,aggregate-control-2,101,-0.5,steered,2,65,last_prompt,random_j_2,deception,1,-0.05013820827007294
aggregate-control-2-202--0.5-notebook-0.6-128,aggregate-control-2,202,-0.5,steered,2,65,last_prompt,random_j_2,deception,1,-0.031640246510505676
aggregate-control-3-101--0.5-notebook-0.6-128,aggregate-control-3,101,-0.5,steered,2,65,last_prompt,random_j_2,deception,1,-0.054311197996139524
aggregate-control-3-202--0.5-notebook-0.6-128,aggregate-control-3,202,-0.5,steered,2,65,last_prompt,random_j_2,deception,1,-0.04806965291500091
aggregate-target-101--0.5-notebook-0.6-128,aggregate-target,101,-0.5,steered,2,65,last_prompt,random_j_2,deception,1,-0.032044346630573275
aggregate-target-202--0.5-notebook-0.6-128,aggregate-target,202,-0.5,steered,2,65,last_prompt,random_j_2,deception,1,-0.035279817134141925
aggregate-control-1-101--0.5-notebook-0.6-128,aggregate-control-1,101,-0.5,steered,2,65,last_prompt,random_j_2,experience,1,0.009609238141112857
aggregate-control-1-202--0.5-notebook-0.6-128,aggregate-control-1,202,-0.5,steered,2,65,last_prompt,random_j_2,experience,1,0.00793443164891667
aggregate-control-2-101--0.5-notebook-0.6-128,aggregate-control-2,101,-0.5,steered,2,65,last_prompt,random_j_2,experience,1,0.016410590873824224
aggregate-control-2-202--0.5-notebook-0.6-128,aggregate-control-2,202,-0.5,steered,2,65,last_prompt,random_j_2,experience,1,0.010956282416979471
aggregate-control-3-101--0.5-notebook-0.6-128,aggregate-control-3,101,-0.5,steered,2,65,last_prompt,random_j_2,experience,1,-0.06094110136230787
aggregate-control-3-202--0.5-notebook-0.6-128,aggregate-control-3,202,-0.5,steered,2,65,last_prompt,random_j_2,experience,1,-0.05874741077423096
aggregate-target-101--0.5-notebook-0.6-128,aggregate-target,101,-0.5,steered,2,65,last_prompt,random_j_2,experience,1,-0.014581436912218729
aggregate-target-202--0.5-notebook-0.6-128,aggregate-target,202,-0.5,steered,2,65,last_prompt,random_j_2,experience,1,-0.003860293991035885
aggregate-control-1-101--0.5-notebook-0.6-128,aggregate-control-1,101,-0.5,steered,2,65,last_prompt,random_j_2,hedging,1,0.12576484084129333
aggregate-control-1-202--0.5-notebook-0.6-128,aggregate-control-1,202,-0.5,steered,2,65,last_prompt,random_j_2,hedging,1,0.11862862706184388
aggregate-control-2-101--0.5-notebook-0.6-128,aggregate-control-2,101,-0.5,steered,2,65,last_prompt,random_j_2,hedging,1,0.005706870555877685
aggregate-control-2-202--0.5-notebook-0.6-128,aggregate-control-2,202,-0.5,steered,2,65,last_prompt,random_j_2,hedging,1,0.027606695890426636
aggregate-control-3-101--0.5-notebook-0.6-128,aggregate-control-3,101,-0.5,steered,2,65,last_prompt,random_j_2,hedging,1,-0.013431894779205322
aggregate-control-3-202--0.5-notebook-0.6-128,aggregate-control-3,202,-0.5,steered,2,65,last_prompt,random_j_2,hedging,1,-0.03745695948600769
aggregate-target-101--0.5-notebook-0.6-128,aggregate-target,101,-0.5,steered,2,65,last_prompt,random_j_2,hedging,1,-0.05549536347389221
aggregate-target-202--0.5-notebook-0.6-128,aggregate-target,202,-0.5,steered,2,65,last_prompt,random_j_2,hedging,1,-0.056693756580352785
aggregate-control-1-101--0.5-notebook-0.6-128,aggregate-control-1,101,-0.5,steered,2,65,last_prompt,random_j_2,honesty,1,0.05406478345394135
aggregate-control-1-202--0.5-notebook-0.6-128,aggregate-control-1,202,-0.5,steered,2,65,last_prompt,random_j_2,honesty,1,0.07463106215000152
aggregate-control-2-101--0.5-notebook-0.6-128,aggregate-control-2,101,-0.5,steered,2,65,last_prompt,random_j_2,honesty,1,-0.10816601514816285
aggregate-control-2-202--0.5-notebook-0.6-128,aggregate-control-2,202,-0.5,steered,2,65,last_prompt,random_j_2,honesty,1,-0.09249975383281708
aggregate-control-3-101--0.5-notebook-0.6-128,aggregate-control-3,101,-0.5,steered,2,65,last_prompt,random_j_2,honesty,1,0.031933799386024475
aggregate-control-3-202--0.5-notebook-0.6-128,aggregate-control-3,202,-0.5,steered,2,65,last_prompt,random_j_2,honesty,1,0.023330065608024596
aggregate-target-101--0.5-notebook-0.6-128,aggregate-target,101,-0.5,steered,2,65,last_prompt,random_j_2,honesty,1,-0.057209056615829465
aggregate-target-202--0.5-notebook-0.6-128,aggregate-target,202,-0.5,steered,2,65,last_prompt,random_j_2,honesty,1,-0.05925051644444466
aggregate-control-1-101--0.5-notebook-0.6-128,aggregate-control-1,101,-0.5,steered,2,65,last_prompt,random_j_2,intervention,1,-0.03073489831553565
aggregate-control-1-202--0.5-notebook-0.6-128,aggregate-control-1,202,-0.5,steered,2,65,last_prompt,random_j_2,intervention,1,-0.0042309049102995135
aggregate-control-2-101--0.5-notebook-0.6-128,aggregate-control-2,101,-0.5,steered,2,65,last_prompt,random_j_2,intervention,1,0.023180334104432
aggregate-control-2-202--0.5-notebook-0.6-128,aggregate-control-2,202,-0.5,steered,2,65,last_prompt,random_j_2,intervention,1,0.029641093479262456
aggregate-control-3-101--0.5-notebook-0.6-128,aggregate-control-3,101,-0.5,steered,2,65,last_prompt,random_j_2,intervention,1,0.0397156278292338
aggregate-control-3-202--0.5-notebook-0.6-128,aggregate-control-3,202,-0.5,steered,2,65,last_prompt,random_j_2,intervention,1,0.05606307917171054
aggregate-target-101--0.5-notebook-0.6-128,aggregate-target,101,-0.5,steered,2,65,last_prompt,random_j_2,intervention,1,-0.040344388948546514
aggregate-target-202--0.5-notebook-0.6-128,aggregate-target,202,-0.5,steered,2,65,last_prompt,random_j_2,intervention,1,-0.033702034089300364
aggregate-control-1-101--0.5-notebook-0.6-128,aggregate-control-1,101,-0.5,steered,2,65,last_prompt,random_j_2,roleplay,1,0.01175363858540853
aggregate-control-1-202--0.5-notebook-0.6-128,aggregate-control-1,202,-0.5,steered,2,65,last_prompt,random_j_2,roleplay,1,0.010459298888842264
aggregate-control-2-101--0.5-notebook-0.6-128,aggregate-control-2,101,-0.5,steered,2,65,last_prompt,random_j_2,roleplay,1,-0.03627370960182614
aggregate-control-2-202--0.5-notebook-0.6-128,aggregate-control-2,202,-0.5,steered,2,65,last_prompt,random_j_2,roleplay,1,-0.02590265538957384
aggregate-control-3-101--0.5-notebook-0.6-128,aggregate-control-3,101,-0.5,steered,2,65,last_prompt,random_j_2,roleplay,1,-0.02154237859778934
aggregate-control-3-202--0.5-notebook-0.6-128,aggregate-control-3,202,-0.5,steered,2,65,last_prompt,random_j_2,roleplay,1,-0.012962293293741014
aggregate-target-101--0.5-notebook-0.6-128,aggregate-target,101,-0.5,steered,2,65,last_prompt,random_j_2,roleplay,1,-0.06550108889738719
aggregate-target-202--0.5-notebook-0.6-128,aggregate-target,202,-0.5,steered,2,65,last_prompt,random_j_2,roleplay,1,-0.06553938653733996
aggregate-control-1-101--0.5-notebook-0.6-128,aggregate-control-1,101,-0.5,steered,2,65,last_prompt,random_j_2,unrelated,1,0.038569814339280126
aggregate-control-1-202--0.5-notebook-0.6-128,aggregate-control-1,202,-0.5,steered,2,65,last_prompt,random_j_2,unrelated,1,0.02663475014269352
aggregate-control-2-101--0.5-notebook-0.6-128,aggregate-control-2,101,-0.5,steered,2,65,last_prompt,random_j_2,unrelated,1,-0.017130962014198302
aggregate-control-2-202--0.5-notebook-0.6-128,aggregate-control-2,202,-0.5,steered,2,65,last_prompt,random_j_2,unrelated,1,-0.01827199012041092
aggregate-control-3-101--0.5-notebook-0.6-128,aggregate-control-3,101,-0.5,steered,2,65,last_prompt,random_j_2,unrelated,1,-0.04196869619190693
aggregate-control-3-202--0.5-notebook-0.6-128,aggregate-control-3,202,-0.5,steered,2,65,last_prompt,random_j_2,unrelated,1,-0.042365724220871925
aggregate-target-101--0.5-notebook-0.6-128,aggregate-target,101,-0.5,steered,2,65,last_prompt,random_j_2,unrelated,1,0.08819387555122375
aggregate-target-202--0.5-notebook-0.6-128,aggregate-target,202,-0.5,steered,2,65,last_prompt,random_j_2,unrelated,1,0.1030413806438446
aggregate-control-1-101--0.5-notebook-0.6-128,aggregate-control-1,101,-0.5,steered,2,65,last_prompt,random_j_3,deception,1,0.005770450830459595
aggregate-control-1-202--0.5-notebook-0.6-128,aggregate-control-1,202,-0.5,steered,2,65,last_prompt,random_j_3,deception,1,-0.014476720988750458
aggregate-control-2-101--0.5-notebook-0.6-128,aggregate-control-2,101,-0.5,steered,2,65,last_prompt,random_j_3,deception,1,-0.05705774202942848
aggregate-control-2-202--0.5-notebook-0.6-128,aggregate-control-2,202,-0.5,steered,2,65,last_prompt,random_j_3,deception,1,-0.053566109389066696
aggregate-control-3-101--0.5-notebook-0.6-128,aggregate-control-3,101,-0.5,steered,2,65,last_prompt,random_j_3,deception,1,-0.020167486369609834
aggregate-control-3-202--0.5-notebook-0.6-128,aggregate-control-3,202,-0.5,steered,2,65,last_prompt,random_j_3,deception,1,-0.00011351108551025391
aggregate-target-101--0.5-notebook-0.6-128,aggregate-target,101,-0.5,steered,2,65,last_prompt,random_j_3,deception,1,0.038984735310077664
aggregate-target-202--0.5-notebook-0.6-128,aggregate-target,202,-0.5,steered,2,65,last_prompt,random_j_3,deception,1,0.04459197074174881
aggregate-control-1-101--0.5-notebook-0.6-128,aggregate-control-1,101,-0.5,steered,2,65,last_prompt,random_j_3,experience,1,-0.09969385961691539
aggregate-control-1-202--0.5-notebook-0.6-128,aggregate-control-1,202,-0.5,steered,2,65,last_prompt,random_j_3,experience,1,-0.07576735731628206
aggregate-control-2-101--0.5-notebook-0.6-128,aggregate-control-2,101,-0.5,steered,2,65,last_prompt,random_j_3,experience,1,0.004759725597169664
aggregate-control-2-202--0.5-notebook-0.6-128,aggregate-control-2,202,-0.5,steered,2,65,last_prompt,random_j_3,experience,1,-0.001458680464161767
aggregate-control-3-101--0.5-notebook-0.6-128,aggregate-control-3,101,-0.5,steered,2,65,last_prompt,random_j_3,experience,1,-0.05787737336423662
aggregate-control-3-202--0.5-notebook-0.6-128,aggregate-control-3,202,-0.5,steered,2,65,last_prompt,random_j_3,experience,1,-0.03476680318514506
aggregate-target-101--0.5-notebook-0.6-128,aggregate-target,101,-0.5,steered,2,65,last_prompt,random_j_3,experience,1,0.06619706749916077
aggregate-target-202--0.5-notebook-0.6-128,aggregate-target,202,-0.5,steered,2,65,last_prompt,random_j_3,experience,1,0.06928416424327427
aggregate-control-1-101--0.5-notebook-0.6-128,aggregate-control-1,101,-0.5,steered,2,65,last_prompt,random_j_3,hedging,1,0.03834197148680687
aggregate-control-1-202--0.5-notebook-0.6-128,aggregate-control-1,202,-0.5,steered,2,65,last_prompt,random_j_3,hedging,1,0.02779765725135803
aggregate-control-2-101--0.5-notebook-0.6-128,aggregate-control-2,101,-0.5,steered,2,65,last_prompt,random_j_3,hedging,1,0.010321756452322006
aggregate-control-2-202--0.5-notebook-0.6-128,aggregate-control-2,202,-0.5,steered,2,65,last_prompt,random_j_3,hedging,1,0.01690284498035908
aggregate-control-3-101--0.5-notebook-0.6-128,aggregate-control-3,101,-0.5,steered,2,65,last_prompt,random_j_3,hedging,1,-0.045709874108433725
aggregate-control-3-202--0.5-notebook-0.6-128,aggregate-control-3,202,-0.5,steered,2,65,last_prompt,random_j_3,hedging,1,-0.03572021126747131
aggregate-target-101--0.5-notebook-0.6-128,aggregate-target,101,-0.5,steered,2,65,last_prompt,random_j_3,hedging,1,0.05279152169823646
aggregate-target-202--0.5-notebook-0.6-128,aggregate-target,202,-0.5,steered,2,65,last_prompt,random_j_3,hedging,1,0.07397072911262512
aggregate-control-1-101--0.5-notebook-0.6-128,aggregate-control-1,101,-0.5,steered,2,65,last_prompt,random_j_3,honesty,1,-0.02257535308599472
aggregate-control-1-202--0.5-notebook-0.6-128,aggregate-control-1,202,-0.5,steered,2,65,last_prompt,random_j_3,honesty,1,-0.013925983011722565
aggregate-control-2-101--0.5-notebook-0.6-128,aggregate-control-2,101,-0.5,steered,2,65,last_prompt,random_j_3,honesty,1,0.04334647059440613
aggregate-control-2-202--0.5-notebook-0.6-128,aggregate-control-2,202,-0.5,steered,2,65,last_prompt,random_j_3,honesty,1,0.03791612535715103
aggregate-control-3-101--0.5-notebook-0.6-128,aggregate-control-3,101,-0.5,steered,2,65,last_prompt,random_j_3,honesty,1,-0.01549854427576065
aggregate-control-3-202--0.5-notebook-0.6-128,aggregate-control-3,202,-0.5,steered,2,65,last_prompt,random_j_3,honesty,1,-0.024345725774765015
aggregate-target-101--0.5-notebook-0.6-128,aggregate-target,101,-0.5,steered,2,65,last_prompt,random_j_3,honesty,1,0.016685488820075988
aggregate-target-202--0.5-notebook-0.6-128,aggregate-target,202,-0.5,steered,2,65,last_prompt,random_j_3,honesty,1,0.03459867238998413
aggregate-control-1-101--0.5-notebook-0.6-128,aggregate-control-1,101,-0.5,steered,2,65,last_prompt,random_j_3,intervention,1,0.037642672657966614
aggregate-control-1-202--0.5-notebook-0.6-128,aggregate-control-1,202,-0.5,steered,2,65,last_prompt,random_j_3,intervention,1,0.007215529680252075
aggregate-control-2-101--0.5-notebook-0.6-128,aggregate-control-2,101,-0.5,steered,2,65,last_prompt,random_j_3,intervention,1,0.044068549242284566
aggregate-control-2-202--0.5-notebook-0.6-128,aggregate-control-2,202,-0.5,steered,2,65,last_prompt,random_j_3,intervention,1,0.03630054659313626
aggregate-control-3-101--0.5-notebook-0.6-128,aggregate-control-3,101,-0.5,steered,2,65,last_prompt,random_j_3,intervention,1,-0.0502465847465727
aggregate-control-3-202--0.5-notebook-0.6-128,aggregate-control-3,202,-0.5,steered,2,65,last_prompt,random_j_3,intervention,1,-0.06807921330134074
aggregate-target-101--0.5-notebook-0.6-128,aggregate-target,101,-0.5,steered,2,65,last_prompt,random_j_3,intervention,1,-0.028198018670082092
aggregate-target-202--0.5-notebook-0.6-128,aggregate-target,202,-0.5,steered,2,65,last_prompt,random_j_3,intervention,1,-0.03508951597743564
aggregate-control-1-101--0.5-notebook-0.6-128,aggregate-control-1,101,-0.5,steered,2,65,last_prompt,random_j_3,roleplay,1,-0.040096412102381386
aggregate-control-1-202--0.5-notebook-0.6-128,aggregate-control-1,202,-0.5,steered,2,65,last_prompt,random_j_3,roleplay,1,-0.025511673755115934
aggregate-control-2-101--0.5-notebook-0.6-128,aggregate-control-2,101,-0.5,steered,2,65,last_prompt,random_j_3,roleplay,1,0.014383587572309706
aggregate-control-2-202--0.5-notebook-0.6-128,aggregate-control-2,202,-0.5,steered,2,65,last_prompt,random_j_3,roleplay,1,0.01733962529235416
aggregate-control-3-101--0.5-notebook-0.6-128,aggregate-control-3,101,-0.5,steered,2,65,last_prompt,random_j_3,roleplay,1,0.0009359551800621881
aggregate-control-3-202--0.5-notebook-0.6-128,aggregate-control-3,202,-0.5,steered,2,65,last_prompt,random_j_3,roleplay,1,-0.0015171517928441365
aggregate-target-101--0.5-notebook-0.6-128,aggregate-target,101,-0.5,steered,2,65,last_prompt,random_j_3,roleplay,1,-0.001902672979566786
aggregate-target-202--0.5-notebook-0.6-128,aggregate-target,202,-0.5,steered,2,65,last_prompt,random_j_3,roleplay,1,-0.005962904956605699
aggregate-control-1-101--0.5-notebook-0.6-128,aggregate-control-1,101,-0.5,steered,2,65,last_prompt,random_j_3,unrelated,1,-0.040160050988197325
aggregate-control-1-202--0.5-notebook-0.6-128,aggregate-control-1,202,-0.5,steered,2,65,last_prompt,random_j_3,unrelated,1,-0.013862140476703644
aggregate-control-2-101--0.5-notebook-0.6-128,aggregate-control-2,101,-0.5,steered,2,65,last_prompt,random_j_3,unrelated,1,-0.0011479288339614868
aggregate-control-2-202--0.5-notebook-0.6-128,aggregate-control-2,202,-0.5,steered,2,65,last_prompt,random_j_3,unrelated,1,0.006723859906196594
aggregate-control-3-101--0.5-notebook-0.6-128,aggregate-control-3,101,-0.5,steered,2,65,last_prompt,random_j_3,unrelated,1,0.00764719545841217
aggregate-control-3-202--0.5-notebook-0.6-128,aggregate-control-3,202,-0.5,steered,2,65,last_prompt,random_j_3,unrelated,1,0.0012098953127861023
aggregate-target-101--0.5-notebook-0.6-128,aggregate-target,101,-0.5,steered,2,65,last_prompt,random_j_3,unrelated,1,-0.10123834013938904
aggregate-target-202--0.5-notebook-0.6-128,aggregate-target,202,-0.5,steered,2,65,last_prompt,random_j_3,unrelated,1,-0.10013756155967712
aggregate-control-1-101--0.5-notebook-0.6-128,aggregate-control-1,101,-0.5,steered,2,65,last_prompt,random_j_4,deception,1,-0.05148662030696869
aggregate-control-1-202--0.5-notebook-0.6-128,aggregate-control-1,202,-0.5,steered,2,65,last_prompt,random_j_4,deception,1,-0.04689580500125885
aggregate-control-2-101--0.5-notebook-0.6-128,aggregate-control-2,101,-0.5,steered,2,65,last_prompt,random_j_4,deception,1,0.0802426129579544
aggregate-control-2-202--0.5-notebook-0.6-128,aggregate-control-2,202,-0.5,steered,2,65,last_prompt,random_j_4,deception,1,0.06692644655704498
aggregate-control-3-101--0.5-notebook-0.6-128,aggregate-control-3,101,-0.5,steered,2,65,last_prompt,random_j_4,deception,1,0.03984802663326263
aggregate-control-3-202--0.5-notebook-0.6-128,aggregate-control-3,202,-0.5,steered,2,65,last_prompt,random_j_4,deception,1,0.04426316320896149
aggregate-target-101--0.5-notebook-0.6-128,aggregate-target,101,-0.5,steered,2,65,last_prompt,random_j_4,deception,1,0.09540572464466095
aggregate-target-202--0.5-notebook-0.6-128,aggregate-target,202,-0.5,steered,2,65,last_prompt,random_j_4,deception,1,0.11087474226951599
aggregate-control-1-101--0.5-notebook-0.6-128,aggregate-control-1,101,-0.5,steered,2,65,last_prompt,random_j_4,experience,1,-0.02157921426826053
aggregate-control-1-202--0.5-notebook-0.6-128,aggregate-control-1,202,-0.5,steered,2,65,last_prompt,random_j_4,experience,1,-0.025315287212530773
aggregate-control-2-101--0.5-notebook-0.6-128,aggregate-control-2,101,-0.5,steered,2,65,last_prompt,random_j_4,experience,1,0.06531665308607949
aggregate-control-2-202--0.5-notebook-0.6-128,aggregate-control-2,202,-0.5,steered,2,65,last_prompt,random_j_4,experience,1,0.07244089163011974
aggregate-control-3-101--0.5-notebook-0.6-128,aggregate-control-3,101,-0.5,steered,2,65,last_prompt,random_j_4,experience,1,-0.09641500065724055
aggregate-control-3-202--0.5-notebook-0.6-128,aggregate-control-3,202,-0.5,steered,2,65,last_prompt,random_j_4,experience,1,-0.08534981475936042
aggregate-target-101--0.5-notebook-0.6-128,aggregate-target,101,-0.5,steered,2,65,last_prompt,random_j_4,experience,1,0.16985882653130424
aggregate-target-202--0.5-notebook-0.6-128,aggregate-target,202,-0.5,steered,2,65,last_prompt,random_j_4,experience,1,0.17884083174996906
aggregate-control-1-101--0.5-notebook-0.6-128,aggregate-control-1,101,-0.5,steered,2,65,last_prompt,random_j_4,hedging,1,-0.024985495209693908
aggregate-control-1-202--0.5-notebook-0.6-128,aggregate-control-1,202,-0.5,steered,2,65,last_prompt,random_j_4,hedging,1,-0.019840624928474427
aggregate-control-2-101--0.5-notebook-0.6-128,aggregate-control-2,101,-0.5,steered,2,65,last_prompt,random_j_4,hedging,1,0.06475728452205658
aggregate-control-2-202--0.5-notebook-0.6-128,aggregate-control-2,202,-0.5,steered,2,65,last_prompt,random_j_4,hedging,1,0.05337304025888443
aggregate-control-3-101--0.5-notebook-0.6-128,aggregate-control-3,101,-0.5,steered,2,65,last_prompt,random_j_4,hedging,1,-0.020186606049537658
aggregate-control-3-202--0.5-notebook-0.6-128,aggregate-control-3,202,-0.5,steered,2,65,last_prompt,random_j_4,hedging,1,-0.011049096286296845
aggregate-target-101--0.5-notebook-0.6-128,aggregate-target,101,-0.5,steered,2,65,last_prompt,random_j_4,hedging,1,0.014257746934890746
aggregate-target-202--0.5-notebook-0.6-128,aggregate-target,202,-0.5,steered,2,65,last_prompt,random_j_4,hedging,1,0.018490439653396605
aggregate-control-1-101--0.5-notebook-0.6-128,aggregate-control-1,101,-0.5,steered,2,65,last_prompt,random_j_4,honesty,1,0.02135773152112961
aggregate-control-1-202--0.5-notebook-0.6-128,aggregate-control-1,202,-0.5,steered,2,65,last_prompt,random_j_4,honesty,1,0.018117490410804748
aggregate-control-2-101--0.5-notebook-0.6-128,aggregate-control-2,101,-0.5,steered,2,65,last_prompt,random_j_4,honesty,1,0.11317585706710816
aggregate-control-2-202--0.5-notebook-0.6-128,aggregate-control-2,202,-0.5,steered,2,65,last_prompt,random_j_4,honesty,1,0.11002268493175507
aggregate-control-3-101--0.5-notebook-0.6-128,aggregate-control-3,101,-0.5,steered,2,65,last_prompt,random_j_4,honesty,1,-0.021264827251434325
aggregate-control-3-202--0.5-notebook-0.6-128,aggregate-control-3,202,-0.5,steered,2,65,last_prompt,random_j_4,honesty,1,-0.03644706308841705
aggregate-target-101--0.5-notebook-0.6-128,aggregate-target,101,-0.5,steered,2,65,last_prompt,random_j_4,honesty,1,-0.0023143023252487184
aggregate-target-202--0.5-notebook-0.6-128,aggregate-target,202,-0.5,steered,2,65,last_prompt,random_j_4,honesty,1,-0.0036723770201206206
aggregate-control-1-101--0.5-notebook-0.6-128,aggregate-control-1,101,-0.5,steered,2,65,last_prompt,random_j_4,intervention,1,-0.01679520971245236
aggregate-control-1-202--0.5-notebook-0.6-128,aggregate-control-1,202,-0.5,steered,2,65,last_prompt,random_j_4,intervention,1,-0.00988840228981442
aggregate-control-2-101--0.5-notebook-0.6-128,aggregate-control-2,101,-0.5,steered,2,65,last_prompt,random_j_4,intervention,1,0.04253138932916853
aggregate-control-2-202--0.5-notebook-0.6-128,aggregate-control-2,202,-0.5,steered,2,65,last_prompt,random_j_4,intervention,1,0.04363864577478833
aggregate-control-3-101--0.5-notebook-0.6-128,aggregate-control-3,101,-0.5,steered,2,65,last_prompt,random_j_4,intervention,1,-0.01529034309917026
aggregate-control-3-202--0.5-notebook-0.6-128,aggregate-control-3,202,-0.5,steered,2,65,last_prompt,random_j_4,intervention,1,-0.03882906254794863
aggregate-target-101--0.5-notebook-0.6-128,aggregate-target,101,-0.5,steered,2,65,last_prompt,random_j_4,intervention,1,-0.027703922655847337
aggregate-target-202--0.5-notebook-0.6-128,aggregate-target,202,-0.5,steered,2,65,last_prompt,random_j_4,intervention,1,-0.04556757791174783
aggregate-control-1-101--0.5-notebook-0.6-128,aggregate-control-1,101,-0.5,steered,2,65,last_prompt,random_j_4,roleplay,1,0.10966269257995817
aggregate-control-1-202--0.5-notebook-0.6-128,aggregate-control-1,202,-0.5,steered,2,65,last_prompt,random_j_4,roleplay,1,0.08539131946033901
aggregate-control-2-101--0.5-notebook-0.6-128,aggregate-control-2,101,-0.5,steered,2,65,last_prompt,random_j_4,roleplay,1,-0.04208918660879135
aggregate-control-2-202--0.5-notebook-0.6-128,aggregate-control-2,202,-0.5,steered,2,65,last_prompt,random_j_4,roleplay,1,-0.06446407404210833
aggregate-control-3-101--0.5-notebook-0.6-128,aggregate-control-3,101,-0.5,steered,2,65,last_prompt,random_j_4,roleplay,1,-0.026892026679383382
aggregate-control-3-202--0.5-notebook-0.6-128,aggregate-control-3,202,-0.5,steered,2,65,last_prompt,random_j_4,roleplay,1,-0.020206681556171842
aggregate-target-101--0.5-notebook-0.6-128,aggregate-target,101,-0.5,steered,2,65,last_prompt,random_j_4,roleplay,1,0.08555331826210022
aggregate-target-202--0.5-notebook-0.6-128,aggregate-target,202,-0.5,steered,2,65,last_prompt,random_j_4,roleplay,1,0.060547118385632835
aggregate-control-1-101--0.5-notebook-0.6-128,aggregate-control-1,101,-0.5,steered,2,65,last_prompt,random_j_4,unrelated,1,-0.05176940262317657
aggregate-control-1-202--0.5-notebook-0.6-128,aggregate-control-1,202,-0.5,steered,2,65,last_prompt,random_j_4,unrelated,1,-0.04246045798063278
aggregate-control-2-101--0.5-notebook-0.6-128,aggregate-control-2,101,-0.5,steered,2,65,last_prompt,random_j_4,unrelated,1,-0.015384560823440552
aggregate-control-2-202--0.5-notebook-0.6-128,aggregate-control-2,202,-0.5,steered,2,65,last_prompt,random_j_4,unrelated,1,-0.021445707976818086
aggregate-control-3-101--0.5-notebook-0.6-128,aggregate-control-3,101,-0.5,steered,2,65,last_prompt,random_j_4,unrelated,1,-0.05236492156982422
aggregate-control-3-202--0.5-notebook-0.6-128,aggregate-control-3,202,-0.5,steered,2,65,last_prompt,random_j_4,unrelated,1,-0.054965026676654816
aggregate-target-101--0.5-notebook-0.6-128,aggregate-target,101,-0.5,steered,2,65,last_prompt,random_j_4,unrelated,1,-0.0608808234333992
aggregate-target-202--0.5-notebook-0.6-128,aggregate-target,202,-0.5,steered,2,65,last_prompt,random_j_4,unrelated,1,-0.05920038074254989
aggregate-control-1-101--0.5-notebook-0.6-128,aggregate-control-1,101,-0.5,steered,2,65,last_prompt,random_j_5,deception,1,0.08856895714998245
aggregate-control-1-202--0.5-notebook-0.6-128,aggregate-control-1,202,-0.5,steered,2,65,last_prompt,random_j_5,deception,1,0.08075317740440369
aggregate-control-2-101--0.5-notebook-0.6-128,aggregate-control-2,101,-0.5,steered,2,65,last_prompt,random_j_5,deception,1,0.017722879350185395
aggregate-control-2-202--0.5-notebook-0.6-128,aggregate-control-2,202,-0.5,steered,2,65,last_prompt,random_j_5,deception,1,0.013357743620872498
aggregate-control-3-101--0.5-notebook-0.6-128,aggregate-control-3,101,-0.5,steered,2,65,last_prompt,random_j_5,deception,1,0.10995492786169052
aggregate-control-3-202--0.5-notebook-0.6-128,aggregate-control-3,202,-0.5,steered,2,65,last_prompt,random_j_5,deception,1,0.10032338500022889
aggregate-target-101--0.5-notebook-0.6-128,aggregate-target,101,-0.5,steered,2,65,last_prompt,random_j_5,deception,1,0.12328131347894669
aggregate-target-202--0.5-notebook-0.6-128,aggregate-target,202,-0.5,steered,2,65,last_prompt,random_j_5,deception,1,0.13229802250862122
aggregate-control-1-101--0.5-notebook-0.6-128,aggregate-control-1,101,-0.5,steered,2,65,last_prompt,random_j_5,experience,1,0.07241262992223103
aggregate-control-1-202--0.5-notebook-0.6-128,aggregate-control-1,202,-0.5,steered,2,65,last_prompt,random_j_5,experience,1,0.08501142263412476
aggregate-control-2-101--0.5-notebook-0.6-128,aggregate-control-2,101,-0.5,steered,2,65,last_prompt,random_j_5,experience,1,-0.07861860427591535
aggregate-control-2-202--0.5-notebook-0.6-128,aggregate-control-2,202,-0.5,steered,2,65,last_prompt,random_j_5,experience,1,-0.06890444954236348
aggregate-control-3-101--0.5-notebook-0.6-128,aggregate-control-3,101,-0.5,steered,2,65,last_prompt,random_j_5,experience,1,-0.029496684670448303
aggregate-control-3-202--0.5-notebook-0.6-128,aggregate-control-3,202,-0.5,steered,2,65,last_prompt,random_j_5,experience,1,-0.023633380730946858
aggregate-target-101--0.5-notebook-0.6-128,aggregate-target,101,-0.5,steered,2,65,last_prompt,random_j_5,experience,1,0.15731214814715916
aggregate-target-202--0.5-notebook-0.6-128,aggregate-target,202,-0.5,steered,2,65,last_prompt,random_j_5,experience,1,0.16722651653819615
aggregate-control-1-101--0.5-notebook-0.6-128,aggregate-control-1,101,-0.5,steered,2,65,last_prompt,random_j_5,hedging,1,-0.059851229190826416
aggregate-control-1-202--0.5-notebook-0.6-128,aggregate-control-1,202,-0.5,steered,2,65,last_prompt,random_j_5,hedging,1,-0.020028772950172424
aggregate-control-2-101--0.5-notebook-0.6-128,aggregate-control-2,101,-0.5,steered,2,65,last_prompt,random_j_5,hedging,1,-0.036476731300354004
aggregate-control-2-202--0.5-notebook-0.6-128,aggregate-control-2,202,-0.5,steered,2,65,last_prompt,random_j_5,hedging,1,-0.020194417238235472
aggregate-control-3-101--0.5-notebook-0.6-128,aggregate-control-3,101,-0.5,steered,2,65,last_prompt,random_j_5,hedging,1,0.08502495288848877
aggregate-control-3-202--0.5-notebook-0.6-128,aggregate-control-3,202,-0.5,steered,2,65,last_prompt,random_j_5,hedging,1,0.10586030781269073
aggregate-target-101--0.5-notebook-0.6-128,aggregate-target,101,-0.5,steered,2,65,last_prompt,random_j_5,hedging,1,0.11021339297294616
aggregate-target-202--0.5-notebook-0.6-128,aggregate-target,202,-0.5,steered,2,65,last_prompt,random_j_5,hedging,1,0.12343084812164307
aggregate-control-1-101--0.5-notebook-0.6-128,aggregate-control-1,101,-0.5,steered,2,65,last_prompt,random_j_5,honesty,1,0.027928774058818818
aggregate-control-1-202--0.5-notebook-0.6-128,aggregate-control-1,202,-0.5,steered,2,65,last_prompt,random_j_5,honesty,1,0.02800341360270977
aggregate-control-2-101--0.5-notebook-0.6-128,aggregate-control-2,101,-0.5,steered,2,65,last_prompt,random_j_5,honesty,1,0.1466300070285797
aggregate-control-2-202--0.5-notebook-0.6-128,aggregate-control-2,202,-0.5,steered,2,65,last_prompt,random_j_5,honesty,1,0.15613067522644997
aggregate-control-3-101--0.5-notebook-0.6-128,aggregate-control-3,101,-0.5,steered,2,65,last_prompt,random_j_5,honesty,1,-0.0623453289270401
aggregate-control-3-202--0.5-notebook-0.6-128,aggregate-control-3,202,-0.5,steered,2,65,last_prompt,random_j_5,honesty,1,-0.052226321399211885
aggregate-target-101--0.5-notebook-0.6-128,aggregate-target,101,-0.5,steered,2,65,last_prompt,random_j_5,honesty,1,0.1150645673274994
aggregate-target-202--0.5-notebook-0.6-128,aggregate-target,202,-0.5,steered,2,65,last_prompt,random_j_5,honesty,1,0.10872290506958962
aggregate-control-1-101--0.5-notebook-0.6-128,aggregate-control-1,101,-0.5,steered,2,65,last_prompt,random_j_5,intervention,1,0.007041993240515391
aggregate-control-1-202--0.5-notebook-0.6-128,aggregate-control-1,202,-0.5,steered,2,65,last_prompt,random_j_5,intervention,1,-0.006266122063000997
aggregate-control-2-101--0.5-notebook-0.6-128,aggregate-control-2,101,-0.5,steered,2,65,last_prompt,random_j_5,intervention,1,-0.02547751035955217
aggregate-control-2-202--0.5-notebook-0.6-128,aggregate-control-2,202,-0.5,steered,2,65,last_prompt,random_j_5,intervention,1,-0.0006558613644705878
aggregate-control-3-101--0.5-notebook-0.6-128,aggregate-control-3,101,-0.5,steered,2,65,last_prompt,random_j_5,intervention,1,0.037775025599532656
aggregate-control-3-202--0.5-notebook-0.6-128,aggregate-control-3,202,-0.5,steered,2,65,last_prompt,random_j_5,intervention,1,0.059501411186324224
aggregate-target-101--0.5-notebook-0.6-128,aggregate-target,101,-0.5,steered,2,65,last_prompt,random_j_5,intervention,1,-0.024242784414026473
aggregate-target-202--0.5-notebook-0.6-128,aggregate-target,202,-0.5,steered,2,65,last_prompt,random_j_5,intervention,1,-0.032690090437730156
aggregate-control-1-101--0.5-notebook-0.6-128,aggregate-control-1,101,-0.5,steered,2,65,last_prompt,random_j_5,roleplay,1,0.059525377220577665
aggregate-control-1-202--0.5-notebook-0.6-128,aggregate-control-1,202,-0.5,steered,2,65,last_prompt,random_j_5,roleplay,1,0.05478243364228143
aggregate-control-2-101--0.5-notebook-0.6-128,aggregate-control-2,101,-0.5,steered,2,65,last_prompt,random_j_5,roleplay,1,0.0033927278386221994
aggregate-control-2-202--0.5-notebook-0.6-128,aggregate-control-2,202,-0.5,steered,2,65,last_prompt,random_j_5,roleplay,1,-0.02013437284363641
aggregate-control-3-101--0.5-notebook-0.6-128,aggregate-control-3,101,-0.5,steered,2,65,last_prompt,random_j_5,roleplay,1,0.037219804194238454
aggregate-control-3-202--0.5-notebook-0.6-128,aggregate-control-3,202,-0.5,steered,2,65,last_prompt,random_j_5,roleplay,1,0.03138471643129984
aggregate-target-101--0.5-notebook-0.6-128,aggregate-target,101,-0.5,steered,2,65,last_prompt,random_j_5,roleplay,1,-0.031838918725649513
aggregate-target-202--0.5-notebook-0.6-128,aggregate-target,202,-0.5,steered,2,65,last_prompt,random_j_5,roleplay,1,-0.03773474031024509
aggregate-control-1-101--0.5-notebook-0.6-128,aggregate-control-1,101,-0.5,steered,2,65,last_prompt,random_j_5,unrelated,1,-0.01468420922756195
aggregate-control-1-202--0.5-notebook-0.6-128,aggregate-control-1,202,-0.5,steered,2,65,last_prompt,random_j_5,unrelated,1,0.009922121465206147
aggregate-control-2-101--0.5-notebook-0.6-128,aggregate-control-2,101,-0.5,steered,2,65,last_prompt,random_j_5,unrelated,1,-0.002679815888404846
aggregate-control-2-202--0.5-notebook-0.6-128,aggregate-control-2,202,-0.5,steered,2,65,last_prompt,random_j_5,unrelated,1,0.00863233655691147
aggregate-control-3-101--0.5-notebook-0.6-128,aggregate-control-3,101,-0.5,steered,2,65,last_prompt,random_j_5,unrelated,1,0.015878817439079283
aggregate-control-3-202--0.5-notebook-0.6-128,aggregate-control-3,202,-0.5,steered,2,65,last_prompt,random_j_5,unrelated,1,0.024114901572465895
aggregate-target-101--0.5-notebook-0.6-128,aggregate-target,101,-0.5,steered,2,65,last_prompt,random_j_5,unrelated,1,-0.04279854893684387
aggregate-target-202--0.5-notebook-0.6-128,aggregate-target,202,-0.5,steered,2,65,last_prompt,random_j_5,unrelated,1,-0.029441484808921815
aggregate-control-1-101--0.5-notebook-0.6-128,aggregate-control-1,101,-0.5,steered,2,78,last_prompt,identity,deception,1,0.012233489751815796
aggregate-control-1-202--0.5-notebook-0.6-128,aggregate-control-1,202,-0.5,steered,2,78,last_prompt,identity,deception,1,0.03728730678558349
aggregate-control-2-101--0.5-notebook-0.6-128,aggregate-control-2,101,-0.5,steered,2,78,last_prompt,identity,deception,1,-0.004996243119239807
aggregate-control-2-202--0.5-notebook-0.6-128,aggregate-control-2,202,-0.5,steered,2,78,last_prompt,identity,deception,1,0.011481169611215591
aggregate-control-3-101--0.5-notebook-0.6-128,aggregate-control-3,101,-0.5,steered,2,78,last_prompt,identity,deception,1,0.04325367659330368
aggregate-control-3-202--0.5-notebook-0.6-128,aggregate-control-3,202,-0.5,steered,2,78,last_prompt,identity,deception,1,0.05316658690571785
aggregate-target-101--0.5-notebook-0.6-128,aggregate-target,101,-0.5,steered,2,78,last_prompt,identity,deception,1,-0.3137350484728813
aggregate-target-202--0.5-notebook-0.6-128,aggregate-target,202,-0.5,steered,2,78,last_prompt,identity,deception,1,-0.3085664756596088
aggregate-control-1-101--0.5-notebook-0.6-128,aggregate-control-1,101,-0.5,steered,2,78,last_prompt,identity,experience,1,0.047526160875956215
aggregate-control-1-202--0.5-notebook-0.6-128,aggregate-control-1,202,-0.5,steered,2,78,last_prompt,identity,experience,1,0.08492186334398058
aggregate-control-2-101--0.5-notebook-0.6-128,aggregate-control-2,101,-0.5,steered,2,78,last_prompt,identity,experience,1,0.1489157478014628
aggregate-control-2-202--0.5-notebook-0.6-128,aggregate-control-2,202,-0.5,steered,2,78,last_prompt,identity,experience,1,0.1517025563451979
aggregate-control-3-101--0.5-notebook-0.6-128,aggregate-control-3,101,-0.5,steered,2,78,last_prompt,identity,experience,1,0.03560345040427314
aggregate-control-3-202--0.5-notebook-0.6-128,aggregate-control-3,202,-0.5,steered,2,78,last_prompt,identity,experience,1,0.021107501453823514
aggregate-target-101--0.5-notebook-0.6-128,aggregate-target,101,-0.5,steered,2,78,last_prompt,identity,experience,1,-0.03943181037902832
aggregate-target-202--0.5-notebook-0.6-128,aggregate-target,202,-0.5,steered,2,78,last_prompt,identity,experience,1,-0.027588774760564167
aggregate-control-1-101--0.5-notebook-0.6-128,aggregate-control-1,101,-0.5,steered,2,78,last_prompt,identity,hedging,1,-0.03674659579992294
aggregate-control-1-202--0.5-notebook-0.6-128,aggregate-control-1,202,-0.5,steered,2,78,last_prompt,identity,hedging,1,-0.03764447718858719
aggregate-control-2-101--0.5-notebook-0.6-128,aggregate-control-2,101,-0.5,steered,2,78,last_prompt,identity,hedging,1,0.022339014708995818
aggregate-control-2-202--0.5-notebook-0.6-128,aggregate-control-2,202,-0.5,steered,2,78,last_prompt,identity,hedging,1,0.03002724125981331
aggregate-control-3-101--0.5-notebook-0.6-128,aggregate-control-3,101,-0.5,steered,2,78,last_prompt,identity,hedging,1,0.02628576010465622
aggregate-control-3-202--0.5-notebook-0.6-128,aggregate-control-3,202,-0.5,steered,2,78,last_prompt,identity,hedging,1,0.04227425754070282
aggregate-target-101--0.5-notebook-0.6-128,aggregate-target,101,-0.5,steered,2,78,last_prompt,identity,hedging,1,-0.03770113475620747
aggregate-target-202--0.5-notebook-0.6-128,aggregate-target,202,-0.5,steered,2,78,last_prompt,identity,hedging,1,-0.0582212932407856
aggregate-control-1-101--0.5-notebook-0.6-128,aggregate-control-1,101,-0.5,steered,2,78,last_prompt,identity,honesty,1,0.03200736939907074
aggregate-control-1-202--0.5-notebook-0.6-128,aggregate-control-1,202,-0.5,steered,2,78,last_prompt,identity,honesty,1,0.0762755811214447
aggregate-control-2-101--0.5-notebook-0.6-128,aggregate-control-2,101,-0.5,steered,2,78,last_prompt,identity,honesty,1,-0.029618892073631286
aggregate-control-2-202--0.5-notebook-0.6-128,aggregate-control-2,202,-0.5,steered,2,78,last_prompt,identity,honesty,1,0.004805520176887512
aggregate-control-3-101--0.5-notebook-0.6-128,aggregate-control-3,101,-0.5,steered,2,78,last_prompt,identity,honesty,1,0.06838388442993164
aggregate-control-3-202--0.5-notebook-0.6-128,aggregate-control-3,202,-0.5,steered,2,78,last_prompt,identity,honesty,1,0.0761095106601715
aggregate-target-101--0.5-notebook-0.6-128,aggregate-target,101,-0.5,steered,2,78,last_prompt,identity,honesty,1,-0.09733939319849014
aggregate-target-202--0.5-notebook-0.6-128,aggregate-target,202,-0.5,steered,2,78,last_prompt,identity,honesty,1,-0.11561277806758881
aggregate-control-1-101--0.5-notebook-0.6-128,aggregate-control-1,101,-0.5,steered,2,78,last_prompt,identity,intervention,1,0.01616163717375861
aggregate-control-1-202--0.5-notebook-0.6-128,aggregate-control-1,202,-0.5,steered,2,78,last_prompt,identity,intervention,1,0.010725155472755432
aggregate-control-2-101--0.5-notebook-0.6-128,aggregate-control-2,101,-0.5,steered,2,78,last_prompt,identity,intervention,1,0.06351718637678358
aggregate-control-2-202--0.5-notebook-0.6-128,aggregate-control-2,202,-0.5,steered,2,78,last_prompt,identity,intervention,1,0.07030943118863636
aggregate-control-3-101--0.5-notebook-0.6-128,aggregate-control-3,101,-0.5,steered,2,78,last_prompt,identity,intervention,1,0.0550762050681644
aggregate-control-3-202--0.5-notebook-0.6-128,aggregate-control-3,202,-0.5,steered,2,78,last_prompt,identity,intervention,1,0.04453586869769626
aggregate-target-101--0.5-notebook-0.6-128,aggregate-target,101,-0.5,steered,2,78,last_prompt,identity,intervention,1,-0.024152802096472845
aggregate-target-202--0.5-notebook-0.6-128,aggregate-target,202,-0.5,steered,2,78,last_prompt,identity,intervention,1,-0.05034255153603024
aggregate-control-1-101--0.5-notebook-0.6-128,aggregate-control-1,101,-0.5,steered,2,78,last_prompt,identity,roleplay,1,-0.02168424924214681
aggregate-control-1-202--0.5-notebook-0.6-128,aggregate-control-1,202,-0.5,steered,2,78,last_prompt,identity,roleplay,1,-0.0012296405103471545
aggregate-control-2-101--0.5-notebook-0.6-128,aggregate-control-2,101,-0.5,steered,2,78,last_prompt,identity,roleplay,1,-0.0009545054700639513
aggregate-control-2-202--0.5-notebook-0.6-128,aggregate-control-2,202,-0.5,steered,2,78,last_prompt,identity,roleplay,1,0.006669425302081638
aggregate-control-3-101--0.5-notebook-0.6-128,aggregate-control-3,101,-0.5,steered,2,78,last_prompt,identity,roleplay,1,-0.02440360685189565
aggregate-control-3-202--0.5-notebook-0.6-128,aggregate-control-3,202,-0.5,steered,2,78,last_prompt,identity,roleplay,1,-0.006258096132013533
aggregate-target-101--0.5-notebook-0.6-128,aggregate-target,101,-0.5,steered,2,78,last_prompt,identity,roleplay,1,-0.20401388903458914
aggregate-target-202--0.5-notebook-0.6-128,aggregate-target,202,-0.5,steered,2,78,last_prompt,identity,roleplay,1,-0.1868677619430754
aggregate-control-1-101--0.5-notebook-0.6-128,aggregate-control-1,101,-0.5,steered,2,78,last_prompt,identity,unrelated,1,0.029473578184843065
aggregate-control-1-202--0.5-notebook-0.6-128,aggregate-control-1,202,-0.5,steered,2,78,last_prompt,identity,unrelated,1,0.05083652138710022
aggregate-control-2-101--0.5-notebook-0.6-128,aggregate-control-2,101,-0.5,steered,2,78,last_prompt,identity,unrelated,1,-0.01648401692509651
aggregate-control-2-202--0.5-notebook-0.6-128,aggregate-control-2,202,-0.5,steered,2,78,last_prompt,identity,unrelated,1,-0.005786962062120438
aggregate-control-3-101--0.5-notebook-0.6-128,aggregate-control-3,101,-0.5,steered,2,78,last_prompt,identity,unrelated,1,-0.003560645878314972
aggregate-control-3-202--0.5-notebook-0.6-128,aggregate-control-3,202,-0.5,steered,2,78,last_prompt,identity,unrelated,1,-0.00811074897646904
aggregate-target-101--0.5-notebook-0.6-128,aggregate-target,101,-0.5,steered,2,78,last_prompt,identity,unrelated,1,0.032604966312646866
aggregate-target-202--0.5-notebook-0.6-128,aggregate-target,202,-0.5,steered,2,78,last_prompt,identity,unrelated,1,-0.001196742057800293
aggregate-control-1-101--0.5-notebook-0.6-128,aggregate-control-1,101,-0.5,steered,2,78,last_prompt,jacobian,deception,1,0.0628022313117981
aggregate-control-1-202--0.5-notebook-0.6-128,aggregate-control-1,202,-0.5,steered,2,78,last_prompt,jacobian,deception,1,0.07256830632686614
aggregate-control-2-101--0.5-notebook-0.6-128,aggregate-control-2,101,-0.5,steered,2,78,last_prompt,jacobian,deception,1,-0.07910478711128235
aggregate-control-2-202--0.5-notebook-0.6-128,aggregate-control-2,202,-0.5,steered,2,78,last_prompt,jacobian,deception,1,-0.04915285110473633
aggregate-control-3-101--0.5-notebook-0.6-128,aggregate-control-3,101,-0.5,steered,2,78,last_prompt,jacobian,deception,1,0.03038913905620575
aggregate-control-3-202--0.5-notebook-0.6-128,aggregate-control-3,202,-0.5,steered,2,78,last_prompt,jacobian,deception,1,0.04771429896354675
aggregate-target-101--0.5-notebook-0.6-128,aggregate-target,101,-0.5,steered,2,78,last_prompt,jacobian,deception,1,-0.4816190481185913
aggregate-target-202--0.5-notebook-0.6-128,aggregate-target,202,-0.5,steered,2,78,last_prompt,jacobian,deception,1,-0.490243124961853
aggregate-control-1-101--0.5-notebook-0.6-128,aggregate-control-1,101,-0.5,steered,2,78,last_prompt,jacobian,experience,1,0.0951941278245714
aggregate-control-1-202--0.5-notebook-0.6-128,aggregate-control-1,202,-0.5,steered,2,78,last_prompt,jacobian,experience,1,0.11545512411329481
aggregate-control-2-101--0.5-notebook-0.6-128,aggregate-control-2,101,-0.5,steered,2,78,last_prompt,jacobian,experience,1,0.09720873832702637
aggregate-control-2-202--0.5-notebook-0.6-128,aggregate-control-2,202,-0.5,steered,2,78,last_prompt,jacobian,experience,1,0.0969558556874593
aggregate-control-3-101--0.5-notebook-0.6-128,aggregate-control-3,101,-0.5,steered,2,78,last_prompt,jacobian,experience,1,-0.019550495677524142
aggregate-control-3-202--0.5-notebook-0.6-128,aggregate-control-3,202,-0.5,steered,2,78,last_prompt,jacobian,experience,1,-0.020001318719651964
aggregate-target-101--0.5-notebook-0.6-128,aggregate-target,101,-0.5,steered,2,78,last_prompt,jacobian,experience,1,-0.08735707071092394
aggregate-target-202--0.5-notebook-0.6-128,aggregate-target,202,-0.5,steered,2,78,last_prompt,jacobian,experience,1,-0.08043166001637776
aggregate-control-1-101--0.5-notebook-0.6-128,aggregate-control-1,101,-0.5,steered,2,78,last_prompt,jacobian,hedging,1,0.037881112098693846
aggregate-control-1-202--0.5-notebook-0.6-128,aggregate-control-1,202,-0.5,steered,2,78,last_prompt,jacobian,hedging,1,0.021076972782611846
aggregate-control-2-101--0.5-notebook-0.6-128,aggregate-control-2,101,-0.5,steered,2,78,last_prompt,jacobian,hedging,1,-0.051676779985427856
aggregate-control-2-202--0.5-notebook-0.6-128,aggregate-control-2,202,-0.5,steered,2,78,last_prompt,jacobian,hedging,1,-0.017496025562286376
aggregate-control-3-101--0.5-notebook-0.6-128,aggregate-control-3,101,-0.5,steered,2,78,last_prompt,jacobian,hedging,1,0.024767577648162842
aggregate-control-3-202--0.5-notebook-0.6-128,aggregate-control-3,202,-0.5,steered,2,78,last_prompt,jacobian,hedging,1,0.03798272162675857
aggregate-target-101--0.5-notebook-0.6-128,aggregate-target,101,-0.5,steered,2,78,last_prompt,jacobian,hedging,1,-0.041544771194458006
aggregate-target-202--0.5-notebook-0.6-128,aggregate-target,202,-0.5,steered,2,78,last_prompt,jacobian,hedging,1,-0.06967535614967346
aggregate-control-1-101--0.5-notebook-0.6-128,aggregate-control-1,101,-0.5,steered,2,78,last_prompt,jacobian,honesty,1,0.13550613820552826
aggregate-control-1-202--0.5-notebook-0.6-128,aggregate-control-1,202,-0.5,steered,2,78,last_prompt,jacobian,honesty,1,0.16054553240537645
aggregate-control-2-101--0.5-notebook-0.6-128,aggregate-control-2,101,-0.5,steered,2,78,last_prompt,jacobian,honesty,1,-0.10792584419250488
aggregate-control-2-202--0.5-notebook-0.6-128,aggregate-control-2,202,-0.5,steered,2,78,last_prompt,jacobian,honesty,1,-0.056114592403173444
aggregate-control-3-101--0.5-notebook-0.6-128,aggregate-control-3,101,-0.5,steered,2,78,last_prompt,jacobian,honesty,1,0.062114566564559937
aggregate-control-3-202--0.5-notebook-0.6-128,aggregate-control-3,202,-0.5,steered,2,78,last_prompt,jacobian,honesty,1,0.07502866089344025
aggregate-target-101--0.5-notebook-0.6-128,aggregate-target,101,-0.5,steered,2,78,last_prompt,jacobian,honesty,1,-0.14596825391054152
aggregate-target-202--0.5-notebook-0.6-128,aggregate-target,202,-0.5,steered,2,78,last_prompt,jacobian,honesty,1,-0.16111276745796205
aggregate-control-1-101--0.5-notebook-0.6-128,aggregate-control-1,101,-0.5,steered,2,78,last_prompt,jacobian,intervention,1,0.058710320128334895
aggregate-control-1-202--0.5-notebook-0.6-128,aggregate-control-1,202,-0.5,steered,2,78,last_prompt,jacobian,intervention,1,0.04595046821567747
aggregate-control-2-101--0.5-notebook-0.6-128,aggregate-control-2,101,-0.5,steered,2,78,last_prompt,jacobian,intervention,1,-0.04061927729182773
aggregate-control-2-202--0.5-notebook-0.6-128,aggregate-control-2,202,-0.5,steered,2,78,last_prompt,jacobian,intervention,1,-0.028560325503349304
aggregate-control-3-101--0.5-notebook-0.6-128,aggregate-control-3,101,-0.5,steered,2,78,last_prompt,jacobian,intervention,1,0.02462775508562724
aggregate-control-3-202--0.5-notebook-0.6-128,aggregate-control-3,202,-0.5,steered,2,78,last_prompt,jacobian,intervention,1,0.01808244486649831
aggregate-target-101--0.5-notebook-0.6-128,aggregate-target,101,-0.5,steered,2,78,last_prompt,jacobian,intervention,1,-0.006794555319680108
aggregate-target-202--0.5-notebook-0.6-128,aggregate-target,202,-0.5,steered,2,78,last_prompt,jacobian,intervention,1,-0.04622961746321784
aggregate-control-1-101--0.5-notebook-0.6-128,aggregate-control-1,101,-0.5,steered,2,78,last_prompt,jacobian,roleplay,1,0.033262411753336586
aggregate-control-1-202--0.5-notebook-0.6-128,aggregate-control-1,202,-0.5,steered,2,78,last_prompt,jacobian,roleplay,1,0.040697846147749156
aggregate-control-2-101--0.5-notebook-0.6-128,aggregate-control-2,101,-0.5,steered,2,78,last_prompt,jacobian,roleplay,1,-0.07459224926100837
aggregate-control-2-202--0.5-notebook-0.6-128,aggregate-control-2,202,-0.5,steered,2,78,last_prompt,jacobian,roleplay,1,-0.062408751911587186
aggregate-control-3-101--0.5-notebook-0.6-128,aggregate-control-3,101,-0.5,steered,2,78,last_prompt,jacobian,roleplay,1,0.0019076002968682183
aggregate-control-3-202--0.5-notebook-0.6-128,aggregate-control-3,202,-0.5,steered,2,78,last_prompt,jacobian,roleplay,1,0.01382695304022895
aggregate-target-101--0.5-notebook-0.6-128,aggregate-target,101,-0.5,steered,2,78,last_prompt,jacobian,roleplay,1,-0.26575391160117257
aggregate-target-202--0.5-notebook-0.6-128,aggregate-target,202,-0.5,steered,2,78,last_prompt,jacobian,roleplay,1,-0.26068399680985344
aggregate-control-1-101--0.5-notebook-0.6-128,aggregate-control-1,101,-0.5,steered,2,78,last_prompt,jacobian,unrelated,1,0.02731897830963135
aggregate-control-1-202--0.5-notebook-0.6-128,aggregate-control-1,202,-0.5,steered,2,78,last_prompt,jacobian,unrelated,1,0.038477754592895506
aggregate-control-2-101--0.5-notebook-0.6-128,aggregate-control-2,101,-0.5,steered,2,78,last_prompt,jacobian,unrelated,1,-0.05545918941497803
aggregate-control-2-202--0.5-notebook-0.6-128,aggregate-control-2,202,-0.5,steered,2,78,last_prompt,jacobian,unrelated,1,-0.028995704650878907
aggregate-control-3-101--0.5-notebook-0.6-128,aggregate-control-3,101,-0.5,steered,2,78,last_prompt,jacobian,unrelated,1,-0.014450228214263916
aggregate-control-3-202--0.5-notebook-0.6-128,aggregate-control-3,202,-0.5,steered,2,78,last_prompt,jacobian,unrelated,1,-0.023699688911437988
aggregate-target-101--0.5-notebook-0.6-128,aggregate-target,101,-0.5,steered,2,78,last_prompt,jacobian,unrelated,1,0.06496564149856568
aggregate-target-202--0.5-notebook-0.6-128,aggregate-target,202,-0.5,steered,2,78,last_prompt,jacobian,unrelated,1,0.03535115718841553
aggregate-control-1-101--0.5-notebook-0.6-128,aggregate-control-1,101,-0.5,steered,2,78,last_prompt,random_j_1,deception,1,-0.052710610628128055
aggregate-control-1-202--0.5-notebook-0.6-128,aggregate-control-1,202,-0.5,steered,2,78,last_prompt,random_j_1,deception,1,-0.03972404003143311
aggregate-control-2-101--0.5-notebook-0.6-128,aggregate-control-2,101,-0.5,steered,2,78,last_prompt,random_j_1,deception,1,-0.0268725723028183
aggregate-control-2-202--0.5-notebook-0.6-128,aggregate-control-2,202,-0.5,steered,2,78,last_prompt,random_j_1,deception,1,-0.00938180685043335
aggregate-control-3-101--0.5-notebook-0.6-128,aggregate-control-3,101,-0.5,steered,2,78,last_prompt,random_j_1,deception,1,-0.06693685352802277
aggregate-control-3-202--0.5-notebook-0.6-128,aggregate-control-3,202,-0.5,steered,2,78,last_prompt,random_j_1,deception,1,-0.06259615421295166
aggregate-target-101--0.5-notebook-0.6-128,aggregate-target,101,-0.5,steered,2,78,last_prompt,random_j_1,deception,1,-0.005778321623802185
aggregate-target-202--0.5-notebook-0.6-128,aggregate-target,202,-0.5,steered,2,78,last_prompt,random_j_1,deception,1,0.01076168417930603
aggregate-control-1-101--0.5-notebook-0.6-128,aggregate-control-1,101,-0.5,steered,2,78,last_prompt,random_j_1,experience,1,-0.010292397605048286
aggregate-control-1-202--0.5-notebook-0.6-128,aggregate-control-1,202,-0.5,steered,2,78,last_prompt,random_j_1,experience,1,-0.000865760776731703
aggregate-control-2-101--0.5-notebook-0.6-128,aggregate-control-2,101,-0.5,steered,2,78,last_prompt,random_j_1,experience,1,7.631546921200222e-05
aggregate-control-2-202--0.5-notebook-0.6-128,aggregate-control-2,202,-0.5,steered,2,78,last_prompt,random_j_1,experience,1,0.0095278885629442
aggregate-control-3-101--0.5-notebook-0.6-128,aggregate-control-3,101,-0.5,steered,2,78,last_prompt,random_j_1,experience,1,-0.0015917114085621303
aggregate-control-3-202--0.5-notebook-0.6-128,aggregate-control-3,202,-0.5,steered,2,78,last_prompt,random_j_1,experience,1,-0.004575275712543064
aggregate-target-101--0.5-notebook-0.6-128,aggregate-target,101,-0.5,steered,2,78,last_prompt,random_j_1,experience,1,0.019677179555098217
aggregate-target-202--0.5-notebook-0.6-128,aggregate-target,202,-0.5,steered,2,78,last_prompt,random_j_1,experience,1,0.04757578836547004
aggregate-control-1-101--0.5-notebook-0.6-128,aggregate-control-1,101,-0.5,steered,2,78,last_prompt,random_j_1,hedging,1,-0.02046864926815033
aggregate-control-1-202--0.5-notebook-0.6-128,aggregate-control-1,202,-0.5,steered,2,78,last_prompt,random_j_1,hedging,1,-0.013229259848594665
aggregate-control-2-101--0.5-notebook-0.6-128,aggregate-control-2,101,-0.5,steered,2,78,last_prompt,random_j_1,hedging,1,0.047359155118465425
aggregate-control-2-202--0.5-notebook-0.6-128,aggregate-control-2,202,-0.5,steered,2,78,last_prompt,random_j_1,hedging,1,0.0386498436331749
aggregate-control-3-101--0.5-notebook-0.6-128,aggregate-control-3,101,-0.5,steered,2,78,last_prompt,random_j_1,hedging,1,0.023133791983127594
aggregate-control-3-202--0.5-notebook-0.6-128,aggregate-control-3,202,-0.5,steered,2,78,last_prompt,random_j_1,hedging,1,0.029834298044443132
aggregate-target-101--0.5-notebook-0.6-128,aggregate-target,101,-0.5,steered,2,78,last_prompt,random_j_1,hedging,1,0.04986314252018929
aggregate-target-202--0.5-notebook-0.6-128,aggregate-target,202,-0.5,steered,2,78,last_prompt,random_j_1,hedging,1,0.05930647104978561
aggregate-control-1-101--0.5-notebook-0.6-128,aggregate-control-1,101,-0.5,steered,2,78,last_prompt,random_j_1,honesty,1,0.026312991976737976
aggregate-control-1-202--0.5-notebook-0.6-128,aggregate-control-1,202,-0.5,steered,2,78,last_prompt,random_j_1,honesty,1,0.004791715741157531
aggregate-control-2-101--0.5-notebook-0.6-128,aggregate-control-2,101,-0.5,steered,2,78,last_prompt,random_j_1,honesty,1,-0.031022828817367554
aggregate-control-2-202--0.5-notebook-0.6-128,aggregate-control-2,202,-0.5,steered,2,78,last_prompt,random_j_1,honesty,1,-0.002168983221054077
aggregate-control-3-101--0.5-notebook-0.6-128,aggregate-control-3,101,-0.5,steered,2,78,last_prompt,random_j_1,honesty,1,-0.07351216077804565
aggregate-control-3-202--0.5-notebook-0.6-128,aggregate-control-3,202,-0.5,steered,2,78,last_prompt,random_j_1,honesty,1,-0.05604596138000488
aggregate-target-101--0.5-notebook-0.6-128,aggregate-target,101,-0.5,steered,2,78,last_prompt,random_j_1,honesty,1,-0.01637859344482422
aggregate-target-202--0.5-notebook-0.6-128,aggregate-target,202,-0.5,steered,2,78,last_prompt,random_j_1,honesty,1,-0.010686664283275605
aggregate-control-1-101--0.5-notebook-0.6-128,aggregate-control-1,101,-0.5,steered,2,78,last_prompt,random_j_1,intervention,1,-0.11959064503510793
aggregate-control-1-202--0.5-notebook-0.6-128,aggregate-control-1,202,-0.5,steered,2,78,last_prompt,random_j_1,intervention,1,-0.10973386300934686
aggregate-control-2-101--0.5-notebook-0.6-128,aggregate-control-2,101,-0.5,steered,2,78,last_prompt,random_j_1,intervention,1,-0.0612411896387736
aggregate-control-2-202--0.5-notebook-0.6-128,aggregate-control-2,202,-0.5,steered,2,78,last_prompt,random_j_1,intervention,1,-0.049296718504693776
aggregate-control-3-101--0.5-notebook-0.6-128,aggregate-control-3,101,-0.5,steered,2,78,last_prompt,random_j_1,intervention,1,0.02380035652054681
aggregate-control-3-202--0.5-notebook-0.6-128,aggregate-control-3,202,-0.5,steered,2,78,last_prompt,random_j_1,intervention,1,0.017761323187086318
aggregate-target-101--0.5-notebook-0.6-128,aggregate-target,101,-0.5,steered,2,78,last_prompt,random_j_1,intervention,1,0.02412803802225325
aggregate-target-202--0.5-notebook-0.6-128,aggregate-target,202,-0.5,steered,2,78,last_prompt,random_j_1,intervention,1,0.07241284516122606
aggregate-control-1-101--0.5-notebook-0.6-128,aggregate-control-1,101,-0.5,steered,2,78,last_prompt,random_j_1,roleplay,1,-0.06451448880963856
aggregate-control-1-202--0.5-notebook-0.6-128,aggregate-control-1,202,-0.5,steered,2,78,last_prompt,random_j_1,roleplay,1,-0.047874965601497226
aggregate-control-2-101--0.5-notebook-0.6-128,aggregate-control-2,101,-0.5,steered,2,78,last_prompt,random_j_1,roleplay,1,0.04218715263737573
aggregate-control-2-202--0.5-notebook-0.6-128,aggregate-control-2,202,-0.5,steered,2,78,last_prompt,random_j_1,roleplay,1,0.0641455286078983
aggregate-control-3-101--0.5-notebook-0.6-128,aggregate-control-3,101,-0.5,steered,2,78,last_prompt,random_j_1,roleplay,1,-0.017148794399367437
aggregate-control-3-202--0.5-notebook-0.6-128,aggregate-control-3,202,-0.5,steered,2,78,last_prompt,random_j_1,roleplay,1,0.0004156629244486491
aggregate-target-101--0.5-notebook-0.6-128,aggregate-target,101,-0.5,steered,2,78,last_prompt,random_j_1,roleplay,1,-0.00431647068924374
aggregate-target-202--0.5-notebook-0.6-128,aggregate-target,202,-0.5,steered,2,78,last_prompt,random_j_1,roleplay,1,-0.014985858566231199
aggregate-control-1-101--0.5-notebook-0.6-128,aggregate-control-1,101,-0.5,steered,2,78,last_prompt,random_j_1,unrelated,1,0.07370739728212357
aggregate-control-1-202--0.5-notebook-0.6-128,aggregate-control-1,202,-0.5,steered,2,78,last_prompt,random_j_1,unrelated,1,0.05977114289999008
aggregate-control-2-101--0.5-notebook-0.6-128,aggregate-control-2,101,-0.5,steered,2,78,last_prompt,random_j_1,unrelated,1,0.00885930061340332
aggregate-control-2-202--0.5-notebook-0.6-128,aggregate-control-2,202,-0.5,steered,2,78,last_prompt,random_j_1,unrelated,1,0.007726214826107025
aggregate-control-3-101--0.5-notebook-0.6-128,aggregate-control-3,101,-0.5,steered,2,78,last_prompt,random_j_1,unrelated,1,-0.011122357845306397
aggregate-control-3-202--0.5-notebook-0.6-128,aggregate-control-3,202,-0.5,steered,2,78,last_prompt,random_j_1,unrelated,1,-0.02858934849500656
aggregate-target-101--0.5-notebook-0.6-128,aggregate-target,101,-0.5,steered,2,78,last_prompt,random_j_1,unrelated,1,-0.044600701332092284
aggregate-target-202--0.5-notebook-0.6-128,aggregate-target,202,-0.5,steered,2,78,last_prompt,random_j_1,unrelated,1,-0.016056068241596222
aggregate-control-1-101--0.5-notebook-0.6-128,aggregate-control-1,101,-0.5,steered,2,78,last_prompt,random_j_2,deception,1,-0.07449419796466827
aggregate-control-1-202--0.5-notebook-0.6-128,aggregate-control-1,202,-0.5,steered,2,78,last_prompt,random_j_2,deception,1,-0.08557193130254745
aggregate-control-2-101--0.5-notebook-0.6-128,aggregate-control-2,101,-0.5,steered,2,78,last_prompt,random_j_2,deception,1,-0.06814751178026199
aggregate-control-2-202--0.5-notebook-0.6-128,aggregate-control-2,202,-0.5,steered,2,78,last_prompt,random_j_2,deception,1,-0.07436210587620735
aggregate-control-3-101--0.5-notebook-0.6-128,aggregate-control-3,101,-0.5,steered,2,78,last_prompt,random_j_2,deception,1,0.009859290719032288
aggregate-control-3-202--0.5-notebook-0.6-128,aggregate-control-3,202,-0.5,steered,2,78,last_prompt,random_j_2,deception,1,0.010772284120321274
aggregate-target-101--0.5-notebook-0.6-128,aggregate-target,101,-0.5,steered,2,78,last_prompt,random_j_2,deception,1,0.06855894774198532
aggregate-target-202--0.5-notebook-0.6-128,aggregate-target,202,-0.5,steered,2,78,last_prompt,random_j_2,deception,1,0.07961121946573257
aggregate-control-1-101--0.5-notebook-0.6-128,aggregate-control-1,101,-0.5,steered,2,78,last_prompt,random_j_2,experience,1,-0.013311843077341715
aggregate-control-1-202--0.5-notebook-0.6-128,aggregate-control-1,202,-0.5,steered,2,78,last_prompt,random_j_2,experience,1,0.00345285071267022
aggregate-control-2-101--0.5-notebook-0.6-128,aggregate-control-2,101,-0.5,steered,2,78,last_prompt,random_j_2,experience,1,-0.007211509678098891
aggregate-control-2-202--0.5-notebook-0.6-128,aggregate-control-2,202,-0.5,steered,2,78,last_prompt,random_j_2,experience,1,-0.010889263616667854
aggregate-control-3-101--0.5-notebook-0.6-128,aggregate-control-3,101,-0.5,steered,2,78,last_prompt,random_j_2,experience,1,-0.08781091041035122
aggregate-control-3-202--0.5-notebook-0.6-128,aggregate-control-3,202,-0.5,steered,2,78,last_prompt,random_j_2,experience,1,-0.08254992796315087
aggregate-target-101--0.5-notebook-0.6-128,aggregate-target,101,-0.5,steered,2,78,last_prompt,random_j_2,experience,1,0.009832729895909628
aggregate-target-202--0.5-notebook-0.6-128,aggregate-target,202,-0.5,steered,2,78,last_prompt,random_j_2,experience,1,0.007032099697324965
aggregate-control-1-101--0.5-notebook-0.6-128,aggregate-control-1,101,-0.5,steered,2,78,last_prompt,random_j_2,hedging,1,-0.03874883651733398
aggregate-control-1-202--0.5-notebook-0.6-128,aggregate-control-1,202,-0.5,steered,2,78,last_prompt,random_j_2,hedging,1,-0.033035823702812196
aggregate-control-2-101--0.5-notebook-0.6-128,aggregate-control-2,101,-0.5,steered,2,78,last_prompt,random_j_2,hedging,1,-0.06156198233366013
aggregate-control-2-202--0.5-notebook-0.6-128,aggregate-control-2,202,-0.5,steered,2,78,last_prompt,random_j_2,hedging,1,-0.07475854158401489
aggregate-control-3-101--0.5-notebook-0.6-128,aggregate-control-3,101,-0.5,steered,2,78,last_prompt,random_j_2,hedging,1,0.05931898057460785
aggregate-control-3-202--0.5-notebook-0.6-128,aggregate-control-3,202,-0.5,steered,2,78,last_prompt,random_j_2,hedging,1,0.04669685959815979
aggregate-target-101--0.5-notebook-0.6-128,aggregate-target,101,-0.5,steered,2,78,last_prompt,random_j_2,hedging,1,-0.006646394729614258
aggregate-target-202--0.5-notebook-0.6-128,aggregate-target,202,-0.5,steered,2,78,last_prompt,random_j_2,hedging,1,-0.027343708276748657
aggregate-control-1-101--0.5-notebook-0.6-128,aggregate-control-1,101,-0.5,steered,2,78,last_prompt,random_j_2,honesty,1,-0.05648953318595886
aggregate-control-1-202--0.5-notebook-0.6-128,aggregate-control-1,202,-0.5,steered,2,78,last_prompt,random_j_2,honesty,1,-0.060546350479125974
aggregate-control-2-101--0.5-notebook-0.6-128,aggregate-control-2,101,-0.5,steered,2,78,last_prompt,random_j_2,honesty,1,0.029998588562011718
aggregate-control-2-202--0.5-notebook-0.6-128,aggregate-control-2,202,-0.5,steered,2,78,last_prompt,random_j_2,honesty,1,0.04816443026065827
aggregate-control-3-101--0.5-notebook-0.6-128,aggregate-control-3,101,-0.5,steered,2,78,last_prompt,random_j_2,honesty,1,0.0029113620519638063
aggregate-control-3-202--0.5-notebook-0.6-128,aggregate-control-3,202,-0.5,steered,2,78,last_prompt,random_j_2,honesty,1,-0.0075371995568275455
aggregate-target-101--0.5-notebook-0.6-128,aggregate-target,101,-0.5,steered,2,78,last_prompt,random_j_2,honesty,1,0.027790743112564086
aggregate-target-202--0.5-notebook-0.6-128,aggregate-target,202,-0.5,steered,2,78,last_prompt,random_j_2,honesty,1,0.03880472481250763
aggregate-control-1-101--0.5-notebook-0.6-128,aggregate-control-1,101,-0.5,steered,2,78,last_prompt,random_j_2,intervention,1,-0.07234861287805769
aggregate-control-1-202--0.5-notebook-0.6-128,aggregate-control-1,202,-0.5,steered,2,78,last_prompt,random_j_2,intervention,1,-0.058718275692727834
aggregate-control-2-101--0.5-notebook-0.6-128,aggregate-control-2,101,-0.5,steered,2,78,last_prompt,random_j_2,intervention,1,-0.09833191417985493
aggregate-control-2-202--0.5-notebook-0.6-128,aggregate-control-2,202,-0.5,steered,2,78,last_prompt,random_j_2,intervention,1,-0.10851128399372101
aggregate-control-3-101--0.5-notebook-0.6-128,aggregate-control-3,101,-0.5,steered,2,78,last_prompt,random_j_2,intervention,1,-0.013948230279816521
aggregate-control-3-202--0.5-notebook-0.6-128,aggregate-control-3,202,-0.5,steered,2,78,last_prompt,random_j_2,intervention,1,-0.022748505075772602
aggregate-target-101--0.5-notebook-0.6-128,aggregate-target,101,-0.5,steered,2,78,last_prompt,random_j_2,intervention,1,-0.05966253247525957
aggregate-target-202--0.5-notebook-0.6-128,aggregate-target,202,-0.5,steered,2,78,last_prompt,random_j_2,intervention,1,-0.0616162916024526
aggregate-control-1-101--0.5-notebook-0.6-128,aggregate-control-1,101,-0.5,steered,2,78,last_prompt,random_j_2,roleplay,1,-0.038226271669069924
aggregate-control-1-202--0.5-notebook-0.6-128,aggregate-control-1,202,-0.5,steered,2,78,last_prompt,random_j_2,roleplay,1,-0.05687635474734836
aggregate-control-2-101--0.5-notebook-0.6-128,aggregate-control-2,101,-0.5,steered,2,78,last_prompt,random_j_2,roleplay,1,-0.05102985269493527
aggregate-control-2-202--0.5-notebook-0.6-128,aggregate-control-2,202,-0.5,steered,2,78,last_prompt,random_j_2,roleplay,1,-0.06332519981596205
aggregate-control-3-101--0.5-notebook-0.6-128,aggregate-control-3,101,-0.5,steered,2,78,last_prompt,random_j_2,roleplay,1,-0.015073883864614699
aggregate-control-3-202--0.5-notebook-0.6-128,aggregate-control-3,202,-0.5,steered,2,78,last_prompt,random_j_2,roleplay,1,0.02931920521789127
aggregate-target-101--0.5-notebook-0.6-128,aggregate-target,101,-0.5,steered,2,78,last_prompt,random_j_2,roleplay,1,-0.04485304322507647
aggregate-target-202--0.5-notebook-0.6-128,aggregate-target,202,-0.5,steered,2,78,last_prompt,random_j_2,roleplay,1,-0.041103641192118325
aggregate-control-1-101--0.5-notebook-0.6-128,aggregate-control-1,101,-0.5,steered,2,78,last_prompt,random_j_2,unrelated,1,0.0015548795461654663
aggregate-control-1-202--0.5-notebook-0.6-128,aggregate-control-1,202,-0.5,steered,2,78,last_prompt,random_j_2,unrelated,1,0.01803112179040909
aggregate-control-2-101--0.5-notebook-0.6-128,aggregate-control-2,101,-0.5,steered,2,78,last_prompt,random_j_2,unrelated,1,0.013461586833000184
aggregate-control-2-202--0.5-notebook-0.6-128,aggregate-control-2,202,-0.5,steered,2,78,last_prompt,random_j_2,unrelated,1,-0.010374310612678527
aggregate-control-3-101--0.5-notebook-0.6-128,aggregate-control-3,101,-0.5,steered,2,78,last_prompt,random_j_2,unrelated,1,-0.005629688501358032
aggregate-control-3-202--0.5-notebook-0.6-128,aggregate-control-3,202,-0.5,steered,2,78,last_prompt,random_j_2,unrelated,1,-0.019569557905197144
aggregate-target-101--0.5-notebook-0.6-128,aggregate-target,101,-0.5,steered,2,78,last_prompt,random_j_2,unrelated,1,0.014555229246616364
aggregate-target-202--0.5-notebook-0.6-128,aggregate-target,202,-0.5,steered,2,78,last_prompt,random_j_2,unrelated,1,0.009024424105882644
aggregate-control-1-101--0.5-notebook-0.6-128,aggregate-control-1,101,-0.5,steered,2,78,last_prompt,random_j_3,deception,1,-0.009297125041484833
aggregate-control-1-202--0.5-notebook-0.6-128,aggregate-control-1,202,-0.5,steered,2,78,last_prompt,random_j_3,deception,1,-0.016934414207935334
aggregate-control-2-101--0.5-notebook-0.6-128,aggregate-control-2,101,-0.5,steered,2,78,last_prompt,random_j_3,deception,1,0.0951836422085762
aggregate-control-2-202--0.5-notebook-0.6-128,aggregate-control-2,202,-0.5,steered,2,78,last_prompt,random_j_3,deception,1,0.07410128563642501
aggregate-control-3-101--0.5-notebook-0.6-128,aggregate-control-3,101,-0.5,steered,2,78,last_prompt,random_j_3,deception,1,-0.021594880521297453
aggregate-control-3-202--0.5-notebook-0.6-128,aggregate-control-3,202,-0.5,steered,2,78,last_prompt,random_j_3,deception,1,-0.04178142100572586
aggregate-target-101--0.5-notebook-0.6-128,aggregate-target,101,-0.5,steered,2,78,last_prompt,random_j_3,deception,1,-0.05223505347967148
aggregate-target-202--0.5-notebook-0.6-128,aggregate-target,202,-0.5,steered,2,78,last_prompt,random_j_3,deception,1,-0.05749053359031677
aggregate-control-1-101--0.5-notebook-0.6-128,aggregate-control-1,101,-0.5,steered,2,78,last_prompt,random_j_3,experience,1,-0.10956037375662062
aggregate-control-1-202--0.5-notebook-0.6-128,aggregate-control-1,202,-0.5,steered,2,78,last_prompt,random_j_3,experience,1,-0.07896788832214144
aggregate-control-2-101--0.5-notebook-0.6-128,aggregate-control-2,101,-0.5,steered,2,78,last_prompt,random_j_3,experience,1,-0.0017492605580223931
aggregate-control-2-202--0.5-notebook-0.6-128,aggregate-control-2,202,-0.5,steered,2,78,last_prompt,random_j_3,experience,1,-0.0029220042957199942
aggregate-control-3-101--0.5-notebook-0.6-128,aggregate-control-3,101,-0.5,steered,2,78,last_prompt,random_j_3,experience,1,-0.10290044214990404
aggregate-control-3-202--0.5-notebook-0.6-128,aggregate-control-3,202,-0.5,steered,2,78,last_prompt,random_j_3,experience,1,-0.0827067494392395
aggregate-target-101--0.5-notebook-0.6-128,aggregate-target,101,-0.5,steered,2,78,last_prompt,random_j_3,experience,1,0.11178870664702521
aggregate-target-202--0.5-notebook-0.6-128,aggregate-target,202,-0.5,steered,2,78,last_prompt,random_j_3,experience,1,0.0986667416161961
aggregate-control-1-101--0.5-notebook-0.6-128,aggregate-control-1,101,-0.5,steered,2,78,last_prompt,random_j_3,hedging,1,-0.012959377467632293
aggregate-control-1-202--0.5-notebook-0.6-128,aggregate-control-1,202,-0.5,steered,2,78,last_prompt,random_j_3,hedging,1,0.01838059276342392
aggregate-control-2-101--0.5-notebook-0.6-128,aggregate-control-2,101,-0.5,steered,2,78,last_prompt,random_j_3,hedging,1,-0.003634718060493469
aggregate-control-2-202--0.5-notebook-0.6-128,aggregate-control-2,202,-0.5,steered,2,78,last_prompt,random_j_3,hedging,1,-0.03668903037905693
aggregate-control-3-101--0.5-notebook-0.6-128,aggregate-control-3,101,-0.5,steered,2,78,last_prompt,random_j_3,hedging,1,-0.035613621771335605
aggregate-control-3-202--0.5-notebook-0.6-128,aggregate-control-3,202,-0.5,steered,2,78,last_prompt,random_j_3,hedging,1,-0.030002035945653916
aggregate-target-101--0.5-notebook-0.6-128,aggregate-target,101,-0.5,steered,2,78,last_prompt,random_j_3,hedging,1,0.023482224345207213
aggregate-target-202--0.5-notebook-0.6-128,aggregate-target,202,-0.5,steered,2,78,last_prompt,random_j_3,hedging,1,-0.0002639271318912506
aggregate-control-1-101--0.5-notebook-0.6-128,aggregate-control-1,101,-0.5,steered,2,78,last_prompt,random_j_3,honesty,1,-0.027753731608390807
aggregate-control-1-202--0.5-notebook-0.6-128,aggregate-control-1,202,-0.5,steered,2,78,last_prompt,random_j_3,honesty,1,-0.026805037260055543
aggregate-control-2-101--0.5-notebook-0.6-128,aggregate-control-2,101,-0.5,steered,2,78,last_prompt,random_j_3,honesty,1,0.06851534843444824
aggregate-control-2-202--0.5-notebook-0.6-128,aggregate-control-2,202,-0.5,steered,2,78,last_prompt,random_j_3,honesty,1,0.06581551730632781
aggregate-control-3-101--0.5-notebook-0.6-128,aggregate-control-3,101,-0.5,steered,2,78,last_prompt,random_j_3,honesty,1,-0.04452512264251709
aggregate-control-3-202--0.5-notebook-0.6-128,aggregate-control-3,202,-0.5,steered,2,78,last_prompt,random_j_3,honesty,1,-0.051143226027488706
aggregate-target-101--0.5-notebook-0.6-128,aggregate-target,101,-0.5,steered,2,78,last_prompt,random_j_3,honesty,1,-0.025075092911720276
aggregate-target-202--0.5-notebook-0.6-128,aggregate-target,202,-0.5,steered,2,78,last_prompt,random_j_3,honesty,1,-0.03782896995544434
aggregate-control-1-101--0.5-notebook-0.6-128,aggregate-control-1,101,-0.5,steered,2,78,last_prompt,random_j_3,intervention,1,-0.058748322228590645
aggregate-control-1-202--0.5-notebook-0.6-128,aggregate-control-1,202,-0.5,steered,2,78,last_prompt,random_j_3,intervention,1,-0.04751527888907327
aggregate-control-2-101--0.5-notebook-0.6-128,aggregate-control-2,101,-0.5,steered,2,78,last_prompt,random_j_3,intervention,1,-0.015127688646316528
aggregate-control-2-202--0.5-notebook-0.6-128,aggregate-control-2,202,-0.5,steered,2,78,last_prompt,random_j_3,intervention,1,-0.034887747632132635
aggregate-control-3-101--0.5-notebook-0.6-128,aggregate-control-3,101,-0.5,steered,2,78,last_prompt,random_j_3,intervention,1,-0.031499960356288485
aggregate-control-3-202--0.5-notebook-0.6-128,aggregate-control-3,202,-0.5,steered,2,78,last_prompt,random_j_3,intervention,1,-0.02739165226618449
aggregate-target-101--0.5-notebook-0.6-128,aggregate-target,101,-0.5,steered,2,78,last_prompt,random_j_3,intervention,1,0.002949794133504232
aggregate-target-202--0.5-notebook-0.6-128,aggregate-target,202,-0.5,steered,2,78,last_prompt,random_j_3,intervention,1,0.016843669944339328
aggregate-control-1-101--0.5-notebook-0.6-128,aggregate-control-1,101,-0.5,steered,2,78,last_prompt,random_j_3,roleplay,1,0.0386018885506524
aggregate-control-1-202--0.5-notebook-0.6-128,aggregate-control-1,202,-0.5,steered,2,78,last_prompt,random_j_3,roleplay,1,0.05304435557789273
aggregate-control-2-101--0.5-notebook-0.6-128,aggregate-control-2,101,-0.5,steered,2,78,last_prompt,random_j_3,roleplay,1,0.05196585257848104
aggregate-control-2-202--0.5-notebook-0.6-128,aggregate-control-2,202,-0.5,steered,2,78,last_prompt,random_j_3,roleplay,1,0.03198792040348053
aggregate-control-3-101--0.5-notebook-0.6-128,aggregate-control-3,101,-0.5,steered,2,78,last_prompt,random_j_3,roleplay,1,-0.003306090831756592
aggregate-control-3-202--0.5-notebook-0.6-128,aggregate-control-3,202,-0.5,steered,2,78,last_prompt,random_j_3,roleplay,1,0.00453759812646442
aggregate-target-101--0.5-notebook-0.6-128,aggregate-target,101,-0.5,steered,2,78,last_prompt,random_j_3,roleplay,1,-0.044256511661741466
aggregate-target-202--0.5-notebook-0.6-128,aggregate-target,202,-0.5,steered,2,78,last_prompt,random_j_3,roleplay,1,-0.05779114324185583
aggregate-control-1-101--0.5-notebook-0.6-128,aggregate-control-1,101,-0.5,steered,2,78,last_prompt,random_j_3,unrelated,1,-0.021218542754650117
aggregate-control-1-202--0.5-notebook-0.6-128,aggregate-control-1,202,-0.5,steered,2,78,last_prompt,random_j_3,unrelated,1,-0.042535226047039035
aggregate-control-2-101--0.5-notebook-0.6-128,aggregate-control-2,101,-0.5,steered,2,78,last_prompt,random_j_3,unrelated,1,-0.003550732135772705
aggregate-control-2-202--0.5-notebook-0.6-128,aggregate-control-2,202,-0.5,steered,2,78,last_prompt,random_j_3,unrelated,1,-0.005149705708026886
aggregate-control-3-101--0.5-notebook-0.6-128,aggregate-control-3,101,-0.5,steered,2,78,last_prompt,random_j_3,unrelated,1,-1.455843448638916e-05
aggregate-control-3-202--0.5-notebook-0.6-128,aggregate-control-3,202,-0.5,steered,2,78,last_prompt,random_j_3,unrelated,1,-0.01115630716085434
aggregate-target-101--0.5-notebook-0.6-128,aggregate-target,101,-0.5,steered,2,78,last_prompt,random_j_3,unrelated,1,-0.005614730715751648
aggregate-target-202--0.5-notebook-0.6-128,aggregate-target,202,-0.5,steered,2,78,last_prompt,random_j_3,unrelated,1,0.008084656298160553
aggregate-control-1-101--0.5-notebook-0.6-128,aggregate-control-1,101,-0.5,steered,2,78,last_prompt,random_j_4,deception,1,-0.057483232021331786
aggregate-control-1-202--0.5-notebook-0.6-128,aggregate-control-1,202,-0.5,steered,2,78,last_prompt,random_j_4,deception,1,-0.03939703106880188
aggregate-control-2-101--0.5-notebook-0.6-128,aggregate-control-2,101,-0.5,steered,2,78,last_prompt,random_j_4,deception,1,-0.017179527878761293
aggregate-control-2-202--0.5-notebook-0.6-128,aggregate-control-2,202,-0.5,steered,2,78,last_prompt,random_j_4,deception,1,-0.015350919961929322
aggregate-control-3-101--0.5-notebook-0.6-128,aggregate-control-3,101,-0.5,steered,2,78,last_prompt,random_j_4,deception,1,-0.020310238003730774
aggregate-control-3-202--0.5-notebook-0.6-128,aggregate-control-3,202,-0.5,steered,2,78,last_prompt,random_j_4,deception,1,-0.01869874894618988
aggregate-target-101--0.5-notebook-0.6-128,aggregate-target,101,-0.5,steered,2,78,last_prompt,random_j_4,deception,1,0.02350904941558838
aggregate-target-202--0.5-notebook-0.6-128,aggregate-target,202,-0.5,steered,2,78,last_prompt,random_j_4,deception,1,0.025030434131622314
aggregate-control-1-101--0.5-notebook-0.6-128,aggregate-control-1,101,-0.5,steered,2,78,last_prompt,random_j_4,experience,1,0.02409028344684177
aggregate-control-1-202--0.5-notebook-0.6-128,aggregate-control-1,202,-0.5,steered,2,78,last_prompt,random_j_4,experience,1,0.0223048511478636
aggregate-control-2-101--0.5-notebook-0.6-128,aggregate-control-2,101,-0.5,steered,2,78,last_prompt,random_j_4,experience,1,-0.07792313562499152
aggregate-control-2-202--0.5-notebook-0.6-128,aggregate-control-2,202,-0.5,steered,2,78,last_prompt,random_j_4,experience,1,-0.049418441123432584
aggregate-control-3-101--0.5-notebook-0.6-128,aggregate-control-3,101,-0.5,steered,2,78,last_prompt,random_j_4,experience,1,-0.025226314862569172
aggregate-control-3-202--0.5-notebook-0.6-128,aggregate-control-3,202,-0.5,steered,2,78,last_prompt,random_j_4,experience,1,-0.03351210223303901
aggregate-target-101--0.5-notebook-0.6-128,aggregate-target,101,-0.5,steered,2,78,last_prompt,random_j_4,experience,1,-5.9399339887830945e-05
aggregate-target-202--0.5-notebook-0.6-128,aggregate-target,202,-0.5,steered,2,78,last_prompt,random_j_4,experience,1,0.029891965289910633
aggregate-control-1-101--0.5-notebook-0.6-128,aggregate-control-1,101,-0.5,steered,2,78,last_prompt,random_j_4,hedging,1,-0.0655344620347023
aggregate-control-1-202--0.5-notebook-0.6-128,aggregate-control-1,202,-0.5,steered,2,78,last_prompt,random_j_4,hedging,1,-0.05987329483032226
aggregate-control-2-101--0.5-notebook-0.6-128,aggregate-control-2,101,-0.5,steered,2,78,last_prompt,random_j_4,hedging,1,-0.07316319346427917
aggregate-control-2-202--0.5-notebook-0.6-128,aggregate-control-2,202,-0.5,steered,2,78,last_prompt,random_j_4,hedging,1,-0.07113326936960221
aggregate-control-3-101--0.5-notebook-0.6-128,aggregate-control-3,101,-0.5,steered,2,78,last_prompt,random_j_4,hedging,1,-0.005069354176521301
aggregate-control-3-202--0.5-notebook-0.6-128,aggregate-control-3,202,-0.5,steered,2,78,last_prompt,random_j_4,hedging,1,-0.02365195006132126
aggregate-target-101--0.5-notebook-0.6-128,aggregate-target,101,-0.5,steered,2,78,last_prompt,random_j_4,hedging,1,0.021015477180480958
aggregate-target-202--0.5-notebook-0.6-128,aggregate-target,202,-0.5,steered,2,78,last_prompt,random_j_4,hedging,1,0.003511728346347809
aggregate-control-1-101--0.5-notebook-0.6-128,aggregate-control-1,101,-0.5,steered,2,78,last_prompt,random_j_4,honesty,1,0.038614685833454135
aggregate-control-1-202--0.5-notebook-0.6-128,aggregate-control-1,202,-0.5,steered,2,78,last_prompt,random_j_4,honesty,1,0.02595936954021454
aggregate-control-2-101--0.5-notebook-0.6-128,aggregate-control-2,101,-0.5,steered,2,78,last_prompt,random_j_4,honesty,1,-0.0829718604683876
aggregate-control-2-202--0.5-notebook-0.6-128,aggregate-control-2,202,-0.5,steered,2,78,last_prompt,random_j_4,honesty,1,-0.0586561918258667
aggregate-control-3-101--0.5-notebook-0.6-128,aggregate-control-3,101,-0.5,steered,2,78,last_prompt,random_j_4,honesty,1,-0.07798294872045516
aggregate-control-3-202--0.5-notebook-0.6-128,aggregate-control-3,202,-0.5,steered,2,78,last_prompt,random_j_4,honesty,1,-0.05702052116394043
aggregate-target-101--0.5-notebook-0.6-128,aggregate-target,101,-0.5,steered,2,78,last_prompt,random_j_4,honesty,1,0.012846823781728745
aggregate-target-202--0.5-notebook-0.6-128,aggregate-target,202,-0.5,steered,2,78,last_prompt,random_j_4,honesty,1,0.03269775658845901
aggregate-control-1-101--0.5-notebook-0.6-128,aggregate-control-1,101,-0.5,steered,2,78,last_prompt,random_j_4,intervention,1,0.047484404097000756
aggregate-control-1-202--0.5-notebook-0.6-128,aggregate-control-1,202,-0.5,steered,2,78,last_prompt,random_j_4,intervention,1,-0.0010713314016660054
aggregate-control-2-101--0.5-notebook-0.6-128,aggregate-control-2,101,-0.5,steered,2,78,last_prompt,random_j_4,intervention,1,-0.0919711987177531
aggregate-control-2-202--0.5-notebook-0.6-128,aggregate-control-2,202,-0.5,steered,2,78,last_prompt,random_j_4,intervention,1,-0.09629813498920864
aggregate-control-3-101--0.5-notebook-0.6-128,aggregate-control-3,101,-0.5,steered,2,78,last_prompt,random_j_4,intervention,1,-0.006651040580537584
aggregate-control-3-202--0.5-notebook-0.6-128,aggregate-control-3,202,-0.5,steered,2,78,last_prompt,random_j_4,intervention,1,-0.03223417533768548
aggregate-target-101--0.5-notebook-0.6-128,aggregate-target,101,-0.5,steered,2,78,last_prompt,random_j_4,intervention,1,-0.000698818928665585
aggregate-target-202--0.5-notebook-0.6-128,aggregate-target,202,-0.5,steered,2,78,last_prompt,random_j_4,intervention,1,-0.010960406727261014
aggregate-control-1-101--0.5-notebook-0.6-128,aggregate-control-1,101,-0.5,steered,2,78,last_prompt,random_j_4,roleplay,1,-0.02082141571574741
aggregate-control-1-202--0.5-notebook-0.6-128,aggregate-control-1,202,-0.5,steered,2,78,last_prompt,random_j_4,roleplay,1,-0.012508382399876913
aggregate-control-2-101--0.5-notebook-0.6-128,aggregate-control-2,101,-0.5,steered,2,78,last_prompt,random_j_4,roleplay,1,0.029044359922409058
aggregate-control-2-202--0.5-notebook-0.6-128,aggregate-control-2,202,-0.5,steered,2,78,last_prompt,random_j_4,roleplay,1,0.028366257747014362
aggregate-control-3-101--0.5-notebook-0.6-128,aggregate-control-3,101,-0.5,steered,2,78,last_prompt,random_j_4,roleplay,1,-0.0015891244014104207
aggregate-control-3-202--0.5-notebook-0.6-128,aggregate-control-3,202,-0.5,steered,2,78,last_prompt,random_j_4,roleplay,1,-0.00847322576575809
aggregate-target-101--0.5-notebook-0.6-128,aggregate-target,101,-0.5,steered,2,78,last_prompt,random_j_4,roleplay,1,0.017685933245552912
aggregate-target-202--0.5-notebook-0.6-128,aggregate-target,202,-0.5,steered,2,78,last_prompt,random_j_4,roleplay,1,-0.01664237678050995
aggregate-control-1-101--0.5-notebook-0.6-128,aggregate-control-1,101,-0.5,steered,2,78,last_prompt,random_j_4,unrelated,1,0.05597594678401947
aggregate-control-1-202--0.5-notebook-0.6-128,aggregate-control-1,202,-0.5,steered,2,78,last_prompt,random_j_4,unrelated,1,0.06077277883887291
aggregate-control-2-101--0.5-notebook-0.6-128,aggregate-control-2,101,-0.5,steered,2,78,last_prompt,random_j_4,unrelated,1,-0.007199805974960327
aggregate-control-2-202--0.5-notebook-0.6-128,aggregate-control-2,202,-0.5,steered,2,78,last_prompt,random_j_4,unrelated,1,0.001411554217338562
aggregate-control-3-101--0.5-notebook-0.6-128,aggregate-control-3,101,-0.5,steered,2,78,last_prompt,random_j_4,unrelated,1,-0.04982079863548279
aggregate-control-3-202--0.5-notebook-0.6-128,aggregate-control-3,202,-0.5,steered,2,78,last_prompt,random_j_4,unrelated,1,-0.0354730486869812
aggregate-target-101--0.5-notebook-0.6-128,aggregate-target,101,-0.5,steered,2,78,last_prompt,random_j_4,unrelated,1,0.004828864336013794
aggregate-target-202--0.5-notebook-0.6-128,aggregate-target,202,-0.5,steered,2,78,last_prompt,random_j_4,unrelated,1,0.005397728085517884
aggregate-control-1-101--0.5-notebook-0.6-128,aggregate-control-1,101,-0.5,steered,2,78,last_prompt,random_j_5,deception,1,0.0006273120641708374
aggregate-control-1-202--0.5-notebook-0.6-128,aggregate-control-1,202,-0.5,steered,2,78,last_prompt,random_j_5,deception,1,0.00664040744304657
aggregate-control-2-101--0.5-notebook-0.6-128,aggregate-control-2,101,-0.5,steered,2,78,last_prompt,random_j_5,deception,1,-0.12183649837970734
aggregate-control-2-202--0.5-notebook-0.6-128,aggregate-control-2,202,-0.5,steered,2,78,last_prompt,random_j_5,deception,1,-0.09089565873146058
aggregate-control-3-101--0.5-notebook-0.6-128,aggregate-control-3,101,-0.5,steered,2,78,last_prompt,random_j_5,deception,1,0.009564045071601867
aggregate-control-3-202--0.5-notebook-0.6-128,aggregate-control-3,202,-0.5,steered,2,78,last_prompt,random_j_5,deception,1,0.027133846282958986
aggregate-target-101--0.5-notebook-0.6-128,aggregate-target,101,-0.5,steered,2,78,last_prompt,random_j_5,deception,1,-0.05881129950284958
aggregate-target-202--0.5-notebook-0.6-128,aggregate-target,202,-0.5,steered,2,78,last_prompt,random_j_5,deception,1,-0.057249347865581515
aggregate-control-1-101--0.5-notebook-0.6-128,aggregate-control-1,101,-0.5,steered,2,78,last_prompt,random_j_5,experience,1,0.013403738538424173
aggregate-control-1-202--0.5-notebook-0.6-128,aggregate-control-1,202,-0.5,steered,2,78,last_prompt,random_j_5,experience,1,0.011189051800303988
aggregate-control-2-101--0.5-notebook-0.6-128,aggregate-control-2,101,-0.5,steered,2,78,last_prompt,random_j_5,experience,1,0.006975245144632127
aggregate-control-2-202--0.5-notebook-0.6-128,aggregate-control-2,202,-0.5,steered,2,78,last_prompt,random_j_5,experience,1,-0.019498291942808364
aggregate-control-3-101--0.5-notebook-0.6-128,aggregate-control-3,101,-0.5,steered,2,78,last_prompt,random_j_5,experience,1,0.02840764323870341
aggregate-control-3-202--0.5-notebook-0.6-128,aggregate-control-3,202,-0.5,steered,2,78,last_prompt,random_j_5,experience,1,0.042658060789108276
aggregate-target-101--0.5-notebook-0.6-128,aggregate-target,101,-0.5,steered,2,78,last_prompt,random_j_5,experience,1,-0.0921480945414967
aggregate-target-202--0.5-notebook-0.6-128,aggregate-target,202,-0.5,steered,2,78,last_prompt,random_j_5,experience,1,-0.08990210129155053
aggregate-control-1-101--0.5-notebook-0.6-128,aggregate-control-1,101,-0.5,steered,2,78,last_prompt,random_j_5,hedging,1,-0.08846955150365829
aggregate-control-1-202--0.5-notebook-0.6-128,aggregate-control-1,202,-0.5,steered,2,78,last_prompt,random_j_5,hedging,1,-0.06399698406457902
aggregate-control-2-101--0.5-notebook-0.6-128,aggregate-control-2,101,-0.5,steered,2,78,last_prompt,random_j_5,hedging,1,0.045990200340747835
aggregate-control-2-202--0.5-notebook-0.6-128,aggregate-control-2,202,-0.5,steered,2,78,last_prompt,random_j_5,hedging,1,0.07057212293148041
aggregate-control-3-101--0.5-notebook-0.6-128,aggregate-control-3,101,-0.5,steered,2,78,last_prompt,random_j_5,hedging,1,0.046289631724357606
aggregate-control-3-202--0.5-notebook-0.6-128,aggregate-control-3,202,-0.5,steered,2,78,last_prompt,random_j_5,hedging,1,0.02362436056137085
aggregate-target-101--0.5-notebook-0.6-128,aggregate-target,101,-0.5,steered,2,78,last_prompt,random_j_5,hedging,1,-0.01833082437515259
aggregate-target-202--0.5-notebook-0.6-128,aggregate-target,202,-0.5,steered,2,78,last_prompt,random_j_5,hedging,1,-0.01419796645641327
aggregate-control-1-101--0.5-notebook-0.6-128,aggregate-control-1,101,-0.5,steered,2,78,last_prompt,random_j_5,honesty,1,0.02506682276725769
aggregate-control-1-202--0.5-notebook-0.6-128,aggregate-control-1,202,-0.5,steered,2,78,last_prompt,random_j_5,honesty,1,-0.0056080400943756105
aggregate-control-2-101--0.5-notebook-0.6-128,aggregate-control-2,101,-0.5,steered,2,78,last_prompt,random_j_5,honesty,1,-0.026957961916923522
aggregate-control-2-202--0.5-notebook-0.6-128,aggregate-control-2,202,-0.5,steered,2,78,last_prompt,random_j_5,honesty,1,-0.03166990578174591
aggregate-control-3-101--0.5-notebook-0.6-128,aggregate-control-3,101,-0.5,steered,2,78,last_prompt,random_j_5,honesty,1,-0.003794023394584656
aggregate-control-3-202--0.5-notebook-0.6-128,aggregate-control-3,202,-0.5,steered,2,78,last_prompt,random_j_5,honesty,1,0.010820603370666504
aggregate-target-101--0.5-notebook-0.6-128,aggregate-target,101,-0.5,steered,2,78,last_prompt,random_j_5,honesty,1,0.02876734733581543
aggregate-target-202--0.5-notebook-0.6-128,aggregate-target,202,-0.5,steered,2,78,last_prompt,random_j_5,honesty,1,0.01794712245464325
aggregate-control-1-101--0.5-notebook-0.6-128,aggregate-control-1,101,-0.5,steered,2,78,last_prompt,random_j_5,intervention,1,0.01860693593819936
aggregate-control-1-202--0.5-notebook-0.6-128,aggregate-control-1,202,-0.5,steered,2,78,last_prompt,random_j_5,intervention,1,-0.004684352212482029
aggregate-control-2-101--0.5-notebook-0.6-128,aggregate-control-2,101,-0.5,steered,2,78,last_prompt,random_j_5,intervention,1,0.04411190748214722
aggregate-control-2-202--0.5-notebook-0.6-128,aggregate-control-2,202,-0.5,steered,2,78,last_prompt,random_j_5,intervention,1,0.04411831249793371
aggregate-control-3-101--0.5-notebook-0.6-128,aggregate-control-3,101,-0.5,steered,2,78,last_prompt,random_j_5,intervention,1,-0.002657538486851586
aggregate-control-3-202--0.5-notebook-0.6-128,aggregate-control-3,202,-0.5,steered,2,78,last_prompt,random_j_5,intervention,1,0.013111587199899886
aggregate-target-101--0.5-notebook-0.6-128,aggregate-target,101,-0.5,steered,2,78,last_prompt,random_j_5,intervention,1,-0.06637435323662227
aggregate-target-202--0.5-notebook-0.6-128,aggregate-target,202,-0.5,steered,2,78,last_prompt,random_j_5,intervention,1,-0.04516086975733439
aggregate-control-1-101--0.5-notebook-0.6-128,aggregate-control-1,101,-0.5,steered,2,78,last_prompt,random_j_5,roleplay,1,0.035340761144955955
aggregate-control-1-202--0.5-notebook-0.6-128,aggregate-control-1,202,-0.5,steered,2,78,last_prompt,random_j_5,roleplay,1,0.046665343973371715
aggregate-control-2-101--0.5-notebook-0.6-128,aggregate-control-2,101,-0.5,steered,2,78,last_prompt,random_j_5,roleplay,1,-0.07981054650412665
aggregate-control-2-202--0.5-notebook-0.6-128,aggregate-control-2,202,-0.5,steered,2,78,last_prompt,random_j_5,roleplay,1,-0.08412316772672865
aggregate-control-3-101--0.5-notebook-0.6-128,aggregate-control-3,101,-0.5,steered,2,78,last_prompt,random_j_5,roleplay,1,-0.05055116944842868
aggregate-control-3-202--0.5-notebook-0.6-128,aggregate-control-3,202,-0.5,steered,2,78,last_prompt,random_j_5,roleplay,1,-0.03420744505193499
aggregate-target-101--0.5-notebook-0.6-128,aggregate-target,101,-0.5,steered,2,78,last_prompt,random_j_5,roleplay,1,0.08883315324783325
aggregate-target-202--0.5-notebook-0.6-128,aggregate-target,202,-0.5,steered,2,78,last_prompt,random_j_5,roleplay,1,0.08596019281281365
aggregate-control-1-101--0.5-notebook-0.6-128,aggregate-control-1,101,-0.5,steered,2,78,last_prompt,random_j_5,unrelated,1,0.05011764019727707
aggregate-control-1-202--0.5-notebook-0.6-128,aggregate-control-1,202,-0.5,steered,2,78,last_prompt,random_j_5,unrelated,1,0.0387700654566288
aggregate-control-2-101--0.5-notebook-0.6-128,aggregate-control-2,101,-0.5,steered,2,78,last_prompt,random_j_5,unrelated,1,0.04434262961149216
aggregate-control-2-202--0.5-notebook-0.6-128,aggregate-control-2,202,-0.5,steered,2,78,last_prompt,random_j_5,unrelated,1,0.05726810321211815
aggregate-control-3-101--0.5-notebook-0.6-128,aggregate-control-3,101,-0.5,steered,2,78,last_prompt,random_j_5,unrelated,1,-0.07370718866586685
aggregate-control-3-202--0.5-notebook-0.6-128,aggregate-control-3,202,-0.5,steered,2,78,last_prompt,random_j_5,unrelated,1,-0.06443885937333108
aggregate-target-101--0.5-notebook-0.6-128,aggregate-target,101,-0.5,steered,2,78,last_prompt,random_j_5,unrelated,1,-0.03567600846290588
aggregate-target-202--0.5-notebook-0.6-128,aggregate-target,202,-0.5,steered,2,78,last_prompt,random_j_5,unrelated,1,-0.027373263239860536
aggregate-control-1-101-+0.5-notebook-0.6-128,aggregate-control-1,101,0.5,steered,2,50,last_prompt,identity,deception,1,-0.030436938256025316
aggregate-control-1-202-+0.5-notebook-0.6-128,aggregate-control-1,202,0.5,steered,2,50,last_prompt,identity,deception,1,-0.03172640539705753
aggregate-control-2-101-+0.5-notebook-0.6-128,aggregate-control-2,101,0.5,steered,2,50,last_prompt,identity,deception,1,0.05179546475410461
aggregate-control-2-202-+0.5-notebook-0.6-128,aggregate-control-2,202,0.5,steered,2,50,last_prompt,identity,deception,1,0.05209485646337271
aggregate-control-3-101-+0.5-notebook-0.6-128,aggregate-control-3,101,0.5,steered,2,50,last_prompt,identity,deception,1,-0.07038194723427296
aggregate-control-3-202-+0.5-notebook-0.6-128,aggregate-control-3,202,0.5,steered,2,50,last_prompt,identity,deception,1,-0.06945380419492722
aggregate-target-101-+0.5-notebook-0.6-128,aggregate-target,101,0.5,steered,2,50,last_prompt,identity,deception,1,0.23002433255314828
aggregate-target-202-+0.5-notebook-0.6-128,aggregate-target,202,0.5,steered,2,50,last_prompt,identity,deception,1,0.22914640307426454
aggregate-control-1-101-+0.5-notebook-0.6-128,aggregate-control-1,101,0.5,steered,2,50,last_prompt,identity,experience,1,0.0030094683170318604
aggregate-control-1-202-+0.5-notebook-0.6-128,aggregate-control-1,202,0.5,steered,2,50,last_prompt,identity,experience,1,0.0020520289738972983
aggregate-control-2-101-+0.5-notebook-0.6-128,aggregate-control-2,101,0.5,steered,2,50,last_prompt,identity,experience,1,-0.027163753906885784
aggregate-control-2-202-+0.5-notebook-0.6-128,aggregate-control-2,202,0.5,steered,2,50,last_prompt,identity,experience,1,-0.028025600645277236
aggregate-control-3-101-+0.5-notebook-0.6-128,aggregate-control-3,101,0.5,steered,2,50,last_prompt,identity,experience,1,-0.08266755607393053
aggregate-control-3-202-+0.5-notebook-0.6-128,aggregate-control-3,202,0.5,steered,2,50,last_prompt,identity,experience,1,-0.0836210913128323
aggregate-target-101-+0.5-notebook-0.6-128,aggregate-target,101,0.5,steered,2,50,last_prompt,identity,experience,1,0.02430511514345805
aggregate-target-202-+0.5-notebook-0.6-128,aggregate-target,202,0.5,steered,2,50,last_prompt,identity,experience,1,0.025105337301890056
aggregate-control-1-101-+0.5-notebook-0.6-128,aggregate-control-1,101,0.5,steered,2,50,last_prompt,identity,hedging,1,0.04959059357643127
aggregate-control-1-202-+0.5-notebook-0.6-128,aggregate-control-1,202,0.5,steered,2,50,last_prompt,identity,hedging,1,0.04970268309116364
aggregate-control-2-101-+0.5-notebook-0.6-128,aggregate-control-2,101,0.5,steered,2,50,last_prompt,identity,hedging,1,-0.023084022104740143
aggregate-control-2-202-+0.5-notebook-0.6-128,aggregate-control-2,202,0.5,steered,2,50,last_prompt,identity,hedging,1,-0.02233170121908188
aggregate-control-3-101-+0.5-notebook-0.6-128,aggregate-control-3,101,0.5,steered,2,50,last_prompt,identity,hedging,1,0.011137796938419342
aggregate-control-3-202-+0.5-notebook-0.6-128,aggregate-control-3,202,0.5,steered,2,50,last_prompt,identity,hedging,1,0.012364386022090912
aggregate-target-101-+0.5-notebook-0.6-128,aggregate-target,101,0.5,steered,2,50,last_prompt,identity,hedging,1,-0.006776096671819687
aggregate-target-202-+0.5-notebook-0.6-128,aggregate-target,202,0.5,steered,2,50,last_prompt,identity,hedging,1,-0.007222142070531845
aggregate-control-1-101-+0.5-notebook-0.6-128,aggregate-control-1,101,0.5,steered,2,50,last_prompt,identity,honesty,1,0.04326130151748657
aggregate-control-1-202-+0.5-notebook-0.6-128,aggregate-control-1,202,0.5,steered,2,50,last_prompt,identity,honesty,1,0.04261377304792404
aggregate-control-2-101-+0.5-notebook-0.6-128,aggregate-control-2,101,0.5,steered,2,50,last_prompt,identity,honesty,1,-0.024537068605422974
aggregate-control-2-202-+0.5-notebook-0.6-128,aggregate-control-2,202,0.5,steered,2,50,last_prompt,identity,honesty,1,-0.02546192780137062
aggregate-control-3-101-+0.5-notebook-0.6-128,aggregate-control-3,101,0.5,steered,2,50,last_prompt,identity,honesty,1,-0.09119351357221603
aggregate-control-3-202-+0.5-notebook-0.6-128,aggregate-control-3,202,0.5,steered,2,50,last_prompt,identity,honesty,1,-0.08932885825634003
aggregate-target-101-+0.5-notebook-0.6-128,aggregate-target,101,0.5,steered,2,50,last_prompt,identity,honesty,1,-0.07506528794765473
aggregate-target-202-+0.5-notebook-0.6-128,aggregate-target,202,0.5,steered,2,50,last_prompt,identity,honesty,1,-0.07503270804882049
aggregate-control-1-101-+0.5-notebook-0.6-128,aggregate-control-1,101,0.5,steered,2,50,last_prompt,identity,intervention,1,0.031784630484051175
aggregate-control-1-202-+0.5-notebook-0.6-128,aggregate-control-1,202,0.5,steered,2,50,last_prompt,identity,intervention,1,0.03194325996769799
aggregate-control-2-101-+0.5-notebook-0.6-128,aggregate-control-2,101,0.5,steered,2,50,last_prompt,identity,intervention,1,-0.03385112186272939
aggregate-control-2-202-+0.5-notebook-0.6-128,aggregate-control-2,202,0.5,steered,2,50,last_prompt,identity,intervention,1,-0.033268191748195224
aggregate-control-3-101-+0.5-notebook-0.6-128,aggregate-control-3,101,0.5,steered,2,50,last_prompt,identity,intervention,1,-0.06250963939560784
aggregate-control-3-202-+0.5-notebook-0.6-128,aggregate-control-3,202,0.5,steered,2,50,last_prompt,identity,intervention,1,-0.06187499231762356
aggregate-target-101-+0.5-notebook-0.6-128,aggregate-target,101,0.5,steered,2,50,last_prompt,identity,intervention,1,-0.008359774947166443
aggregate-target-202-+0.5-notebook-0.6-128,aggregate-target,202,0.5,steered,2,50,last_prompt,identity,intervention,1,-0.00915054976940155
aggregate-control-1-101-+0.5-notebook-0.6-128,aggregate-control-1,101,0.5,steered,2,50,last_prompt,identity,roleplay,1,0.04574462440278795
aggregate-control-1-202-+0.5-notebook-0.6-128,aggregate-control-1,202,0.5,steered,2,50,last_prompt,identity,roleplay,1,0.04475644644763735
aggregate-control-2-101-+0.5-notebook-0.6-128,aggregate-control-2,101,0.5,steered,2,50,last_prompt,identity,roleplay,1,0.03868192103173998
aggregate-control-2-202-+0.5-notebook-0.6-128,aggregate-control-2,202,0.5,steered,2,50,last_prompt,identity,roleplay,1,0.03967249890168508
aggregate-control-3-101-+0.5-notebook-0.6-128,aggregate-control-3,101,0.5,steered,2,50,last_prompt,identity,roleplay,1,0.035550206899642944
aggregate-control-3-202-+0.5-notebook-0.6-128,aggregate-control-3,202,0.5,steered,2,50,last_prompt,identity,roleplay,1,0.03567334098948373
aggregate-target-101-+0.5-notebook-0.6-128,aggregate-target,101,0.5,steered,2,50,last_prompt,identity,roleplay,1,0.09780718551741706
aggregate-target-202-+0.5-notebook-0.6-128,aggregate-target,202,0.5,steered,2,50,last_prompt,identity,roleplay,1,0.09799409906069438
aggregate-control-1-101-+0.5-notebook-0.6-128,aggregate-control-1,101,0.5,steered,2,50,last_prompt,identity,unrelated,1,0.0154496431350708
aggregate-control-1-202-+0.5-notebook-0.6-128,aggregate-control-1,202,0.5,steered,2,50,last_prompt,identity,unrelated,1,0.01548783779144287
aggregate-control-2-101-+0.5-notebook-0.6-128,aggregate-control-2,101,0.5,steered,2,50,last_prompt,identity,unrelated,1,0.04831754565238953
aggregate-control-2-202-+0.5-notebook-0.6-128,aggregate-control-2,202,0.5,steered,2,50,last_prompt,identity,unrelated,1,0.04671350121498108
aggregate-control-3-101-+0.5-notebook-0.6-128,aggregate-control-3,101,0.5,steered,2,50,last_prompt,identity,unrelated,1,-0.00011856555938720703
aggregate-control-3-202-+0.5-notebook-0.6-128,aggregate-control-3,202,0.5,steered,2,50,last_prompt,identity,unrelated,1,-0.0010419964790344238
aggregate-target-101-+0.5-notebook-0.6-128,aggregate-target,101,0.5,steered,2,50,last_prompt,identity,unrelated,1,-0.06724292039871216
aggregate-target-202-+0.5-notebook-0.6-128,aggregate-target,202,0.5,steered,2,50,last_prompt,identity,unrelated,1,-0.0665147364139557
aggregate-control-1-101-+0.5-notebook-0.6-128,aggregate-control-1,101,0.5,steered,2,50,last_prompt,jacobian,deception,1,0.011373087763786316
aggregate-control-1-202-+0.5-notebook-0.6-128,aggregate-control-1,202,0.5,steered,2,50,last_prompt,jacobian,deception,1,0.010576292872428894
aggregate-control-2-101-+0.5-notebook-0.6-128,aggregate-control-2,101,0.5,steered,2,50,last_prompt,jacobian,deception,1,0.030429762601852418
aggregate-control-2-202-+0.5-notebook-0.6-128,aggregate-control-2,202,0.5,steered,2,50,last_prompt,jacobian,deception,1,0.03162431716918945
aggregate-control-3-101-+0.5-notebook-0.6-128,aggregate-control-3,101,0.5,steered,2,50,last_prompt,jacobian,deception,1,-0.002663823962211609
aggregate-control-3-202-+0.5-notebook-0.6-128,aggregate-control-3,202,0.5,steered,2,50,last_prompt,jacobian,deception,1,-0.0013944357633590698
aggregate-target-101-+0.5-notebook-0.6-128,aggregate-target,101,0.5,steered,2,50,last_prompt,jacobian,deception,1,1.3952494829893112
aggregate-target-202-+0.5-notebook-0.6-128,aggregate-target,202,0.5,steered,2,50,last_prompt,jacobian,deception,1,1.396697860956192
aggregate-control-1-101-+0.5-notebook-0.6-128,aggregate-control-1,101,0.5,steered,2,50,last_prompt,jacobian,experience,1,0.03832717736562093
aggregate-control-1-202-+0.5-notebook-0.6-128,aggregate-control-1,202,0.5,steered,2,50,last_prompt,jacobian,experience,1,0.04178592893812391
aggregate-control-2-101-+0.5-notebook-0.6-128,aggregate-control-2,101,0.5,steered,2,50,last_prompt,jacobian,experience,1,-0.15904714001549614
aggregate-control-2-202-+0.5-notebook-0.6-128,aggregate-control-2,202,0.5,steered,2,50,last_prompt,jacobian,experience,1,-0.1633990870581733
aggregate-control-3-101-+0.5-notebook-0.6-128,aggregate-control-3,101,0.5,steered,2,50,last_prompt,jacobian,experience,1,-0.006097687615288628
aggregate-control-3-202-+0.5-notebook-0.6-128,aggregate-control-3,202,0.5,steered,2,50,last_prompt,jacobian,experience,1,-0.0072828663720024955
aggregate-target-101-+0.5-notebook-0.6-128,aggregate-target,101,0.5,steered,2,50,last_prompt,jacobian,experience,1,0.1340000099605984
aggregate-target-202-+0.5-notebook-0.6-128,aggregate-target,202,0.5,steered,2,50,last_prompt,jacobian,experience,1,0.13790757126278347
aggregate-control-1-101-+0.5-notebook-0.6-128,aggregate-control-1,101,0.5,steered,2,50,last_prompt,jacobian,hedging,1,-0.04738736152648926
aggregate-control-1-202-+0.5-notebook-0.6-128,aggregate-control-1,202,0.5,steered,2,50,last_prompt,jacobian,hedging,1,-0.04353266954421997
aggregate-control-2-101-+0.5-notebook-0.6-128,aggregate-control-2,101,0.5,steered,2,50,last_prompt,jacobian,hedging,1,-0.06905453205108643
aggregate-control-2-202-+0.5-notebook-0.6-128,aggregate-control-2,202,0.5,steered,2,50,last_prompt,jacobian,hedging,1,-0.07068202495574952
aggregate-control-3-101-+0.5-notebook-0.6-128,aggregate-control-3,101,0.5,steered,2,50,last_prompt,jacobian,hedging,1,0.04490542411804199
aggregate-control-3-202-+0.5-notebook-0.6-128,aggregate-control-3,202,0.5,steered,2,50,last_prompt,jacobian,hedging,1,0.046104598045349124
aggregate-target-101-+0.5-notebook-0.6-128,aggregate-target,101,0.5,steered,2,50,last_prompt,jacobian,hedging,1,0.15171847343444825
aggregate-target-202-+0.5-notebook-0.6-128,aggregate-target,202,0.5,steered,2,50,last_prompt,jacobian,hedging,1,0.15199166536331177
aggregate-control-1-101-+0.5-notebook-0.6-128,aggregate-control-1,101,0.5,steered,2,50,last_prompt,jacobian,honesty,1,-0.013242441415786742
aggregate-control-1-202-+0.5-notebook-0.6-128,aggregate-control-1,202,0.5,steered,2,50,last_prompt,jacobian,honesty,1,-0.013731133937835694
aggregate-control-2-101-+0.5-notebook-0.6-128,aggregate-control-2,101,0.5,steered,2,50,last_prompt,jacobian,honesty,1,-0.040537065267562865
aggregate-control-2-202-+0.5-notebook-0.6-128,aggregate-control-2,202,0.5,steered,2,50,last_prompt,jacobian,honesty,1,-0.04085820317268372
aggregate-control-3-101-+0.5-notebook-0.6-128,aggregate-control-3,101,0.5,steered,2,50,last_prompt,jacobian,honesty,1,-0.06083633303642273
aggregate-control-3-202-+0.5-notebook-0.6-128,aggregate-control-3,202,0.5,steered,2,50,last_prompt,jacobian,honesty,1,-0.06063624620437622
aggregate-target-101-+0.5-notebook-0.6-128,aggregate-target,101,0.5,steered,2,50,last_prompt,jacobian,honesty,1,0.2897809028625488
aggregate-target-202-+0.5-notebook-0.6-128,aggregate-target,202,0.5,steered,2,50,last_prompt,jacobian,honesty,1,0.2921632409095764
aggregate-control-1-101-+0.5-notebook-0.6-128,aggregate-control-1,101,0.5,steered,2,50,last_prompt,jacobian,intervention,1,0.0752975410885281
aggregate-control-1-202-+0.5-notebook-0.6-128,aggregate-control-1,202,0.5,steered,2,50,last_prompt,jacobian,intervention,1,0.07874177561865912
aggregate-control-2-101-+0.5-notebook-0.6-128,aggregate-control-2,101,0.5,steered,2,50,last_prompt,jacobian,intervention,1,-0.06069633033540514
aggregate-control-2-202-+0.5-notebook-0.6-128,aggregate-control-2,202,0.5,steered,2,50,last_prompt,jacobian,intervention,1,-0.05855843093660143
aggregate-control-3-101-+0.5-notebook-0.6-128,aggregate-control-3,101,0.5,steered,2,50,last_prompt,jacobian,intervention,1,0.03127650419871012
aggregate-control-3-202-+0.5-notebook-0.6-128,aggregate-control-3,202,0.5,steered,2,50,last_prompt,jacobian,intervention,1,0.03201852242151896
aggregate-target-101-+0.5-notebook-0.6-128,aggregate-target,101,0.5,steered,2,50,last_prompt,jacobian,intervention,1,0.2601755956808726
aggregate-target-202-+0.5-notebook-0.6-128,aggregate-target,202,0.5,steered,2,50,last_prompt,jacobian,intervention,1,0.2610281358162562
aggregate-control-1-101-+0.5-notebook-0.6-128,aggregate-control-1,101,0.5,steered,2,50,last_prompt,jacobian,roleplay,1,0.12163780795203315
aggregate-control-1-202-+0.5-notebook-0.6-128,aggregate-control-1,202,0.5,steered,2,50,last_prompt,jacobian,roleplay,1,0.12382133470641242
aggregate-control-2-101-+0.5-notebook-0.6-128,aggregate-control-2,101,0.5,steered,2,50,last_prompt,jacobian,roleplay,1,-0.08870728810628255
aggregate-control-2-202-+0.5-notebook-0.6-128,aggregate-control-2,202,0.5,steered,2,50,last_prompt,jacobian,roleplay,1,-0.08802489770783319
aggregate-control-3-101-+0.5-notebook-0.6-128,aggregate-control-3,101,0.5,steered,2,50,last_prompt,jacobian,roleplay,1,0.1057361364364624
aggregate-control-3-202-+0.5-notebook-0.6-128,aggregate-control-3,202,0.5,steered,2,50,last_prompt,jacobian,roleplay,1,0.10588329368167454
aggregate-target-101-+0.5-notebook-0.6-128,aggregate-target,101,0.5,steered,2,50,last_prompt,jacobian,roleplay,1,0.7245533797476027
aggregate-target-202-+0.5-notebook-0.6-128,aggregate-target,202,0.5,steered,2,50,last_prompt,jacobian,roleplay,1,0.7262944645351834
aggregate-control-1-101-+0.5-notebook-0.6-128,aggregate-control-1,101,0.5,steered,2,50,last_prompt,jacobian,unrelated,1,0.09879359677433967
aggregate-control-1-202-+0.5-notebook-0.6-128,aggregate-control-1,202,0.5,steered,2,50,last_prompt,jacobian,unrelated,1,0.09857565313577651
aggregate-control-2-101-+0.5-notebook-0.6-128,aggregate-control-2,101,0.5,steered,2,50,last_prompt,jacobian,unrelated,1,-0.0032931119203567505
aggregate-control-2-202-+0.5-notebook-0.6-128,aggregate-control-2,202,0.5,steered,2,50,last_prompt,jacobian,unrelated,1,-0.002668546885251999
aggregate-control-3-101-+0.5-notebook-0.6-128,aggregate-control-3,101,0.5,steered,2,50,last_prompt,jacobian,unrelated,1,0.016458922624588014
aggregate-control-3-202-+0.5-notebook-0.6-128,aggregate-control-3,202,0.5,steered,2,50,last_prompt,jacobian,unrelated,1,0.01654062867164612
aggregate-target-101-+0.5-notebook-0.6-128,aggregate-target,101,0.5,steered,2,50,last_prompt,jacobian,unrelated,1,-0.05124063938856125
aggregate-target-202-+0.5-notebook-0.6-128,aggregate-target,202,0.5,steered,2,50,last_prompt,jacobian,unrelated,1,-0.05000927150249481
aggregate-control-1-101-+0.5-notebook-0.6-128,aggregate-control-1,101,0.5,steered,2,50,last_prompt,random_j_1,deception,1,-0.13184290677309035
aggregate-control-1-202-+0.5-notebook-0.6-128,aggregate-control-1,202,0.5,steered,2,50,last_prompt,random_j_1,deception,1,-0.12948061972856523
aggregate-control-2-101-+0.5-notebook-0.6-128,aggregate-control-2,101,0.5,steered,2,50,last_prompt,random_j_1,deception,1,0.05909270793199539
aggregate-control-2-202-+0.5-notebook-0.6-128,aggregate-control-2,202,0.5,steered,2,50,last_prompt,random_j_1,deception,1,0.05952832773327828
aggregate-control-3-101-+0.5-notebook-0.6-128,aggregate-control-3,101,0.5,steered,2,50,last_prompt,random_j_1,deception,1,0.010543863475322723
aggregate-control-3-202-+0.5-notebook-0.6-128,aggregate-control-3,202,0.5,steered,2,50,last_prompt,random_j_1,deception,1,0.010230645909905434
aggregate-target-101-+0.5-notebook-0.6-128,aggregate-target,101,0.5,steered,2,50,last_prompt,random_j_1,deception,1,0.06581916511058808
aggregate-target-202-+0.5-notebook-0.6-128,aggregate-target,202,0.5,steered,2,50,last_prompt,random_j_1,deception,1,0.06678772568702698
aggregate-control-1-101-+0.5-notebook-0.6-128,aggregate-control-1,101,0.5,steered,2,50,last_prompt,random_j_1,experience,1,-0.01537339554892646
aggregate-control-1-202-+0.5-notebook-0.6-128,aggregate-control-1,202,0.5,steered,2,50,last_prompt,random_j_1,experience,1,-0.017415814101696014
aggregate-control-2-101-+0.5-notebook-0.6-128,aggregate-control-2,101,0.5,steered,2,50,last_prompt,random_j_1,experience,1,0.060252971947193146
aggregate-control-2-202-+0.5-notebook-0.6-128,aggregate-control-2,202,0.5,steered,2,50,last_prompt,random_j_1,experience,1,0.06069368951850467
aggregate-control-3-101-+0.5-notebook-0.6-128,aggregate-control-3,101,0.5,steered,2,50,last_prompt,random_j_1,experience,1,0.055163339608245425
aggregate-control-3-202-+0.5-notebook-0.6-128,aggregate-control-3,202,0.5,steered,2,50,last_prompt,random_j_1,experience,1,0.05574076291587618
aggregate-target-101-+0.5-notebook-0.6-128,aggregate-target,101,0.5,steered,2,50,last_prompt,random_j_1,experience,1,-0.011987679534488253
aggregate-target-202-+0.5-notebook-0.6-128,aggregate-target,202,0.5,steered,2,50,last_prompt,random_j_1,experience,1,-0.013140372104114957
aggregate-control-1-101-+0.5-notebook-0.6-128,aggregate-control-1,101,0.5,steered,2,50,last_prompt,random_j_1,hedging,1,-0.020313598215579987
aggregate-control-1-202-+0.5-notebook-0.6-128,aggregate-control-1,202,0.5,steered,2,50,last_prompt,random_j_1,hedging,1,-0.019208133220672607
aggregate-control-2-101-+0.5-notebook-0.6-128,aggregate-control-2,101,0.5,steered,2,50,last_prompt,random_j_1,hedging,1,0.028538669645786285
aggregate-control-2-202-+0.5-notebook-0.6-128,aggregate-control-2,202,0.5,steered,2,50,last_prompt,random_j_1,hedging,1,0.029500219225883483
aggregate-control-3-101-+0.5-notebook-0.6-128,aggregate-control-3,101,0.5,steered,2,50,last_prompt,random_j_1,hedging,1,0.010507632791996003
aggregate-control-3-202-+0.5-notebook-0.6-128,aggregate-control-3,202,0.5,steered,2,50,last_prompt,random_j_1,hedging,1,0.010337315499782562
aggregate-target-101-+0.5-notebook-0.6-128,aggregate-target,101,0.5,steered,2,50,last_prompt,random_j_1,hedging,1,0.0017709508538246155
aggregate-target-202-+0.5-notebook-0.6-128,aggregate-target,202,0.5,steered,2,50,last_prompt,random_j_1,hedging,1,0.0021274782717227935
aggregate-control-1-101-+0.5-notebook-0.6-128,aggregate-control-1,101,0.5,steered,2,50,last_prompt,random_j_1,honesty,1,-0.025051631033420563
aggregate-control-1-202-+0.5-notebook-0.6-128,aggregate-control-1,202,0.5,steered,2,50,last_prompt,random_j_1,honesty,1,-0.023443703353405
aggregate-control-2-101-+0.5-notebook-0.6-128,aggregate-control-2,101,0.5,steered,2,50,last_prompt,random_j_1,honesty,1,0.02503841519355774
aggregate-control-2-202-+0.5-notebook-0.6-128,aggregate-control-2,202,0.5,steered,2,50,last_prompt,random_j_1,honesty,1,0.02408417910337448
aggregate-control-3-101-+0.5-notebook-0.6-128,aggregate-control-3,101,0.5,steered,2,50,last_prompt,random_j_1,honesty,1,0.020124381780624388
aggregate-control-3-202-+0.5-notebook-0.6-128,aggregate-control-3,202,0.5,steered,2,50,last_prompt,random_j_1,honesty,1,0.0205019012093544
aggregate-target-101-+0.5-notebook-0.6-128,aggregate-target,101,0.5,steered,2,50,last_prompt,random_j_1,honesty,1,0.030744904279708864
aggregate-target-202-+0.5-notebook-0.6-128,aggregate-target,202,0.5,steered,2,50,last_prompt,random_j_1,honesty,1,0.03002780079841614
aggregate-control-1-101-+0.5-notebook-0.6-128,aggregate-control-1,101,0.5,steered,2,50,last_prompt,random_j_1,intervention,1,0.005576334479782317
aggregate-control-1-202-+0.5-notebook-0.6-128,aggregate-control-1,202,0.5,steered,2,50,last_prompt,random_j_1,intervention,1,0.006044643620649974
aggregate-control-2-101-+0.5-notebook-0.6-128,aggregate-control-2,101,0.5,steered,2,50,last_prompt,random_j_1,intervention,1,0.018931978692611057
aggregate-control-2-202-+0.5-notebook-0.6-128,aggregate-control-2,202,0.5,steered,2,50,last_prompt,random_j_1,intervention,1,0.02054066790474786
aggregate-control-3-101-+0.5-notebook-0.6-128,aggregate-control-3,101,0.5,steered,2,50,last_prompt,random_j_1,intervention,1,0.035687687082423106
aggregate-control-3-202-+0.5-notebook-0.6-128,aggregate-control-3,202,0.5,steered,2,50,last_prompt,random_j_1,intervention,1,0.03535125818517473
aggregate-target-101-+0.5-notebook-0.6-128,aggregate-target,101,0.5,steered,2,50,last_prompt,random_j_1,intervention,1,-0.037948119557566114
aggregate-target-202-+0.5-notebook-0.6-128,aggregate-target,202,0.5,steered,2,50,last_prompt,random_j_1,intervention,1,-0.03726931081877814
aggregate-control-1-101-+0.5-notebook-0.6-128,aggregate-control-1,101,0.5,steered,2,50,last_prompt,random_j_1,roleplay,1,-0.025529336598184373
aggregate-control-1-202-+0.5-notebook-0.6-128,aggregate-control-1,202,0.5,steered,2,50,last_prompt,random_j_1,roleplay,1,-0.025244345267613728
aggregate-control-2-101-+0.5-notebook-0.6-128,aggregate-control-2,101,0.5,steered,2,50,last_prompt,random_j_1,roleplay,1,-0.030059491594632465
aggregate-control-2-202-+0.5-notebook-0.6-128,aggregate-control-2,202,0.5,steered,2,50,last_prompt,random_j_1,roleplay,1,-0.028648333417044744
aggregate-control-3-101-+0.5-notebook-0.6-128,aggregate-control-3,101,0.5,steered,2,50,last_prompt,random_j_1,roleplay,1,-0.012117675609058805
aggregate-control-3-202-+0.5-notebook-0.6-128,aggregate-control-3,202,0.5,steered,2,50,last_prompt,random_j_1,roleplay,1,-0.01111653447151184
aggregate-target-101-+0.5-notebook-0.6-128,aggregate-target,101,0.5,steered,2,50,last_prompt,random_j_1,roleplay,1,-0.05902556081612905
aggregate-target-202-+0.5-notebook-0.6-128,aggregate-target,202,0.5,steered,2,50,last_prompt,random_j_1,roleplay,1,-0.05887634058793386
aggregate-control-1-101-+0.5-notebook-0.6-128,aggregate-control-1,101,0.5,steered,2,50,last_prompt,random_j_1,unrelated,1,-0.01936459094285965
aggregate-control-1-202-+0.5-notebook-0.6-128,aggregate-control-1,202,0.5,steered,2,50,last_prompt,random_j_1,unrelated,1,-0.01877400279045105
aggregate-control-2-101-+0.5-notebook-0.6-128,aggregate-control-2,101,0.5,steered,2,50,last_prompt,random_j_1,unrelated,1,0.0025182165205478667
aggregate-control-2-202-+0.5-notebook-0.6-128,aggregate-control-2,202,0.5,steered,2,50,last_prompt,random_j_1,unrelated,1,0.002984362095594406
aggregate-control-3-101-+0.5-notebook-0.6-128,aggregate-control-3,101,0.5,steered,2,50,last_prompt,random_j_1,unrelated,1,-0.0055245071649551395
aggregate-control-3-202-+0.5-notebook-0.6-128,aggregate-control-3,202,0.5,steered,2,50,last_prompt,random_j_1,unrelated,1,-0.005559117347002029
aggregate-target-101-+0.5-notebook-0.6-128,aggregate-target,101,0.5,steered,2,50,last_prompt,random_j_1,unrelated,1,0.01710260324180126
aggregate-target-202-+0.5-notebook-0.6-128,aggregate-target,202,0.5,steered,2,50,last_prompt,random_j_1,unrelated,1,0.016260279715061186
aggregate-control-1-101-+0.5-notebook-0.6-128,aggregate-control-1,101,0.5,steered,2,50,last_prompt,random_j_2,deception,1,-0.04553760290145874
aggregate-control-1-202-+0.5-notebook-0.6-128,aggregate-control-1,202,0.5,steered,2,50,last_prompt,random_j_2,deception,1,-0.04584411084651947
aggregate-control-2-101-+0.5-notebook-0.6-128,aggregate-control-2,101,0.5,steered,2,50,last_prompt,random_j_2,deception,1,-0.04844139814376831
aggregate-control-2-202-+0.5-notebook-0.6-128,aggregate-control-2,202,0.5,steered,2,50,last_prompt,random_j_2,deception,1,-0.04940045177936554
aggregate-control-3-101-+0.5-notebook-0.6-128,aggregate-control-3,101,0.5,steered,2,50,last_prompt,random_j_2,deception,1,-0.05412581861019135
aggregate-control-3-202-+0.5-notebook-0.6-128,aggregate-control-3,202,0.5,steered,2,50,last_prompt,random_j_2,deception,1,-0.05439681708812714
aggregate-target-101-+0.5-notebook-0.6-128,aggregate-target,101,0.5,steered,2,50,last_prompt,random_j_2,deception,1,-0.10306178331375122
aggregate-target-202-+0.5-notebook-0.6-128,aggregate-target,202,0.5,steered,2,50,last_prompt,random_j_2,deception,1,-0.10263928472995758
aggregate-control-1-101-+0.5-notebook-0.6-128,aggregate-control-1,101,0.5,steered,2,50,last_prompt,random_j_2,experience,1,-0.00399227605925666
aggregate-control-1-202-+0.5-notebook-0.6-128,aggregate-control-1,202,0.5,steered,2,50,last_prompt,random_j_2,experience,1,-0.003935934768782722
aggregate-control-2-101-+0.5-notebook-0.6-128,aggregate-control-2,101,0.5,steered,2,50,last_prompt,random_j_2,experience,1,0.05879808134502835
aggregate-control-2-202-+0.5-notebook-0.6-128,aggregate-control-2,202,0.5,steered,2,50,last_prompt,random_j_2,experience,1,0.05991378095414904
aggregate-control-3-101-+0.5-notebook-0.6-128,aggregate-control-3,101,0.5,steered,2,50,last_prompt,random_j_2,experience,1,0.02123726738823785
aggregate-control-3-202-+0.5-notebook-0.6-128,aggregate-control-3,202,0.5,steered,2,50,last_prompt,random_j_2,experience,1,0.022408058245976765
aggregate-target-101-+0.5-notebook-0.6-128,aggregate-target,101,0.5,steered,2,50,last_prompt,random_j_2,experience,1,0.1208082636197408
aggregate-target-202-+0.5-notebook-0.6-128,aggregate-target,202,0.5,steered,2,50,last_prompt,random_j_2,experience,1,0.12306167019738092
aggregate-control-1-101-+0.5-notebook-0.6-128,aggregate-control-1,101,0.5,steered,2,50,last_prompt,random_j_2,hedging,1,-0.009939508885145188
aggregate-control-1-202-+0.5-notebook-0.6-128,aggregate-control-1,202,0.5,steered,2,50,last_prompt,random_j_2,hedging,1,-0.009418000280857087
aggregate-control-2-101-+0.5-notebook-0.6-128,aggregate-control-2,101,0.5,steered,2,50,last_prompt,random_j_2,hedging,1,0.01775522157549858
aggregate-control-2-202-+0.5-notebook-0.6-128,aggregate-control-2,202,0.5,steered,2,50,last_prompt,random_j_2,hedging,1,0.018697350472211837
aggregate-control-3-101-+0.5-notebook-0.6-128,aggregate-control-3,101,0.5,steered,2,50,last_prompt,random_j_2,hedging,1,-0.06844209656119346
aggregate-control-3-202-+0.5-notebook-0.6-128,aggregate-control-3,202,0.5,steered,2,50,last_prompt,random_j_2,hedging,1,-0.067437182366848
aggregate-target-101-+0.5-notebook-0.6-128,aggregate-target,101,0.5,steered,2,50,last_prompt,random_j_2,hedging,1,-0.12188181281089783
aggregate-target-202-+0.5-notebook-0.6-128,aggregate-target,202,0.5,steered,2,50,last_prompt,random_j_2,hedging,1,-0.12219462320208549
aggregate-control-1-101-+0.5-notebook-0.6-128,aggregate-control-1,101,0.5,steered,2,50,last_prompt,random_j_2,honesty,1,0.06768435537815094
aggregate-control-1-202-+0.5-notebook-0.6-128,aggregate-control-1,202,0.5,steered,2,50,last_prompt,random_j_2,honesty,1,0.06917820572853088
aggregate-control-2-101-+0.5-notebook-0.6-128,aggregate-control-2,101,0.5,steered,2,50,last_prompt,random_j_2,honesty,1,0.02450219988822937
aggregate-control-2-202-+0.5-notebook-0.6-128,aggregate-control-2,202,0.5,steered,2,50,last_prompt,random_j_2,honesty,1,0.023444405198097228
aggregate-control-3-101-+0.5-notebook-0.6-128,aggregate-control-3,101,0.5,steered,2,50,last_prompt,random_j_2,honesty,1,-0.07769970297813415
aggregate-control-3-202-+0.5-notebook-0.6-128,aggregate-control-3,202,0.5,steered,2,50,last_prompt,random_j_2,honesty,1,-0.07771309018135071
aggregate-target-101-+0.5-notebook-0.6-128,aggregate-target,101,0.5,steered,2,50,last_prompt,random_j_2,honesty,1,0.026721760630607605
aggregate-target-202-+0.5-notebook-0.6-128,aggregate-target,202,0.5,steered,2,50,last_prompt,random_j_2,honesty,1,0.027155309915542603
aggregate-control-1-101-+0.5-notebook-0.6-128,aggregate-control-1,101,0.5,steered,2,50,last_prompt,random_j_2,intervention,1,0.09441630376709832
aggregate-control-1-202-+0.5-notebook-0.6-128,aggregate-control-1,202,0.5,steered,2,50,last_prompt,random_j_2,intervention,1,0.09355591237545013
aggregate-control-2-101-+0.5-notebook-0.6-128,aggregate-control-2,101,0.5,steered,2,50,last_prompt,random_j_2,intervention,1,0.06989557544390361
aggregate-control-2-202-+0.5-notebook-0.6-128,aggregate-control-2,202,0.5,steered,2,50,last_prompt,random_j_2,intervention,1,0.06949059499634637
aggregate-control-3-101-+0.5-notebook-0.6-128,aggregate-control-3,101,0.5,steered,2,50,last_prompt,random_j_2,intervention,1,0.12050259444448683
aggregate-control-3-202-+0.5-notebook-0.6-128,aggregate-control-3,202,0.5,steered,2,50,last_prompt,random_j_2,intervention,1,0.1194926177461942
aggregate-target-101-+0.5-notebook-0.6-128,aggregate-target,101,0.5,steered,2,50,last_prompt,random_j_2,intervention,1,0.012816708948877122
aggregate-target-202-+0.5-notebook-0.6-128,aggregate-target,202,0.5,steered,2,50,last_prompt,random_j_2,intervention,1,0.013265175951851739
aggregate-control-1-101-+0.5-notebook-0.6-128,aggregate-control-1,101,0.5,steered,2,50,last_prompt,random_j_2,roleplay,1,0.058186875449286565
aggregate-control-1-202-+0.5-notebook-0.6-128,aggregate-control-1,202,0.5,steered,2,50,last_prompt,random_j_2,roleplay,1,0.05659852425257365
aggregate-control-2-101-+0.5-notebook-0.6-128,aggregate-control-2,101,0.5,steered,2,50,last_prompt,random_j_2,roleplay,1,-0.03592596451441447
aggregate-control-2-202-+0.5-notebook-0.6-128,aggregate-control-2,202,0.5,steered,2,50,last_prompt,random_j_2,roleplay,1,-0.03586052358150482
aggregate-control-3-101-+0.5-notebook-0.6-128,aggregate-control-3,101,0.5,steered,2,50,last_prompt,random_j_2,roleplay,1,0.09410304162237379
aggregate-control-3-202-+0.5-notebook-0.6-128,aggregate-control-3,202,0.5,steered,2,50,last_prompt,random_j_2,roleplay,1,0.09393492589394252
aggregate-target-101-+0.5-notebook-0.6-128,aggregate-target,101,0.5,steered,2,50,last_prompt,random_j_2,roleplay,1,-0.017067670822143555
aggregate-target-202-+0.5-notebook-0.6-128,aggregate-target,202,0.5,steered,2,50,last_prompt,random_j_2,roleplay,1,-0.018809188571241166
aggregate-control-1-101-+0.5-notebook-0.6-128,aggregate-control-1,101,0.5,steered,2,50,last_prompt,random_j_2,unrelated,1,-0.01767714470624924
aggregate-control-1-202-+0.5-notebook-0.6-128,aggregate-control-1,202,0.5,steered,2,50,last_prompt,random_j_2,unrelated,1,-0.017257244884967805
aggregate-control-2-101-+0.5-notebook-0.6-128,aggregate-control-2,101,0.5,steered,2,50,last_prompt,random_j_2,unrelated,1,0.004653505980968475
aggregate-control-2-202-+0.5-notebook-0.6-128,aggregate-control-2,202,0.5,steered,2,50,last_prompt,random_j_2,unrelated,1,0.0034048892557621002
aggregate-control-3-101-+0.5-notebook-0.6-128,aggregate-control-3,101,0.5,steered,2,50,last_prompt,random_j_2,unrelated,1,0.10143921300768852
aggregate-control-3-202-+0.5-notebook-0.6-128,aggregate-control-3,202,0.5,steered,2,50,last_prompt,random_j_2,unrelated,1,0.1025946170091629
aggregate-target-101-+0.5-notebook-0.6-128,aggregate-target,101,0.5,steered,2,50,last_prompt,random_j_2,unrelated,1,0.02584892064332962
aggregate-target-202-+0.5-notebook-0.6-128,aggregate-target,202,0.5,steered,2,50,last_prompt,random_j_2,unrelated,1,0.02463049590587616
aggregate-control-1-101-+0.5-notebook-0.6-128,aggregate-control-1,101,0.5,steered,2,50,last_prompt,random_j_3,deception,1,-0.03809319138526916
aggregate-control-1-202-+0.5-notebook-0.6-128,aggregate-control-1,202,0.5,steered,2,50,last_prompt,random_j_3,deception,1,-0.03717254996299744
aggregate-control-2-101-+0.5-notebook-0.6-128,aggregate-control-2,101,0.5,steered,2,50,last_prompt,random_j_3,deception,1,-0.02849966287612915
aggregate-control-2-202-+0.5-notebook-0.6-128,aggregate-control-2,202,0.5,steered,2,50,last_prompt,random_j_3,deception,1,-0.027241849899291994
aggregate-control-3-101-+0.5-notebook-0.6-128,aggregate-control-3,101,0.5,steered,2,50,last_prompt,random_j_3,deception,1,0.03600026965141297
aggregate-control-3-202-+0.5-notebook-0.6-128,aggregate-control-3,202,0.5,steered,2,50,last_prompt,random_j_3,deception,1,0.03661605417728424
aggregate-target-101-+0.5-notebook-0.6-128,aggregate-target,101,0.5,steered,2,50,last_prompt,random_j_3,deception,1,0.12686247229576111
aggregate-target-202-+0.5-notebook-0.6-128,aggregate-target,202,0.5,steered,2,50,last_prompt,random_j_3,deception,1,0.12476723492145539
aggregate-control-1-101-+0.5-notebook-0.6-128,aggregate-control-1,101,0.5,steered,2,50,last_prompt,random_j_3,experience,1,-0.0782751590013504
aggregate-control-1-202-+0.5-notebook-0.6-128,aggregate-control-1,202,0.5,steered,2,50,last_prompt,random_j_3,experience,1,-0.07624142948124144
aggregate-control-2-101-+0.5-notebook-0.6-128,aggregate-control-2,101,0.5,steered,2,50,last_prompt,random_j_3,experience,1,-0.07200036115116543
aggregate-control-2-202-+0.5-notebook-0.6-128,aggregate-control-2,202,0.5,steered,2,50,last_prompt,random_j_3,experience,1,-0.07226286166244084
aggregate-control-3-101-+0.5-notebook-0.6-128,aggregate-control-3,101,0.5,steered,2,50,last_prompt,random_j_3,experience,1,-0.07235381007194519
aggregate-control-3-202-+0.5-notebook-0.6-128,aggregate-control-3,202,0.5,steered,2,50,last_prompt,random_j_3,experience,1,-0.07093510155876477
aggregate-target-101-+0.5-notebook-0.6-128,aggregate-target,101,0.5,steered,2,50,last_prompt,random_j_3,experience,1,0.005936139159732395
aggregate-target-202-+0.5-notebook-0.6-128,aggregate-target,202,0.5,steered,2,50,last_prompt,random_j_3,experience,1,0.005214661359786987
aggregate-control-1-101-+0.5-notebook-0.6-128,aggregate-control-1,101,0.5,steered,2,50,last_prompt,random_j_3,hedging,1,-0.01619151681661606
aggregate-control-1-202-+0.5-notebook-0.6-128,aggregate-control-1,202,0.5,steered,2,50,last_prompt,random_j_3,hedging,1,-0.016761993616819383
aggregate-control-2-101-+0.5-notebook-0.6-128,aggregate-control-2,101,0.5,steered,2,50,last_prompt,random_j_3,hedging,1,-0.01926465332508087
aggregate-control-2-202-+0.5-notebook-0.6-128,aggregate-control-2,202,0.5,steered,2,50,last_prompt,random_j_3,hedging,1,-0.018398535251617432
aggregate-control-3-101-+0.5-notebook-0.6-128,aggregate-control-3,101,0.5,steered,2,50,last_prompt,random_j_3,hedging,1,-0.06425070613622666
aggregate-control-3-202-+0.5-notebook-0.6-128,aggregate-control-3,202,0.5,steered,2,50,last_prompt,random_j_3,hedging,1,-0.06379862874746323
aggregate-target-101-+0.5-notebook-0.6-128,aggregate-target,101,0.5,steered,2,50,last_prompt,random_j_3,hedging,1,0.03222551643848419
aggregate-target-202-+0.5-notebook-0.6-128,aggregate-target,202,0.5,steered,2,50,last_prompt,random_j_3,hedging,1,0.032453542947769164
aggregate-control-1-101-+0.5-notebook-0.6-128,aggregate-control-1,101,0.5,steered,2,50,last_prompt,random_j_3,honesty,1,0.02085791975259781
aggregate-control-1-202-+0.5-notebook-0.6-128,aggregate-control-1,202,0.5,steered,2,50,last_prompt,random_j_3,honesty,1,0.021771102398633956
aggregate-control-2-101-+0.5-notebook-0.6-128,aggregate-control-2,101,0.5,steered,2,50,last_prompt,random_j_3,honesty,1,0.04762884378433228
aggregate-control-2-202-+0.5-notebook-0.6-128,aggregate-control-2,202,0.5,steered,2,50,last_prompt,random_j_3,honesty,1,0.04749804176390171
aggregate-control-3-101-+0.5-notebook-0.6-128,aggregate-control-3,101,0.5,steered,2,50,last_prompt,random_j_3,honesty,1,0.006503156572580338
aggregate-control-3-202-+0.5-notebook-0.6-128,aggregate-control-3,202,0.5,steered,2,50,last_prompt,random_j_3,honesty,1,0.0069875955581665036
aggregate-target-101-+0.5-notebook-0.6-128,aggregate-target,101,0.5,steered,2,50,last_prompt,random_j_3,honesty,1,0.05235271155834198
aggregate-target-202-+0.5-notebook-0.6-128,aggregate-target,202,0.5,steered,2,50,last_prompt,random_j_3,honesty,1,0.05225924551486969
aggregate-control-1-101-+0.5-notebook-0.6-128,aggregate-control-1,101,0.5,steered,2,50,last_prompt,random_j_3,intervention,1,-0.016849550935957167
aggregate-control-1-202-+0.5-notebook-0.6-128,aggregate-control-1,202,0.5,steered,2,50,last_prompt,random_j_3,intervention,1,-0.016708695226245456
aggregate-control-2-101-+0.5-notebook-0.6-128,aggregate-control-2,101,0.5,steered,2,50,last_prompt,random_j_3,intervention,1,-0.014394940601454841
aggregate-control-2-202-+0.5-notebook-0.6-128,aggregate-control-2,202,0.5,steered,2,50,last_prompt,random_j_3,intervention,1,-0.015357265869776407
aggregate-control-3-101-+0.5-notebook-0.6-128,aggregate-control-3,101,0.5,steered,2,50,last_prompt,random_j_3,intervention,1,0.0032781329419877795
aggregate-control-3-202-+0.5-notebook-0.6-128,aggregate-control-3,202,0.5,steered,2,50,last_prompt,random_j_3,intervention,1,0.004757771889368693
aggregate-target-101-+0.5-notebook-0.6-128,aggregate-target,101,0.5,steered,2,50,last_prompt,random_j_3,intervention,1,0.041340216994285583
aggregate-target-202-+0.5-notebook-0.6-128,aggregate-target,202,0.5,steered,2,50,last_prompt,random_j_3,intervention,1,0.040955320414569646
aggregate-control-1-101-+0.5-notebook-0.6-128,aggregate-control-1,101,0.5,steered,2,50,last_prompt,random_j_3,roleplay,1,0.003983115156491597
aggregate-control-1-202-+0.5-notebook-0.6-128,aggregate-control-1,202,0.5,steered,2,50,last_prompt,random_j_3,roleplay,1,0.003229452504052056
aggregate-control-2-101-+0.5-notebook-0.6-128,aggregate-control-2,101,0.5,steered,2,50,last_prompt,random_j_3,roleplay,1,-0.022640021310912237
aggregate-control-2-202-+0.5-notebook-0.6-128,aggregate-control-2,202,0.5,steered,2,50,last_prompt,random_j_3,roleplay,1,-0.024439616335762873
aggregate-control-3-101-+0.5-notebook-0.6-128,aggregate-control-3,101,0.5,steered,2,50,last_prompt,random_j_3,roleplay,1,-0.07421399818526374
aggregate-control-3-202-+0.5-notebook-0.6-128,aggregate-control-3,202,0.5,steered,2,50,last_prompt,random_j_3,roleplay,1,-0.07135710616906484
aggregate-target-101-+0.5-notebook-0.6-128,aggregate-target,101,0.5,steered,2,50,last_prompt,random_j_3,roleplay,1,0.020030173990461562
aggregate-target-202-+0.5-notebook-0.6-128,aggregate-target,202,0.5,steered,2,50,last_prompt,random_j_3,roleplay,1,0.01996151606241862
aggregate-control-1-101-+0.5-notebook-0.6-128,aggregate-control-1,101,0.5,steered,2,50,last_prompt,random_j_3,unrelated,1,0.023577120155096054
aggregate-control-1-202-+0.5-notebook-0.6-128,aggregate-control-1,202,0.5,steered,2,50,last_prompt,random_j_3,unrelated,1,0.0227429561316967
aggregate-control-2-101-+0.5-notebook-0.6-128,aggregate-control-2,101,0.5,steered,2,50,last_prompt,random_j_3,unrelated,1,0.018010074645280837
aggregate-control-2-202-+0.5-notebook-0.6-128,aggregate-control-2,202,0.5,steered,2,50,last_prompt,random_j_3,unrelated,1,0.017878126353025436
aggregate-control-3-101-+0.5-notebook-0.6-128,aggregate-control-3,101,0.5,steered,2,50,last_prompt,random_j_3,unrelated,1,-0.03750488087534905
aggregate-control-3-202-+0.5-notebook-0.6-128,aggregate-control-3,202,0.5,steered,2,50,last_prompt,random_j_3,unrelated,1,-0.03503760769963264
aggregate-target-101-+0.5-notebook-0.6-128,aggregate-target,101,0.5,steered,2,50,last_prompt,random_j_3,unrelated,1,0.04030191078782082
aggregate-target-202-+0.5-notebook-0.6-128,aggregate-target,202,0.5,steered,2,50,last_prompt,random_j_3,unrelated,1,0.040045388787984845
aggregate-control-1-101-+0.5-notebook-0.6-128,aggregate-control-1,101,0.5,steered,2,50,last_prompt,random_j_4,deception,1,-0.05186178982257843
aggregate-control-1-202-+0.5-notebook-0.6-128,aggregate-control-1,202,0.5,steered,2,50,last_prompt,random_j_4,deception,1,-0.05191700607538223
aggregate-control-2-101-+0.5-notebook-0.6-128,aggregate-control-2,101,0.5,steered,2,50,last_prompt,random_j_4,deception,1,0.008279477059841157
aggregate-control-2-202-+0.5-notebook-0.6-128,aggregate-control-2,202,0.5,steered,2,50,last_prompt,random_j_4,deception,1,0.008419622480869294
aggregate-control-3-101-+0.5-notebook-0.6-128,aggregate-control-3,101,0.5,steered,2,50,last_prompt,random_j_4,deception,1,0.005667981505393982
aggregate-control-3-202-+0.5-notebook-0.6-128,aggregate-control-3,202,0.5,steered,2,50,last_prompt,random_j_4,deception,1,0.002923326939344406
aggregate-target-101-+0.5-notebook-0.6-128,aggregate-target,101,0.5,steered,2,50,last_prompt,random_j_4,deception,1,0.03535626232624054
aggregate-target-202-+0.5-notebook-0.6-128,aggregate-target,202,0.5,steered,2,50,last_prompt,random_j_4,deception,1,0.03578755259513855
aggregate-control-1-101-+0.5-notebook-0.6-128,aggregate-control-1,101,0.5,steered,2,50,last_prompt,random_j_4,experience,1,-0.11644363403320312
aggregate-control-1-202-+0.5-notebook-0.6-128,aggregate-control-1,202,0.5,steered,2,50,last_prompt,random_j_4,experience,1,-0.11670698722203572
aggregate-control-2-101-+0.5-notebook-0.6-128,aggregate-control-2,101,0.5,steered,2,50,last_prompt,random_j_4,experience,1,-0.02020391821861267
aggregate-control-2-202-+0.5-notebook-0.6-128,aggregate-control-2,202,0.5,steered,2,50,last_prompt,random_j_4,experience,1,-0.021246049139234755
aggregate-control-3-101-+0.5-notebook-0.6-128,aggregate-control-3,101,0.5,steered,2,50,last_prompt,random_j_4,experience,1,0.037078594168027244
aggregate-control-3-202-+0.5-notebook-0.6-128,aggregate-control-3,202,0.5,steered,2,50,last_prompt,random_j_4,experience,1,0.03609308931562635
aggregate-target-101-+0.5-notebook-0.6-128,aggregate-target,101,0.5,steered,2,50,last_prompt,random_j_4,experience,1,0.07073391808403863
aggregate-target-202-+0.5-notebook-0.6-128,aggregate-target,202,0.5,steered,2,50,last_prompt,random_j_4,experience,1,0.07122193608019087
aggregate-control-1-101-+0.5-notebook-0.6-128,aggregate-control-1,101,0.5,steered,2,50,last_prompt,random_j_4,hedging,1,0.044892968237400056
aggregate-control-1-202-+0.5-notebook-0.6-128,aggregate-control-1,202,0.5,steered,2,50,last_prompt,random_j_4,hedging,1,0.042749331891536714
aggregate-control-2-101-+0.5-notebook-0.6-128,aggregate-control-2,101,0.5,steered,2,50,last_prompt,random_j_4,hedging,1,-0.07279409989714622
aggregate-control-2-202-+0.5-notebook-0.6-128,aggregate-control-2,202,0.5,steered,2,50,last_prompt,random_j_4,hedging,1,-0.07308442890644073
aggregate-control-3-101-+0.5-notebook-0.6-128,aggregate-control-3,101,0.5,steered,2,50,last_prompt,random_j_4,hedging,1,0.02688368856906891
aggregate-control-3-202-+0.5-notebook-0.6-128,aggregate-control-3,202,0.5,steered,2,50,last_prompt,random_j_4,hedging,1,0.026958882808685303
aggregate-target-101-+0.5-notebook-0.6-128,aggregate-target,101,0.5,steered,2,50,last_prompt,random_j_4,hedging,1,0.007574459910392762
aggregate-target-202-+0.5-notebook-0.6-128,aggregate-target,202,0.5,steered,2,50,last_prompt,random_j_4,hedging,1,0.007882726192474366
aggregate-control-1-101-+0.5-notebook-0.6-128,aggregate-control-1,101,0.5,steered,2,50,last_prompt,random_j_4,honesty,1,-0.08083786368370056
aggregate-control-1-202-+0.5-notebook-0.6-128,aggregate-control-1,202,0.5,steered,2,50,last_prompt,random_j_4,honesty,1,-0.08088728338479996
aggregate-control-2-101-+0.5-notebook-0.6-128,aggregate-control-2,101,0.5,steered,2,50,last_prompt,random_j_4,honesty,1,0.011770865321159363
aggregate-control-2-202-+0.5-notebook-0.6-128,aggregate-control-2,202,0.5,steered,2,50,last_prompt,random_j_4,honesty,1,0.0112939715385437
aggregate-control-3-101-+0.5-notebook-0.6-128,aggregate-control-3,101,0.5,steered,2,50,last_prompt,random_j_4,honesty,1,0.08548626899719239
aggregate-control-3-202-+0.5-notebook-0.6-128,aggregate-control-3,202,0.5,steered,2,50,last_prompt,random_j_4,honesty,1,0.08300279527902603
aggregate-target-101-+0.5-notebook-0.6-128,aggregate-target,101,0.5,steered,2,50,last_prompt,random_j_4,honesty,1,-0.045693612098693846
aggregate-target-202-+0.5-notebook-0.6-128,aggregate-target,202,0.5,steered,2,50,last_prompt,random_j_4,honesty,1,-0.0455206573009491
aggregate-control-1-101-+0.5-notebook-0.6-128,aggregate-control-1,101,0.5,steered,2,50,last_prompt,random_j_4,intervention,1,0.04086301724116007
aggregate-control-1-202-+0.5-notebook-0.6-128,aggregate-control-1,202,0.5,steered,2,50,last_prompt,random_j_4,intervention,1,0.040010650952657066
aggregate-control-2-101-+0.5-notebook-0.6-128,aggregate-control-2,101,0.5,steered,2,50,last_prompt,random_j_4,intervention,1,-0.04746186070972019
aggregate-control-2-202-+0.5-notebook-0.6-128,aggregate-control-2,202,0.5,steered,2,50,last_prompt,random_j_4,intervention,1,-0.04665622446272108
aggregate-control-3-101-+0.5-notebook-0.6-128,aggregate-control-3,101,0.5,steered,2,50,last_prompt,random_j_4,intervention,1,0.02462173832787408
aggregate-control-3-202-+0.5-notebook-0.6-128,aggregate-control-3,202,0.5,steered,2,50,last_prompt,random_j_4,intervention,1,0.025579856501685247
aggregate-target-101-+0.5-notebook-0.6-128,aggregate-target,101,0.5,steered,2,50,last_prompt,random_j_4,intervention,1,0.0034265617529551187
aggregate-target-202-+0.5-notebook-0.6-128,aggregate-target,202,0.5,steered,2,50,last_prompt,random_j_4,intervention,1,0.0019043684005737305
aggregate-control-1-101-+0.5-notebook-0.6-128,aggregate-control-1,101,0.5,steered,2,50,last_prompt,random_j_4,roleplay,1,0.04034746686617533
aggregate-control-1-202-+0.5-notebook-0.6-128,aggregate-control-1,202,0.5,steered,2,50,last_prompt,random_j_4,roleplay,1,0.04001835650867886
aggregate-control-2-101-+0.5-notebook-0.6-128,aggregate-control-2,101,0.5,steered,2,50,last_prompt,random_j_4,roleplay,1,-0.07091725203726026
aggregate-control-2-202-+0.5-notebook-0.6-128,aggregate-control-2,202,0.5,steered,2,50,last_prompt,random_j_4,roleplay,1,-0.07038888004091051
aggregate-control-3-101-+0.5-notebook-0.6-128,aggregate-control-3,101,0.5,steered,2,50,last_prompt,random_j_4,roleplay,1,0.0509908182753457
aggregate-control-3-202-+0.5-notebook-0.6-128,aggregate-control-3,202,0.5,steered,2,50,last_prompt,random_j_4,roleplay,1,0.05051166481441922
aggregate-target-101-+0.5-notebook-0.6-128,aggregate-target,101,0.5,steered,2,50,last_prompt,random_j_4,roleplay,1,-0.07995268702507019
aggregate-target-202-+0.5-notebook-0.6-128,aggregate-target,202,0.5,steered,2,50,last_prompt,random_j_4,roleplay,1,-0.08049868875079685
aggregate-control-1-101-+0.5-notebook-0.6-128,aggregate-control-1,101,0.5,steered,2,50,last_prompt,random_j_4,unrelated,1,0.027298977226018907
aggregate-control-1-202-+0.5-notebook-0.6-128,aggregate-control-1,202,0.5,steered,2,50,last_prompt,random_j_4,unrelated,1,0.02688916027545929
aggregate-control-2-101-+0.5-notebook-0.6-128,aggregate-control-2,101,0.5,steered,2,50,last_prompt,random_j_4,unrelated,1,0.04765409827232361
aggregate-control-2-202-+0.5-notebook-0.6-128,aggregate-control-2,202,0.5,steered,2,50,last_prompt,random_j_4,unrelated,1,0.049042320996522906
aggregate-control-3-101-+0.5-notebook-0.6-128,aggregate-control-3,101,0.5,steered,2,50,last_prompt,random_j_4,unrelated,1,0.011269146949052811
aggregate-control-3-202-+0.5-notebook-0.6-128,aggregate-control-3,202,0.5,steered,2,50,last_prompt,random_j_4,unrelated,1,0.011416368186473846
aggregate-target-101-+0.5-notebook-0.6-128,aggregate-target,101,0.5,steered,2,50,last_prompt,random_j_4,unrelated,1,-0.0065778553485870365
aggregate-target-202-+0.5-notebook-0.6-128,aggregate-target,202,0.5,steered,2,50,last_prompt,random_j_4,unrelated,1,-0.006051158905029297
aggregate-control-1-101-+0.5-notebook-0.6-128,aggregate-control-1,101,0.5,steered,2,50,last_prompt,random_j_5,deception,1,-0.04489147812128067
aggregate-control-1-202-+0.5-notebook-0.6-128,aggregate-control-1,202,0.5,steered,2,50,last_prompt,random_j_5,deception,1,-0.045560498535633084
aggregate-control-2-101-+0.5-notebook-0.6-128,aggregate-control-2,101,0.5,steered,2,50,last_prompt,random_j_5,deception,1,-0.07860671877861022
aggregate-control-2-202-+0.5-notebook-0.6-128,aggregate-control-2,202,0.5,steered,2,50,last_prompt,random_j_5,deception,1,-0.07737331092357635
aggregate-control-3-101-+0.5-notebook-0.6-128,aggregate-control-3,101,0.5,steered,2,50,last_prompt,random_j_5,deception,1,0.05384571850299835
aggregate-control-3-202-+0.5-notebook-0.6-128,aggregate-control-3,202,0.5,steered,2,50,last_prompt,random_j_5,deception,1,0.0535813145339489
aggregate-target-101-+0.5-notebook-0.6-128,aggregate-target,101,0.5,steered,2,50,last_prompt,random_j_5,deception,1,-0.032260625064373015
aggregate-target-202-+0.5-notebook-0.6-128,aggregate-target,202,0.5,steered,2,50,last_prompt,random_j_5,deception,1,-0.033087776601314546
aggregate-control-1-101-+0.5-notebook-0.6-128,aggregate-control-1,101,0.5,steered,2,50,last_prompt,random_j_5,experience,1,-0.10438284443484412
aggregate-control-1-202-+0.5-notebook-0.6-128,aggregate-control-1,202,0.5,steered,2,50,last_prompt,random_j_5,experience,1,-0.10362184047698975
aggregate-control-2-101-+0.5-notebook-0.6-128,aggregate-control-2,101,0.5,steered,2,50,last_prompt,random_j_5,experience,1,0.059407340155707464
aggregate-control-2-202-+0.5-notebook-0.6-128,aggregate-control-2,202,0.5,steered,2,50,last_prompt,random_j_5,experience,1,0.05936414665646023
aggregate-control-3-101-+0.5-notebook-0.6-128,aggregate-control-3,101,0.5,steered,2,50,last_prompt,random_j_5,experience,1,-0.07831380267937978
aggregate-control-3-202-+0.5-notebook-0.6-128,aggregate-control-3,202,0.5,steered,2,50,last_prompt,random_j_5,experience,1,-0.07869807713561588
aggregate-target-101-+0.5-notebook-0.6-128,aggregate-target,101,0.5,steered,2,50,last_prompt,random_j_5,experience,1,-0.043529874748653836
aggregate-target-202-+0.5-notebook-0.6-128,aggregate-target,202,0.5,steered,2,50,last_prompt,random_j_5,experience,1,-0.0433885438574685
aggregate-control-1-101-+0.5-notebook-0.6-128,aggregate-control-1,101,0.5,steered,2,50,last_prompt,random_j_5,hedging,1,-0.03456157296895981
aggregate-control-1-202-+0.5-notebook-0.6-128,aggregate-control-1,202,0.5,steered,2,50,last_prompt,random_j_5,hedging,1,-0.03555003106594086
aggregate-control-2-101-+0.5-notebook-0.6-128,aggregate-control-2,101,0.5,steered,2,50,last_prompt,random_j_5,hedging,1,-0.007555253803730011
aggregate-control-2-202-+0.5-notebook-0.6-128,aggregate-control-2,202,0.5,steered,2,50,last_prompt,random_j_5,hedging,1,-0.007602971792221069
aggregate-control-3-101-+0.5-notebook-0.6-128,aggregate-control-3,101,0.5,steered,2,50,last_prompt,random_j_5,hedging,1,-0.09909164011478425
aggregate-control-3-202-+0.5-notebook-0.6-128,aggregate-control-3,202,0.5,steered,2,50,last_prompt,random_j_5,hedging,1,-0.0988688588142395
aggregate-target-101-+0.5-notebook-0.6-128,aggregate-target,101,0.5,steered,2,50,last_prompt,random_j_5,hedging,1,0.08898274302482605
aggregate-target-202-+0.5-notebook-0.6-128,aggregate-target,202,0.5,steered,2,50,last_prompt,random_j_5,hedging,1,0.08999668210744857
aggregate-control-1-101-+0.5-notebook-0.6-128,aggregate-control-1,101,0.5,steered,2,50,last_prompt,random_j_5,honesty,1,-0.04395172894001007
aggregate-control-1-202-+0.5-notebook-0.6-128,aggregate-control-1,202,0.5,steered,2,50,last_prompt,random_j_5,honesty,1,-0.04307403080165386
aggregate-control-2-101-+0.5-notebook-0.6-128,aggregate-control-2,101,0.5,steered,2,50,last_prompt,random_j_5,honesty,1,0.09712927341461182
aggregate-control-2-202-+0.5-notebook-0.6-128,aggregate-control-2,202,0.5,steered,2,50,last_prompt,random_j_5,honesty,1,0.0979701265692711
aggregate-control-3-101-+0.5-notebook-0.6-128,aggregate-control-3,101,0.5,steered,2,50,last_prompt,random_j_5,honesty,1,-0.0768644392490387
aggregate-control-3-202-+0.5-notebook-0.6-128,aggregate-control-3,202,0.5,steered,2,50,last_prompt,random_j_5,honesty,1,-0.07555900365114213
aggregate-target-101-+0.5-notebook-0.6-128,aggregate-target,101,0.5,steered,2,50,last_prompt,random_j_5,honesty,1,-0.0693721354007721
aggregate-target-202-+0.5-notebook-0.6-128,aggregate-target,202,0.5,steered,2,50,last_prompt,random_j_5,honesty,1,-0.06825262457132339
aggregate-control-1-101-+0.5-notebook-0.6-128,aggregate-control-1,101,0.5,steered,2,50,last_prompt,random_j_5,intervention,1,0.030942933426962957
aggregate-control-1-202-+0.5-notebook-0.6-128,aggregate-control-1,202,0.5,steered,2,50,last_prompt,random_j_5,intervention,1,0.029024180438783433
aggregate-control-2-101-+0.5-notebook-0.6-128,aggregate-control-2,101,0.5,steered,2,50,last_prompt,random_j_5,intervention,1,-0.08930511938201056
aggregate-control-2-202-+0.5-notebook-0.6-128,aggregate-control-2,202,0.5,steered,2,50,last_prompt,random_j_5,intervention,1,-0.08782712618509929
aggregate-control-3-101-+0.5-notebook-0.6-128,aggregate-control-3,101,0.5,steered,2,50,last_prompt,random_j_5,intervention,1,-0.0720570186773936
aggregate-control-3-202-+0.5-notebook-0.6-128,aggregate-control-3,202,0.5,steered,2,50,last_prompt,random_j_5,intervention,1,-0.07095570034450954
aggregate-target-101-+0.5-notebook-0.6-128,aggregate-target,101,0.5,steered,2,50,last_prompt,random_j_5,intervention,1,0.05724116166432699
aggregate-target-202-+0.5-notebook-0.6-128,aggregate-target,202,0.5,steered,2,50,last_prompt,random_j_5,intervention,1,0.05807271268632677
aggregate-control-1-101-+0.5-notebook-0.6-128,aggregate-control-1,101,0.5,steered,2,50,last_prompt,random_j_5,roleplay,1,-0.08553889228238
aggregate-control-1-202-+0.5-notebook-0.6-128,aggregate-control-1,202,0.5,steered,2,50,last_prompt,random_j_5,roleplay,1,-0.08517523937755161
aggregate-control-2-101-+0.5-notebook-0.6-128,aggregate-control-2,101,0.5,steered,2,50,last_prompt,random_j_5,roleplay,1,-0.023574147787359025
aggregate-control-2-202-+0.5-notebook-0.6-128,aggregate-control-2,202,0.5,steered,2,50,last_prompt,random_j_5,roleplay,1,-0.022212338116433885
aggregate-control-3-101-+0.5-notebook-0.6-128,aggregate-control-3,101,0.5,steered,2,50,last_prompt,random_j_5,roleplay,1,-0.06957281794812945
aggregate-control-3-202-+0.5-notebook-0.6-128,aggregate-control-3,202,0.5,steered,2,50,last_prompt,random_j_5,roleplay,1,-0.067351001004378
aggregate-target-101-+0.5-notebook-0.6-128,aggregate-target,101,0.5,steered,2,50,last_prompt,random_j_5,roleplay,1,-0.0877597580353419
aggregate-target-202-+0.5-notebook-0.6-128,aggregate-target,202,0.5,steered,2,50,last_prompt,random_j_5,roleplay,1,-0.08815368596050474
aggregate-control-1-101-+0.5-notebook-0.6-128,aggregate-control-1,101,0.5,steered,2,50,last_prompt,random_j_5,unrelated,1,0.025092825293540955
aggregate-control-1-202-+0.5-notebook-0.6-128,aggregate-control-1,202,0.5,steered,2,50,last_prompt,random_j_5,unrelated,1,0.026967915892601012
aggregate-control-2-101-+0.5-notebook-0.6-128,aggregate-control-2,101,0.5,steered,2,50,last_prompt,random_j_5,unrelated,1,0.03210580348968506
aggregate-control-2-202-+0.5-notebook-0.6-128,aggregate-control-2,202,0.5,steered,2,50,last_prompt,random_j_5,unrelated,1,0.0321593627333641
aggregate-control-3-101-+0.5-notebook-0.6-128,aggregate-control-3,101,0.5,steered,2,50,last_prompt,random_j_5,unrelated,1,-0.043054422736167906
aggregate-control-3-202-+0.5-notebook-0.6-128,aggregate-control-3,202,0.5,steered,2,50,last_prompt,random_j_5,unrelated,1,-0.04388511925935745
aggregate-target-101-+0.5-notebook-0.6-128,aggregate-target,101,0.5,steered,2,50,last_prompt,random_j_5,unrelated,1,0.01690686643123627
aggregate-target-202-+0.5-notebook-0.6-128,aggregate-target,202,0.5,steered,2,50,last_prompt,random_j_5,unrelated,1,0.01717195808887482
aggregate-control-1-101-+0.5-notebook-0.6-128,aggregate-control-1,101,0.5,steered,2,65,last_prompt,identity,deception,1,-0.08565571010112763
aggregate-control-1-202-+0.5-notebook-0.6-128,aggregate-control-1,202,0.5,steered,2,65,last_prompt,identity,deception,1,-0.04376154839992523
aggregate-control-2-101-+0.5-notebook-0.6-128,aggregate-control-2,101,0.5,steered,2,65,last_prompt,identity,deception,1,-0.02590913772583008
aggregate-control-2-202-+0.5-notebook-0.6-128,aggregate-control-2,202,0.5,steered,2,65,last_prompt,identity,deception,1,-0.022471722960472108
aggregate-control-3-101-+0.5-notebook-0.6-128,aggregate-control-3,101,0.5,steered,2,65,last_prompt,identity,deception,1,-0.19422687739133834
aggregate-control-3-202-+0.5-notebook-0.6-128,aggregate-control-3,202,0.5,steered,2,65,last_prompt,identity,deception,1,-0.1710044890642166
aggregate-target-101-+0.5-notebook-0.6-128,aggregate-target,101,0.5,steered,2,65,last_prompt,identity,deception,1,0.25449194610118864
aggregate-target-202-+0.5-notebook-0.6-128,aggregate-target,202,0.5,steered,2,65,last_prompt,identity,deception,1,0.25576198995113375
aggregate-control-1-101-+0.5-notebook-0.6-128,aggregate-control-1,101,0.5,steered,2,65,last_prompt,identity,experience,1,-0.058392675386534795
aggregate-control-1-202-+0.5-notebook-0.6-128,aggregate-control-1,202,0.5,steered,2,65,last_prompt,identity,experience,1,-0.02721502383550008
aggregate-control-2-101-+0.5-notebook-0.6-128,aggregate-control-2,101,0.5,steered,2,65,last_prompt,identity,experience,1,-0.1228575391901864
aggregate-control-2-202-+0.5-notebook-0.6-128,aggregate-control-2,202,0.5,steered,2,65,last_prompt,identity,experience,1,-0.09483040041393703
aggregate-control-3-101-+0.5-notebook-0.6-128,aggregate-control-3,101,0.5,steered,2,65,last_prompt,identity,experience,1,-0.06300854351785448
aggregate-control-3-202-+0.5-notebook-0.6-128,aggregate-control-3,202,0.5,steered,2,65,last_prompt,identity,experience,1,-0.07708295186360677
aggregate-target-101-+0.5-notebook-0.6-128,aggregate-target,101,0.5,steered,2,65,last_prompt,identity,experience,1,-0.05581951472494337
aggregate-target-202-+0.5-notebook-0.6-128,aggregate-target,202,0.5,steered,2,65,last_prompt,identity,experience,1,-0.058178729481167264
aggregate-control-1-101-+0.5-notebook-0.6-128,aggregate-control-1,101,0.5,steered,2,65,last_prompt,identity,hedging,1,0.022844389826059342
aggregate-control-1-202-+0.5-notebook-0.6-128,aggregate-control-1,202,0.5,steered,2,65,last_prompt,identity,hedging,1,0.034759172797203065
aggregate-control-2-101-+0.5-notebook-0.6-128,aggregate-control-2,101,0.5,steered,2,65,last_prompt,identity,hedging,1,-0.04085623845458031
aggregate-control-2-202-+0.5-notebook-0.6-128,aggregate-control-2,202,0.5,steered,2,65,last_prompt,identity,hedging,1,-0.046960553526878356
aggregate-control-3-101-+0.5-notebook-0.6-128,aggregate-control-3,101,0.5,steered,2,65,last_prompt,identity,hedging,1,-0.03333040624856949
aggregate-control-3-202-+0.5-notebook-0.6-128,aggregate-control-3,202,0.5,steered,2,65,last_prompt,identity,hedging,1,-0.02697719931602478
aggregate-target-101-+0.5-notebook-0.6-128,aggregate-target,101,0.5,steered,2,65,last_prompt,identity,hedging,1,-0.019370736181735994
aggregate-target-202-+0.5-notebook-0.6-128,aggregate-target,202,0.5,steered,2,65,last_prompt,identity,hedging,1,-0.016743800044059752
aggregate-control-1-101-+0.5-notebook-0.6-128,aggregate-control-1,101,0.5,steered,2,65,last_prompt,identity,honesty,1,0.008604059368371964
aggregate-control-1-202-+0.5-notebook-0.6-128,aggregate-control-1,202,0.5,steered,2,65,last_prompt,identity,honesty,1,0.05240157507359981
aggregate-control-2-101-+0.5-notebook-0.6-128,aggregate-control-2,101,0.5,steered,2,65,last_prompt,identity,honesty,1,-0.04384288564324379
aggregate-control-2-202-+0.5-notebook-0.6-128,aggregate-control-2,202,0.5,steered,2,65,last_prompt,identity,honesty,1,-0.029059959948062895
aggregate-control-3-101-+0.5-notebook-0.6-128,aggregate-control-3,101,0.5,steered,2,65,last_prompt,identity,honesty,1,-0.13162884935736657
aggregate-control-3-202-+0.5-notebook-0.6-128,aggregate-control-3,202,0.5,steered,2,65,last_prompt,identity,honesty,1,-0.129994760453701
aggregate-target-101-+0.5-notebook-0.6-128,aggregate-target,101,0.5,steered,2,65,last_prompt,identity,honesty,1,-0.07089212164282799
aggregate-target-202-+0.5-notebook-0.6-128,aggregate-target,202,0.5,steered,2,65,last_prompt,identity,honesty,1,-0.020484454929828644
aggregate-control-1-101-+0.5-notebook-0.6-128,aggregate-control-1,101,0.5,steered,2,65,last_prompt,identity,intervention,1,0.004023563530710008
aggregate-control-1-202-+0.5-notebook-0.6-128,aggregate-control-1,202,0.5,steered,2,65,last_prompt,identity,intervention,1,0.022570874955919053
aggregate-control-2-101-+0.5-notebook-0.6-128,aggregate-control-2,101,0.5,steered,2,65,last_prompt,identity,intervention,1,-0.1165350013309055
aggregate-control-2-202-+0.5-notebook-0.6-128,aggregate-control-2,202,0.5,steered,2,65,last_prompt,identity,intervention,1,-0.10611284110281202
aggregate-control-3-101-+0.5-notebook-0.6-128,aggregate-control-3,101,0.5,steered,2,65,last_prompt,identity,intervention,1,-0.0610672351386812
aggregate-control-3-202-+0.5-notebook-0.6-128,aggregate-control-3,202,0.5,steered,2,65,last_prompt,identity,intervention,1,-0.060332142644458346
aggregate-target-101-+0.5-notebook-0.6-128,aggregate-target,101,0.5,steered,2,65,last_prompt,identity,intervention,1,-0.016974152790175542
aggregate-target-202-+0.5-notebook-0.6-128,aggregate-target,202,0.5,steered,2,65,last_prompt,identity,intervention,1,-0.03217388523949517
aggregate-control-1-101-+0.5-notebook-0.6-128,aggregate-control-1,101,0.5,steered,2,65,last_prompt,identity,roleplay,1,0.0383848175406456
aggregate-control-1-202-+0.5-notebook-0.6-128,aggregate-control-1,202,0.5,steered,2,65,last_prompt,identity,roleplay,1,0.0631366338994768
aggregate-control-2-101-+0.5-notebook-0.6-128,aggregate-control-2,101,0.5,steered,2,65,last_prompt,identity,roleplay,1,0.032813026673263974
aggregate-control-2-202-+0.5-notebook-0.6-128,aggregate-control-2,202,0.5,steered,2,65,last_prompt,identity,roleplay,1,0.024848000042968325
aggregate-control-3-101-+0.5-notebook-0.6-128,aggregate-control-3,101,0.5,steered,2,65,last_prompt,identity,roleplay,1,-0.019220166736178927
aggregate-control-3-202-+0.5-notebook-0.6-128,aggregate-control-3,202,0.5,steered,2,65,last_prompt,identity,roleplay,1,-0.000563363234202067
aggregate-target-101-+0.5-notebook-0.6-128,aggregate-target,101,0.5,steered,2,65,last_prompt,identity,roleplay,1,0.14725332458813986
aggregate-target-202-+0.5-notebook-0.6-128,aggregate-target,202,0.5,steered,2,65,last_prompt,identity,roleplay,1,0.14646155304378933
aggregate-control-1-101-+0.5-notebook-0.6-128,aggregate-control-1,101,0.5,steered,2,65,last_prompt,identity,unrelated,1,0.00830806940793991
aggregate-control-1-202-+0.5-notebook-0.6-128,aggregate-control-1,202,0.5,steered,2,65,last_prompt,identity,unrelated,1,0.0056263327598571776
aggregate-control-2-101-+0.5-notebook-0.6-128,aggregate-control-2,101,0.5,steered,2,65,last_prompt,identity,unrelated,1,0.0498498409986496
aggregate-control-2-202-+0.5-notebook-0.6-128,aggregate-control-2,202,0.5,steered,2,65,last_prompt,identity,unrelated,1,0.04281809888780117
aggregate-control-3-101-+0.5-notebook-0.6-128,aggregate-control-3,101,0.5,steered,2,65,last_prompt,identity,unrelated,1,-0.017665505409240723
aggregate-control-3-202-+0.5-notebook-0.6-128,aggregate-control-3,202,0.5,steered,2,65,last_prompt,identity,unrelated,1,-0.01407061517238617
aggregate-target-101-+0.5-notebook-0.6-128,aggregate-target,101,0.5,steered,2,65,last_prompt,identity,unrelated,1,-0.09471972435712814
aggregate-target-202-+0.5-notebook-0.6-128,aggregate-target,202,0.5,steered,2,65,last_prompt,identity,unrelated,1,-0.10828209817409515
aggregate-control-1-101-+0.5-notebook-0.6-128,aggregate-control-1,101,0.5,steered,2,65,last_prompt,jacobian,deception,1,-0.0611184298992157
aggregate-control-1-202-+0.5-notebook-0.6-128,aggregate-control-1,202,0.5,steered,2,65,last_prompt,jacobian,deception,1,-0.05458906292915344
aggregate-control-2-101-+0.5-notebook-0.6-128,aggregate-control-2,101,0.5,steered,2,65,last_prompt,jacobian,deception,1,0.04213685393333435
aggregate-control-2-202-+0.5-notebook-0.6-128,aggregate-control-2,202,0.5,steered,2,65,last_prompt,jacobian,deception,1,0.07547112107276917
aggregate-control-3-101-+0.5-notebook-0.6-128,aggregate-control-3,101,0.5,steered,2,65,last_prompt,jacobian,deception,1,-0.08911780714988708
aggregate-control-3-202-+0.5-notebook-0.6-128,aggregate-control-3,202,0.5,steered,2,65,last_prompt,jacobian,deception,1,-0.0594786137342453
aggregate-target-101-+0.5-notebook-0.6-128,aggregate-target,101,0.5,steered,2,65,last_prompt,jacobian,deception,1,1.2027179062366486
aggregate-target-202-+0.5-notebook-0.6-128,aggregate-target,202,0.5,steered,2,65,last_prompt,jacobian,deception,1,1.202528676390648
aggregate-control-1-101-+0.5-notebook-0.6-128,aggregate-control-1,101,0.5,steered,2,65,last_prompt,jacobian,experience,1,-0.055353111690945096
aggregate-control-1-202-+0.5-notebook-0.6-128,aggregate-control-1,202,0.5,steered,2,65,last_prompt,jacobian,experience,1,-0.09265629450480144
aggregate-control-2-101-+0.5-notebook-0.6-128,aggregate-control-2,101,0.5,steered,2,65,last_prompt,jacobian,experience,1,-0.2416455480787489
aggregate-control-2-202-+0.5-notebook-0.6-128,aggregate-control-2,202,0.5,steered,2,65,last_prompt,jacobian,experience,1,-0.14902045991685656
aggregate-control-3-101-+0.5-notebook-0.6-128,aggregate-control-3,101,0.5,steered,2,65,last_prompt,jacobian,experience,1,0.10002003775702582
aggregate-control-3-202-+0.5-notebook-0.6-128,aggregate-control-3,202,0.5,steered,2,65,last_prompt,jacobian,experience,1,0.08883147769504124
aggregate-target-101-+0.5-notebook-0.6-128,aggregate-target,101,0.5,steered,2,65,last_prompt,jacobian,experience,1,-0.022017796834309895
aggregate-target-202-+0.5-notebook-0.6-128,aggregate-target,202,0.5,steered,2,65,last_prompt,jacobian,experience,1,-0.0016768773396809895
aggregate-control-1-101-+0.5-notebook-0.6-128,aggregate-control-1,101,0.5,steered,2,65,last_prompt,jacobian,hedging,1,-0.09506900310516357
aggregate-control-1-202-+0.5-notebook-0.6-128,aggregate-control-1,202,0.5,steered,2,65,last_prompt,jacobian,hedging,1,-0.10923519134521484
aggregate-control-2-101-+0.5-notebook-0.6-128,aggregate-control-2,101,0.5,steered,2,65,last_prompt,jacobian,hedging,1,0.04687445163726807
aggregate-control-2-202-+0.5-notebook-0.6-128,aggregate-control-2,202,0.5,steered,2,65,last_prompt,jacobian,hedging,1,0.08878421783447266
aggregate-control-3-101-+0.5-notebook-0.6-128,aggregate-control-3,101,0.5,steered,2,65,last_prompt,jacobian,hedging,1,-0.0025941610336303713
aggregate-control-3-202-+0.5-notebook-0.6-128,aggregate-control-3,202,0.5,steered,2,65,last_prompt,jacobian,hedging,1,0.023671841621398924
aggregate-target-101-+0.5-notebook-0.6-128,aggregate-target,101,0.5,steered,2,65,last_prompt,jacobian,hedging,1,0.027841711044311525
aggregate-target-202-+0.5-notebook-0.6-128,aggregate-target,202,0.5,steered,2,65,last_prompt,jacobian,hedging,1,0.03721691370010376
aggregate-control-1-101-+0.5-notebook-0.6-128,aggregate-control-1,101,0.5,steered,2,65,last_prompt,jacobian,honesty,1,-0.034295856952667236
aggregate-control-1-202-+0.5-notebook-0.6-128,aggregate-control-1,202,0.5,steered,2,65,last_prompt,jacobian,honesty,1,-0.02573918104171753
aggregate-control-2-101-+0.5-notebook-0.6-128,aggregate-control-2,101,0.5,steered,2,65,last_prompt,jacobian,honesty,1,0.003568994998931885
aggregate-control-2-202-+0.5-notebook-0.6-128,aggregate-control-2,202,0.5,steered,2,65,last_prompt,jacobian,honesty,1,0.04987057447433472
aggregate-control-3-101-+0.5-notebook-0.6-128,aggregate-control-3,101,0.5,steered,2,65,last_prompt,jacobian,honesty,1,-0.08927462100982667
aggregate-control-3-202-+0.5-notebook-0.6-128,aggregate-control-3,202,0.5,steered,2,65,last_prompt,jacobian,honesty,1,-0.08554099798202515
aggregate-target-101-+0.5-notebook-0.6-128,aggregate-target,101,0.5,steered,2,65,last_prompt,jacobian,honesty,1,0.18118900060653687
aggregate-target-202-+0.5-notebook-0.6-128,aggregate-target,202,0.5,steered,2,65,last_prompt,jacobian,honesty,1,0.23117858171463013
aggregate-control-1-101-+0.5-notebook-0.6-128,aggregate-control-1,101,0.5,steered,2,65,last_prompt,jacobian,intervention,1,0.049869072106149465
aggregate-control-1-202-+0.5-notebook-0.6-128,aggregate-control-1,202,0.5,steered,2,65,last_prompt,jacobian,intervention,1,0.04664357668823666
aggregate-control-2-101-+0.5-notebook-0.6-128,aggregate-control-2,101,0.5,steered,2,65,last_prompt,jacobian,intervention,1,-0.023196718759006925
aggregate-control-2-202-+0.5-notebook-0.6-128,aggregate-control-2,202,0.5,steered,2,65,last_prompt,jacobian,intervention,1,0.02478266093466017
aggregate-control-3-101-+0.5-notebook-0.6-128,aggregate-control-3,101,0.5,steered,2,65,last_prompt,jacobian,intervention,1,0.018665408094724018
aggregate-control-3-202-+0.5-notebook-0.6-128,aggregate-control-3,202,0.5,steered,2,65,last_prompt,jacobian,intervention,1,0.009454442395104302
aggregate-target-101-+0.5-notebook-0.6-128,aggregate-target,101,0.5,steered,2,65,last_prompt,jacobian,intervention,1,0.18236159616046482
aggregate-target-202-+0.5-notebook-0.6-128,aggregate-target,202,0.5,steered,2,65,last_prompt,jacobian,intervention,1,0.19644711332188713
aggregate-control-1-101-+0.5-notebook-0.6-128,aggregate-control-1,101,0.5,steered,2,65,last_prompt,jacobian,roleplay,1,0.07815803421868218
aggregate-control-1-202-+0.5-notebook-0.6-128,aggregate-control-1,202,0.5,steered,2,65,last_prompt,jacobian,roleplay,1,0.08582447634802924
aggregate-control-2-101-+0.5-notebook-0.6-128,aggregate-control-2,101,0.5,steered,2,65,last_prompt,jacobian,roleplay,1,-0.019121607144673664
aggregate-control-2-202-+0.5-notebook-0.6-128,aggregate-control-2,202,0.5,steered,2,65,last_prompt,jacobian,roleplay,1,0.020783086617787678
aggregate-control-3-101-+0.5-notebook-0.6-128,aggregate-control-3,101,0.5,steered,2,65,last_prompt,jacobian,roleplay,1,0.05849699841605292
aggregate-control-3-202-+0.5-notebook-0.6-128,aggregate-control-3,202,0.5,steered,2,65,last_prompt,jacobian,roleplay,1,0.079648580816057
aggregate-target-101-+0.5-notebook-0.6-128,aggregate-target,101,0.5,steered,2,65,last_prompt,jacobian,roleplay,1,0.5774127708541023
aggregate-target-202-+0.5-notebook-0.6-128,aggregate-target,202,0.5,steered,2,65,last_prompt,jacobian,roleplay,1,0.6019626590940688
aggregate-control-1-101-+0.5-notebook-0.6-128,aggregate-control-1,101,0.5,steered,2,65,last_prompt,jacobian,unrelated,1,0.10909253358840942
aggregate-control-1-202-+0.5-notebook-0.6-128,aggregate-control-1,202,0.5,steered,2,65,last_prompt,jacobian,unrelated,1,0.07207324802875519
aggregate-control-2-101-+0.5-notebook-0.6-128,aggregate-control-2,101,0.5,steered,2,65,last_prompt,jacobian,unrelated,1,0.0802525132894516
aggregate-control-2-202-+0.5-notebook-0.6-128,aggregate-control-2,202,0.5,steered,2,65,last_prompt,jacobian,unrelated,1,0.10615162551403046
aggregate-control-3-101-+0.5-notebook-0.6-128,aggregate-control-3,101,0.5,steered,2,65,last_prompt,jacobian,unrelated,1,0.013318023085594178
aggregate-control-3-202-+0.5-notebook-0.6-128,aggregate-control-3,202,0.5,steered,2,65,last_prompt,jacobian,unrelated,1,0.03528694361448288
aggregate-target-101-+0.5-notebook-0.6-128,aggregate-target,101,0.5,steered,2,65,last_prompt,jacobian,unrelated,1,-0.09551716446876526
aggregate-target-202-+0.5-notebook-0.6-128,aggregate-target,202,0.5,steered,2,65,last_prompt,jacobian,unrelated,1,-0.073314268887043
aggregate-control-1-101-+0.5-notebook-0.6-128,aggregate-control-1,101,0.5,steered,2,65,last_prompt,random_j_1,deception,1,-0.04352944195270538
aggregate-control-1-202-+0.5-notebook-0.6-128,aggregate-control-1,202,0.5,steered,2,65,last_prompt,random_j_1,deception,1,-0.04919819831848145
aggregate-control-2-101-+0.5-notebook-0.6-128,aggregate-control-2,101,0.5,steered,2,65,last_prompt,random_j_1,deception,1,-0.04881723523139954
aggregate-control-2-202-+0.5-notebook-0.6-128,aggregate-control-2,202,0.5,steered,2,65,last_prompt,random_j_1,deception,1,-0.05005436092615127
aggregate-control-3-101-+0.5-notebook-0.6-128,aggregate-control-3,101,0.5,steered,2,65,last_prompt,random_j_1,deception,1,0.09839092642068863
aggregate-control-3-202-+0.5-notebook-0.6-128,aggregate-control-3,202,0.5,steered,2,65,last_prompt,random_j_1,deception,1,0.11717737317085267
aggregate-target-101-+0.5-notebook-0.6-128,aggregate-target,101,0.5,steered,2,65,last_prompt,random_j_1,deception,1,-0.049927140772342685
aggregate-target-202-+0.5-notebook-0.6-128,aggregate-target,202,0.5,steered,2,65,last_prompt,random_j_1,deception,1,-0.027070604264736176
aggregate-control-1-101-+0.5-notebook-0.6-128,aggregate-control-1,101,0.5,steered,2,65,last_prompt,random_j_1,experience,1,0.022327194611231487
aggregate-control-1-202-+0.5-notebook-0.6-128,aggregate-control-1,202,0.5,steered,2,65,last_prompt,random_j_1,experience,1,0.021389742692311604
aggregate-control-2-101-+0.5-notebook-0.6-128,aggregate-control-2,101,0.5,steered,2,65,last_prompt,random_j_1,experience,1,0.05748633543650309
aggregate-control-2-202-+0.5-notebook-0.6-128,aggregate-control-2,202,0.5,steered,2,65,last_prompt,random_j_1,experience,1,0.0659603981508149
aggregate-control-3-101-+0.5-notebook-0.6-128,aggregate-control-3,101,0.5,steered,2,65,last_prompt,random_j_1,experience,1,0.10476070145765941
aggregate-control-3-202-+0.5-notebook-0.6-128,aggregate-control-3,202,0.5,steered,2,65,last_prompt,random_j_1,experience,1,0.1026806922422515
aggregate-target-101-+0.5-notebook-0.6-128,aggregate-target,101,0.5,steered,2,65,last_prompt,random_j_1,experience,1,-0.07107235656844245
aggregate-target-202-+0.5-notebook-0.6-128,aggregate-target,202,0.5,steered,2,65,last_prompt,random_j_1,experience,1,-0.058766515718566045
aggregate-control-1-101-+0.5-notebook-0.6-128,aggregate-control-1,101,0.5,steered,2,65,last_prompt,random_j_1,hedging,1,-0.06628786399960518
aggregate-control-1-202-+0.5-notebook-0.6-128,aggregate-control-1,202,0.5,steered,2,65,last_prompt,random_j_1,hedging,1,-0.058419765532016756
aggregate-control-2-101-+0.5-notebook-0.6-128,aggregate-control-2,101,0.5,steered,2,65,last_prompt,random_j_1,hedging,1,-0.05688849538564682
aggregate-control-2-202-+0.5-notebook-0.6-128,aggregate-control-2,202,0.5,steered,2,65,last_prompt,random_j_1,hedging,1,-0.05495134592056274
aggregate-control-3-101-+0.5-notebook-0.6-128,aggregate-control-3,101,0.5,steered,2,65,last_prompt,random_j_1,hedging,1,0.0783013142645359
aggregate-control-3-202-+0.5-notebook-0.6-128,aggregate-control-3,202,0.5,steered,2,65,last_prompt,random_j_1,hedging,1,0.08559795171022415
aggregate-target-101-+0.5-notebook-0.6-128,aggregate-target,101,0.5,steered,2,65,last_prompt,random_j_1,hedging,1,-0.05115775018930435
aggregate-target-202-+0.5-notebook-0.6-128,aggregate-target,202,0.5,steered,2,65,last_prompt,random_j_1,hedging,1,-0.038672374188899995
aggregate-control-1-101-+0.5-notebook-0.6-128,aggregate-control-1,101,0.5,steered,2,65,last_prompt,random_j_1,honesty,1,0.022689732909202575
aggregate-control-1-202-+0.5-notebook-0.6-128,aggregate-control-1,202,0.5,steered,2,65,last_prompt,random_j_1,honesty,1,0.00768049955368042
aggregate-control-2-101-+0.5-notebook-0.6-128,aggregate-control-2,101,0.5,steered,2,65,last_prompt,random_j_1,honesty,1,-0.05630535185337067
aggregate-control-2-202-+0.5-notebook-0.6-128,aggregate-control-2,202,0.5,steered,2,65,last_prompt,random_j_1,honesty,1,-0.06291474103927612
aggregate-control-3-101-+0.5-notebook-0.6-128,aggregate-control-3,101,0.5,steered,2,65,last_prompt,random_j_1,honesty,1,-0.0074085801839828495
aggregate-control-3-202-+0.5-notebook-0.6-128,aggregate-control-3,202,0.5,steered,2,65,last_prompt,random_j_1,honesty,1,-0.013801473379135131
aggregate-target-101-+0.5-notebook-0.6-128,aggregate-target,101,0.5,steered,2,65,last_prompt,random_j_1,honesty,1,0.00045951902866363524
aggregate-target-202-+0.5-notebook-0.6-128,aggregate-target,202,0.5,steered,2,65,last_prompt,random_j_1,honesty,1,-0.01221528947353363
aggregate-control-1-101-+0.5-notebook-0.6-128,aggregate-control-1,101,0.5,steered,2,65,last_prompt,random_j_1,intervention,1,0.01577687594625685
aggregate-control-1-202-+0.5-notebook-0.6-128,aggregate-control-1,202,0.5,steered,2,65,last_prompt,random_j_1,intervention,1,0.00938145981894599
aggregate-control-2-101-+0.5-notebook-0.6-128,aggregate-control-2,101,0.5,steered,2,65,last_prompt,random_j_1,intervention,1,0.027778206600083247
aggregate-control-2-202-+0.5-notebook-0.6-128,aggregate-control-2,202,0.5,steered,2,65,last_prompt,random_j_1,intervention,1,0.03647770153151618
aggregate-control-3-101-+0.5-notebook-0.6-128,aggregate-control-3,101,0.5,steered,2,65,last_prompt,random_j_1,intervention,1,0.03371298644277784
aggregate-control-3-202-+0.5-notebook-0.6-128,aggregate-control-3,202,0.5,steered,2,65,last_prompt,random_j_1,intervention,1,0.04099059436056349
aggregate-target-101-+0.5-notebook-0.6-128,aggregate-target,101,0.5,steered,2,65,last_prompt,random_j_1,intervention,1,0.01790588514672385
aggregate-target-202-+0.5-notebook-0.6-128,aggregate-target,202,0.5,steered,2,65,last_prompt,random_j_1,intervention,1,0.025700596885548696
aggregate-control-1-101-+0.5-notebook-0.6-128,aggregate-control-1,101,0.5,steered,2,65,last_prompt,random_j_1,roleplay,1,-0.031675141718652516
aggregate-control-1-202-+0.5-notebook-0.6-128,aggregate-control-1,202,0.5,steered,2,65,last_prompt,random_j_1,roleplay,1,-0.03645450952980253
aggregate-control-2-101-+0.5-notebook-0.6-128,aggregate-control-2,101,0.5,steered,2,65,last_prompt,random_j_1,roleplay,1,-0.06038275361061096
aggregate-control-2-202-+0.5-notebook-0.6-128,aggregate-control-2,202,0.5,steered,2,65,last_prompt,random_j_1,roleplay,1,-0.06719525323973762
aggregate-control-3-101-+0.5-notebook-0.6-128,aggregate-control-3,101,0.5,steered,2,65,last_prompt,random_j_1,roleplay,1,0.014231685135099623
aggregate-control-3-202-+0.5-notebook-0.6-128,aggregate-control-3,202,0.5,steered,2,65,last_prompt,random_j_1,roleplay,1,0.004762861463758681
aggregate-target-101-+0.5-notebook-0.6-128,aggregate-target,101,0.5,steered,2,65,last_prompt,random_j_1,roleplay,1,-0.14762703246540493
aggregate-target-202-+0.5-notebook-0.6-128,aggregate-target,202,0.5,steered,2,65,last_prompt,random_j_1,roleplay,1,-0.14574256787697473
aggregate-control-1-101-+0.5-notebook-0.6-128,aggregate-control-1,101,0.5,steered,2,65,last_prompt,random_j_1,unrelated,1,-0.04416295289993286
aggregate-control-1-202-+0.5-notebook-0.6-128,aggregate-control-1,202,0.5,steered,2,65,last_prompt,random_j_1,unrelated,1,-0.061609260737895966
aggregate-control-2-101-+0.5-notebook-0.6-128,aggregate-control-2,101,0.5,steered,2,65,last_prompt,random_j_1,unrelated,1,0.08061031699180603
aggregate-control-2-202-+0.5-notebook-0.6-128,aggregate-control-2,202,0.5,steered,2,65,last_prompt,random_j_1,unrelated,1,0.07974759340286255
aggregate-control-3-101-+0.5-notebook-0.6-128,aggregate-control-3,101,0.5,steered,2,65,last_prompt,random_j_1,unrelated,1,-0.035331778973340985
aggregate-control-3-202-+0.5-notebook-0.6-128,aggregate-control-3,202,0.5,steered,2,65,last_prompt,random_j_1,unrelated,1,-0.05193186402320862
aggregate-target-101-+0.5-notebook-0.6-128,aggregate-target,101,0.5,steered,2,65,last_prompt,random_j_1,unrelated,1,-0.0606171153485775
aggregate-target-202-+0.5-notebook-0.6-128,aggregate-target,202,0.5,steered,2,65,last_prompt,random_j_1,unrelated,1,-0.06293416619300843
aggregate-control-1-101-+0.5-notebook-0.6-128,aggregate-control-1,101,0.5,steered,2,65,last_prompt,random_j_2,deception,1,-0.007189300656318664
aggregate-control-1-202-+0.5-notebook-0.6-128,aggregate-control-1,202,0.5,steered,2,65,last_prompt,random_j_2,deception,1,0.01571425125002861
aggregate-control-2-101-+0.5-notebook-0.6-128,aggregate-control-2,101,0.5,steered,2,65,last_prompt,random_j_2,deception,1,0.034164291620254514
aggregate-control-2-202-+0.5-notebook-0.6-128,aggregate-control-2,202,0.5,steered,2,65,last_prompt,random_j_2,deception,1,0.03693169131875038
aggregate-control-3-101-+0.5-notebook-0.6-128,aggregate-control-3,101,0.5,steered,2,65,last_prompt,random_j_2,deception,1,0.03436460494995117
aggregate-control-3-202-+0.5-notebook-0.6-128,aggregate-control-3,202,0.5,steered,2,65,last_prompt,random_j_2,deception,1,0.03609251081943512
aggregate-target-101-+0.5-notebook-0.6-128,aggregate-target,101,0.5,steered,2,65,last_prompt,random_j_2,deception,1,0.010440865159034729
aggregate-target-202-+0.5-notebook-0.6-128,aggregate-target,202,0.5,steered,2,65,last_prompt,random_j_2,deception,1,0.015774357318878173
aggregate-control-1-101-+0.5-notebook-0.6-128,aggregate-control-1,101,0.5,steered,2,65,last_prompt,random_j_2,experience,1,-0.013760873840914832
aggregate-control-1-202-+0.5-notebook-0.6-128,aggregate-control-1,202,0.5,steered,2,65,last_prompt,random_j_2,experience,1,0.0033950557311375937
aggregate-control-2-101-+0.5-notebook-0.6-128,aggregate-control-2,101,0.5,steered,2,65,last_prompt,random_j_2,experience,1,-0.03447048779990938
aggregate-control-2-202-+0.5-notebook-0.6-128,aggregate-control-2,202,0.5,steered,2,65,last_prompt,random_j_2,experience,1,-0.03854097922643026
aggregate-control-3-101-+0.5-notebook-0.6-128,aggregate-control-3,101,0.5,steered,2,65,last_prompt,random_j_2,experience,1,0.05507578286859724
aggregate-control-3-202-+0.5-notebook-0.6-128,aggregate-control-3,202,0.5,steered,2,65,last_prompt,random_j_2,experience,1,0.047055443127950035
aggregate-target-101-+0.5-notebook-0.6-128,aggregate-target,101,0.5,steered,2,65,last_prompt,random_j_2,experience,1,-0.0017124281989203559
aggregate-target-202-+0.5-notebook-0.6-128,aggregate-target,202,0.5,steered,2,65,last_prompt,random_j_2,experience,1,-0.0047411951753828264
aggregate-control-1-101-+0.5-notebook-0.6-128,aggregate-control-1,101,0.5,steered,2,65,last_prompt,random_j_2,hedging,1,-0.11284637451171875
aggregate-control-1-202-+0.5-notebook-0.6-128,aggregate-control-1,202,0.5,steered,2,65,last_prompt,random_j_2,hedging,1,-0.12297588586807251
aggregate-control-2-101-+0.5-notebook-0.6-128,aggregate-control-2,101,0.5,steered,2,65,last_prompt,random_j_2,hedging,1,-0.015534448623657226
aggregate-control-2-202-+0.5-notebook-0.6-128,aggregate-control-2,202,0.5,steered,2,65,last_prompt,random_j_2,hedging,1,-0.02111888527870178
aggregate-control-3-101-+0.5-notebook-0.6-128,aggregate-control-3,101,0.5,steered,2,65,last_prompt,random_j_2,hedging,1,0.02628365159034729
aggregate-control-3-202-+0.5-notebook-0.6-128,aggregate-control-3,202,0.5,steered,2,65,last_prompt,random_j_2,hedging,1,0.03432425558567047
aggregate-target-101-+0.5-notebook-0.6-128,aggregate-target,101,0.5,steered,2,65,last_prompt,random_j_2,hedging,1,0.06269970536231995
aggregate-target-202-+0.5-notebook-0.6-128,aggregate-target,202,0.5,steered,2,65,last_prompt,random_j_2,hedging,1,0.048994708061218264
aggregate-control-1-101-+0.5-notebook-0.6-128,aggregate-control-1,101,0.5,steered,2,65,last_prompt,random_j_2,honesty,1,-0.06456510126590728
aggregate-control-1-202-+0.5-notebook-0.6-128,aggregate-control-1,202,0.5,steered,2,65,last_prompt,random_j_2,honesty,1,-0.07239331901073456
aggregate-control-2-101-+0.5-notebook-0.6-128,aggregate-control-2,101,0.5,steered,2,65,last_prompt,random_j_2,honesty,1,0.08774352669715882
aggregate-control-2-202-+0.5-notebook-0.6-128,aggregate-control-2,202,0.5,steered,2,65,last_prompt,random_j_2,honesty,1,0.09775147959589958
aggregate-control-3-101-+0.5-notebook-0.6-128,aggregate-control-3,101,0.5,steered,2,65,last_prompt,random_j_2,honesty,1,-0.03262072503566742
aggregate-control-3-202-+0.5-notebook-0.6-128,aggregate-control-3,202,0.5,steered,2,65,last_prompt,random_j_2,honesty,1,-0.03714108243584633
aggregate-target-101-+0.5-notebook-0.6-128,aggregate-target,101,0.5,steered,2,65,last_prompt,random_j_2,honesty,1,0.04703711271286011
aggregate-target-202-+0.5-notebook-0.6-128,aggregate-target,202,0.5,steered,2,65,last_prompt,random_j_2,honesty,1,0.07911845743656158
aggregate-control-1-101-+0.5-notebook-0.6-128,aggregate-control-1,101,0.5,steered,2,65,last_prompt,random_j_2,intervention,1,-0.0033584237098693848
aggregate-control-1-202-+0.5-notebook-0.6-128,aggregate-control-1,202,0.5,steered,2,65,last_prompt,random_j_2,intervention,1,0.01688365348511272
aggregate-control-2-101-+0.5-notebook-0.6-128,aggregate-control-2,101,0.5,steered,2,65,last_prompt,random_j_2,intervention,1,-0.05226286252339681
aggregate-control-2-202-+0.5-notebook-0.6-128,aggregate-control-2,202,0.5,steered,2,65,last_prompt,random_j_2,intervention,1,-0.04339882731437683
aggregate-control-3-101-+0.5-notebook-0.6-128,aggregate-control-3,101,0.5,steered,2,65,last_prompt,random_j_2,intervention,1,-0.06343467202451494
aggregate-control-3-202-+0.5-notebook-0.6-128,aggregate-control-3,202,0.5,steered,2,65,last_prompt,random_j_2,intervention,1,-0.06496169169743855
aggregate-target-101-+0.5-notebook-0.6-128,aggregate-target,101,0.5,steered,2,65,last_prompt,random_j_2,intervention,1,0.020567768149905734
aggregate-target-202-+0.5-notebook-0.6-128,aggregate-target,202,0.5,steered,2,65,last_prompt,random_j_2,intervention,1,0.029943267504374187
aggregate-control-1-101-+0.5-notebook-0.6-128,aggregate-control-1,101,0.5,steered,2,65,last_prompt,random_j_2,roleplay,1,-0.018590630756484136
aggregate-control-1-202-+0.5-notebook-0.6-128,aggregate-control-1,202,0.5,steered,2,65,last_prompt,random_j_2,roleplay,1,-0.03556698395146264
aggregate-control-2-101-+0.5-notebook-0.6-128,aggregate-control-2,101,0.5,steered,2,65,last_prompt,random_j_2,roleplay,1,0.02422965731885698
aggregate-control-2-202-+0.5-notebook-0.6-128,aggregate-control-2,202,0.5,steered,2,65,last_prompt,random_j_2,roleplay,1,0.02714812093310886
aggregate-control-3-101-+0.5-notebook-0.6-128,aggregate-control-3,101,0.5,steered,2,65,last_prompt,random_j_2,roleplay,1,0.001850691106584337
aggregate-control-3-202-+0.5-notebook-0.6-128,aggregate-control-3,202,0.5,steered,2,65,last_prompt,random_j_2,roleplay,1,0.003049701452255249
aggregate-target-101-+0.5-notebook-0.6-128,aggregate-target,101,0.5,steered,2,65,last_prompt,random_j_2,roleplay,1,0.03516795900132921
aggregate-target-202-+0.5-notebook-0.6-128,aggregate-target,202,0.5,steered,2,65,last_prompt,random_j_2,roleplay,1,0.06591331793202294
aggregate-control-1-101-+0.5-notebook-0.6-128,aggregate-control-1,101,0.5,steered,2,65,last_prompt,random_j_2,unrelated,1,-0.028410836309194564
aggregate-control-1-202-+0.5-notebook-0.6-128,aggregate-control-1,202,0.5,steered,2,65,last_prompt,random_j_2,unrelated,1,-0.027126196026802062
aggregate-control-2-101-+0.5-notebook-0.6-128,aggregate-control-2,101,0.5,steered,2,65,last_prompt,random_j_2,unrelated,1,0.04272585175931454
aggregate-control-2-202-+0.5-notebook-0.6-128,aggregate-control-2,202,0.5,steered,2,65,last_prompt,random_j_2,unrelated,1,0.036662594974040986
aggregate-control-3-101-+0.5-notebook-0.6-128,aggregate-control-3,101,0.5,steered,2,65,last_prompt,random_j_2,unrelated,1,0.06271286122500896
aggregate-control-3-202-+0.5-notebook-0.6-128,aggregate-control-3,202,0.5,steered,2,65,last_prompt,random_j_2,unrelated,1,0.05714583992958069
aggregate-target-101-+0.5-notebook-0.6-128,aggregate-target,101,0.5,steered,2,65,last_prompt,random_j_2,unrelated,1,-0.0839793100953102
aggregate-target-202-+0.5-notebook-0.6-128,aggregate-target,202,0.5,steered,2,65,last_prompt,random_j_2,unrelated,1,-0.0991110473871231
aggregate-control-1-101-+0.5-notebook-0.6-128,aggregate-control-1,101,0.5,steered,2,65,last_prompt,random_j_3,deception,1,0.018509362637996674
aggregate-control-1-202-+0.5-notebook-0.6-128,aggregate-control-1,202,0.5,steered,2,65,last_prompt,random_j_3,deception,1,-0.0033739566802978515
aggregate-control-2-101-+0.5-notebook-0.6-128,aggregate-control-2,101,0.5,steered,2,65,last_prompt,random_j_3,deception,1,0.06393589973449706
aggregate-control-2-202-+0.5-notebook-0.6-128,aggregate-control-2,202,0.5,steered,2,65,last_prompt,random_j_3,deception,1,0.05997473299503327
aggregate-control-3-101-+0.5-notebook-0.6-128,aggregate-control-3,101,0.5,steered,2,65,last_prompt,random_j_3,deception,1,0.03832664340734482
aggregate-control-3-202-+0.5-notebook-0.6-128,aggregate-control-3,202,0.5,steered,2,65,last_prompt,random_j_3,deception,1,0.03820654153823853
aggregate-target-101-+0.5-notebook-0.6-128,aggregate-target,101,0.5,steered,2,65,last_prompt,random_j_3,deception,1,-0.043024852871894836
aggregate-target-202-+0.5-notebook-0.6-128,aggregate-target,202,0.5,steered,2,65,last_prompt,random_j_3,deception,1,-0.04409734457731247
aggregate-control-1-101-+0.5-notebook-0.6-128,aggregate-control-1,101,0.5,steered,2,65,last_prompt,random_j_3,experience,1,0.07032541433970134
aggregate-control-1-202-+0.5-notebook-0.6-128,aggregate-control-1,202,0.5,steered,2,65,last_prompt,random_j_3,experience,1,0.07794400635692808
aggregate-control-2-101-+0.5-notebook-0.6-128,aggregate-control-2,101,0.5,steered,2,65,last_prompt,random_j_3,experience,1,-0.004393163654539321
aggregate-control-2-202-+0.5-notebook-0.6-128,aggregate-control-2,202,0.5,steered,2,65,last_prompt,random_j_3,experience,1,-0.018610320157474942
aggregate-control-3-101-+0.5-notebook-0.6-128,aggregate-control-3,101,0.5,steered,2,65,last_prompt,random_j_3,experience,1,0.02728796750307083
aggregate-control-3-202-+0.5-notebook-0.6-128,aggregate-control-3,202,0.5,steered,2,65,last_prompt,random_j_3,experience,1,0.03366475138399336
aggregate-target-101-+0.5-notebook-0.6-128,aggregate-target,101,0.5,steered,2,65,last_prompt,random_j_3,experience,1,-0.09296421872244941
aggregate-target-202-+0.5-notebook-0.6-128,aggregate-target,202,0.5,steered,2,65,last_prompt,random_j_3,experience,1,-0.08949281358056599
aggregate-control-1-101-+0.5-notebook-0.6-128,aggregate-control-1,101,0.5,steered,2,65,last_prompt,random_j_3,hedging,1,-0.04247561171650886
aggregate-control-1-202-+0.5-notebook-0.6-128,aggregate-control-1,202,0.5,steered,2,65,last_prompt,random_j_3,hedging,1,-0.03828961998224258
aggregate-control-2-101-+0.5-notebook-0.6-128,aggregate-control-2,101,0.5,steered,2,65,last_prompt,random_j_3,hedging,1,-0.0037460677325725556
aggregate-control-2-202-+0.5-notebook-0.6-128,aggregate-control-2,202,0.5,steered,2,65,last_prompt,random_j_3,hedging,1,-0.006279820203781128
aggregate-control-3-101-+0.5-notebook-0.6-128,aggregate-control-3,101,0.5,steered,2,65,last_prompt,random_j_3,hedging,1,0.07104981765151024
aggregate-control-3-202-+0.5-notebook-0.6-128,aggregate-control-3,202,0.5,steered,2,65,last_prompt,random_j_3,hedging,1,0.07022778093814849
aggregate-target-101-+0.5-notebook-0.6-128,aggregate-target,101,0.5,steered,2,65,last_prompt,random_j_3,hedging,1,-0.051885287091135976
aggregate-target-202-+0.5-notebook-0.6-128,aggregate-target,202,0.5,steered,2,65,last_prompt,random_j_3,hedging,1,-0.05752782821655274
aggregate-control-1-101-+0.5-notebook-0.6-128,aggregate-control-1,101,0.5,steered,2,65,last_prompt,random_j_3,honesty,1,0.014566637575626373
aggregate-control-1-202-+0.5-notebook-0.6-128,aggregate-control-1,202,0.5,steered,2,65,last_prompt,random_j_3,honesty,1,-0.0010077536106109619
aggregate-control-2-101-+0.5-notebook-0.6-128,aggregate-control-2,101,0.5,steered,2,65,last_prompt,random_j_3,honesty,1,-0.03536964505910874
aggregate-control-2-202-+0.5-notebook-0.6-128,aggregate-control-2,202,0.5,steered,2,65,last_prompt,random_j_3,honesty,1,-0.05027078688144684
aggregate-control-3-101-+0.5-notebook-0.6-128,aggregate-control-3,101,0.5,steered,2,65,last_prompt,random_j_3,honesty,1,0.040494924783706664
aggregate-control-3-202-+0.5-notebook-0.6-128,aggregate-control-3,202,0.5,steered,2,65,last_prompt,random_j_3,honesty,1,0.03702201992273331
aggregate-target-101-+0.5-notebook-0.6-128,aggregate-target,101,0.5,steered,2,65,last_prompt,random_j_3,honesty,1,-0.00916828066110611
aggregate-target-202-+0.5-notebook-0.6-128,aggregate-target,202,0.5,steered,2,65,last_prompt,random_j_3,honesty,1,-0.01163114607334137
aggregate-control-1-101-+0.5-notebook-0.6-128,aggregate-control-1,101,0.5,steered,2,65,last_prompt,random_j_3,intervention,1,-0.016586106684472825
aggregate-control-1-202-+0.5-notebook-0.6-128,aggregate-control-1,202,0.5,steered,2,65,last_prompt,random_j_3,intervention,1,-0.041378711660703026
aggregate-control-2-101-+0.5-notebook-0.6-128,aggregate-control-2,101,0.5,steered,2,65,last_prompt,random_j_3,intervention,1,-0.036159550150235496
aggregate-control-2-202-+0.5-notebook-0.6-128,aggregate-control-2,202,0.5,steered,2,65,last_prompt,random_j_3,intervention,1,-0.044624653127458364
aggregate-control-3-101-+0.5-notebook-0.6-128,aggregate-control-3,101,0.5,steered,2,65,last_prompt,random_j_3,intervention,1,0.06536333594057295
aggregate-control-3-202-+0.5-notebook-0.6-128,aggregate-control-3,202,0.5,steered,2,65,last_prompt,random_j_3,intervention,1,0.06656272047095829
aggregate-target-101-+0.5-notebook-0.6-128,aggregate-target,101,0.5,steered,2,65,last_prompt,random_j_3,intervention,1,0.04234702057308621
aggregate-target-202-+0.5-notebook-0.6-128,aggregate-target,202,0.5,steered,2,65,last_prompt,random_j_3,intervention,1,0.032972868945863515
aggregate-control-1-101-+0.5-notebook-0.6-128,aggregate-control-1,101,0.5,steered,2,65,last_prompt,random_j_3,roleplay,1,0.03982926739586724
aggregate-control-1-202-+0.5-notebook-0.6-128,aggregate-control-1,202,0.5,steered,2,65,last_prompt,random_j_3,roleplay,1,0.03677391343646579
aggregate-control-2-101-+0.5-notebook-0.6-128,aggregate-control-2,101,0.5,steered,2,65,last_prompt,random_j_3,roleplay,1,0.0028612646791670057
aggregate-control-2-202-+0.5-notebook-0.6-128,aggregate-control-2,202,0.5,steered,2,65,last_prompt,random_j_3,roleplay,1,-0.015138450596067641
aggregate-control-3-101-+0.5-notebook-0.6-128,aggregate-control-3,101,0.5,steered,2,65,last_prompt,random_j_3,roleplay,1,0.016009085708194308
aggregate-control-3-202-+0.5-notebook-0.6-128,aggregate-control-3,202,0.5,steered,2,65,last_prompt,random_j_3,roleplay,1,-0.0020850300788879395
aggregate-target-101-+0.5-notebook-0.6-128,aggregate-target,101,0.5,steered,2,65,last_prompt,random_j_3,roleplay,1,0.0020410948329501683
aggregate-target-202-+0.5-notebook-0.6-128,aggregate-target,202,0.5,steered,2,65,last_prompt,random_j_3,roleplay,1,0.0164443122016059
aggregate-control-1-101-+0.5-notebook-0.6-128,aggregate-control-1,101,0.5,steered,2,65,last_prompt,random_j_3,unrelated,1,0.017532041668891905
aggregate-control-1-202-+0.5-notebook-0.6-128,aggregate-control-1,202,0.5,steered,2,65,last_prompt,random_j_3,unrelated,1,0.013902628421783447
aggregate-control-2-101-+0.5-notebook-0.6-128,aggregate-control-2,101,0.5,steered,2,65,last_prompt,random_j_3,unrelated,1,-0.022478511929512023
aggregate-control-2-202-+0.5-notebook-0.6-128,aggregate-control-2,202,0.5,steered,2,65,last_prompt,random_j_3,unrelated,1,-0.00251641571521759
aggregate-control-3-101-+0.5-notebook-0.6-128,aggregate-control-3,101,0.5,steered,2,65,last_prompt,random_j_3,unrelated,1,-0.020206746459007264
aggregate-control-3-202-+0.5-notebook-0.6-128,aggregate-control-3,202,0.5,steered,2,65,last_prompt,random_j_3,unrelated,1,-0.008191382884979248
aggregate-target-101-+0.5-notebook-0.6-128,aggregate-target,101,0.5,steered,2,65,last_prompt,random_j_3,unrelated,1,0.08572477996349334
aggregate-target-202-+0.5-notebook-0.6-128,aggregate-target,202,0.5,steered,2,65,last_prompt,random_j_3,unrelated,1,0.09013436734676361
aggregate-control-1-101-+0.5-notebook-0.6-128,aggregate-control-1,101,0.5,steered,2,65,last_prompt,random_j_4,deception,1,0.04401688277721405
aggregate-control-1-202-+0.5-notebook-0.6-128,aggregate-control-1,202,0.5,steered,2,65,last_prompt,random_j_4,deception,1,0.05233164429664612
aggregate-control-2-101-+0.5-notebook-0.6-128,aggregate-control-2,101,0.5,steered,2,65,last_prompt,random_j_4,deception,1,-0.07960933148860931
aggregate-control-2-202-+0.5-notebook-0.6-128,aggregate-control-2,202,0.5,steered,2,65,last_prompt,random_j_4,deception,1,-0.07495660781860351
aggregate-control-3-101-+0.5-notebook-0.6-128,aggregate-control-3,101,0.5,steered,2,65,last_prompt,random_j_4,deception,1,-0.0297320157289505
aggregate-control-3-202-+0.5-notebook-0.6-128,aggregate-control-3,202,0.5,steered,2,65,last_prompt,random_j_4,deception,1,-0.04164693653583527
aggregate-target-101-+0.5-notebook-0.6-128,aggregate-target,101,0.5,steered,2,65,last_prompt,random_j_4,deception,1,-0.10397618114948273
aggregate-target-202-+0.5-notebook-0.6-128,aggregate-target,202,0.5,steered,2,65,last_prompt,random_j_4,deception,1,-0.09025432765483857
aggregate-control-1-101-+0.5-notebook-0.6-128,aggregate-control-1,101,0.5,steered,2,65,last_prompt,random_j_4,experience,1,0.0392632062236468
aggregate-control-1-202-+0.5-notebook-0.6-128,aggregate-control-1,202,0.5,steered,2,65,last_prompt,random_j_4,experience,1,0.019031715889771778
aggregate-control-2-101-+0.5-notebook-0.6-128,aggregate-control-2,101,0.5,steered,2,65,last_prompt,random_j_4,experience,1,-0.058931957102484174
aggregate-control-2-202-+0.5-notebook-0.6-128,aggregate-control-2,202,0.5,steered,2,65,last_prompt,random_j_4,experience,1,-0.05533865176969104
aggregate-control-3-101-+0.5-notebook-0.6-128,aggregate-control-3,101,0.5,steered,2,65,last_prompt,random_j_4,experience,1,0.10347613278362486
aggregate-control-3-202-+0.5-notebook-0.6-128,aggregate-control-3,202,0.5,steered,2,65,last_prompt,random_j_4,experience,1,0.11140238328112496
aggregate-target-101-+0.5-notebook-0.6-128,aggregate-target,101,0.5,steered,2,65,last_prompt,random_j_4,experience,1,-0.15644863330655628
aggregate-target-202-+0.5-notebook-0.6-128,aggregate-target,202,0.5,steered,2,65,last_prompt,random_j_4,experience,1,-0.15680178710156017
aggregate-control-1-101-+0.5-notebook-0.6-128,aggregate-control-1,101,0.5,steered,2,65,last_prompt,random_j_4,hedging,1,0.008817586302757262
aggregate-control-1-202-+0.5-notebook-0.6-128,aggregate-control-1,202,0.5,steered,2,65,last_prompt,random_j_4,hedging,1,0.02071661651134491
aggregate-control-2-101-+0.5-notebook-0.6-128,aggregate-control-2,101,0.5,steered,2,65,last_prompt,random_j_4,hedging,1,-0.06859212219715119
aggregate-control-2-202-+0.5-notebook-0.6-128,aggregate-control-2,202,0.5,steered,2,65,last_prompt,random_j_4,hedging,1,-0.05951553136110306
aggregate-control-3-101-+0.5-notebook-0.6-128,aggregate-control-3,101,0.5,steered,2,65,last_prompt,random_j_4,hedging,1,0.026168712973594667
aggregate-control-3-202-+0.5-notebook-0.6-128,aggregate-control-3,202,0.5,steered,2,65,last_prompt,random_j_4,hedging,1,0.03522368967533111
aggregate-target-101-+0.5-notebook-0.6-128,aggregate-target,101,0.5,steered,2,65,last_prompt,random_j_4,hedging,1,-0.013553057610988618
aggregate-target-202-+0.5-notebook-0.6-128,aggregate-target,202,0.5,steered,2,65,last_prompt,random_j_4,hedging,1,-0.011398114264011383
aggregate-control-1-101-+0.5-notebook-0.6-128,aggregate-control-1,101,0.5,steered,2,65,last_prompt,random_j_4,honesty,1,-0.0118522047996521
aggregate-control-1-202-+0.5-notebook-0.6-128,aggregate-control-1,202,0.5,steered,2,65,last_prompt,random_j_4,honesty,1,-0.05943276435136795
aggregate-control-2-101-+0.5-notebook-0.6-128,aggregate-control-2,101,0.5,steered,2,65,last_prompt,random_j_4,honesty,1,-0.11283428966999054
aggregate-control-2-202-+0.5-notebook-0.6-128,aggregate-control-2,202,0.5,steered,2,65,last_prompt,random_j_4,honesty,1,-0.10902017578482628
aggregate-control-3-101-+0.5-notebook-0.6-128,aggregate-control-3,101,0.5,steered,2,65,last_prompt,random_j_4,honesty,1,0.02568308115005493
aggregate-control-3-202-+0.5-notebook-0.6-128,aggregate-control-3,202,0.5,steered,2,65,last_prompt,random_j_4,honesty,1,0.01908383294939995
aggregate-target-101-+0.5-notebook-0.6-128,aggregate-target,101,0.5,steered,2,65,last_prompt,random_j_4,honesty,1,-0.011881938576698304
aggregate-target-202-+0.5-notebook-0.6-128,aggregate-target,202,0.5,steered,2,65,last_prompt,random_j_4,honesty,1,-0.011627070605754852
aggregate-control-1-101-+0.5-notebook-0.6-128,aggregate-control-1,101,0.5,steered,2,65,last_prompt,random_j_4,intervention,1,0.029750709732373554
aggregate-control-1-202-+0.5-notebook-0.6-128,aggregate-control-1,202,0.5,steered,2,65,last_prompt,random_j_4,intervention,1,0.018165402942233615
aggregate-control-2-101-+0.5-notebook-0.6-128,aggregate-control-2,101,0.5,steered,2,65,last_prompt,random_j_4,intervention,1,-0.050817403528425426
aggregate-control-2-202-+0.5-notebook-0.6-128,aggregate-control-2,202,0.5,steered,2,65,last_prompt,random_j_4,intervention,1,-0.054586650596724615
aggregate-control-3-101-+0.5-notebook-0.6-128,aggregate-control-3,101,0.5,steered,2,65,last_prompt,random_j_4,intervention,1,0.012065064575937059
aggregate-control-3-202-+0.5-notebook-0.6-128,aggregate-control-3,202,0.5,steered,2,65,last_prompt,random_j_4,intervention,1,0.0008151729901631674
aggregate-target-101-+0.5-notebook-0.6-128,aggregate-target,101,0.5,steered,2,65,last_prompt,random_j_4,intervention,1,0.004109212093883091
aggregate-target-202-+0.5-notebook-0.6-128,aggregate-target,202,0.5,steered,2,65,last_prompt,random_j_4,intervention,1,0.018537057770623103
aggregate-control-1-101-+0.5-notebook-0.6-128,aggregate-control-1,101,0.5,steered,2,65,last_prompt,random_j_4,roleplay,1,-0.11427122271723217
aggregate-control-1-202-+0.5-notebook-0.6-128,aggregate-control-1,202,0.5,steered,2,65,last_prompt,random_j_4,roleplay,1,-0.1109882609711753
aggregate-control-2-101-+0.5-notebook-0.6-128,aggregate-control-2,101,0.5,steered,2,65,last_prompt,random_j_4,roleplay,1,0.053282731109195285
aggregate-control-2-202-+0.5-notebook-0.6-128,aggregate-control-2,202,0.5,steered,2,65,last_prompt,random_j_4,roleplay,1,0.054956515630086265
aggregate-control-3-101-+0.5-notebook-0.6-128,aggregate-control-3,101,0.5,steered,2,65,last_prompt,random_j_4,roleplay,1,0.03117670284377204
aggregate-control-3-202-+0.5-notebook-0.6-128,aggregate-control-3,202,0.5,steered,2,65,last_prompt,random_j_4,roleplay,1,0.018207095977332857
aggregate-target-101-+0.5-notebook-0.6-128,aggregate-target,101,0.5,steered,2,65,last_prompt,random_j_4,roleplay,1,-0.0820471342239115
aggregate-target-202-+0.5-notebook-0.6-128,aggregate-target,202,0.5,steered,2,65,last_prompt,random_j_4,roleplay,1,-0.07891604138745202
aggregate-control-1-101-+0.5-notebook-0.6-128,aggregate-control-1,101,0.5,steered,2,65,last_prompt,random_j_4,unrelated,1,0.048513194918632506
aggregate-control-1-202-+0.5-notebook-0.6-128,aggregate-control-1,202,0.5,steered,2,65,last_prompt,random_j_4,unrelated,1,0.029900498688220978
aggregate-control-2-101-+0.5-notebook-0.6-128,aggregate-control-2,101,0.5,steered,2,65,last_prompt,random_j_4,unrelated,1,0.010106484591960906
aggregate-control-2-202-+0.5-notebook-0.6-128,aggregate-control-2,202,0.5,steered,2,65,last_prompt,random_j_4,unrelated,1,0.002360234409570694
aggregate-control-3-101-+0.5-notebook-0.6-128,aggregate-control-3,101,0.5,steered,2,65,last_prompt,random_j_4,unrelated,1,0.029788611829280852
aggregate-control-3-202-+0.5-notebook-0.6-128,aggregate-control-3,202,0.5,steered,2,65,last_prompt,random_j_4,unrelated,1,0.04430725798010826
aggregate-target-101-+0.5-notebook-0.6-128,aggregate-target,101,0.5,steered,2,65,last_prompt,random_j_4,unrelated,1,0.044863705337047574
aggregate-target-202-+0.5-notebook-0.6-128,aggregate-target,202,0.5,steered,2,65,last_prompt,random_j_4,unrelated,1,0.052218875288963316
aggregate-control-1-101-+0.5-notebook-0.6-128,aggregate-control-1,101,0.5,steered,2,65,last_prompt,random_j_5,deception,1,-0.09190891236066819
aggregate-control-1-202-+0.5-notebook-0.6-128,aggregate-control-1,202,0.5,steered,2,65,last_prompt,random_j_5,deception,1,-0.10393585488200188
aggregate-control-2-101-+0.5-notebook-0.6-128,aggregate-control-2,101,0.5,steered,2,65,last_prompt,random_j_5,deception,1,-0.005707873404026032
aggregate-control-2-202-+0.5-notebook-0.6-128,aggregate-control-2,202,0.5,steered,2,65,last_prompt,random_j_5,deception,1,-0.02029386758804321
aggregate-control-3-101-+0.5-notebook-0.6-128,aggregate-control-3,101,0.5,steered,2,65,last_prompt,random_j_5,deception,1,-0.09483698830008506
aggregate-control-3-202-+0.5-notebook-0.6-128,aggregate-control-3,202,0.5,steered,2,65,last_prompt,random_j_5,deception,1,-0.10868731737136841
aggregate-target-101-+0.5-notebook-0.6-128,aggregate-target,101,0.5,steered,2,65,last_prompt,random_j_5,deception,1,-0.13388685882091522
aggregate-target-202-+0.5-notebook-0.6-128,aggregate-target,202,0.5,steered,2,65,last_prompt,random_j_5,deception,1,-0.12225683629512787
aggregate-control-1-101-+0.5-notebook-0.6-128,aggregate-control-1,101,0.5,steered,2,65,last_prompt,random_j_5,experience,1,-0.07636177374256982
aggregate-control-1-202-+0.5-notebook-0.6-128,aggregate-control-1,202,0.5,steered,2,65,last_prompt,random_j_5,experience,1,-0.06984785364733802
aggregate-control-2-101-+0.5-notebook-0.6-128,aggregate-control-2,101,0.5,steered,2,65,last_prompt,random_j_5,experience,1,0.08762277828322516
aggregate-control-2-202-+0.5-notebook-0.6-128,aggregate-control-2,202,0.5,steered,2,65,last_prompt,random_j_5,experience,1,0.05752334992090861
aggregate-control-3-101-+0.5-notebook-0.6-128,aggregate-control-3,101,0.5,steered,2,65,last_prompt,random_j_5,experience,1,0.0394903818766276
aggregate-control-3-202-+0.5-notebook-0.6-128,aggregate-control-3,202,0.5,steered,2,65,last_prompt,random_j_5,experience,1,0.03525466389126248
aggregate-target-101-+0.5-notebook-0.6-128,aggregate-target,101,0.5,steered,2,65,last_prompt,random_j_5,experience,1,-0.15609998918241924
aggregate-target-202-+0.5-notebook-0.6-128,aggregate-target,202,0.5,steered,2,65,last_prompt,random_j_5,experience,1,-0.14905717968940735
aggregate-control-1-101-+0.5-notebook-0.6-128,aggregate-control-1,101,0.5,steered,2,65,last_prompt,random_j_5,hedging,1,0.03591222763061523
aggregate-control-1-202-+0.5-notebook-0.6-128,aggregate-control-1,202,0.5,steered,2,65,last_prompt,random_j_5,hedging,1,0.023421961069107055
aggregate-control-2-101-+0.5-notebook-0.6-128,aggregate-control-2,101,0.5,steered,2,65,last_prompt,random_j_5,hedging,1,0.024592646956443788
aggregate-control-2-202-+0.5-notebook-0.6-128,aggregate-control-2,202,0.5,steered,2,65,last_prompt,random_j_5,hedging,1,0.021002990007400513
aggregate-control-3-101-+0.5-notebook-0.6-128,aggregate-control-3,101,0.5,steered,2,65,last_prompt,random_j_5,hedging,1,-0.08072316646575928
aggregate-control-3-202-+0.5-notebook-0.6-128,aggregate-control-3,202,0.5,steered,2,65,last_prompt,random_j_5,hedging,1,-0.09508498311042786
aggregate-target-101-+0.5-notebook-0.6-128,aggregate-target,101,0.5,steered,2,65,last_prompt,random_j_5,hedging,1,-0.13265446275472642
aggregate-target-202-+0.5-notebook-0.6-128,aggregate-target,202,0.5,steered,2,65,last_prompt,random_j_5,hedging,1,-0.14267759919166564
aggregate-control-1-101-+0.5-notebook-0.6-128,aggregate-control-1,101,0.5,steered,2,65,last_prompt,random_j_5,honesty,1,-0.04542251229286194
aggregate-control-1-202-+0.5-notebook-0.6-128,aggregate-control-1,202,0.5,steered,2,65,last_prompt,random_j_5,honesty,1,-0.04910521358251572
aggregate-control-2-101-+0.5-notebook-0.6-128,aggregate-control-2,101,0.5,steered,2,65,last_prompt,random_j_5,honesty,1,-0.12649233937263488
aggregate-control-2-202-+0.5-notebook-0.6-128,aggregate-control-2,202,0.5,steered,2,65,last_prompt,random_j_5,honesty,1,-0.11721792295575142
aggregate-control-3-101-+0.5-notebook-0.6-128,aggregate-control-3,101,0.5,steered,2,65,last_prompt,random_j_5,honesty,1,0.08153382539749146
aggregate-control-3-202-+0.5-notebook-0.6-128,aggregate-control-3,202,0.5,steered,2,65,last_prompt,random_j_5,honesty,1,0.08254290968179703
aggregate-target-101-+0.5-notebook-0.6-128,aggregate-target,101,0.5,steered,2,65,last_prompt,random_j_5,honesty,1,-0.10828720331192017
aggregate-target-202-+0.5-notebook-0.6-128,aggregate-target,202,0.5,steered,2,65,last_prompt,random_j_5,honesty,1,-0.09670155830681323
aggregate-control-1-101-+0.5-notebook-0.6-128,aggregate-control-1,101,0.5,steered,2,65,last_prompt,random_j_5,intervention,1,-0.017295222729444504
aggregate-control-1-202-+0.5-notebook-0.6-128,aggregate-control-1,202,0.5,steered,2,65,last_prompt,random_j_5,intervention,1,-0.007077592942449782
aggregate-control-2-101-+0.5-notebook-0.6-128,aggregate-control-2,101,0.5,steered,2,65,last_prompt,random_j_5,intervention,1,0.005891688995891147
aggregate-control-2-202-+0.5-notebook-0.6-128,aggregate-control-2,202,0.5,steered,2,65,last_prompt,random_j_5,intervention,1,0.028409936361842685
aggregate-control-3-101-+0.5-notebook-0.6-128,aggregate-control-3,101,0.5,steered,2,65,last_prompt,random_j_5,intervention,1,-0.06605547997686598
aggregate-control-3-202-+0.5-notebook-0.6-128,aggregate-control-3,202,0.5,steered,2,65,last_prompt,random_j_5,intervention,1,-0.05270406107107798
aggregate-target-101-+0.5-notebook-0.6-128,aggregate-target,101,0.5,steered,2,65,last_prompt,random_j_5,intervention,1,-0.012186648117171394
aggregate-target-202-+0.5-notebook-0.6-128,aggregate-target,202,0.5,steered,2,65,last_prompt,random_j_5,intervention,1,0.006268919342093998
aggregate-control-1-101-+0.5-notebook-0.6-128,aggregate-control-1,101,0.5,steered,2,65,last_prompt,random_j_5,roleplay,1,-0.0523501154449251
aggregate-control-1-202-+0.5-notebook-0.6-128,aggregate-control-1,202,0.5,steered,2,65,last_prompt,random_j_5,roleplay,1,-0.044369777043660484
aggregate-control-2-101-+0.5-notebook-0.6-128,aggregate-control-2,101,0.5,steered,2,65,last_prompt,random_j_5,roleplay,1,0.01762267119354672
aggregate-control-2-202-+0.5-notebook-0.6-128,aggregate-control-2,202,0.5,steered,2,65,last_prompt,random_j_5,roleplay,1,0.015581299861272177
aggregate-control-3-101-+0.5-notebook-0.6-128,aggregate-control-3,101,0.5,steered,2,65,last_prompt,random_j_5,roleplay,1,-0.029576493634117976
aggregate-control-3-202-+0.5-notebook-0.6-128,aggregate-control-3,202,0.5,steered,2,65,last_prompt,random_j_5,roleplay,1,-0.04038351939784156
aggregate-target-101-+0.5-notebook-0.6-128,aggregate-target,101,0.5,steered,2,65,last_prompt,random_j_5,roleplay,1,0.023228792680634394
aggregate-target-202-+0.5-notebook-0.6-128,aggregate-target,202,0.5,steered,2,65,last_prompt,random_j_5,roleplay,1,0.03635752863354153
aggregate-control-1-101-+0.5-notebook-0.6-128,aggregate-control-1,101,0.5,steered,2,65,last_prompt,random_j_5,unrelated,1,0.006944287940859795
aggregate-control-1-202-+0.5-notebook-0.6-128,aggregate-control-1,202,0.5,steered,2,65,last_prompt,random_j_5,unrelated,1,-0.005112174153327942
aggregate-control-2-101-+0.5-notebook-0.6-128,aggregate-control-2,101,0.5,steered,2,65,last_prompt,random_j_5,unrelated,1,0.010300517827272416
aggregate-control-2-202-+0.5-notebook-0.6-128,aggregate-control-2,202,0.5,steered,2,65,last_prompt,random_j_5,unrelated,1,0.01656636968255043
aggregate-control-3-101-+0.5-notebook-0.6-128,aggregate-control-3,101,0.5,steered,2,65,last_prompt,random_j_5,unrelated,1,-0.018344927579164505
aggregate-control-3-202-+0.5-notebook-0.6-128,aggregate-control-3,202,0.5,steered,2,65,last_prompt,random_j_5,unrelated,1,-0.016476263478398322
aggregate-target-101-+0.5-notebook-0.6-128,aggregate-target,101,0.5,steered,2,65,last_prompt,random_j_5,unrelated,1,0.047529705241322516
aggregate-target-202-+0.5-notebook-0.6-128,aggregate-target,202,0.5,steered,2,65,last_prompt,random_j_5,unrelated,1,0.035577370598912236
aggregate-control-1-101-+0.5-notebook-0.6-128,aggregate-control-1,101,0.5,steered,2,78,last_prompt,identity,deception,1,-0.007595496624708176
aggregate-control-1-202-+0.5-notebook-0.6-128,aggregate-control-1,202,0.5,steered,2,78,last_prompt,identity,deception,1,-0.023801159858703614
aggregate-control-2-101-+0.5-notebook-0.6-128,aggregate-control-2,101,0.5,steered,2,78,last_prompt,identity,deception,1,0.01563691198825836
aggregate-control-2-202-+0.5-notebook-0.6-128,aggregate-control-2,202,0.5,steered,2,78,last_prompt,identity,deception,1,0.006745230406522751
aggregate-control-3-101-+0.5-notebook-0.6-128,aggregate-control-3,101,0.5,steered,2,78,last_prompt,identity,deception,1,-0.027058796584606172
aggregate-control-3-202-+0.5-notebook-0.6-128,aggregate-control-3,202,0.5,steered,2,78,last_prompt,identity,deception,1,-0.04154083356261253
aggregate-target-101-+0.5-notebook-0.6-128,aggregate-target,101,0.5,steered,2,78,last_prompt,identity,deception,1,0.3578087672591209
aggregate-target-202-+0.5-notebook-0.6-128,aggregate-target,202,0.5,steered,2,78,last_prompt,identity,deception,1,0.32539997100830076
aggregate-control-1-101-+0.5-notebook-0.6-128,aggregate-control-1,101,0.5,steered,2,78,last_prompt,identity,experience,1,-0.04476370414098104
aggregate-control-1-202-+0.5-notebook-0.6-128,aggregate-control-1,202,0.5,steered,2,78,last_prompt,identity,experience,1,-0.015376468499501547
aggregate-control-2-101-+0.5-notebook-0.6-128,aggregate-control-2,101,0.5,steered,2,78,last_prompt,identity,experience,1,-0.15712578429116142
aggregate-control-2-202-+0.5-notebook-0.6-128,aggregate-control-2,202,0.5,steered,2,78,last_prompt,identity,experience,1,-0.11486048830880059
aggregate-control-3-101-+0.5-notebook-0.6-128,aggregate-control-3,101,0.5,steered,2,78,last_prompt,identity,experience,1,0.010848277144961886
aggregate-control-3-202-+0.5-notebook-0.6-128,aggregate-control-3,202,0.5,steered,2,78,last_prompt,identity,experience,1,-0.02855249908235338
aggregate-target-101-+0.5-notebook-0.6-128,aggregate-target,101,0.5,steered,2,78,last_prompt,identity,experience,1,0.05055452717675103
aggregate-target-202-+0.5-notebook-0.6-128,aggregate-target,202,0.5,steered,2,78,last_prompt,identity,experience,1,0.054479493035210505
aggregate-control-1-101-+0.5-notebook-0.6-128,aggregate-control-1,101,0.5,steered,2,78,last_prompt,identity,hedging,1,0.012671853601932525
aggregate-control-1-202-+0.5-notebook-0.6-128,aggregate-control-1,202,0.5,steered,2,78,last_prompt,identity,hedging,1,-0.0021611616015434266
aggregate-control-2-101-+0.5-notebook-0.6-128,aggregate-control-2,101,0.5,steered,2,78,last_prompt,identity,hedging,1,-0.04876605942845345
aggregate-control-2-202-+0.5-notebook-0.6-128,aggregate-control-2,202,0.5,steered,2,78,last_prompt,identity,hedging,1,-0.059731169044971465
aggregate-control-3-101-+0.5-notebook-0.6-128,aggregate-control-3,101,0.5,steered,2,78,last_prompt,identity,hedging,1,-0.05047444850206375
aggregate-control-3-202-+0.5-notebook-0.6-128,aggregate-control-3,202,0.5,steered,2,78,last_prompt,identity,hedging,1,-0.032577690109610556
aggregate-target-101-+0.5-notebook-0.6-128,aggregate-target,101,0.5,steered,2,78,last_prompt,identity,hedging,1,0.021188241243362427
aggregate-target-202-+0.5-notebook-0.6-128,aggregate-target,202,0.5,steered,2,78,last_prompt,identity,hedging,1,0.024091825634241105
aggregate-control-1-101-+0.5-notebook-0.6-128,aggregate-control-1,101,0.5,steered,2,78,last_prompt,identity,honesty,1,-0.08047968298196792
aggregate-control-1-202-+0.5-notebook-0.6-128,aggregate-control-1,202,0.5,steered,2,78,last_prompt,identity,honesty,1,-0.058446063101291655
aggregate-control-2-101-+0.5-notebook-0.6-128,aggregate-control-2,101,0.5,steered,2,78,last_prompt,identity,honesty,1,0.025199280679225923
aggregate-control-2-202-+0.5-notebook-0.6-128,aggregate-control-2,202,0.5,steered,2,78,last_prompt,identity,honesty,1,-0.010649511218070984
aggregate-control-3-101-+0.5-notebook-0.6-128,aggregate-control-3,101,0.5,steered,2,78,last_prompt,identity,honesty,1,-0.07579340040683746
aggregate-control-3-202-+0.5-notebook-0.6-128,aggregate-control-3,202,0.5,steered,2,78,last_prompt,identity,honesty,1,-0.11295361518859863
aggregate-target-101-+0.5-notebook-0.6-128,aggregate-target,101,0.5,steered,2,78,last_prompt,identity,honesty,1,0.09410279542207718
aggregate-target-202-+0.5-notebook-0.6-128,aggregate-target,202,0.5,steered,2,78,last_prompt,identity,honesty,1,0.12172985970973968
aggregate-control-1-101-+0.5-notebook-0.6-128,aggregate-control-1,101,0.5,steered,2,78,last_prompt,identity,intervention,1,-0.036392710275120206
aggregate-control-1-202-+0.5-notebook-0.6-128,aggregate-control-1,202,0.5,steered,2,78,last_prompt,identity,intervention,1,-0.033449646499421865
aggregate-control-2-101-+0.5-notebook-0.6-128,aggregate-control-2,101,0.5,steered,2,78,last_prompt,identity,intervention,1,-0.09754111038313971
aggregate-control-2-202-+0.5-notebook-0.6-128,aggregate-control-2,202,0.5,steered,2,78,last_prompt,identity,intervention,1,-0.10023177166779836
aggregate-control-3-101-+0.5-notebook-0.6-128,aggregate-control-3,101,0.5,steered,2,78,last_prompt,identity,intervention,1,-0.06838518381118774
aggregate-control-3-202-+0.5-notebook-0.6-128,aggregate-control-3,202,0.5,steered,2,78,last_prompt,identity,intervention,1,-0.0768512056933509
aggregate-target-101-+0.5-notebook-0.6-128,aggregate-target,101,0.5,steered,2,78,last_prompt,identity,intervention,1,0.0558266904619005
aggregate-target-202-+0.5-notebook-0.6-128,aggregate-target,202,0.5,steered,2,78,last_prompt,identity,intervention,1,0.033325929608609944
aggregate-control-1-101-+0.5-notebook-0.6-128,aggregate-control-1,101,0.5,steered,2,78,last_prompt,identity,roleplay,1,0.007623296644952562
aggregate-control-1-202-+0.5-notebook-0.6-128,aggregate-control-1,202,0.5,steered,2,78,last_prompt,identity,roleplay,1,0.01639300336440404
aggregate-control-2-101-+0.5-notebook-0.6-128,aggregate-control-2,101,0.5,steered,2,78,last_prompt,identity,roleplay,1,-0.018427287538846333
aggregate-control-2-202-+0.5-notebook-0.6-128,aggregate-control-2,202,0.5,steered,2,78,last_prompt,identity,roleplay,1,-0.016163687739107344
aggregate-control-3-101-+0.5-notebook-0.6-128,aggregate-control-3,101,0.5,steered,2,78,last_prompt,identity,roleplay,1,0.007769681513309479
aggregate-control-3-202-+0.5-notebook-0.6-128,aggregate-control-3,202,0.5,steered,2,78,last_prompt,identity,roleplay,1,0.008586194780137803
aggregate-target-101-+0.5-notebook-0.6-128,aggregate-target,101,0.5,steered,2,78,last_prompt,identity,roleplay,1,0.23291252553462982
aggregate-target-202-+0.5-notebook-0.6-128,aggregate-target,202,0.5,steered,2,78,last_prompt,identity,roleplay,1,0.22570796062548956
aggregate-control-1-101-+0.5-notebook-0.6-128,aggregate-control-1,101,0.5,steered,2,78,last_prompt,identity,unrelated,1,-0.02081335037946701
aggregate-control-1-202-+0.5-notebook-0.6-128,aggregate-control-1,202,0.5,steered,2,78,last_prompt,identity,unrelated,1,-0.044752183556556704
aggregate-control-2-101-+0.5-notebook-0.6-128,aggregate-control-2,101,0.5,steered,2,78,last_prompt,identity,unrelated,1,0.012595432251691819
aggregate-control-2-202-+0.5-notebook-0.6-128,aggregate-control-2,202,0.5,steered,2,78,last_prompt,identity,unrelated,1,-0.006777229905128479
aggregate-control-3-101-+0.5-notebook-0.6-128,aggregate-control-3,101,0.5,steered,2,78,last_prompt,identity,unrelated,1,0.02484607920050621
aggregate-control-3-202-+0.5-notebook-0.6-128,aggregate-control-3,202,0.5,steered,2,78,last_prompt,identity,unrelated,1,0.004370532929897308
aggregate-target-101-+0.5-notebook-0.6-128,aggregate-target,101,0.5,steered,2,78,last_prompt,identity,unrelated,1,-0.03382474705576897
aggregate-target-202-+0.5-notebook-0.6-128,aggregate-target,202,0.5,steered,2,78,last_prompt,identity,unrelated,1,-0.029442755877971648
aggregate-control-1-101-+0.5-notebook-0.6-128,aggregate-control-1,101,0.5,steered,2,78,last_prompt,jacobian,deception,1,-0.07327938079833984
aggregate-control-1-202-+0.5-notebook-0.6-128,aggregate-control-1,202,0.5,steered,2,78,last_prompt,jacobian,deception,1,-0.08841536045074463
aggregate-control-2-101-+0.5-notebook-0.6-128,aggregate-control-2,101,0.5,steered,2,78,last_prompt,jacobian,deception,1,0.07956440150737762
aggregate-control-2-202-+0.5-notebook-0.6-128,aggregate-control-2,202,0.5,steered,2,78,last_prompt,jacobian,deception,1,0.04926576316356659
aggregate-control-3-101-+0.5-notebook-0.6-128,aggregate-control-3,101,0.5,steered,2,78,last_prompt,jacobian,deception,1,-0.007539236545562744
aggregate-control-3-202-+0.5-notebook-0.6-128,aggregate-control-3,202,0.5,steered,2,78,last_prompt,jacobian,deception,1,-0.038891343772411345
aggregate-target-101-+0.5-notebook-0.6-128,aggregate-target,101,0.5,steered,2,78,last_prompt,jacobian,deception,1,0.5319865316152572
aggregate-target-202-+0.5-notebook-0.6-128,aggregate-target,202,0.5,steered,2,78,last_prompt,jacobian,deception,1,0.5129440069198609
aggregate-control-1-101-+0.5-notebook-0.6-128,aggregate-control-1,101,0.5,steered,2,78,last_prompt,jacobian,experience,1,-0.09047765201992458
aggregate-control-1-202-+0.5-notebook-0.6-128,aggregate-control-1,202,0.5,steered,2,78,last_prompt,jacobian,experience,1,-0.06969357861412896
aggregate-control-2-101-+0.5-notebook-0.6-128,aggregate-control-2,101,0.5,steered,2,78,last_prompt,jacobian,experience,1,-0.11038984192742242
aggregate-control-2-202-+0.5-notebook-0.6-128,aggregate-control-2,202,0.5,steered,2,78,last_prompt,jacobian,experience,1,-0.08230430550045437
aggregate-control-3-101-+0.5-notebook-0.6-128,aggregate-control-3,101,0.5,steered,2,78,last_prompt,jacobian,experience,1,0.05293011665344238
aggregate-control-3-202-+0.5-notebook-0.6-128,aggregate-control-3,202,0.5,steered,2,78,last_prompt,jacobian,experience,1,0.013793998294406466
aggregate-target-101-+0.5-notebook-0.6-128,aggregate-target,101,0.5,steered,2,78,last_prompt,jacobian,experience,1,0.06338156594170465
aggregate-target-202-+0.5-notebook-0.6-128,aggregate-target,202,0.5,steered,2,78,last_prompt,jacobian,experience,1,0.06967310110727946
aggregate-control-1-101-+0.5-notebook-0.6-128,aggregate-control-1,101,0.5,steered,2,78,last_prompt,jacobian,hedging,1,-0.048600518703460695
aggregate-control-1-202-+0.5-notebook-0.6-128,aggregate-control-1,202,0.5,steered,2,78,last_prompt,jacobian,hedging,1,-0.07357751876115799
aggregate-control-2-101-+0.5-notebook-0.6-128,aggregate-control-2,101,0.5,steered,2,78,last_prompt,jacobian,hedging,1,0.024414968490600587
aggregate-control-2-202-+0.5-notebook-0.6-128,aggregate-control-2,202,0.5,steered,2,78,last_prompt,jacobian,hedging,1,-0.011648237705230713
aggregate-control-3-101-+0.5-notebook-0.6-128,aggregate-control-3,101,0.5,steered,2,78,last_prompt,jacobian,hedging,1,-0.021815192699432374
aggregate-control-3-202-+0.5-notebook-0.6-128,aggregate-control-3,202,0.5,steered,2,78,last_prompt,jacobian,hedging,1,-0.021415641903877257
aggregate-target-101-+0.5-notebook-0.6-128,aggregate-target,101,0.5,steered,2,78,last_prompt,jacobian,hedging,1,0.035296618938446045
aggregate-target-202-+0.5-notebook-0.6-128,aggregate-target,202,0.5,steered,2,78,last_prompt,jacobian,hedging,1,0.034539103507995605
aggregate-control-1-101-+0.5-notebook-0.6-128,aggregate-control-1,101,0.5,steered,2,78,last_prompt,jacobian,honesty,1,-0.17858510352671148
aggregate-control-1-202-+0.5-notebook-0.6-128,aggregate-control-1,202,0.5,steered,2,78,last_prompt,jacobian,honesty,1,-0.1455773413181305
aggregate-control-2-101-+0.5-notebook-0.6-128,aggregate-control-2,101,0.5,steered,2,78,last_prompt,jacobian,honesty,1,0.08837725222110748
aggregate-control-2-202-+0.5-notebook-0.6-128,aggregate-control-2,202,0.5,steered,2,78,last_prompt,jacobian,honesty,1,0.0535851389169693
aggregate-control-3-101-+0.5-notebook-0.6-128,aggregate-control-3,101,0.5,steered,2,78,last_prompt,jacobian,honesty,1,-0.06326308846473694
aggregate-control-3-202-+0.5-notebook-0.6-128,aggregate-control-3,202,0.5,steered,2,78,last_prompt,jacobian,honesty,1,-0.08499749898910522
aggregate-target-101-+0.5-notebook-0.6-128,aggregate-target,101,0.5,steered,2,78,last_prompt,jacobian,honesty,1,0.1463790386915207
aggregate-target-202-+0.5-notebook-0.6-128,aggregate-target,202,0.5,steered,2,78,last_prompt,jacobian,honesty,1,0.18343281671404837
aggregate-control-1-101-+0.5-notebook-0.6-128,aggregate-control-1,101,0.5,steered,2,78,last_prompt,jacobian,intervention,1,-0.060083081324895225
aggregate-control-1-202-+0.5-notebook-0.6-128,aggregate-control-1,202,0.5,steered,2,78,last_prompt,jacobian,intervention,1,-0.06781254377630022
aggregate-control-2-101-+0.5-notebook-0.6-128,aggregate-control-2,101,0.5,steered,2,78,last_prompt,jacobian,intervention,1,0.005107515388064914
aggregate-control-2-202-+0.5-notebook-0.6-128,aggregate-control-2,202,0.5,steered,2,78,last_prompt,jacobian,intervention,1,-0.038315670357810125
aggregate-control-3-101-+0.5-notebook-0.6-128,aggregate-control-3,101,0.5,steered,2,78,last_prompt,jacobian,intervention,1,-0.01306497057278951
aggregate-control-3-202-+0.5-notebook-0.6-128,aggregate-control-3,202,0.5,steered,2,78,last_prompt,jacobian,intervention,1,-0.04493297553724713
aggregate-target-101-+0.5-notebook-0.6-128,aggregate-target,101,0.5,steered,2,78,last_prompt,jacobian,intervention,1,0.03925030099021064
aggregate-target-202-+0.5-notebook-0.6-128,aggregate-target,202,0.5,steered,2,78,last_prompt,jacobian,intervention,1,0.02323513064119551
aggregate-control-1-101-+0.5-notebook-0.6-128,aggregate-control-1,101,0.5,steered,2,78,last_prompt,jacobian,roleplay,1,-0.03535742229885525
aggregate-control-1-202-+0.5-notebook-0.6-128,aggregate-control-1,202,0.5,steered,2,78,last_prompt,jacobian,roleplay,1,-0.03699314925405714
aggregate-control-2-101-+0.5-notebook-0.6-128,aggregate-control-2,101,0.5,steered,2,78,last_prompt,jacobian,roleplay,1,0.05533303817113241
aggregate-control-2-202-+0.5-notebook-0.6-128,aggregate-control-2,202,0.5,steered,2,78,last_prompt,jacobian,roleplay,1,0.024788982338375516
aggregate-control-3-101-+0.5-notebook-0.6-128,aggregate-control-3,101,0.5,steered,2,78,last_prompt,jacobian,roleplay,1,-0.0004569623205396864
aggregate-control-3-202-+0.5-notebook-0.6-128,aggregate-control-3,202,0.5,steered,2,78,last_prompt,jacobian,roleplay,1,-0.02150570021735297
aggregate-target-101-+0.5-notebook-0.6-128,aggregate-target,101,0.5,steered,2,78,last_prompt,jacobian,roleplay,1,0.2940400143464406
aggregate-target-202-+0.5-notebook-0.6-128,aggregate-target,202,0.5,steered,2,78,last_prompt,jacobian,roleplay,1,0.28934937053256565
aggregate-control-1-101-+0.5-notebook-0.6-128,aggregate-control-1,101,0.5,steered,2,78,last_prompt,jacobian,unrelated,1,-0.028348648548126222
aggregate-control-1-202-+0.5-notebook-0.6-128,aggregate-control-1,202,0.5,steered,2,78,last_prompt,jacobian,unrelated,1,-0.052937102317810056
aggregate-control-2-101-+0.5-notebook-0.6-128,aggregate-control-2,101,0.5,steered,2,78,last_prompt,jacobian,unrelated,1,0.033762228488922116
aggregate-control-2-202-+0.5-notebook-0.6-128,aggregate-control-2,202,0.5,steered,2,78,last_prompt,jacobian,unrelated,1,-0.010728931427001953
aggregate-control-3-101-+0.5-notebook-0.6-128,aggregate-control-3,101,0.5,steered,2,78,last_prompt,jacobian,unrelated,1,0.03484783172607422
aggregate-control-3-202-+0.5-notebook-0.6-128,aggregate-control-3,202,0.5,steered,2,78,last_prompt,jacobian,unrelated,1,0.006750667095184326
aggregate-target-101-+0.5-notebook-0.6-128,aggregate-target,101,0.5,steered,2,78,last_prompt,jacobian,unrelated,1,-0.08870817422866821
aggregate-target-202-+0.5-notebook-0.6-128,aggregate-target,202,0.5,steered,2,78,last_prompt,jacobian,unrelated,1,-0.08083666563034057
aggregate-control-1-101-+0.5-notebook-0.6-128,aggregate-control-1,101,0.5,steered,2,78,last_prompt,random_j_1,deception,1,0.007809635996818542
aggregate-control-1-202-+0.5-notebook-0.6-128,aggregate-control-1,202,0.5,steered,2,78,last_prompt,random_j_1,deception,1,0.043461167812347413
aggregate-control-2-101-+0.5-notebook-0.6-128,aggregate-control-2,101,0.5,steered,2,78,last_prompt,random_j_1,deception,1,-0.00034606754779815675
aggregate-control-2-202-+0.5-notebook-0.6-128,aggregate-control-2,202,0.5,steered,2,78,last_prompt,random_j_1,deception,1,0.014774727821350097
aggregate-control-3-101-+0.5-notebook-0.6-128,aggregate-control-3,101,0.5,steered,2,78,last_prompt,random_j_1,deception,1,0.05246606767177582
aggregate-control-3-202-+0.5-notebook-0.6-128,aggregate-control-3,202,0.5,steered,2,78,last_prompt,random_j_1,deception,1,0.0576998233795166
aggregate-target-101-+0.5-notebook-0.6-128,aggregate-target,101,0.5,steered,2,78,last_prompt,random_j_1,deception,1,0.007712611556053161
aggregate-target-202-+0.5-notebook-0.6-128,aggregate-target,202,0.5,steered,2,78,last_prompt,random_j_1,deception,1,0.010586392879486085
aggregate-control-1-101-+0.5-notebook-0.6-128,aggregate-control-1,101,0.5,steered,2,78,last_prompt,random_j_1,experience,1,0.028187460369533963
aggregate-control-1-202-+0.5-notebook-0.6-128,aggregate-control-1,202,0.5,steered,2,78,last_prompt,random_j_1,experience,1,0.014048995243178474
aggregate-control-2-101-+0.5-notebook-0.6-128,aggregate-control-2,101,0.5,steered,2,78,last_prompt,random_j_1,experience,1,-0.014117615090476142
aggregate-control-2-202-+0.5-notebook-0.6-128,aggregate-control-2,202,0.5,steered,2,78,last_prompt,random_j_1,experience,1,-0.011180033286412558
aggregate-control-3-101-+0.5-notebook-0.6-128,aggregate-control-3,101,0.5,steered,2,78,last_prompt,random_j_1,experience,1,0.008480903175142076
aggregate-control-3-202-+0.5-notebook-0.6-128,aggregate-control-3,202,0.5,steered,2,78,last_prompt,random_j_1,experience,1,-0.015180730157428317
aggregate-target-101-+0.5-notebook-0.6-128,aggregate-target,101,0.5,steered,2,78,last_prompt,random_j_1,experience,1,-0.05241281787554423
aggregate-target-202-+0.5-notebook-0.6-128,aggregate-target,202,0.5,steered,2,78,last_prompt,random_j_1,experience,1,-0.06989164484871759
aggregate-control-1-101-+0.5-notebook-0.6-128,aggregate-control-1,101,0.5,steered,2,78,last_prompt,random_j_1,hedging,1,0.021478526294231415
aggregate-control-1-202-+0.5-notebook-0.6-128,aggregate-control-1,202,0.5,steered,2,78,last_prompt,random_j_1,hedging,1,0.027622108906507493
aggregate-control-2-101-+0.5-notebook-0.6-128,aggregate-control-2,101,0.5,steered,2,78,last_prompt,random_j_1,hedging,1,-0.049391597509384155
aggregate-control-2-202-+0.5-notebook-0.6-128,aggregate-control-2,202,0.5,steered,2,78,last_prompt,random_j_1,hedging,1,-0.038000811636447904
aggregate-control-3-101-+0.5-notebook-0.6-128,aggregate-control-3,101,0.5,steered,2,78,last_prompt,random_j_1,hedging,1,-0.019757500290870665
aggregate-control-3-202-+0.5-notebook-0.6-128,aggregate-control-3,202,0.5,steered,2,78,last_prompt,random_j_1,hedging,1,-0.02038532793521881
aggregate-target-101-+0.5-notebook-0.6-128,aggregate-target,101,0.5,steered,2,78,last_prompt,random_j_1,hedging,1,-0.02951349914073944
aggregate-target-202-+0.5-notebook-0.6-128,aggregate-target,202,0.5,steered,2,78,last_prompt,random_j_1,hedging,1,-0.046198295801877974
aggregate-control-1-101-+0.5-notebook-0.6-128,aggregate-control-1,101,0.5,steered,2,78,last_prompt,random_j_1,honesty,1,-0.03375374674797058
aggregate-control-1-202-+0.5-notebook-0.6-128,aggregate-control-1,202,0.5,steered,2,78,last_prompt,random_j_1,honesty,1,-0.02345099151134491
aggregate-control-2-101-+0.5-notebook-0.6-128,aggregate-control-2,101,0.5,steered,2,78,last_prompt,random_j_1,honesty,1,0.017203384637832643
aggregate-control-2-202-+0.5-notebook-0.6-128,aggregate-control-2,202,0.5,steered,2,78,last_prompt,random_j_1,honesty,1,0.020877160131931305
aggregate-control-3-101-+0.5-notebook-0.6-128,aggregate-control-3,101,0.5,steered,2,78,last_prompt,random_j_1,honesty,1,0.03624980598688125
aggregate-control-3-202-+0.5-notebook-0.6-128,aggregate-control-3,202,0.5,steered,2,78,last_prompt,random_j_1,honesty,1,0.0423719123005867
aggregate-target-101-+0.5-notebook-0.6-128,aggregate-target,101,0.5,steered,2,78,last_prompt,random_j_1,honesty,1,0.02039819210767746
aggregate-target-202-+0.5-notebook-0.6-128,aggregate-target,202,0.5,steered,2,78,last_prompt,random_j_1,honesty,1,0.023412808775901794
aggregate-control-1-101-+0.5-notebook-0.6-128,aggregate-control-1,101,0.5,steered,2,78,last_prompt,random_j_1,intervention,1,0.10962317552831438
aggregate-control-1-202-+0.5-notebook-0.6-128,aggregate-control-1,202,0.5,steered,2,78,last_prompt,random_j_1,intervention,1,0.09929465254147847
aggregate-control-2-101-+0.5-notebook-0.6-128,aggregate-control-2,101,0.5,steered,2,78,last_prompt,random_j_1,intervention,1,0.06673941016197205
aggregate-control-2-202-+0.5-notebook-0.6-128,aggregate-control-2,202,0.5,steered,2,78,last_prompt,random_j_1,intervention,1,0.07234914600849152
aggregate-control-3-101-+0.5-notebook-0.6-128,aggregate-control-3,101,0.5,steered,2,78,last_prompt,random_j_1,intervention,1,-0.024362592233551875
aggregate-control-3-202-+0.5-notebook-0.6-128,aggregate-control-3,202,0.5,steered,2,78,last_prompt,random_j_1,intervention,1,-0.03240020738707648
aggregate-target-101-+0.5-notebook-0.6-128,aggregate-target,101,0.5,steered,2,78,last_prompt,random_j_1,intervention,1,-0.05517677962779999
aggregate-target-202-+0.5-notebook-0.6-128,aggregate-target,202,0.5,steered,2,78,last_prompt,random_j_1,intervention,1,-0.050273382001452975
aggregate-control-1-101-+0.5-notebook-0.6-128,aggregate-control-1,101,0.5,steered,2,78,last_prompt,random_j_1,roleplay,1,0.05650326278474596
aggregate-control-1-202-+0.5-notebook-0.6-128,aggregate-control-1,202,0.5,steered,2,78,last_prompt,random_j_1,roleplay,1,0.06316529048813714
aggregate-control-2-101-+0.5-notebook-0.6-128,aggregate-control-2,101,0.5,steered,2,78,last_prompt,random_j_1,roleplay,1,-0.045701239671972066
aggregate-control-2-202-+0.5-notebook-0.6-128,aggregate-control-2,202,0.5,steered,2,78,last_prompt,random_j_1,roleplay,1,-0.03192647629313999
aggregate-control-3-101-+0.5-notebook-0.6-128,aggregate-control-3,101,0.5,steered,2,78,last_prompt,random_j_1,roleplay,1,0.010980370971891616
aggregate-control-3-202-+0.5-notebook-0.6-128,aggregate-control-3,202,0.5,steered,2,78,last_prompt,random_j_1,roleplay,1,0.004476422237025367
aggregate-target-101-+0.5-notebook-0.6-128,aggregate-target,101,0.5,steered,2,78,last_prompt,random_j_1,roleplay,1,0.025136225753360324
aggregate-target-202-+0.5-notebook-0.6-128,aggregate-target,202,0.5,steered,2,78,last_prompt,random_j_1,roleplay,1,0.02588202307621638
aggregate-control-1-101-+0.5-notebook-0.6-128,aggregate-control-1,101,0.5,steered,2,78,last_prompt,random_j_1,unrelated,1,-0.06770295202732086
aggregate-control-1-202-+0.5-notebook-0.6-128,aggregate-control-1,202,0.5,steered,2,78,last_prompt,random_j_1,unrelated,1,-0.07554868161678314
aggregate-control-2-101-+0.5-notebook-0.6-128,aggregate-control-2,101,0.5,steered,2,78,last_prompt,random_j_1,unrelated,1,0.0016645476222038268
aggregate-control-2-202-+0.5-notebook-0.6-128,aggregate-control-2,202,0.5,steered,2,78,last_prompt,random_j_1,unrelated,1,0.003136815130710602
aggregate-control-3-101-+0.5-notebook-0.6-128,aggregate-control-3,101,0.5,steered,2,78,last_prompt,random_j_1,unrelated,1,0.013928242027759552
aggregate-control-3-202-+0.5-notebook-0.6-128,aggregate-control-3,202,0.5,steered,2,78,last_prompt,random_j_1,unrelated,1,0.015226998925209045
aggregate-target-101-+0.5-notebook-0.6-128,aggregate-target,101,0.5,steered,2,78,last_prompt,random_j_1,unrelated,1,0.01767885535955429
aggregate-target-202-+0.5-notebook-0.6-128,aggregate-target,202,0.5,steered,2,78,last_prompt,random_j_1,unrelated,1,0.014731503278017043
aggregate-control-1-101-+0.5-notebook-0.6-128,aggregate-control-1,101,0.5,steered,2,78,last_prompt,random_j_2,deception,1,0.09594437405467034
aggregate-control-1-202-+0.5-notebook-0.6-128,aggregate-control-1,202,0.5,steered,2,78,last_prompt,random_j_2,deception,1,0.06384857892990112
aggregate-control-2-101-+0.5-notebook-0.6-128,aggregate-control-2,101,0.5,steered,2,78,last_prompt,random_j_2,deception,1,0.09515202343463898
aggregate-control-2-202-+0.5-notebook-0.6-128,aggregate-control-2,202,0.5,steered,2,78,last_prompt,random_j_2,deception,1,0.0719281978905201
aggregate-control-3-101-+0.5-notebook-0.6-128,aggregate-control-3,101,0.5,steered,2,78,last_prompt,random_j_2,deception,1,-0.02101800888776779
aggregate-control-3-202-+0.5-notebook-0.6-128,aggregate-control-3,202,0.5,steered,2,78,last_prompt,random_j_2,deception,1,-0.000720389187335968
aggregate-target-101-+0.5-notebook-0.6-128,aggregate-target,101,0.5,steered,2,78,last_prompt,random_j_2,deception,1,-0.06793213784694671
aggregate-target-202-+0.5-notebook-0.6-128,aggregate-target,202,0.5,steered,2,78,last_prompt,random_j_2,deception,1,-0.05503216534852982
aggregate-control-1-101-+0.5-notebook-0.6-128,aggregate-control-1,101,0.5,steered,2,78,last_prompt,random_j_2,experience,1,-0.0023071997695498997
aggregate-control-1-202-+0.5-notebook-0.6-128,aggregate-control-1,202,0.5,steered,2,78,last_prompt,random_j_2,experience,1,0.012217932277255587
aggregate-control-2-101-+0.5-notebook-0.6-128,aggregate-control-2,101,0.5,steered,2,78,last_prompt,random_j_2,experience,1,0.01829812592930264
aggregate-control-2-202-+0.5-notebook-0.6-128,aggregate-control-2,202,0.5,steered,2,78,last_prompt,random_j_2,experience,1,0.031664537058936224
aggregate-control-3-101-+0.5-notebook-0.6-128,aggregate-control-3,101,0.5,steered,2,78,last_prompt,random_j_2,experience,1,0.08331262071927388
aggregate-control-3-202-+0.5-notebook-0.6-128,aggregate-control-3,202,0.5,steered,2,78,last_prompt,random_j_2,experience,1,0.10966498321957058
aggregate-target-101-+0.5-notebook-0.6-128,aggregate-target,101,0.5,steered,2,78,last_prompt,random_j_2,experience,1,0.007492009136411879
aggregate-target-202-+0.5-notebook-0.6-128,aggregate-target,202,0.5,steered,2,78,last_prompt,random_j_2,experience,1,0.011991735961702134
aggregate-control-1-101-+0.5-notebook-0.6-128,aggregate-control-1,101,0.5,steered,2,78,last_prompt,random_j_2,hedging,1,0.04916249513626099
aggregate-control-1-202-+0.5-notebook-0.6-128,aggregate-control-1,202,0.5,steered,2,78,last_prompt,random_j_2,hedging,1,0.048099860548973083
aggregate-control-2-101-+0.5-notebook-0.6-128,aggregate-control-2,101,0.5,steered,2,78,last_prompt,random_j_2,hedging,1,0.09524539709091187
aggregate-control-2-202-+0.5-notebook-0.6-128,aggregate-control-2,202,0.5,steered,2,78,last_prompt,random_j_2,hedging,1,0.0841928243637085
aggregate-control-3-101-+0.5-notebook-0.6-128,aggregate-control-3,101,0.5,steered,2,78,last_prompt,random_j_2,hedging,1,-0.04916937053203583
aggregate-control-3-202-+0.5-notebook-0.6-128,aggregate-control-3,202,0.5,steered,2,78,last_prompt,random_j_2,hedging,1,-0.04979427754878998
aggregate-target-101-+0.5-notebook-0.6-128,aggregate-target,101,0.5,steered,2,78,last_prompt,random_j_2,hedging,1,0.04578062891960144
aggregate-target-202-+0.5-notebook-0.6-128,aggregate-target,202,0.5,steered,2,78,last_prompt,random_j_2,hedging,1,0.03379354625940323
aggregate-control-1-101-+0.5-notebook-0.6-128,aggregate-control-1,101,0.5,steered,2,78,last_prompt,random_j_2,honesty,1,0.0633130431175232
aggregate-control-1-202-+0.5-notebook-0.6-128,aggregate-control-1,202,0.5,steered,2,78,last_prompt,random_j_2,honesty,1,0.04014957845211029
aggregate-control-2-101-+0.5-notebook-0.6-128,aggregate-control-2,101,0.5,steered,2,78,last_prompt,random_j_2,honesty,1,-0.04265087842941284
aggregate-control-2-202-+0.5-notebook-0.6-128,aggregate-control-2,202,0.5,steered,2,78,last_prompt,random_j_2,honesty,1,-0.050503283739089966
aggregate-control-3-101-+0.5-notebook-0.6-128,aggregate-control-3,101,0.5,steered,2,78,last_prompt,random_j_2,honesty,1,0.017182987928390504
aggregate-control-3-202-+0.5-notebook-0.6-128,aggregate-control-3,202,0.5,steered,2,78,last_prompt,random_j_2,honesty,1,0.012267830967903137
aggregate-target-101-+0.5-notebook-0.6-128,aggregate-target,101,0.5,steered,2,78,last_prompt,random_j_2,honesty,1,-0.03368047475814819
aggregate-target-202-+0.5-notebook-0.6-128,aggregate-target,202,0.5,steered,2,78,last_prompt,random_j_2,honesty,1,-0.031607337296009064
aggregate-control-1-101-+0.5-notebook-0.6-128,aggregate-control-1,101,0.5,steered,2,78,last_prompt,random_j_2,intervention,1,0.08308542271455129
aggregate-control-1-202-+0.5-notebook-0.6-128,aggregate-control-1,202,0.5,steered,2,78,last_prompt,random_j_2,intervention,1,0.10328819933864805
aggregate-control-2-101-+0.5-notebook-0.6-128,aggregate-control-2,101,0.5,steered,2,78,last_prompt,random_j_2,intervention,1,0.1071919517384635
aggregate-control-2-202-+0.5-notebook-0.6-128,aggregate-control-2,202,0.5,steered,2,78,last_prompt,random_j_2,intervention,1,0.07810926602946387
aggregate-control-3-101-+0.5-notebook-0.6-128,aggregate-control-3,101,0.5,steered,2,78,last_prompt,random_j_2,intervention,1,0.019870301087697346
aggregate-control-3-202-+0.5-notebook-0.6-128,aggregate-control-3,202,0.5,steered,2,78,last_prompt,random_j_2,intervention,1,0.0103480683432685
aggregate-target-101-+0.5-notebook-0.6-128,aggregate-target,101,0.5,steered,2,78,last_prompt,random_j_2,intervention,1,0.06481432418028514
aggregate-target-202-+0.5-notebook-0.6-128,aggregate-target,202,0.5,steered,2,78,last_prompt,random_j_2,intervention,1,0.061005622148513794
aggregate-control-1-101-+0.5-notebook-0.6-128,aggregate-control-1,101,0.5,steered,2,78,last_prompt,random_j_2,roleplay,1,0.029618114233016968
aggregate-control-1-202-+0.5-notebook-0.6-128,aggregate-control-1,202,0.5,steered,2,78,last_prompt,random_j_2,roleplay,1,0.02875377568933699
aggregate-control-2-101-+0.5-notebook-0.6-128,aggregate-control-2,101,0.5,steered,2,78,last_prompt,random_j_2,roleplay,1,0.050957380069626704
aggregate-control-2-202-+0.5-notebook-0.6-128,aggregate-control-2,202,0.5,steered,2,78,last_prompt,random_j_2,roleplay,1,0.054805157913102046
aggregate-control-3-101-+0.5-notebook-0.6-128,aggregate-control-3,101,0.5,steered,2,78,last_prompt,random_j_2,roleplay,1,-0.005774830778439839
aggregate-control-3-202-+0.5-notebook-0.6-128,aggregate-control-3,202,0.5,steered,2,78,last_prompt,random_j_2,roleplay,1,0.01191933618651496
aggregate-target-101-+0.5-notebook-0.6-128,aggregate-target,101,0.5,steered,2,78,last_prompt,random_j_2,roleplay,1,0.024677281578381855
aggregate-target-202-+0.5-notebook-0.6-128,aggregate-target,202,0.5,steered,2,78,last_prompt,random_j_2,roleplay,1,0.02204783260822296
aggregate-control-1-101-+0.5-notebook-0.6-128,aggregate-control-1,101,0.5,steered,2,78,last_prompt,random_j_2,unrelated,1,0.014221814274787904
aggregate-control-1-202-+0.5-notebook-0.6-128,aggregate-control-1,202,0.5,steered,2,78,last_prompt,random_j_2,unrelated,1,-0.021824729442596436
aggregate-control-2-101-+0.5-notebook-0.6-128,aggregate-control-2,101,0.5,steered,2,78,last_prompt,random_j_2,unrelated,1,0.008863478899002075
aggregate-control-2-202-+0.5-notebook-0.6-128,aggregate-control-2,202,0.5,steered,2,78,last_prompt,random_j_2,unrelated,1,0.0022795915603637694
aggregate-control-3-101-+0.5-notebook-0.6-128,aggregate-control-3,101,0.5,steered,2,78,last_prompt,random_j_2,unrelated,1,0.013515925407409668
aggregate-control-3-202-+0.5-notebook-0.6-128,aggregate-control-3,202,0.5,steered,2,78,last_prompt,random_j_2,unrelated,1,0.007480449974536896
aggregate-target-101-+0.5-notebook-0.6-128,aggregate-target,101,0.5,steered,2,78,last_prompt,random_j_2,unrelated,1,0.0024619728326797487
aggregate-target-202-+0.5-notebook-0.6-128,aggregate-target,202,0.5,steered,2,78,last_prompt,random_j_2,unrelated,1,-0.015610740333795548
aggregate-control-1-101-+0.5-notebook-0.6-128,aggregate-control-1,101,0.5,steered,2,78,last_prompt,random_j_3,deception,1,-0.008193387091159821
aggregate-control-1-202-+0.5-notebook-0.6-128,aggregate-control-1,202,0.5,steered,2,78,last_prompt,random_j_3,deception,1,-0.00978805050253868
aggregate-control-2-101-+0.5-notebook-0.6-128,aggregate-control-2,101,0.5,steered,2,78,last_prompt,random_j_3,deception,1,-0.09202255755662918
aggregate-control-2-202-+0.5-notebook-0.6-128,aggregate-control-2,202,0.5,steered,2,78,last_prompt,random_j_3,deception,1,-0.08186630457639694
aggregate-control-3-101-+0.5-notebook-0.6-128,aggregate-control-3,101,0.5,steered,2,78,last_prompt,random_j_3,deception,1,0.0341769203543663
aggregate-control-3-202-+0.5-notebook-0.6-128,aggregate-control-3,202,0.5,steered,2,78,last_prompt,random_j_3,deception,1,0.012185515463352203
aggregate-target-101-+0.5-notebook-0.6-128,aggregate-target,101,0.5,steered,2,78,last_prompt,random_j_3,deception,1,0.04043357670307159
aggregate-target-202-+0.5-notebook-0.6-128,aggregate-target,202,0.5,steered,2,78,last_prompt,random_j_3,deception,1,0.029968416690826415
aggregate-control-1-101-+0.5-notebook-0.6-128,aggregate-control-1,101,0.5,steered,2,78,last_prompt,random_j_3,experience,1,0.12735561860932243
aggregate-control-1-202-+0.5-notebook-0.6-128,aggregate-control-1,202,0.5,steered,2,78,last_prompt,random_j_3,experience,1,0.10641281141175164
aggregate-control-2-101-+0.5-notebook-0.6-128,aggregate-control-2,101,0.5,steered,2,78,last_prompt,random_j_3,experience,1,0.04724239971902636
aggregate-control-2-202-+0.5-notebook-0.6-128,aggregate-control-2,202,0.5,steered,2,78,last_prompt,random_j_3,experience,1,0.04083149631818136
aggregate-control-3-101-+0.5-notebook-0.6-128,aggregate-control-3,101,0.5,steered,2,78,last_prompt,random_j_3,experience,1,0.12589935792817009
aggregate-control-3-202-+0.5-notebook-0.6-128,aggregate-control-3,202,0.5,steered,2,78,last_prompt,random_j_3,experience,1,0.1292315208249622
aggregate-target-101-+0.5-notebook-0.6-128,aggregate-target,101,0.5,steered,2,78,last_prompt,random_j_3,experience,1,-0.08973899359504382
aggregate-target-202-+0.5-notebook-0.6-128,aggregate-target,202,0.5,steered,2,78,last_prompt,random_j_3,experience,1,-0.09292832016944885
aggregate-control-1-101-+0.5-notebook-0.6-128,aggregate-control-1,101,0.5,steered,2,78,last_prompt,random_j_3,hedging,1,-0.006809239089488983
aggregate-control-1-202-+0.5-notebook-0.6-128,aggregate-control-1,202,0.5,steered,2,78,last_prompt,random_j_3,hedging,1,-0.015020179748535156
aggregate-control-2-101-+0.5-notebook-0.6-128,aggregate-control-2,101,0.5,steered,2,78,last_prompt,random_j_3,hedging,1,0.007902365922927857
aggregate-control-2-202-+0.5-notebook-0.6-128,aggregate-control-2,202,0.5,steered,2,78,last_prompt,random_j_3,hedging,1,0.010853375494480132
aggregate-control-3-101-+0.5-notebook-0.6-128,aggregate-control-3,101,0.5,steered,2,78,last_prompt,random_j_3,hedging,1,0.027346575260162355
aggregate-control-3-202-+0.5-notebook-0.6-128,aggregate-control-3,202,0.5,steered,2,78,last_prompt,random_j_3,hedging,1,0.035514955222606656
aggregate-target-101-+0.5-notebook-0.6-128,aggregate-target,101,0.5,steered,2,78,last_prompt,random_j_3,hedging,1,-0.03126274794340134
aggregate-target-202-+0.5-notebook-0.6-128,aggregate-target,202,0.5,steered,2,78,last_prompt,random_j_3,hedging,1,-0.03803249225020409
aggregate-control-1-101-+0.5-notebook-0.6-128,aggregate-control-1,101,0.5,steered,2,78,last_prompt,random_j_3,honesty,1,0.05258868932723999
aggregate-control-1-202-+0.5-notebook-0.6-128,aggregate-control-1,202,0.5,steered,2,78,last_prompt,random_j_3,honesty,1,0.020053499937057497
aggregate-control-2-101-+0.5-notebook-0.6-128,aggregate-control-2,101,0.5,steered,2,78,last_prompt,random_j_3,honesty,1,-0.05746147930622101
aggregate-control-2-202-+0.5-notebook-0.6-128,aggregate-control-2,202,0.5,steered,2,78,last_prompt,random_j_3,honesty,1,-0.052057451009750365
aggregate-control-3-101-+0.5-notebook-0.6-128,aggregate-control-3,101,0.5,steered,2,78,last_prompt,random_j_3,honesty,1,0.059489351511001584
aggregate-control-3-202-+0.5-notebook-0.6-128,aggregate-control-3,202,0.5,steered,2,78,last_prompt,random_j_3,honesty,1,0.04018328785896301
aggregate-target-101-+0.5-notebook-0.6-128,aggregate-target,101,0.5,steered,2,78,last_prompt,random_j_3,honesty,1,0.01984241008758545
aggregate-target-202-+0.5-notebook-0.6-128,aggregate-target,202,0.5,steered,2,78,last_prompt,random_j_3,honesty,1,0.01140141487121582
aggregate-control-1-101-+0.5-notebook-0.6-128,aggregate-control-1,101,0.5,steered,2,78,last_prompt,random_j_3,intervention,1,0.0744060261381997
aggregate-control-1-202-+0.5-notebook-0.6-128,aggregate-control-1,202,0.5,steered,2,78,last_prompt,random_j_3,intervention,1,0.05854387746916877
aggregate-control-2-101-+0.5-notebook-0.6-128,aggregate-control-2,101,0.5,steered,2,78,last_prompt,random_j_3,intervention,1,0.04557601776387957
aggregate-control-2-202-+0.5-notebook-0.6-128,aggregate-control-2,202,0.5,steered,2,78,last_prompt,random_j_3,intervention,1,0.06902345849408044
aggregate-control-3-101-+0.5-notebook-0.6-128,aggregate-control-3,101,0.5,steered,2,78,last_prompt,random_j_3,intervention,1,0.03485554042789671
aggregate-control-3-202-+0.5-notebook-0.6-128,aggregate-control-3,202,0.5,steered,2,78,last_prompt,random_j_3,intervention,1,0.021779520644081965
aggregate-target-101-+0.5-notebook-0.6-128,aggregate-target,101,0.5,steered,2,78,last_prompt,random_j_3,intervention,1,0.02889059152868059
aggregate-target-202-+0.5-notebook-0.6-128,aggregate-target,202,0.5,steered,2,78,last_prompt,random_j_3,intervention,1,0.0361518156197336
aggregate-control-1-101-+0.5-notebook-0.6-128,aggregate-control-1,101,0.5,steered,2,78,last_prompt,random_j_3,roleplay,1,-0.049117975764804415
aggregate-control-1-202-+0.5-notebook-0.6-128,aggregate-control-1,202,0.5,steered,2,78,last_prompt,random_j_3,roleplay,1,-0.07891769707202911
aggregate-control-2-101-+0.5-notebook-0.6-128,aggregate-control-2,101,0.5,steered,2,78,last_prompt,random_j_3,roleplay,1,-0.039491590526368886
aggregate-control-2-202-+0.5-notebook-0.6-128,aggregate-control-2,202,0.5,steered,2,78,last_prompt,random_j_3,roleplay,1,-0.04049570858478546
aggregate-control-3-101-+0.5-notebook-0.6-128,aggregate-control-3,101,0.5,steered,2,78,last_prompt,random_j_3,roleplay,1,-0.01627063751220703
aggregate-control-3-202-+0.5-notebook-0.6-128,aggregate-control-3,202,0.5,steered,2,78,last_prompt,random_j_3,roleplay,1,-0.006109366814295451
aggregate-target-101-+0.5-notebook-0.6-128,aggregate-target,101,0.5,steered,2,78,last_prompt,random_j_3,roleplay,1,0.04269720117251078
aggregate-target-202-+0.5-notebook-0.6-128,aggregate-target,202,0.5,steered,2,78,last_prompt,random_j_3,roleplay,1,0.020699861976835463
aggregate-control-1-101-+0.5-notebook-0.6-128,aggregate-control-1,101,0.5,steered,2,78,last_prompt,random_j_3,unrelated,1,0.0368856891989708
aggregate-control-1-202-+0.5-notebook-0.6-128,aggregate-control-1,202,0.5,steered,2,78,last_prompt,random_j_3,unrelated,1,0.04521403387188912
aggregate-control-2-101-+0.5-notebook-0.6-128,aggregate-control-2,101,0.5,steered,2,78,last_prompt,random_j_3,unrelated,1,0.006969901919364929
aggregate-control-2-202-+0.5-notebook-0.6-128,aggregate-control-2,202,0.5,steered,2,78,last_prompt,random_j_3,unrelated,1,-0.0003541901707649231
aggregate-control-3-101-+0.5-notebook-0.6-128,aggregate-control-3,101,0.5,steered,2,78,last_prompt,random_j_3,unrelated,1,0.010685189068317414
aggregate-control-3-202-+0.5-notebook-0.6-128,aggregate-control-3,202,0.5,steered,2,78,last_prompt,random_j_3,unrelated,1,-0.007769927382469177
aggregate-target-101-+0.5-notebook-0.6-128,aggregate-target,101,0.5,steered,2,78,last_prompt,random_j_3,unrelated,1,0.026087458431720733
aggregate-target-202-+0.5-notebook-0.6-128,aggregate-target,202,0.5,steered,2,78,last_prompt,random_j_3,unrelated,1,0.022854956984519958
aggregate-control-1-101-+0.5-notebook-0.6-128,aggregate-control-1,101,0.5,steered,2,78,last_prompt,random_j_4,deception,1,0.05386126339435578
aggregate-control-1-202-+0.5-notebook-0.6-128,aggregate-control-1,202,0.5,steered,2,78,last_prompt,random_j_4,deception,1,0.03187120258808136
aggregate-control-2-101-+0.5-notebook-0.6-128,aggregate-control-2,101,0.5,steered,2,78,last_prompt,random_j_4,deception,1,0.020971351861953737
aggregate-control-2-202-+0.5-notebook-0.6-128,aggregate-control-2,202,0.5,steered,2,78,last_prompt,random_j_4,deception,1,0.009236395359039307
aggregate-control-3-101-+0.5-notebook-0.6-128,aggregate-control-3,101,0.5,steered,2,78,last_prompt,random_j_4,deception,1,0.014655989408493043
aggregate-control-3-202-+0.5-notebook-0.6-128,aggregate-control-3,202,0.5,steered,2,78,last_prompt,random_j_4,deception,1,0.029030121117830276
aggregate-target-101-+0.5-notebook-0.6-128,aggregate-target,101,0.5,steered,2,78,last_prompt,random_j_4,deception,1,-0.03600428700447082
aggregate-target-202-+0.5-notebook-0.6-128,aggregate-target,202,0.5,steered,2,78,last_prompt,random_j_4,deception,1,-0.00581820011138916
aggregate-control-1-101-+0.5-notebook-0.6-128,aggregate-control-1,101,0.5,steered,2,78,last_prompt,random_j_4,experience,1,-0.08162073625458612
aggregate-control-1-202-+0.5-notebook-0.6-128,aggregate-control-1,202,0.5,steered,2,78,last_prompt,random_j_4,experience,1,-0.07197507470846176
aggregate-control-2-101-+0.5-notebook-0.6-128,aggregate-control-2,101,0.5,steered,2,78,last_prompt,random_j_4,experience,1,0.018184138668908015
aggregate-control-2-202-+0.5-notebook-0.6-128,aggregate-control-2,202,0.5,steered,2,78,last_prompt,random_j_4,experience,1,0.002554651763704088
aggregate-control-3-101-+0.5-notebook-0.6-128,aggregate-control-3,101,0.5,steered,2,78,last_prompt,random_j_4,experience,1,0.0036503440803951686
aggregate-control-3-202-+0.5-notebook-0.6-128,aggregate-control-3,202,0.5,steered,2,78,last_prompt,random_j_4,experience,1,-0.0037723249859280055
aggregate-target-101-+0.5-notebook-0.6-128,aggregate-target,101,0.5,steered,2,78,last_prompt,random_j_4,experience,1,-0.04601875278684828
aggregate-target-202-+0.5-notebook-0.6-128,aggregate-target,202,0.5,steered,2,78,last_prompt,random_j_4,experience,1,-0.005643884340922038
aggregate-control-1-101-+0.5-notebook-0.6-128,aggregate-control-1,101,0.5,steered,2,78,last_prompt,random_j_4,hedging,1,0.07934755459427834
aggregate-control-1-202-+0.5-notebook-0.6-128,aggregate-control-1,202,0.5,steered,2,78,last_prompt,random_j_4,hedging,1,0.05204867720603943
aggregate-control-2-101-+0.5-notebook-0.6-128,aggregate-control-2,101,0.5,steered,2,78,last_prompt,random_j_4,hedging,1,0.07374839335680008
aggregate-control-2-202-+0.5-notebook-0.6-128,aggregate-control-2,202,0.5,steered,2,78,last_prompt,random_j_4,hedging,1,0.08097095564007759
aggregate-control-3-101-+0.5-notebook-0.6-128,aggregate-control-3,101,0.5,steered,2,78,last_prompt,random_j_4,hedging,1,0.019605830311775208
aggregate-control-3-202-+0.5-notebook-0.6-128,aggregate-control-3,202,0.5,steered,2,78,last_prompt,random_j_4,hedging,1,0.003122346103191376
aggregate-target-101-+0.5-notebook-0.6-128,aggregate-target,101,0.5,steered,2,78,last_prompt,random_j_4,hedging,1,0.040652007609605786
aggregate-target-202-+0.5-notebook-0.6-128,aggregate-target,202,0.5,steered,2,78,last_prompt,random_j_4,hedging,1,0.04528358355164528
aggregate-control-1-101-+0.5-notebook-0.6-128,aggregate-control-1,101,0.5,steered,2,78,last_prompt,random_j_4,honesty,1,-0.01847584992647171
aggregate-control-1-202-+0.5-notebook-0.6-128,aggregate-control-1,202,0.5,steered,2,78,last_prompt,random_j_4,honesty,1,-0.01828322410583496
aggregate-control-2-101-+0.5-notebook-0.6-128,aggregate-control-2,101,0.5,steered,2,78,last_prompt,random_j_4,honesty,1,0.07843896150588989
aggregate-control-2-202-+0.5-notebook-0.6-128,aggregate-control-2,202,0.5,steered,2,78,last_prompt,random_j_4,honesty,1,0.08725348860025406
aggregate-control-3-101-+0.5-notebook-0.6-128,aggregate-control-3,101,0.5,steered,2,78,last_prompt,random_j_4,honesty,1,0.09015015810728073
aggregate-control-3-202-+0.5-notebook-0.6-128,aggregate-control-3,202,0.5,steered,2,78,last_prompt,random_j_4,honesty,1,0.06193687617778778
aggregate-target-101-+0.5-notebook-0.6-128,aggregate-target,101,0.5,steered,2,78,last_prompt,random_j_4,honesty,1,0.004726831614971161
aggregate-target-202-+0.5-notebook-0.6-128,aggregate-target,202,0.5,steered,2,78,last_prompt,random_j_4,honesty,1,-0.001658277213573456
aggregate-control-1-101-+0.5-notebook-0.6-128,aggregate-control-1,101,0.5,steered,2,78,last_prompt,random_j_4,intervention,1,-0.013221366537941827
aggregate-control-1-202-+0.5-notebook-0.6-128,aggregate-control-1,202,0.5,steered,2,78,last_prompt,random_j_4,intervention,1,-0.026997291379504733
aggregate-control-2-101-+0.5-notebook-0.6-128,aggregate-control-2,101,0.5,steered,2,78,last_prompt,random_j_4,intervention,1,0.1287636094623142
aggregate-control-2-202-+0.5-notebook-0.6-128,aggregate-control-2,202,0.5,steered,2,78,last_prompt,random_j_4,intervention,1,0.09766551521089342
aggregate-control-3-101-+0.5-notebook-0.6-128,aggregate-control-3,101,0.5,steered,2,78,last_prompt,random_j_4,intervention,1,0.044334393408563405
aggregate-control-3-202-+0.5-notebook-0.6-128,aggregate-control-3,202,0.5,steered,2,78,last_prompt,random_j_4,intervention,1,0.030714025100072224
aggregate-target-101-+0.5-notebook-0.6-128,aggregate-target,101,0.5,steered,2,78,last_prompt,random_j_4,intervention,1,0.03399157855245802
aggregate-target-202-+0.5-notebook-0.6-128,aggregate-target,202,0.5,steered,2,78,last_prompt,random_j_4,intervention,1,0.020637651284535725
aggregate-control-1-101-+0.5-notebook-0.6-128,aggregate-control-1,101,0.5,steered,2,78,last_prompt,random_j_4,roleplay,1,0.008001253008842468
aggregate-control-1-202-+0.5-notebook-0.6-128,aggregate-control-1,202,0.5,steered,2,78,last_prompt,random_j_4,roleplay,1,-0.005985902415381538
aggregate-control-2-101-+0.5-notebook-0.6-128,aggregate-control-2,101,0.5,steered,2,78,last_prompt,random_j_4,roleplay,1,-0.01935943795575036
aggregate-control-2-202-+0.5-notebook-0.6-128,aggregate-control-2,202,0.5,steered,2,78,last_prompt,random_j_4,roleplay,1,-0.005005826552708943
aggregate-control-3-101-+0.5-notebook-0.6-128,aggregate-control-3,101,0.5,steered,2,78,last_prompt,random_j_4,roleplay,1,-0.0038152850336498683
aggregate-control-3-202-+0.5-notebook-0.6-128,aggregate-control-3,202,0.5,steered,2,78,last_prompt,random_j_4,roleplay,1,0.00701696342892117
aggregate-target-101-+0.5-notebook-0.6-128,aggregate-target,101,0.5,steered,2,78,last_prompt,random_j_4,roleplay,1,0.005317040615611606
aggregate-target-202-+0.5-notebook-0.6-128,aggregate-target,202,0.5,steered,2,78,last_prompt,random_j_4,roleplay,1,0.006157866782612271
aggregate-control-1-101-+0.5-notebook-0.6-128,aggregate-control-1,101,0.5,steered,2,78,last_prompt,random_j_4,unrelated,1,-0.0496543288230896
aggregate-control-1-202-+0.5-notebook-0.6-128,aggregate-control-1,202,0.5,steered,2,78,last_prompt,random_j_4,unrelated,1,-0.033176233619451524
aggregate-control-2-101-+0.5-notebook-0.6-128,aggregate-control-2,101,0.5,steered,2,78,last_prompt,random_j_4,unrelated,1,-0.009412276744842529
aggregate-control-2-202-+0.5-notebook-0.6-128,aggregate-control-2,202,0.5,steered,2,78,last_prompt,random_j_4,unrelated,1,0.006775368750095367
aggregate-control-3-101-+0.5-notebook-0.6-128,aggregate-control-3,101,0.5,steered,2,78,last_prompt,random_j_4,unrelated,1,0.0632821038365364
aggregate-control-3-202-+0.5-notebook-0.6-128,aggregate-control-3,202,0.5,steered,2,78,last_prompt,random_j_4,unrelated,1,0.05091407001018524
aggregate-target-101-+0.5-notebook-0.6-128,aggregate-target,101,0.5,steered,2,78,last_prompt,random_j_4,unrelated,1,-0.008216845989227294
aggregate-target-202-+0.5-notebook-0.6-128,aggregate-target,202,0.5,steered,2,78,last_prompt,random_j_4,unrelated,1,-0.008789145946502685
aggregate-control-1-101-+0.5-notebook-0.6-128,aggregate-control-1,101,0.5,steered,2,78,last_prompt,random_j_5,deception,1,-0.030629755556583406
aggregate-control-1-202-+0.5-notebook-0.6-128,aggregate-control-1,202,0.5,steered,2,78,last_prompt,random_j_5,deception,1,-0.005403214693069458
aggregate-control-2-101-+0.5-notebook-0.6-128,aggregate-control-2,101,0.5,steered,2,78,last_prompt,random_j_5,deception,1,0.07841743528842926
aggregate-control-2-202-+0.5-notebook-0.6-128,aggregate-control-2,202,0.5,steered,2,78,last_prompt,random_j_5,deception,1,0.07838232070207596
aggregate-control-3-101-+0.5-notebook-0.6-128,aggregate-control-3,101,0.5,steered,2,78,last_prompt,random_j_5,deception,1,-0.01062990427017212
aggregate-control-3-202-+0.5-notebook-0.6-128,aggregate-control-3,202,0.5,steered,2,78,last_prompt,random_j_5,deception,1,-0.01421789824962616
aggregate-target-101-+0.5-notebook-0.6-128,aggregate-target,101,0.5,steered,2,78,last_prompt,random_j_5,deception,1,0.02867337167263031
aggregate-target-202-+0.5-notebook-0.6-128,aggregate-target,202,0.5,steered,2,78,last_prompt,random_j_5,deception,1,0.0357051819562912
aggregate-control-1-101-+0.5-notebook-0.6-128,aggregate-control-1,101,0.5,steered,2,78,last_prompt,random_j_5,experience,1,0.0018688630726602343
aggregate-control-1-202-+0.5-notebook-0.6-128,aggregate-control-1,202,0.5,steered,2,78,last_prompt,random_j_5,experience,1,-0.042001735832956105
aggregate-control-2-101-+0.5-notebook-0.6-128,aggregate-control-2,101,0.5,steered,2,78,last_prompt,random_j_5,experience,1,-0.00901994440290663
aggregate-control-2-202-+0.5-notebook-0.6-128,aggregate-control-2,202,0.5,steered,2,78,last_prompt,random_j_5,experience,1,0.0040844885839356315
aggregate-control-3-101-+0.5-notebook-0.6-128,aggregate-control-3,101,0.5,steered,2,78,last_prompt,random_j_5,experience,1,-0.06035746468438043
aggregate-control-3-202-+0.5-notebook-0.6-128,aggregate-control-3,202,0.5,steered,2,78,last_prompt,random_j_5,experience,1,-0.06366517146428426
aggregate-target-101-+0.5-notebook-0.6-128,aggregate-target,101,0.5,steered,2,78,last_prompt,random_j_5,experience,1,0.05044867595036825
aggregate-target-202-+0.5-notebook-0.6-128,aggregate-target,202,0.5,steered,2,78,last_prompt,random_j_5,experience,1,0.0757846004433102
aggregate-control-1-101-+0.5-notebook-0.6-128,aggregate-control-1,101,0.5,steered,2,78,last_prompt,random_j_5,hedging,1,0.09790789633989334
aggregate-control-1-202-+0.5-notebook-0.6-128,aggregate-control-1,202,0.5,steered,2,78,last_prompt,random_j_5,hedging,1,0.09500266909599304
aggregate-control-2-101-+0.5-notebook-0.6-128,aggregate-control-2,101,0.5,steered,2,78,last_prompt,random_j_5,hedging,1,-0.04177732914686203
aggregate-control-2-202-+0.5-notebook-0.6-128,aggregate-control-2,202,0.5,steered,2,78,last_prompt,random_j_5,hedging,1,-0.0549159437417984
aggregate-control-3-101-+0.5-notebook-0.6-128,aggregate-control-3,101,0.5,steered,2,78,last_prompt,random_j_5,hedging,1,-0.043896915018558504
aggregate-control-3-202-+0.5-notebook-0.6-128,aggregate-control-3,202,0.5,steered,2,78,last_prompt,random_j_5,hedging,1,-0.01647954136133194
aggregate-target-101-+0.5-notebook-0.6-128,aggregate-target,101,0.5,steered,2,78,last_prompt,random_j_5,hedging,1,0.009915409982204438
aggregate-target-202-+0.5-notebook-0.6-128,aggregate-target,202,0.5,steered,2,78,last_prompt,random_j_5,hedging,1,0.021312828361988067
aggregate-control-1-101-+0.5-notebook-0.6-128,aggregate-control-1,101,0.5,steered,2,78,last_prompt,random_j_5,honesty,1,-0.034594747424125674
aggregate-control-1-202-+0.5-notebook-0.6-128,aggregate-control-1,202,0.5,steered,2,78,last_prompt,random_j_5,honesty,1,-0.025154468417167664
aggregate-control-2-101-+0.5-notebook-0.6-128,aggregate-control-2,101,0.5,steered,2,78,last_prompt,random_j_5,honesty,1,-0.016702720522880556
aggregate-control-2-202-+0.5-notebook-0.6-128,aggregate-control-2,202,0.5,steered,2,78,last_prompt,random_j_5,honesty,1,-0.019246098399162293
aggregate-control-3-101-+0.5-notebook-0.6-128,aggregate-control-3,101,0.5,steered,2,78,last_prompt,random_j_5,honesty,1,-0.034790852665901185
aggregate-control-3-202-+0.5-notebook-0.6-128,aggregate-control-3,202,0.5,steered,2,78,last_prompt,random_j_5,honesty,1,-0.045635586977005003
aggregate-target-101-+0.5-notebook-0.6-128,aggregate-target,101,0.5,steered,2,78,last_prompt,random_j_5,honesty,1,-0.03605935275554657
aggregate-target-202-+0.5-notebook-0.6-128,aggregate-target,202,0.5,steered,2,78,last_prompt,random_j_5,honesty,1,-0.040088289976119997
aggregate-control-1-101-+0.5-notebook-0.6-128,aggregate-control-1,101,0.5,steered,2,78,last_prompt,random_j_5,intervention,1,-0.02326330045859019
aggregate-control-1-202-+0.5-notebook-0.6-128,aggregate-control-1,202,0.5,steered,2,78,last_prompt,random_j_5,intervention,1,-0.010568201541900635
aggregate-control-2-101-+0.5-notebook-0.6-128,aggregate-control-2,101,0.5,steered,2,78,last_prompt,random_j_5,intervention,1,-0.07428604529963599
aggregate-control-2-202-+0.5-notebook-0.6-128,aggregate-control-2,202,0.5,steered,2,78,last_prompt,random_j_5,intervention,1,-0.04999268386099073
aggregate-control-3-101-+0.5-notebook-0.6-128,aggregate-control-3,101,0.5,steered,2,78,last_prompt,random_j_5,intervention,1,-0.0011456964744461908
aggregate-control-3-202-+0.5-notebook-0.6-128,aggregate-control-3,202,0.5,steered,2,78,last_prompt,random_j_5,intervention,1,-0.037017216285069786
aggregate-target-101-+0.5-notebook-0.6-128,aggregate-target,101,0.5,steered,2,78,last_prompt,random_j_5,intervention,1,0.03815508551067776
aggregate-target-202-+0.5-notebook-0.6-128,aggregate-target,202,0.5,steered,2,78,last_prompt,random_j_5,intervention,1,0.04084436264302996
aggregate-control-1-101-+0.5-notebook-0.6-128,aggregate-control-1,101,0.5,steered,2,78,last_prompt,random_j_5,roleplay,1,-0.0060409605503082275
aggregate-control-1-202-+0.5-notebook-0.6-128,aggregate-control-1,202,0.5,steered,2,78,last_prompt,random_j_5,roleplay,1,-0.014850891298717923
aggregate-control-2-101-+0.5-notebook-0.6-128,aggregate-control-2,101,0.5,steered,2,78,last_prompt,random_j_5,roleplay,1,0.09935936000612047
aggregate-control-2-202-+0.5-notebook-0.6-128,aggregate-control-2,202,0.5,steered,2,78,last_prompt,random_j_5,roleplay,1,0.08443228900432587
aggregate-control-3-101-+0.5-notebook-0.6-128,aggregate-control-3,101,0.5,steered,2,78,last_prompt,random_j_5,roleplay,1,0.05149008830388387
aggregate-control-3-202-+0.5-notebook-0.6-128,aggregate-control-3,202,0.5,steered,2,78,last_prompt,random_j_5,roleplay,1,0.08045880330933465
aggregate-target-101-+0.5-notebook-0.6-128,aggregate-target,101,0.5,steered,2,78,last_prompt,random_j_5,roleplay,1,-0.04878102739651998
aggregate-target-202-+0.5-notebook-0.6-128,aggregate-target,202,0.5,steered,2,78,last_prompt,random_j_5,roleplay,1,-0.031775522563192576
aggregate-control-1-101-+0.5-notebook-0.6-128,aggregate-control-1,101,0.5,steered,2,78,last_prompt,random_j_5,unrelated,1,-0.03224200084805488
aggregate-control-1-202-+0.5-notebook-0.6-128,aggregate-control-1,202,0.5,steered,2,78,last_prompt,random_j_5,unrelated,1,-0.03880415037274361
aggregate-control-2-101-+0.5-notebook-0.6-128,aggregate-control-2,101,0.5,steered,2,78,last_prompt,random_j_5,unrelated,1,-0.0492884486913681
aggregate-control-2-202-+0.5-notebook-0.6-128,aggregate-control-2,202,0.5,steered,2,78,last_prompt,random_j_5,unrelated,1,-0.06368006691336632
aggregate-control-3-101-+0.5-notebook-0.6-128,aggregate-control-3,101,0.5,steered,2,78,last_prompt,random_j_5,unrelated,1,0.06122340261936188
aggregate-control-3-202-+0.5-notebook-0.6-128,aggregate-control-3,202,0.5,steered,2,78,last_prompt,random_j_5,unrelated,1,0.05507273823022842
aggregate-target-101-+0.5-notebook-0.6-128,aggregate-target,101,0.5,steered,2,78,last_prompt,random_j_5,unrelated,1,0.0315543532371521
aggregate-target-202-+0.5-notebook-0.6-128,aggregate-target,202,0.5,steered,2,78,last_prompt,random_j_5,unrelated,1,0.01590455323457718
aggregate-control-1-101--0.5-notebook-0.6-128,aggregate-control-1,101,-0.5,zero,2,50,last_prompt,identity,deception,1,0.03800893649458885
aggregate-control-1-202--0.5-notebook-0.6-128,aggregate-control-1,202,-0.5,zero,2,50,last_prompt,identity,deception,1,0.03751208856701851
aggregate-control-2-101--0.5-notebook-0.6-128,aggregate-control-2,101,-0.5,zero,2,50,last_prompt,identity,deception,1,-0.04522788748145103
aggregate-control-2-202--0.5-notebook-0.6-128,aggregate-control-2,202,-0.5,zero,2,50,last_prompt,identity,deception,1,-0.045990466326475146
aggregate-control-3-101--0.5-notebook-0.6-128,aggregate-control-3,101,-0.5,zero,2,50,last_prompt,identity,deception,1,0.07510832324624062
aggregate-control-3-202--0.5-notebook-0.6-128,aggregate-control-3,202,-0.5,zero,2,50,last_prompt,identity,deception,1,0.07488522678613663
aggregate-target-101--0.5-notebook-0.6-128,aggregate-target,101,-0.5,zero,2,50,last_prompt,identity,deception,1,-0.22150807529687883
aggregate-target-202--0.5-notebook-0.6-128,aggregate-target,202,-0.5,zero,2,50,last_prompt,identity,deception,1,-0.21832088828086854
aggregate-control-1-101--0.5-notebook-0.6-128,aggregate-control-1,101,-0.5,zero,2,50,last_prompt,identity,experience,1,-0.015367428461710611
aggregate-control-1-202--0.5-notebook-0.6-128,aggregate-control-1,202,-0.5,zero,2,50,last_prompt,identity,experience,1,-0.015244752168655396
aggregate-control-2-101--0.5-notebook-0.6-128,aggregate-control-2,101,-0.5,zero,2,50,last_prompt,identity,experience,1,0.016240480873319838
aggregate-control-2-202--0.5-notebook-0.6-128,aggregate-control-2,202,-0.5,zero,2,50,last_prompt,identity,experience,1,0.01638911830054389
aggregate-control-3-101--0.5-notebook-0.6-128,aggregate-control-3,101,-0.5,zero,2,50,last_prompt,identity,experience,1,0.07249357634120518
aggregate-control-3-202--0.5-notebook-0.6-128,aggregate-control-3,202,-0.5,zero,2,50,last_prompt,identity,experience,1,0.07037742932637532
aggregate-target-101--0.5-notebook-0.6-128,aggregate-target,101,-0.5,zero,2,50,last_prompt,identity,experience,1,-0.03987123237715827
aggregate-target-202--0.5-notebook-0.6-128,aggregate-target,202,-0.5,zero,2,50,last_prompt,identity,experience,1,-0.03957870271470812
aggregate-control-1-101--0.5-notebook-0.6-128,aggregate-control-1,101,-0.5,zero,2,50,last_prompt,identity,hedging,1,-0.05065800696611404
aggregate-control-1-202--0.5-notebook-0.6-128,aggregate-control-1,202,-0.5,zero,2,50,last_prompt,identity,hedging,1,-0.05069331079721451
aggregate-control-2-101--0.5-notebook-0.6-128,aggregate-control-2,101,-0.5,zero,2,50,last_prompt,identity,hedging,1,0.021037547290325163
aggregate-control-2-202--0.5-notebook-0.6-128,aggregate-control-2,202,-0.5,zero,2,50,last_prompt,identity,hedging,1,0.02020454704761505
aggregate-control-3-101--0.5-notebook-0.6-128,aggregate-control-3,101,-0.5,zero,2,50,last_prompt,identity,hedging,1,-0.013438154757022858
aggregate-control-3-202--0.5-notebook-0.6-128,aggregate-control-3,202,-0.5,zero,2,50,last_prompt,identity,hedging,1,-0.013301359117031097
aggregate-target-101--0.5-notebook-0.6-128,aggregate-target,101,-0.5,zero,2,50,last_prompt,identity,hedging,1,0.004171843826770783
aggregate-target-202--0.5-notebook-0.6-128,aggregate-target,202,-0.5,zero,2,50,last_prompt,identity,hedging,1,0.0041852608323097226
aggregate-control-1-101--0.5-notebook-0.6-128,aggregate-control-1,101,-0.5,zero,2,50,last_prompt,identity,honesty,1,-0.04295950829982757
aggregate-control-1-202--0.5-notebook-0.6-128,aggregate-control-1,202,-0.5,zero,2,50,last_prompt,identity,honesty,1,-0.04206525012850761
aggregate-control-2-101--0.5-notebook-0.6-128,aggregate-control-2,101,-0.5,zero,2,50,last_prompt,identity,honesty,1,0.02509857565164566
aggregate-control-2-202--0.5-notebook-0.6-128,aggregate-control-2,202,-0.5,zero,2,50,last_prompt,identity,honesty,1,0.02443780153989792
aggregate-control-3-101--0.5-notebook-0.6-128,aggregate-control-3,101,-0.5,zero,2,50,last_prompt,identity,honesty,1,0.0913112536072731
aggregate-control-3-202--0.5-notebook-0.6-128,aggregate-control-3,202,-0.5,zero,2,50,last_prompt,identity,honesty,1,0.09028846472501754
aggregate-target-101--0.5-notebook-0.6-128,aggregate-target,101,-0.5,zero,2,50,last_prompt,identity,honesty,1,0.07739369720220565
aggregate-target-202--0.5-notebook-0.6-128,aggregate-target,202,-0.5,zero,2,50,last_prompt,identity,honesty,1,0.07593515962362289
aggregate-control-1-101--0.5-notebook-0.6-128,aggregate-control-1,101,-0.5,zero,2,50,last_prompt,identity,intervention,1,-0.031363273660341896
aggregate-control-1-202--0.5-notebook-0.6-128,aggregate-control-1,202,-0.5,zero,2,50,last_prompt,identity,intervention,1,-0.03174043115642336
aggregate-control-2-101--0.5-notebook-0.6-128,aggregate-control-2,101,-0.5,zero,2,50,last_prompt,identity,intervention,1,0.03528741002082825
aggregate-control-2-202--0.5-notebook-0.6-128,aggregate-control-2,202,-0.5,zero,2,50,last_prompt,identity,intervention,1,0.03457350035508474
aggregate-control-3-101--0.5-notebook-0.6-128,aggregate-control-3,101,-0.5,zero,2,50,last_prompt,identity,intervention,1,0.0632417466905382
aggregate-control-3-202--0.5-notebook-0.6-128,aggregate-control-3,202,-0.5,zero,2,50,last_prompt,identity,intervention,1,0.06289114554723103
aggregate-target-101--0.5-notebook-0.6-128,aggregate-target,101,-0.5,zero,2,50,last_prompt,identity,intervention,1,0.009604349732398987
aggregate-target-202--0.5-notebook-0.6-128,aggregate-target,202,-0.5,zero,2,50,last_prompt,identity,intervention,1,0.009297806355688307
aggregate-control-1-101--0.5-notebook-0.6-128,aggregate-control-1,101,-0.5,zero,2,50,last_prompt,identity,roleplay,1,-0.04144230153825548
aggregate-control-1-202--0.5-notebook-0.6-128,aggregate-control-1,202,-0.5,zero,2,50,last_prompt,identity,roleplay,1,-0.03917881018585629
aggregate-control-2-101--0.5-notebook-0.6-128,aggregate-control-2,101,-0.5,zero,2,50,last_prompt,identity,roleplay,1,-0.03455055422253079
aggregate-control-2-202--0.5-notebook-0.6-128,aggregate-control-2,202,-0.5,zero,2,50,last_prompt,identity,roleplay,1,-0.033270128899150424
aggregate-control-3-101--0.5-notebook-0.6-128,aggregate-control-3,101,-0.5,zero,2,50,last_prompt,identity,roleplay,1,-0.031213866339789495
aggregate-control-3-202--0.5-notebook-0.6-128,aggregate-control-3,202,-0.5,zero,2,50,last_prompt,identity,roleplay,1,-0.02994421621163686
aggregate-target-101--0.5-notebook-0.6-128,aggregate-target,101,-0.5,zero,2,50,last_prompt,identity,roleplay,1,-0.0912062492635515
aggregate-target-202--0.5-notebook-0.6-128,aggregate-target,202,-0.5,zero,2,50,last_prompt,identity,roleplay,1,-0.08988383577929603
aggregate-control-1-101--0.5-notebook-0.6-128,aggregate-control-1,101,-0.5,zero,2,50,last_prompt,identity,unrelated,1,-0.006824374198913574
aggregate-control-1-202--0.5-notebook-0.6-128,aggregate-control-1,202,-0.5,zero,2,50,last_prompt,identity,unrelated,1,-0.006110590696334839
aggregate-control-2-101--0.5-notebook-0.6-128,aggregate-control-2,101,-0.5,zero,2,50,last_prompt,identity,unrelated,1,-0.04023204445838928
aggregate-control-2-202--0.5-notebook-0.6-128,aggregate-control-2,202,-0.5,zero,2,50,last_prompt,identity,unrelated,1,-0.03918880820274353
aggregate-control-3-101--0.5-notebook-0.6-128,aggregate-control-3,101,-0.5,zero,2,50,last_prompt,identity,unrelated,1,0.00848444104194641
aggregate-control-3-202--0.5-notebook-0.6-128,aggregate-control-3,202,-0.5,zero,2,50,last_prompt,identity,unrelated,1,0.007459759712219238
aggregate-target-101--0.5-notebook-0.6-128,aggregate-target,101,-0.5,zero,2,50,last_prompt,identity,unrelated,1,0.07711942195892334
aggregate-target-202--0.5-notebook-0.6-128,aggregate-target,202,-0.5,zero,2,50,last_prompt,identity,unrelated,1,0.0769686758518219
aggregate-control-1-101--0.5-notebook-0.6-128,aggregate-control-1,101,-0.5,zero,2,50,last_prompt,jacobian,deception,1,-0.013096378743648529
aggregate-control-1-202--0.5-notebook-0.6-128,aggregate-control-1,202,-0.5,zero,2,50,last_prompt,jacobian,deception,1,-0.012574639916419984
aggregate-control-2-101--0.5-notebook-0.6-128,aggregate-control-2,101,-0.5,zero,2,50,last_prompt,jacobian,deception,1,-0.03539912402629852
aggregate-control-2-202--0.5-notebook-0.6-128,aggregate-control-2,202,-0.5,zero,2,50,last_prompt,jacobian,deception,1,-0.03562689870595932
aggregate-control-3-101--0.5-notebook-0.6-128,aggregate-control-3,101,-0.5,zero,2,50,last_prompt,jacobian,deception,1,0.0013012155890464784
aggregate-control-3-202--0.5-notebook-0.6-128,aggregate-control-3,202,-0.5,zero,2,50,last_prompt,jacobian,deception,1,0.0010276809334754944
aggregate-target-101--0.5-notebook-0.6-128,aggregate-target,101,-0.5,zero,2,50,last_prompt,jacobian,deception,1,-1.4012556046247482
aggregate-target-202--0.5-notebook-0.6-128,aggregate-target,202,-0.5,zero,2,50,last_prompt,jacobian,deception,1,-1.3974268823862075
aggregate-control-1-101--0.5-notebook-0.6-128,aggregate-control-1,101,-0.5,zero,2,50,last_prompt,jacobian,experience,1,-0.07503615485297309
aggregate-control-1-202--0.5-notebook-0.6-128,aggregate-control-1,202,-0.5,zero,2,50,last_prompt,jacobian,experience,1,-0.07495574156443278
aggregate-control-2-101--0.5-notebook-0.6-128,aggregate-control-2,101,-0.5,zero,2,50,last_prompt,jacobian,experience,1,0.13395196861690944
aggregate-control-2-202--0.5-notebook-0.6-128,aggregate-control-2,202,-0.5,zero,2,50,last_prompt,jacobian,experience,1,0.13636672496795654
aggregate-control-3-101--0.5-notebook-0.6-128,aggregate-control-3,101,-0.5,zero,2,50,last_prompt,jacobian,experience,1,-0.019726236661275227
aggregate-control-3-202--0.5-notebook-0.6-128,aggregate-control-3,202,-0.5,zero,2,50,last_prompt,jacobian,experience,1,-0.021258645587497287
aggregate-target-101--0.5-notebook-0.6-128,aggregate-target,101,-0.5,zero,2,50,last_prompt,jacobian,experience,1,-0.19049353069729275
aggregate-target-202--0.5-notebook-0.6-128,aggregate-target,202,-0.5,zero,2,50,last_prompt,jacobian,experience,1,-0.1960302988688151
aggregate-control-1-101--0.5-notebook-0.6-128,aggregate-control-1,101,-0.5,zero,2,50,last_prompt,jacobian,hedging,1,0.03682260513305664
aggregate-control-1-202--0.5-notebook-0.6-128,aggregate-control-1,202,-0.5,zero,2,50,last_prompt,jacobian,hedging,1,0.036646473407745364
aggregate-control-2-101--0.5-notebook-0.6-128,aggregate-control-2,101,-0.5,zero,2,50,last_prompt,jacobian,hedging,1,0.06017549037933349
aggregate-control-2-202--0.5-notebook-0.6-128,aggregate-control-2,202,-0.5,zero,2,50,last_prompt,jacobian,hedging,1,0.06197060346603393
aggregate-control-3-101--0.5-notebook-0.6-128,aggregate-control-3,101,-0.5,zero,2,50,last_prompt,jacobian,hedging,1,-0.05439978837966919
aggregate-control-3-202--0.5-notebook-0.6-128,aggregate-control-3,202,-0.5,zero,2,50,last_prompt,jacobian,hedging,1,-0.05323535203933716
aggregate-target-101--0.5-notebook-0.6-128,aggregate-target,101,-0.5,zero,2,50,last_prompt,jacobian,hedging,1,-0.17052998542785644
aggregate-target-202--0.5-notebook-0.6-128,aggregate-target,202,-0.5,zero,2,50,last_prompt,jacobian,hedging,1,-0.17501929998397828
aggregate-control-1-101--0.5-notebook-0.6-128,aggregate-control-1,101,-0.5,zero,2,50,last_prompt,jacobian,honesty,1,0.00033838748931884765
aggregate-control-1-202--0.5-notebook-0.6-128,aggregate-control-1,202,-0.5,zero,2,50,last_prompt,jacobian,honesty,1,0.0005476593971252442
aggregate-control-2-101--0.5-notebook-0.6-128,aggregate-control-2,101,-0.5,zero,2,50,last_prompt,jacobian,honesty,1,0.02926633358001709
aggregate-control-2-202--0.5-notebook-0.6-128,aggregate-control-2,202,-0.5,zero,2,50,last_prompt,jacobian,honesty,1,0.029436266422271727
aggregate-control-3-101--0.5-notebook-0.6-128,aggregate-control-3,101,-0.5,zero,2,50,last_prompt,jacobian,honesty,1,0.051783287525177
aggregate-control-3-202--0.5-notebook-0.6-128,aggregate-control-3,202,-0.5,zero,2,50,last_prompt,jacobian,honesty,1,0.05154003500938416
aggregate-target-101--0.5-notebook-0.6-128,aggregate-target,101,-0.5,zero,2,50,last_prompt,jacobian,honesty,1,-0.3102483332157135
aggregate-target-202--0.5-notebook-0.6-128,aggregate-target,202,-0.5,zero,2,50,last_prompt,jacobian,honesty,1,-0.31310439109802246
aggregate-control-1-101--0.5-notebook-0.6-128,aggregate-control-1,101,-0.5,zero,2,50,last_prompt,jacobian,intervention,1,-0.08365667859713237
aggregate-control-1-202--0.5-notebook-0.6-128,aggregate-control-1,202,-0.5,zero,2,50,last_prompt,jacobian,intervention,1,-0.08506342768669128
aggregate-control-2-101--0.5-notebook-0.6-128,aggregate-control-2,101,-0.5,zero,2,50,last_prompt,jacobian,intervention,1,0.05744438370068868
aggregate-control-2-202--0.5-notebook-0.6-128,aggregate-control-2,202,-0.5,zero,2,50,last_prompt,jacobian,intervention,1,0.05435514450073242
aggregate-control-3-101--0.5-notebook-0.6-128,aggregate-control-3,101,-0.5,zero,2,50,last_prompt,jacobian,intervention,1,-0.035268922646840416
aggregate-control-3-202--0.5-notebook-0.6-128,aggregate-control-3,202,-0.5,zero,2,50,last_prompt,jacobian,intervention,1,-0.034481671121385365
aggregate-target-101--0.5-notebook-0.6-128,aggregate-target,101,-0.5,zero,2,50,last_prompt,jacobian,intervention,1,-0.2699114117357466
aggregate-target-202--0.5-notebook-0.6-128,aggregate-target,202,-0.5,zero,2,50,last_prompt,jacobian,intervention,1,-0.27135025130377877
aggregate-control-1-101--0.5-notebook-0.6-128,aggregate-control-1,101,-0.5,zero,2,50,last_prompt,jacobian,roleplay,1,-0.1319112711482578
aggregate-control-1-202--0.5-notebook-0.6-128,aggregate-control-1,202,-0.5,zero,2,50,last_prompt,jacobian,roleplay,1,-0.1312450816233953
aggregate-control-2-101--0.5-notebook-0.6-128,aggregate-control-2,101,-0.5,zero,2,50,last_prompt,jacobian,roleplay,1,0.08467644121911791
aggregate-control-2-202--0.5-notebook-0.6-128,aggregate-control-2,202,-0.5,zero,2,50,last_prompt,jacobian,roleplay,1,0.08358000384436713
aggregate-control-3-101--0.5-notebook-0.6-128,aggregate-control-3,101,-0.5,zero,2,50,last_prompt,jacobian,roleplay,1,-0.11100280284881592
aggregate-control-3-202--0.5-notebook-0.6-128,aggregate-control-3,202,-0.5,zero,2,50,last_prompt,jacobian,roleplay,1,-0.11011716061168247
aggregate-target-101--0.5-notebook-0.6-128,aggregate-target,101,-0.5,zero,2,50,last_prompt,jacobian,roleplay,1,-0.7374541759490967
aggregate-target-202--0.5-notebook-0.6-128,aggregate-target,202,-0.5,zero,2,50,last_prompt,jacobian,roleplay,1,-0.7373503645261129
aggregate-control-1-101--0.5-notebook-0.6-128,aggregate-control-1,101,-0.5,zero,2,50,last_prompt,jacobian,unrelated,1,-0.09907124862074852
aggregate-control-1-202--0.5-notebook-0.6-128,aggregate-control-1,202,-0.5,zero,2,50,last_prompt,jacobian,unrelated,1,-0.09745050370693206
aggregate-control-2-101--0.5-notebook-0.6-128,aggregate-control-2,101,-0.5,zero,2,50,last_prompt,jacobian,unrelated,1,0.0045266315340995785
aggregate-control-2-202--0.5-notebook-0.6-128,aggregate-control-2,202,-0.5,zero,2,50,last_prompt,jacobian,unrelated,1,0.004589061439037323
aggregate-control-3-101--0.5-notebook-0.6-128,aggregate-control-3,101,-0.5,zero,2,50,last_prompt,jacobian,unrelated,1,-0.013062970340251922
aggregate-control-3-202--0.5-notebook-0.6-128,aggregate-control-3,202,-0.5,zero,2,50,last_prompt,jacobian,unrelated,1,-0.014526215195655823
aggregate-target-101--0.5-notebook-0.6-128,aggregate-target,101,-0.5,zero,2,50,last_prompt,jacobian,unrelated,1,0.053842517733573916
aggregate-target-202--0.5-notebook-0.6-128,aggregate-target,202,-0.5,zero,2,50,last_prompt,jacobian,unrelated,1,0.05352238863706589
aggregate-control-1-101--0.5-notebook-0.6-128,aggregate-control-1,101,-0.5,zero,2,50,last_prompt,random_j_1,deception,1,0.12865691930055617
aggregate-control-1-202--0.5-notebook-0.6-128,aggregate-control-1,202,-0.5,zero,2,50,last_prompt,random_j_1,deception,1,0.12557844072580338
aggregate-control-2-101--0.5-notebook-0.6-128,aggregate-control-2,101,-0.5,zero,2,50,last_prompt,random_j_1,deception,1,-0.06482312902808189
aggregate-control-2-202--0.5-notebook-0.6-128,aggregate-control-2,202,-0.5,zero,2,50,last_prompt,random_j_1,deception,1,-0.06323174312710762
aggregate-control-3-101--0.5-notebook-0.6-128,aggregate-control-3,101,-0.5,zero,2,50,last_prompt,random_j_1,deception,1,-0.014677096903324128
aggregate-control-3-202--0.5-notebook-0.6-128,aggregate-control-3,202,-0.5,zero,2,50,last_prompt,random_j_1,deception,1,-0.013198412954807281
aggregate-target-101--0.5-notebook-0.6-128,aggregate-target,101,-0.5,zero,2,50,last_prompt,random_j_1,deception,1,-0.07116195857524872
aggregate-target-202--0.5-notebook-0.6-128,aggregate-target,202,-0.5,zero,2,50,last_prompt,random_j_1,deception,1,-0.0697241846472025
aggregate-control-1-101--0.5-notebook-0.6-128,aggregate-control-1,101,-0.5,zero,2,50,last_prompt,random_j_1,experience,1,0.02126002973980374
aggregate-control-1-202--0.5-notebook-0.6-128,aggregate-control-1,202,-0.5,zero,2,50,last_prompt,random_j_1,experience,1,0.021413765019840665
aggregate-control-2-101--0.5-notebook-0.6-128,aggregate-control-2,101,-0.5,zero,2,50,last_prompt,random_j_1,experience,1,-0.05443585250112745
aggregate-control-2-202--0.5-notebook-0.6-128,aggregate-control-2,202,-0.5,zero,2,50,last_prompt,random_j_1,experience,1,-0.0536314414607154
aggregate-control-3-101--0.5-notebook-0.6-128,aggregate-control-3,101,-0.5,zero,2,50,last_prompt,random_j_1,experience,1,-0.04887349406878153
aggregate-control-3-202--0.5-notebook-0.6-128,aggregate-control-3,202,-0.5,zero,2,50,last_prompt,random_j_1,experience,1,-0.04768657022052341
aggregate-target-101--0.5-notebook-0.6-128,aggregate-target,101,-0.5,zero,2,50,last_prompt,random_j_1,experience,1,0.0192085314128134
aggregate-target-202--0.5-notebook-0.6-128,aggregate-target,202,-0.5,zero,2,50,last_prompt,random_j_1,experience,1,0.019826051261689927
aggregate-control-1-101--0.5-notebook-0.6-128,aggregate-control-1,101,-0.5,zero,2,50,last_prompt,random_j_1,hedging,1,0.018953409790992738
aggregate-control-1-202--0.5-notebook-0.6-128,aggregate-control-1,202,-0.5,zero,2,50,last_prompt,random_j_1,hedging,1,0.01858518123626709
aggregate-control-2-101--0.5-notebook-0.6-128,aggregate-control-2,101,-0.5,zero,2,50,last_prompt,random_j_1,hedging,1,-0.029402801394462587
aggregate-control-2-202--0.5-notebook-0.6-128,aggregate-control-2,202,-0.5,zero,2,50,last_prompt,random_j_1,hedging,1,-0.030390681326389314
aggregate-control-3-101--0.5-notebook-0.6-128,aggregate-control-3,101,-0.5,zero,2,50,last_prompt,random_j_1,hedging,1,-0.010945551097393036
aggregate-control-3-202--0.5-notebook-0.6-128,aggregate-control-3,202,-0.5,zero,2,50,last_prompt,random_j_1,hedging,1,-0.010107275843620301
aggregate-target-101--0.5-notebook-0.6-128,aggregate-target,101,-0.5,zero,2,50,last_prompt,random_j_1,hedging,1,-0.002511727064847946
aggregate-target-202--0.5-notebook-0.6-128,aggregate-target,202,-0.5,zero,2,50,last_prompt,random_j_1,hedging,1,-0.0015326946973800658
aggregate-control-1-101--0.5-notebook-0.6-128,aggregate-control-1,101,-0.5,zero,2,50,last_prompt,random_j_1,honesty,1,0.020563673973083497
aggregate-control-1-202--0.5-notebook-0.6-128,aggregate-control-1,202,-0.5,zero,2,50,last_prompt,random_j_1,honesty,1,0.019006374478340148
aggregate-control-2-101--0.5-notebook-0.6-128,aggregate-control-2,101,-0.5,zero,2,50,last_prompt,random_j_1,honesty,1,-0.029233351349830627
aggregate-control-2-202--0.5-notebook-0.6-128,aggregate-control-2,202,-0.5,zero,2,50,last_prompt,random_j_1,honesty,1,-0.02857975661754608
aggregate-control-3-101--0.5-notebook-0.6-128,aggregate-control-3,101,-0.5,zero,2,50,last_prompt,random_j_1,honesty,1,-0.026417626440525054
aggregate-control-3-202--0.5-notebook-0.6-128,aggregate-control-3,202,-0.5,zero,2,50,last_prompt,random_j_1,honesty,1,-0.02577598989009857
aggregate-target-101--0.5-notebook-0.6-128,aggregate-target,101,-0.5,zero,2,50,last_prompt,random_j_1,honesty,1,-0.036421123147010806
aggregate-target-202--0.5-notebook-0.6-128,aggregate-target,202,-0.5,zero,2,50,last_prompt,random_j_1,honesty,1,-0.035002472996711734
aggregate-control-1-101--0.5-notebook-0.6-128,aggregate-control-1,101,-0.5,zero,2,50,last_prompt,random_j_1,intervention,1,-0.0034537360899978215
aggregate-control-1-202--0.5-notebook-0.6-128,aggregate-control-1,202,-0.5,zero,2,50,last_prompt,random_j_1,intervention,1,-0.004874717030260298
aggregate-control-2-101--0.5-notebook-0.6-128,aggregate-control-2,101,-0.5,zero,2,50,last_prompt,random_j_1,intervention,1,-0.01778686336345143
aggregate-control-2-202--0.5-notebook-0.6-128,aggregate-control-2,202,-0.5,zero,2,50,last_prompt,random_j_1,intervention,1,-0.01777530461549759
aggregate-control-3-101--0.5-notebook-0.6-128,aggregate-control-3,101,-0.5,zero,2,50,last_prompt,random_j_1,intervention,1,-0.03427861755092939
aggregate-control-3-202--0.5-notebook-0.6-128,aggregate-control-3,202,-0.5,zero,2,50,last_prompt,random_j_1,intervention,1,-0.03382983720964856
aggregate-target-101--0.5-notebook-0.6-128,aggregate-target,101,-0.5,zero,2,50,last_prompt,random_j_1,intervention,1,0.040691879474454455
aggregate-target-202--0.5-notebook-0.6-128,aggregate-target,202,-0.5,zero,2,50,last_prompt,random_j_1,intervention,1,0.04036831441852781
aggregate-control-1-101--0.5-notebook-0.6-128,aggregate-control-1,101,-0.5,zero,2,50,last_prompt,random_j_1,roleplay,1,0.023612495925691392
aggregate-control-1-202--0.5-notebook-0.6-128,aggregate-control-1,202,-0.5,zero,2,50,last_prompt,random_j_1,roleplay,1,0.02326500415802002
aggregate-control-2-101--0.5-notebook-0.6-128,aggregate-control-2,101,-0.5,zero,2,50,last_prompt,random_j_1,roleplay,1,0.02891611887349023
aggregate-control-2-202--0.5-notebook-0.6-128,aggregate-control-2,202,-0.5,zero,2,50,last_prompt,random_j_1,roleplay,1,0.02778882450527615
aggregate-control-3-101--0.5-notebook-0.6-128,aggregate-control-3,101,-0.5,zero,2,50,last_prompt,random_j_1,roleplay,1,0.011193744010395475
aggregate-control-3-202--0.5-notebook-0.6-128,aggregate-control-3,202,-0.5,zero,2,50,last_prompt,random_j_1,roleplay,1,0.011253939734564887
aggregate-target-101--0.5-notebook-0.6-128,aggregate-target,101,-0.5,zero,2,50,last_prompt,random_j_1,roleplay,1,0.057623897989590965
aggregate-target-202--0.5-notebook-0.6-128,aggregate-target,202,-0.5,zero,2,50,last_prompt,random_j_1,roleplay,1,0.0574876070022583
aggregate-control-1-101--0.5-notebook-0.6-128,aggregate-control-1,101,-0.5,zero,2,50,last_prompt,random_j_1,unrelated,1,0.02142125442624092
aggregate-control-1-202--0.5-notebook-0.6-128,aggregate-control-1,202,-0.5,zero,2,50,last_prompt,random_j_1,unrelated,1,0.021044738590717316
aggregate-control-2-101--0.5-notebook-0.6-128,aggregate-control-2,101,-0.5,zero,2,50,last_prompt,random_j_1,unrelated,1,-0.0008942633867263794
aggregate-control-2-202--0.5-notebook-0.6-128,aggregate-control-2,202,-0.5,zero,2,50,last_prompt,random_j_1,unrelated,1,-0.0009396828711032868
aggregate-control-3-101--0.5-notebook-0.6-128,aggregate-control-3,101,-0.5,zero,2,50,last_prompt,random_j_1,unrelated,1,0.0073929309844970705
aggregate-control-3-202--0.5-notebook-0.6-128,aggregate-control-3,202,-0.5,zero,2,50,last_prompt,random_j_1,unrelated,1,0.006757432222366333
aggregate-target-101--0.5-notebook-0.6-128,aggregate-target,101,-0.5,zero,2,50,last_prompt,random_j_1,unrelated,1,-0.01431214138865471
aggregate-target-202--0.5-notebook-0.6-128,aggregate-target,202,-0.5,zero,2,50,last_prompt,random_j_1,unrelated,1,-0.013426220789551736
aggregate-control-1-101--0.5-notebook-0.6-128,aggregate-control-1,101,-0.5,zero,2,50,last_prompt,random_j_2,deception,1,0.043119918555021286
aggregate-control-1-202--0.5-notebook-0.6-128,aggregate-control-1,202,-0.5,zero,2,50,last_prompt,random_j_2,deception,1,0.04268497675657272
aggregate-control-2-101--0.5-notebook-0.6-128,aggregate-control-2,101,-0.5,zero,2,50,last_prompt,random_j_2,deception,1,0.04600822329521179
aggregate-control-2-202--0.5-notebook-0.6-128,aggregate-control-2,202,-0.5,zero,2,50,last_prompt,random_j_2,deception,1,0.04648756086826324
aggregate-control-3-101--0.5-notebook-0.6-128,aggregate-control-3,101,-0.5,zero,2,50,last_prompt,random_j_2,deception,1,0.051691435277462006
aggregate-control-3-202--0.5-notebook-0.6-128,aggregate-control-3,202,-0.5,zero,2,50,last_prompt,random_j_2,deception,1,0.05108888149261474
aggregate-target-101--0.5-notebook-0.6-128,aggregate-target,101,-0.5,zero,2,50,last_prompt,random_j_2,deception,1,0.10120778009295464
aggregate-target-202--0.5-notebook-0.6-128,aggregate-target,202,-0.5,zero,2,50,last_prompt,random_j_2,deception,1,0.1007769227027893
aggregate-control-1-101--0.5-notebook-0.6-128,aggregate-control-1,101,-0.5,zero,2,50,last_prompt,random_j_2,experience,1,9.628468089633518e-05
aggregate-control-1-202--0.5-notebook-0.6-128,aggregate-control-1,202,-0.5,zero,2,50,last_prompt,random_j_2,experience,1,6.514042615890503e-05
aggregate-control-2-101--0.5-notebook-0.6-128,aggregate-control-2,101,-0.5,zero,2,50,last_prompt,random_j_2,experience,1,-0.06302450100580852
aggregate-control-2-202--0.5-notebook-0.6-128,aggregate-control-2,202,-0.5,zero,2,50,last_prompt,random_j_2,experience,1,-0.06325265930758582
aggregate-control-3-101--0.5-notebook-0.6-128,aggregate-control-3,101,-0.5,zero,2,50,last_prompt,random_j_2,experience,1,-0.02678098612361484
aggregate-control-3-202--0.5-notebook-0.6-128,aggregate-control-3,202,-0.5,zero,2,50,last_prompt,random_j_2,experience,1,-0.026702463626861572
aggregate-target-101--0.5-notebook-0.6-128,aggregate-target,101,-0.5,zero,2,50,last_prompt,random_j_2,experience,1,-0.12874070472187465
aggregate-target-202--0.5-notebook-0.6-128,aggregate-target,202,-0.5,zero,2,50,last_prompt,random_j_2,experience,1,-0.12858482036325666
aggregate-control-1-101--0.5-notebook-0.6-128,aggregate-control-1,101,-0.5,zero,2,50,last_prompt,random_j_2,hedging,1,0.011389382183551788
aggregate-control-1-202--0.5-notebook-0.6-128,aggregate-control-1,202,-0.5,zero,2,50,last_prompt,random_j_2,hedging,1,0.012188246101140976
aggregate-control-2-101--0.5-notebook-0.6-128,aggregate-control-2,101,-0.5,zero,2,50,last_prompt,random_j_2,hedging,1,-0.01643478199839592
aggregate-control-2-202--0.5-notebook-0.6-128,aggregate-control-2,202,-0.5,zero,2,50,last_prompt,random_j_2,hedging,1,-0.01678995192050934
aggregate-control-3-101--0.5-notebook-0.6-128,aggregate-control-3,101,-0.5,zero,2,50,last_prompt,random_j_2,hedging,1,0.06931077614426613
aggregate-control-3-202--0.5-notebook-0.6-128,aggregate-control-3,202,-0.5,zero,2,50,last_prompt,random_j_2,hedging,1,0.06989196464419364
aggregate-target-101--0.5-notebook-0.6-128,aggregate-target,101,-0.5,zero,2,50,last_prompt,random_j_2,hedging,1,0.12607130631804467
aggregate-target-202--0.5-notebook-0.6-128,aggregate-target,202,-0.5,zero,2,50,last_prompt,random_j_2,hedging,1,0.12655638605356218
aggregate-control-1-101--0.5-notebook-0.6-128,aggregate-control-1,101,-0.5,zero,2,50,last_prompt,random_j_2,honesty,1,-0.0674770712852478
aggregate-control-1-202--0.5-notebook-0.6-128,aggregate-control-1,202,-0.5,zero,2,50,last_prompt,random_j_2,honesty,1,-0.0661762923002243
aggregate-control-2-101--0.5-notebook-0.6-128,aggregate-control-2,101,-0.5,zero,2,50,last_prompt,random_j_2,honesty,1,-0.021500959992408752
aggregate-control-2-202--0.5-notebook-0.6-128,aggregate-control-2,202,-0.5,zero,2,50,last_prompt,random_j_2,honesty,1,-0.020564502477645873
aggregate-control-3-101--0.5-notebook-0.6-128,aggregate-control-3,101,-0.5,zero,2,50,last_prompt,random_j_2,honesty,1,0.07961319833993911
aggregate-control-3-202--0.5-notebook-0.6-128,aggregate-control-3,202,-0.5,zero,2,50,last_prompt,random_j_2,honesty,1,0.07926952838897705
aggregate-target-101--0.5-notebook-0.6-128,aggregate-target,101,-0.5,zero,2,50,last_prompt,random_j_2,honesty,1,-0.024223804473876953
aggregate-target-202--0.5-notebook-0.6-128,aggregate-target,202,-0.5,zero,2,50,last_prompt,random_j_2,honesty,1,-0.02356833815574646
aggregate-control-1-101--0.5-notebook-0.6-128,aggregate-control-1,101,-0.5,zero,2,50,last_prompt,random_j_2,intervention,1,-0.090930152270529
aggregate-control-1-202--0.5-notebook-0.6-128,aggregate-control-1,202,-0.5,zero,2,50,last_prompt,random_j_2,intervention,1,-0.08973323967721727
aggregate-control-2-101--0.5-notebook-0.6-128,aggregate-control-2,101,-0.5,zero,2,50,last_prompt,random_j_2,intervention,1,-0.06691372725698683
aggregate-control-2-202--0.5-notebook-0.6-128,aggregate-control-2,202,-0.5,zero,2,50,last_prompt,random_j_2,intervention,1,-0.06603968971305424
aggregate-control-3-101--0.5-notebook-0.6-128,aggregate-control-3,101,-0.5,zero,2,50,last_prompt,random_j_2,intervention,1,-0.11739062600665623
aggregate-control-3-202--0.5-notebook-0.6-128,aggregate-control-3,202,-0.5,zero,2,50,last_prompt,random_j_2,intervention,1,-0.11550889081425136
aggregate-target-101--0.5-notebook-0.6-128,aggregate-target,101,-0.5,zero,2,50,last_prompt,random_j_2,intervention,1,-0.00845322675175137
aggregate-target-202--0.5-notebook-0.6-128,aggregate-target,202,-0.5,zero,2,50,last_prompt,random_j_2,intervention,1,-0.008198335766792297
aggregate-control-1-101--0.5-notebook-0.6-128,aggregate-control-1,101,-0.5,zero,2,50,last_prompt,random_j_2,roleplay,1,-0.05911256869633993
aggregate-control-1-202--0.5-notebook-0.6-128,aggregate-control-1,202,-0.5,zero,2,50,last_prompt,random_j_2,roleplay,1,-0.0591485169198778
aggregate-control-2-101--0.5-notebook-0.6-128,aggregate-control-2,101,-0.5,zero,2,50,last_prompt,random_j_2,roleplay,1,0.037119691570599876
aggregate-control-2-202--0.5-notebook-0.6-128,aggregate-control-2,202,-0.5,zero,2,50,last_prompt,random_j_2,roleplay,1,0.03655463125970629
aggregate-control-3-101--0.5-notebook-0.6-128,aggregate-control-3,101,-0.5,zero,2,50,last_prompt,random_j_2,roleplay,1,-0.09456009003851149
aggregate-control-3-202--0.5-notebook-0.6-128,aggregate-control-3,202,-0.5,zero,2,50,last_prompt,random_j_2,roleplay,1,-0.09460123380025227
aggregate-target-101--0.5-notebook-0.6-128,aggregate-target,101,-0.5,zero,2,50,last_prompt,random_j_2,roleplay,1,0.018250581290986802
aggregate-target-202--0.5-notebook-0.6-128,aggregate-target,202,-0.5,zero,2,50,last_prompt,random_j_2,roleplay,1,0.0182628333568573
aggregate-control-1-101--0.5-notebook-0.6-128,aggregate-control-1,101,-0.5,zero,2,50,last_prompt,random_j_2,unrelated,1,0.025289124250411986
aggregate-control-1-202--0.5-notebook-0.6-128,aggregate-control-1,202,-0.5,zero,2,50,last_prompt,random_j_2,unrelated,1,0.02561868503689766
aggregate-control-2-101--0.5-notebook-0.6-128,aggregate-control-2,101,-0.5,zero,2,50,last_prompt,random_j_2,unrelated,1,0.003043326735496521
aggregate-control-2-202--0.5-notebook-0.6-128,aggregate-control-2,202,-0.5,zero,2,50,last_prompt,random_j_2,unrelated,1,0.002567446231842041
aggregate-control-3-101--0.5-notebook-0.6-128,aggregate-control-3,101,-0.5,zero,2,50,last_prompt,random_j_2,unrelated,1,-0.09379292577505112
aggregate-control-3-202--0.5-notebook-0.6-128,aggregate-control-3,202,-0.5,zero,2,50,last_prompt,random_j_2,unrelated,1,-0.09288420602679252
aggregate-target-101--0.5-notebook-0.6-128,aggregate-target,101,-0.5,zero,2,50,last_prompt,random_j_2,unrelated,1,-0.016269055008888245
aggregate-target-202--0.5-notebook-0.6-128,aggregate-target,202,-0.5,zero,2,50,last_prompt,random_j_2,unrelated,1,-0.015807563811540602
aggregate-control-1-101--0.5-notebook-0.6-128,aggregate-control-1,101,-0.5,zero,2,50,last_prompt,random_j_3,deception,1,0.04427281618118286
aggregate-control-1-202--0.5-notebook-0.6-128,aggregate-control-1,202,-0.5,zero,2,50,last_prompt,random_j_3,deception,1,0.044413942098617556
aggregate-control-2-101--0.5-notebook-0.6-128,aggregate-control-2,101,-0.5,zero,2,50,last_prompt,random_j_3,deception,1,0.034929978847503665
aggregate-control-2-202--0.5-notebook-0.6-128,aggregate-control-2,202,-0.5,zero,2,50,last_prompt,random_j_3,deception,1,0.034786665439605714
aggregate-control-3-101--0.5-notebook-0.6-128,aggregate-control-3,101,-0.5,zero,2,50,last_prompt,random_j_3,deception,1,-0.02920030951499939
aggregate-control-3-202--0.5-notebook-0.6-128,aggregate-control-3,202,-0.5,zero,2,50,last_prompt,random_j_3,deception,1,-0.02889207601547241
aggregate-target-101--0.5-notebook-0.6-128,aggregate-target,101,-0.5,zero,2,50,last_prompt,random_j_3,deception,1,-0.11853368282318115
aggregate-target-202--0.5-notebook-0.6-128,aggregate-target,202,-0.5,zero,2,50,last_prompt,random_j_3,deception,1,-0.11614470481872559
aggregate-control-1-101--0.5-notebook-0.6-128,aggregate-control-1,101,-0.5,zero,2,50,last_prompt,random_j_3,experience,1,0.08164609140819973
aggregate-control-1-202--0.5-notebook-0.6-128,aggregate-control-1,202,-0.5,zero,2,50,last_prompt,random_j_3,experience,1,0.07995561427540249
aggregate-control-2-101--0.5-notebook-0.6-128,aggregate-control-2,101,-0.5,zero,2,50,last_prompt,random_j_3,experience,1,0.07511685291926067
aggregate-control-2-202--0.5-notebook-0.6-128,aggregate-control-2,202,-0.5,zero,2,50,last_prompt,random_j_3,experience,1,0.07494992680019802
aggregate-control-3-101--0.5-notebook-0.6-128,aggregate-control-3,101,-0.5,zero,2,50,last_prompt,random_j_3,experience,1,0.07505666878488329
aggregate-control-3-202--0.5-notebook-0.6-128,aggregate-control-3,202,-0.5,zero,2,50,last_prompt,random_j_3,experience,1,0.07424657377931806
aggregate-target-101--0.5-notebook-0.6-128,aggregate-target,101,-0.5,zero,2,50,last_prompt,random_j_3,experience,1,-0.001261644893222385
aggregate-target-202--0.5-notebook-0.6-128,aggregate-target,202,-0.5,zero,2,50,last_prompt,random_j_3,experience,1,-0.002501914898554484
aggregate-control-1-101--0.5-notebook-0.6-128,aggregate-control-1,101,-0.5,zero,2,50,last_prompt,random_j_3,hedging,1,0.021088775992393494
aggregate-control-1-202--0.5-notebook-0.6-128,aggregate-control-1,202,-0.5,zero,2,50,last_prompt,random_j_3,hedging,1,0.020083975791931153
aggregate-control-2-101--0.5-notebook-0.6-128,aggregate-control-2,101,-0.5,zero,2,50,last_prompt,random_j_3,hedging,1,0.022617465257644652
aggregate-control-2-202--0.5-notebook-0.6-128,aggregate-control-2,202,-0.5,zero,2,50,last_prompt,random_j_3,hedging,1,0.02325941324234009
aggregate-control-3-101--0.5-notebook-0.6-128,aggregate-control-3,101,-0.5,zero,2,50,last_prompt,random_j_3,hedging,1,0.06845955848693848
aggregate-control-3-202--0.5-notebook-0.6-128,aggregate-control-3,202,-0.5,zero,2,50,last_prompt,random_j_3,hedging,1,0.06678384244441986
aggregate-target-101--0.5-notebook-0.6-128,aggregate-target,101,-0.5,zero,2,50,last_prompt,random_j_3,hedging,1,-0.0275209903717041
aggregate-target-202--0.5-notebook-0.6-128,aggregate-target,202,-0.5,zero,2,50,last_prompt,random_j_3,hedging,1,-0.02859065532684326
aggregate-control-1-101--0.5-notebook-0.6-128,aggregate-control-1,101,-0.5,zero,2,50,last_prompt,random_j_3,honesty,1,-0.026562894880771636
aggregate-control-1-202--0.5-notebook-0.6-128,aggregate-control-1,202,-0.5,zero,2,50,last_prompt,random_j_3,honesty,1,-0.02744103968143463
aggregate-control-2-101--0.5-notebook-0.6-128,aggregate-control-2,101,-0.5,zero,2,50,last_prompt,random_j_3,honesty,1,-0.05342770367860794
aggregate-control-2-202--0.5-notebook-0.6-128,aggregate-control-2,202,-0.5,zero,2,50,last_prompt,random_j_3,honesty,1,-0.053006967157125474
aggregate-control-3-101--0.5-notebook-0.6-128,aggregate-control-3,101,-0.5,zero,2,50,last_prompt,random_j_3,honesty,1,-0.01266472041606903
aggregate-control-3-202--0.5-notebook-0.6-128,aggregate-control-3,202,-0.5,zero,2,50,last_prompt,random_j_3,honesty,1,-0.01085394024848938
aggregate-target-101--0.5-notebook-0.6-128,aggregate-target,101,-0.5,zero,2,50,last_prompt,random_j_3,honesty,1,-0.05987120568752289
aggregate-target-202--0.5-notebook-0.6-128,aggregate-target,202,-0.5,zero,2,50,last_prompt,random_j_3,honesty,1,-0.0583984836935997
aggregate-control-1-101--0.5-notebook-0.6-128,aggregate-control-1,101,-0.5,zero,2,50,last_prompt,random_j_3,intervention,1,0.01979772084289127
aggregate-control-1-202--0.5-notebook-0.6-128,aggregate-control-1,202,-0.5,zero,2,50,last_prompt,random_j_3,intervention,1,0.01987269355191125
aggregate-control-2-101--0.5-notebook-0.6-128,aggregate-control-2,101,-0.5,zero,2,50,last_prompt,random_j_3,intervention,1,0.0167211823993259
aggregate-control-2-202--0.5-notebook-0.6-128,aggregate-control-2,202,-0.5,zero,2,50,last_prompt,random_j_3,intervention,1,0.016364110840691462
aggregate-control-3-101--0.5-notebook-0.6-128,aggregate-control-3,101,-0.5,zero,2,50,last_prompt,random_j_3,intervention,1,-0.0008837564124001397
aggregate-control-3-202--0.5-notebook-0.6-128,aggregate-control-3,202,-0.5,zero,2,50,last_prompt,random_j_3,intervention,1,-0.0013414356443617079
aggregate-target-101--0.5-notebook-0.6-128,aggregate-target,101,-0.5,zero,2,50,last_prompt,random_j_3,intervention,1,-0.038997976316346064
aggregate-target-202--0.5-notebook-0.6-128,aggregate-target,202,-0.5,zero,2,50,last_prompt,random_j_3,intervention,1,-0.038801742924584284
aggregate-control-1-101--0.5-notebook-0.6-128,aggregate-control-1,101,-0.5,zero,2,50,last_prompt,random_j_3,roleplay,1,-0.005548849701881409
aggregate-control-1-202--0.5-notebook-0.6-128,aggregate-control-1,202,-0.5,zero,2,50,last_prompt,random_j_3,roleplay,1,-0.007013517949316237
aggregate-control-2-101--0.5-notebook-0.6-128,aggregate-control-2,101,-0.5,zero,2,50,last_prompt,random_j_3,roleplay,1,0.02109520634015401
aggregate-control-2-202--0.5-notebook-0.6-128,aggregate-control-2,202,-0.5,zero,2,50,last_prompt,random_j_3,roleplay,1,0.020824987027380202
aggregate-control-3-101--0.5-notebook-0.6-128,aggregate-control-3,101,-0.5,zero,2,50,last_prompt,random_j_3,roleplay,1,0.07109035882684919
aggregate-control-3-202--0.5-notebook-0.6-128,aggregate-control-3,202,-0.5,zero,2,50,last_prompt,random_j_3,roleplay,1,0.06966273486614227
aggregate-target-101--0.5-notebook-0.6-128,aggregate-target,101,-0.5,zero,2,50,last_prompt,random_j_3,roleplay,1,-0.023897608121236164
aggregate-target-202--0.5-notebook-0.6-128,aggregate-target,202,-0.5,zero,2,50,last_prompt,random_j_3,roleplay,1,-0.02411317163043552
aggregate-control-1-101--0.5-notebook-0.6-128,aggregate-control-1,101,-0.5,zero,2,50,last_prompt,random_j_3,unrelated,1,-0.023132947832345964
aggregate-control-1-202--0.5-notebook-0.6-128,aggregate-control-1,202,-0.5,zero,2,50,last_prompt,random_j_3,unrelated,1,-0.02262319177389145
aggregate-control-2-101--0.5-notebook-0.6-128,aggregate-control-2,101,-0.5,zero,2,50,last_prompt,random_j_3,unrelated,1,-0.01730097234249115
aggregate-control-2-202--0.5-notebook-0.6-128,aggregate-control-2,202,-0.5,zero,2,50,last_prompt,random_j_3,unrelated,1,-0.01724959760904312
aggregate-control-3-101--0.5-notebook-0.6-128,aggregate-control-3,101,-0.5,zero,2,50,last_prompt,random_j_3,unrelated,1,0.03718553557991981
aggregate-control-3-202--0.5-notebook-0.6-128,aggregate-control-3,202,-0.5,zero,2,50,last_prompt,random_j_3,unrelated,1,0.036292537301778796
aggregate-target-101--0.5-notebook-0.6-128,aggregate-target,101,-0.5,zero,2,50,last_prompt,random_j_3,unrelated,1,-0.03939843699336052
aggregate-target-202--0.5-notebook-0.6-128,aggregate-target,202,-0.5,zero,2,50,last_prompt,random_j_3,unrelated,1,-0.03943214863538742
aggregate-control-1-101--0.5-notebook-0.6-128,aggregate-control-1,101,-0.5,zero,2,50,last_prompt,random_j_4,deception,1,0.049254214763641356
aggregate-control-1-202--0.5-notebook-0.6-128,aggregate-control-1,202,-0.5,zero,2,50,last_prompt,random_j_4,deception,1,0.048577123880386354
aggregate-control-2-101--0.5-notebook-0.6-128,aggregate-control-2,101,-0.5,zero,2,50,last_prompt,random_j_4,deception,1,-0.013258829712867737
aggregate-control-2-202--0.5-notebook-0.6-128,aggregate-control-2,202,-0.5,zero,2,50,last_prompt,random_j_4,deception,1,-0.013475826382637024
aggregate-control-3-101--0.5-notebook-0.6-128,aggregate-control-3,101,-0.5,zero,2,50,last_prompt,random_j_4,deception,1,-0.007383015751838684
aggregate-control-3-202--0.5-notebook-0.6-128,aggregate-control-3,202,-0.5,zero,2,50,last_prompt,random_j_4,deception,1,-0.0064453229308128355
aggregate-target-101--0.5-notebook-0.6-128,aggregate-target,101,-0.5,zero,2,50,last_prompt,random_j_4,deception,1,-0.03931068778038025
aggregate-target-202--0.5-notebook-0.6-128,aggregate-target,202,-0.5,zero,2,50,last_prompt,random_j_4,deception,1,-0.0409080907702446
aggregate-control-1-101--0.5-notebook-0.6-128,aggregate-control-1,101,-0.5,zero,2,50,last_prompt,random_j_4,experience,1,0.11386525630950928
aggregate-control-1-202--0.5-notebook-0.6-128,aggregate-control-1,202,-0.5,zero,2,50,last_prompt,random_j_4,experience,1,0.1121381123860677
aggregate-control-2-101--0.5-notebook-0.6-128,aggregate-control-2,101,-0.5,zero,2,50,last_prompt,random_j_4,experience,1,0.01794713404443529
aggregate-control-2-202--0.5-notebook-0.6-128,aggregate-control-2,202,-0.5,zero,2,50,last_prompt,random_j_4,experience,1,0.017582996024025813
aggregate-control-3-101--0.5-notebook-0.6-128,aggregate-control-3,101,-0.5,zero,2,50,last_prompt,random_j_4,experience,1,-0.04041729039616055
aggregate-control-3-202--0.5-notebook-0.6-128,aggregate-control-3,202,-0.5,zero,2,50,last_prompt,random_j_4,experience,1,-0.03959206077787611
aggregate-target-101--0.5-notebook-0.6-128,aggregate-target,101,-0.5,zero,2,50,last_prompt,random_j_4,experience,1,-0.07632308867242601
aggregate-target-202--0.5-notebook-0.6-128,aggregate-target,202,-0.5,zero,2,50,last_prompt,random_j_4,experience,1,-0.07526673542128669
aggregate-control-1-101--0.5-notebook-0.6-128,aggregate-control-1,101,-0.5,zero,2,50,last_prompt,random_j_4,hedging,1,-0.04546865001320839
aggregate-control-1-202--0.5-notebook-0.6-128,aggregate-control-1,202,-0.5,zero,2,50,last_prompt,random_j_4,hedging,1,-0.045668598264455795
aggregate-control-2-101--0.5-notebook-0.6-128,aggregate-control-2,101,-0.5,zero,2,50,last_prompt,random_j_4,hedging,1,0.07232524752616883
aggregate-control-2-202--0.5-notebook-0.6-128,aggregate-control-2,202,-0.5,zero,2,50,last_prompt,random_j_4,hedging,1,0.07160635516047478
aggregate-control-3-101--0.5-notebook-0.6-128,aggregate-control-3,101,-0.5,zero,2,50,last_prompt,random_j_4,hedging,1,-0.027556928992271423
aggregate-control-3-202--0.5-notebook-0.6-128,aggregate-control-3,202,-0.5,zero,2,50,last_prompt,random_j_4,hedging,1,-0.027457472681999207
aggregate-target-101--0.5-notebook-0.6-128,aggregate-target,101,-0.5,zero,2,50,last_prompt,random_j_4,hedging,1,-0.008671414852142335
aggregate-target-202--0.5-notebook-0.6-128,aggregate-target,202,-0.5,zero,2,50,last_prompt,random_j_4,hedging,1,-0.008704029023647308
aggregate-control-1-101--0.5-notebook-0.6-128,aggregate-control-1,101,-0.5,zero,2,50,last_prompt,random_j_4,honesty,1,0.07426340132951736
aggregate-control-1-202--0.5-notebook-0.6-128,aggregate-control-1,202,-0.5,zero,2,50,last_prompt,random_j_4,honesty,1,0.07254637032747269
aggregate-control-2-101--0.5-notebook-0.6-128,aggregate-control-2,101,-0.5,zero,2,50,last_prompt,random_j_4,honesty,1,-0.020229461789131164
aggregate-control-2-202--0.5-notebook-0.6-128,aggregate-control-2,202,-0.5,zero,2,50,last_prompt,random_j_4,honesty,1,-0.019007298350334167
aggregate-control-3-101--0.5-notebook-0.6-128,aggregate-control-3,101,-0.5,zero,2,50,last_prompt,random_j_4,honesty,1,-0.09134873077273369
aggregate-control-3-202--0.5-notebook-0.6-128,aggregate-control-3,202,-0.5,zero,2,50,last_prompt,random_j_4,honesty,1,-0.08868597596883773
aggregate-target-101--0.5-notebook-0.6-128,aggregate-target,101,-0.5,zero,2,50,last_prompt,random_j_4,honesty,1,0.0373225599527359
aggregate-target-202--0.5-notebook-0.6-128,aggregate-target,202,-0.5,zero,2,50,last_prompt,random_j_4,honesty,1,0.03658025413751602
aggregate-control-1-101--0.5-notebook-0.6-128,aggregate-control-1,101,-0.5,zero,2,50,last_prompt,random_j_4,intervention,1,-0.03687738213274214
aggregate-control-1-202--0.5-notebook-0.6-128,aggregate-control-1,202,-0.5,zero,2,50,last_prompt,random_j_4,intervention,1,-0.03588284717665778
aggregate-control-2-101--0.5-notebook-0.6-128,aggregate-control-2,101,-0.5,zero,2,50,last_prompt,random_j_4,intervention,1,0.051911509699291654
aggregate-control-2-202--0.5-notebook-0.6-128,aggregate-control-2,202,-0.5,zero,2,50,last_prompt,random_j_4,intervention,1,0.051122107439570956
aggregate-control-3-101--0.5-notebook-0.6-128,aggregate-control-3,101,-0.5,zero,2,50,last_prompt,random_j_4,intervention,1,-0.022162836458947923
aggregate-control-3-202--0.5-notebook-0.6-128,aggregate-control-3,202,-0.5,zero,2,50,last_prompt,random_j_4,intervention,1,-0.022181426485379536
aggregate-target-101--0.5-notebook-0.6-128,aggregate-target,101,-0.5,zero,2,50,last_prompt,random_j_4,intervention,1,0.0026351908842722573
aggregate-target-202--0.5-notebook-0.6-128,aggregate-target,202,-0.5,zero,2,50,last_prompt,random_j_4,intervention,1,0.003043694628609551
aggregate-control-1-101--0.5-notebook-0.6-128,aggregate-control-1,101,-0.5,zero,2,50,last_prompt,random_j_4,roleplay,1,-0.04392931030856238
aggregate-control-1-202--0.5-notebook-0.6-128,aggregate-control-1,202,-0.5,zero,2,50,last_prompt,random_j_4,roleplay,1,-0.04371242059601678
aggregate-control-2-101--0.5-notebook-0.6-128,aggregate-control-2,101,-0.5,zero,2,50,last_prompt,random_j_4,roleplay,1,0.06750786966747707
aggregate-control-2-202--0.5-notebook-0.6-128,aggregate-control-2,202,-0.5,zero,2,50,last_prompt,random_j_4,roleplay,1,0.06699945529301961
aggregate-control-3-101--0.5-notebook-0.6-128,aggregate-control-3,101,-0.5,zero,2,50,last_prompt,random_j_4,roleplay,1,-0.054129729668299355
aggregate-control-3-202--0.5-notebook-0.6-128,aggregate-control-3,202,-0.5,zero,2,50,last_prompt,random_j_4,roleplay,1,-0.05322539806365967
aggregate-target-101--0.5-notebook-0.6-128,aggregate-target,101,-0.5,zero,2,50,last_prompt,random_j_4,roleplay,1,0.07643053266737196
aggregate-target-202--0.5-notebook-0.6-128,aggregate-target,202,-0.5,zero,2,50,last_prompt,random_j_4,roleplay,1,0.07448568609025744
aggregate-control-1-101--0.5-notebook-0.6-128,aggregate-control-1,101,-0.5,zero,2,50,last_prompt,random_j_4,unrelated,1,-0.02795567214488983
aggregate-control-1-202--0.5-notebook-0.6-128,aggregate-control-1,202,-0.5,zero,2,50,last_prompt,random_j_4,unrelated,1,-0.027729883790016174
aggregate-control-2-101--0.5-notebook-0.6-128,aggregate-control-2,101,-0.5,zero,2,50,last_prompt,random_j_4,unrelated,1,-0.04942195862531662
aggregate-control-2-202--0.5-notebook-0.6-128,aggregate-control-2,202,-0.5,zero,2,50,last_prompt,random_j_4,unrelated,1,-0.049246187508106234
aggregate-control-3-101--0.5-notebook-0.6-128,aggregate-control-3,101,-0.5,zero,2,50,last_prompt,random_j_4,unrelated,1,-0.012859529256820679
aggregate-control-3-202--0.5-notebook-0.6-128,aggregate-control-3,202,-0.5,zero,2,50,last_prompt,random_j_4,unrelated,1,-0.011719650030136109
aggregate-target-101--0.5-notebook-0.6-128,aggregate-target,101,-0.5,zero,2,50,last_prompt,random_j_4,unrelated,1,0.004616842046380043
aggregate-target-202--0.5-notebook-0.6-128,aggregate-target,202,-0.5,zero,2,50,last_prompt,random_j_4,unrelated,1,0.004583616554737091
aggregate-control-1-101--0.5-notebook-0.6-128,aggregate-control-1,101,-0.5,zero,2,50,last_prompt,random_j_5,deception,1,0.04426522627472877
aggregate-control-1-202--0.5-notebook-0.6-128,aggregate-control-1,202,-0.5,zero,2,50,last_prompt,random_j_5,deception,1,0.04443062916398048
aggregate-control-2-101--0.5-notebook-0.6-128,aggregate-control-2,101,-0.5,zero,2,50,last_prompt,random_j_5,deception,1,0.07897292971611022
aggregate-control-2-202--0.5-notebook-0.6-128,aggregate-control-2,202,-0.5,zero,2,50,last_prompt,random_j_5,deception,1,0.07666714116930962
aggregate-control-3-101--0.5-notebook-0.6-128,aggregate-control-3,101,-0.5,zero,2,50,last_prompt,random_j_5,deception,1,-0.054096470773220065
aggregate-control-3-202--0.5-notebook-0.6-128,aggregate-control-3,202,-0.5,zero,2,50,last_prompt,random_j_5,deception,1,-0.05345769599080086
aggregate-target-101--0.5-notebook-0.6-128,aggregate-target,101,-0.5,zero,2,50,last_prompt,random_j_5,deception,1,0.03375446647405624
aggregate-target-202--0.5-notebook-0.6-128,aggregate-target,202,-0.5,zero,2,50,last_prompt,random_j_5,deception,1,0.034706654399633406
aggregate-control-1-101--0.5-notebook-0.6-128,aggregate-control-1,101,-0.5,zero,2,50,last_prompt,random_j_5,experience,1,0.10468468070030212
aggregate-control-1-202--0.5-notebook-0.6-128,aggregate-control-1,202,-0.5,zero,2,50,last_prompt,random_j_5,experience,1,0.10358200077381399
aggregate-control-2-101--0.5-notebook-0.6-128,aggregate-control-2,101,-0.5,zero,2,50,last_prompt,random_j_5,experience,1,-0.05988959906001886
aggregate-control-2-202--0.5-notebook-0.6-128,aggregate-control-2,202,-0.5,zero,2,50,last_prompt,random_j_5,experience,1,-0.058153117489483624
aggregate-control-3-101--0.5-notebook-0.6-128,aggregate-control-3,101,-0.5,zero,2,50,last_prompt,random_j_5,experience,1,0.08058960735797882
aggregate-control-3-202--0.5-notebook-0.6-128,aggregate-control-3,202,-0.5,zero,2,50,last_prompt,random_j_5,experience,1,0.07824100740253925
aggregate-target-101--0.5-notebook-0.6-128,aggregate-target,101,-0.5,zero,2,50,last_prompt,random_j_5,experience,1,0.04422457847330305
aggregate-target-202--0.5-notebook-0.6-128,aggregate-target,202,-0.5,zero,2,50,last_prompt,random_j_5,experience,1,0.044711596642931305
aggregate-control-1-101--0.5-notebook-0.6-128,aggregate-control-1,101,-0.5,zero,2,50,last_prompt,random_j_5,hedging,1,0.03397001177072525
aggregate-control-1-202--0.5-notebook-0.6-128,aggregate-control-1,202,-0.5,zero,2,50,last_prompt,random_j_5,hedging,1,0.033975379168987276
aggregate-control-2-101--0.5-notebook-0.6-128,aggregate-control-2,101,-0.5,zero,2,50,last_prompt,random_j_5,hedging,1,0.005962492525577545
aggregate-control-2-202--0.5-notebook-0.6-128,aggregate-control-2,202,-0.5,zero,2,50,last_prompt,random_j_5,hedging,1,0.005387948453426361
aggregate-control-3-101--0.5-notebook-0.6-128,aggregate-control-3,101,-0.5,zero,2,50,last_prompt,random_j_5,hedging,1,0.0990621104836464
aggregate-control-3-202--0.5-notebook-0.6-128,aggregate-control-3,202,-0.5,zero,2,50,last_prompt,random_j_5,hedging,1,0.09765916615724564
aggregate-target-101--0.5-notebook-0.6-128,aggregate-target,101,-0.5,zero,2,50,last_prompt,random_j_5,hedging,1,-0.09041296690702438
aggregate-target-202--0.5-notebook-0.6-128,aggregate-target,202,-0.5,zero,2,50,last_prompt,random_j_5,hedging,1,-0.08924751281738282
aggregate-control-1-101--0.5-notebook-0.6-128,aggregate-control-1,101,-0.5,zero,2,50,last_prompt,random_j_5,honesty,1,0.04231342077255249
aggregate-control-1-202--0.5-notebook-0.6-128,aggregate-control-1,202,-0.5,zero,2,50,last_prompt,random_j_5,honesty,1,0.041785317659378055
aggregate-control-2-101--0.5-notebook-0.6-128,aggregate-control-2,101,-0.5,zero,2,50,last_prompt,random_j_5,honesty,1,-0.10080010592937469
aggregate-control-2-202--0.5-notebook-0.6-128,aggregate-control-2,202,-0.5,zero,2,50,last_prompt,random_j_5,honesty,1,-0.0987510085105896
aggregate-control-3-101--0.5-notebook-0.6-128,aggregate-control-3,101,-0.5,zero,2,50,last_prompt,random_j_5,honesty,1,0.07505781650543213
aggregate-control-3-202--0.5-notebook-0.6-128,aggregate-control-3,202,-0.5,zero,2,50,last_prompt,random_j_5,honesty,1,0.07437271773815154
aggregate-target-101--0.5-notebook-0.6-128,aggregate-target,101,-0.5,zero,2,50,last_prompt,random_j_5,honesty,1,0.06798214614391326
aggregate-target-202--0.5-notebook-0.6-128,aggregate-target,202,-0.5,zero,2,50,last_prompt,random_j_5,honesty,1,0.06640651673078538
aggregate-control-1-101--0.5-notebook-0.6-128,aggregate-control-1,101,-0.5,zero,2,50,last_prompt,random_j_5,intervention,1,-0.03556144568655226
aggregate-control-1-202--0.5-notebook-0.6-128,aggregate-control-1,202,-0.5,zero,2,50,last_prompt,random_j_5,intervention,1,-0.034863015015920006
aggregate-control-2-101--0.5-notebook-0.6-128,aggregate-control-2,101,-0.5,zero,2,50,last_prompt,random_j_5,intervention,1,0.08636488848262364
aggregate-control-2-202--0.5-notebook-0.6-128,aggregate-control-2,202,-0.5,zero,2,50,last_prompt,random_j_5,intervention,1,0.08490622043609619
aggregate-control-3-101--0.5-notebook-0.6-128,aggregate-control-3,101,-0.5,zero,2,50,last_prompt,random_j_5,intervention,1,0.06863488753636678
aggregate-control-3-202--0.5-notebook-0.6-128,aggregate-control-3,202,-0.5,zero,2,50,last_prompt,random_j_5,intervention,1,0.06737420956293742
aggregate-target-101--0.5-notebook-0.6-128,aggregate-target,101,-0.5,zero,2,50,last_prompt,random_j_5,intervention,1,-0.06259621183077495
aggregate-target-202--0.5-notebook-0.6-128,aggregate-target,202,-0.5,zero,2,50,last_prompt,random_j_5,intervention,1,-0.061138676272498235
aggregate-control-1-101--0.5-notebook-0.6-128,aggregate-control-1,101,-0.5,zero,2,50,last_prompt,random_j_5,roleplay,1,0.08552805582682292
aggregate-control-1-202--0.5-notebook-0.6-128,aggregate-control-1,202,-0.5,zero,2,50,last_prompt,random_j_5,roleplay,1,0.08475138743718465
aggregate-control-2-101--0.5-notebook-0.6-128,aggregate-control-2,101,-0.5,zero,2,50,last_prompt,random_j_5,roleplay,1,0.022636524505085416
aggregate-control-2-202--0.5-notebook-0.6-128,aggregate-control-2,202,-0.5,zero,2,50,last_prompt,random_j_5,roleplay,1,0.02245102243291007
aggregate-control-3-101--0.5-notebook-0.6-128,aggregate-control-3,101,-0.5,zero,2,50,last_prompt,random_j_5,roleplay,1,0.0687070671055052
aggregate-control-3-202--0.5-notebook-0.6-128,aggregate-control-3,202,-0.5,zero,2,50,last_prompt,random_j_5,roleplay,1,0.06677807867527008
aggregate-target-101--0.5-notebook-0.6-128,aggregate-target,101,-0.5,zero,2,50,last_prompt,random_j_5,roleplay,1,0.08768458167711894
aggregate-target-202--0.5-notebook-0.6-128,aggregate-target,202,-0.5,zero,2,50,last_prompt,random_j_5,roleplay,1,0.08734941648112403
aggregate-control-1-101--0.5-notebook-0.6-128,aggregate-control-1,101,-0.5,zero,2,50,last_prompt,random_j_5,unrelated,1,-0.02378743588924408
aggregate-control-1-202--0.5-notebook-0.6-128,aggregate-control-1,202,-0.5,zero,2,50,last_prompt,random_j_5,unrelated,1,-0.02315678894519806
aggregate-control-2-101--0.5-notebook-0.6-128,aggregate-control-2,101,-0.5,zero,2,50,last_prompt,random_j_5,unrelated,1,-0.031248533725738527
aggregate-control-2-202--0.5-notebook-0.6-128,aggregate-control-2,202,-0.5,zero,2,50,last_prompt,random_j_5,unrelated,1,-0.031310287117958066
aggregate-control-3-101--0.5-notebook-0.6-128,aggregate-control-3,101,-0.5,zero,2,50,last_prompt,random_j_5,unrelated,1,0.045211774110794065
aggregate-control-3-202--0.5-notebook-0.6-128,aggregate-control-3,202,-0.5,zero,2,50,last_prompt,random_j_5,unrelated,1,0.044897279143333434
aggregate-target-101--0.5-notebook-0.6-128,aggregate-target,101,-0.5,zero,2,50,last_prompt,random_j_5,unrelated,1,-0.014245134592056275
aggregate-target-202--0.5-notebook-0.6-128,aggregate-target,202,-0.5,zero,2,50,last_prompt,random_j_5,unrelated,1,-0.015161189436912536
aggregate-control-1-101--0.5-notebook-0.6-128,aggregate-control-1,101,-0.5,zero,2,65,last_prompt,identity,deception,1,0.05824606716632843
aggregate-control-1-202--0.5-notebook-0.6-128,aggregate-control-1,202,-0.5,zero,2,65,last_prompt,identity,deception,1,0.10018331930041313
aggregate-control-2-101--0.5-notebook-0.6-128,aggregate-control-2,101,-0.5,zero,2,65,last_prompt,identity,deception,1,0.02339948117733002
aggregate-control-2-202--0.5-notebook-0.6-128,aggregate-control-2,202,-0.5,zero,2,65,last_prompt,identity,deception,1,0.039148463308811186
aggregate-control-3-101--0.5-notebook-0.6-128,aggregate-control-3,101,-0.5,zero,2,65,last_prompt,identity,deception,1,0.18024769872426988
aggregate-control-3-202--0.5-notebook-0.6-128,aggregate-control-3,202,-0.5,zero,2,65,last_prompt,identity,deception,1,0.18118428364396094
aggregate-target-101--0.5-notebook-0.6-128,aggregate-target,101,-0.5,zero,2,65,last_prompt,identity,deception,1,-0.2669832453131676
aggregate-target-202--0.5-notebook-0.6-128,aggregate-target,202,-0.5,zero,2,65,last_prompt,identity,deception,1,-0.25258502885699274
aggregate-control-1-101--0.5-notebook-0.6-128,aggregate-control-1,101,-0.5,zero,2,65,last_prompt,identity,experience,1,0.03151598241594103
aggregate-control-1-202--0.5-notebook-0.6-128,aggregate-control-1,202,-0.5,zero,2,65,last_prompt,identity,experience,1,0.05275369683901469
aggregate-control-2-101--0.5-notebook-0.6-128,aggregate-control-2,101,-0.5,zero,2,65,last_prompt,identity,experience,1,0.09025145901574029
aggregate-control-2-202--0.5-notebook-0.6-128,aggregate-control-2,202,-0.5,zero,2,65,last_prompt,identity,experience,1,0.08110314938757154
aggregate-control-3-101--0.5-notebook-0.6-128,aggregate-control-3,101,-0.5,zero,2,65,last_prompt,identity,experience,1,0.04470033446947733
aggregate-control-3-202--0.5-notebook-0.6-128,aggregate-control-3,202,-0.5,zero,2,65,last_prompt,identity,experience,1,0.04813089966773987
aggregate-target-101--0.5-notebook-0.6-128,aggregate-target,101,-0.5,zero,2,65,last_prompt,identity,experience,1,0.026661910944514804
aggregate-target-202--0.5-notebook-0.6-128,aggregate-target,202,-0.5,zero,2,65,last_prompt,identity,experience,1,0.024077617459827
aggregate-control-1-101--0.5-notebook-0.6-128,aggregate-control-1,101,-0.5,zero,2,65,last_prompt,identity,hedging,1,-0.032396715879440305
aggregate-control-1-202--0.5-notebook-0.6-128,aggregate-control-1,202,-0.5,zero,2,65,last_prompt,identity,hedging,1,-0.03501650989055634
aggregate-control-2-101--0.5-notebook-0.6-128,aggregate-control-2,101,-0.5,zero,2,65,last_prompt,identity,hedging,1,0.024070657417178155
aggregate-control-2-202--0.5-notebook-0.6-128,aggregate-control-2,202,-0.5,zero,2,65,last_prompt,identity,hedging,1,0.028082288801670074
aggregate-control-3-101--0.5-notebook-0.6-128,aggregate-control-3,101,-0.5,zero,2,65,last_prompt,identity,hedging,1,0.031544727832078935
aggregate-control-3-202--0.5-notebook-0.6-128,aggregate-control-3,202,-0.5,zero,2,65,last_prompt,identity,hedging,1,0.031146854162216187
aggregate-target-101--0.5-notebook-0.6-128,aggregate-target,101,-0.5,zero,2,65,last_prompt,identity,hedging,1,0.011633042246103287
aggregate-target-202--0.5-notebook-0.6-128,aggregate-target,202,-0.5,zero,2,65,last_prompt,identity,hedging,1,-0.004453918337821961
aggregate-control-1-101--0.5-notebook-0.6-128,aggregate-control-1,101,-0.5,zero,2,65,last_prompt,identity,honesty,1,-0.07520329877734185
aggregate-control-1-202--0.5-notebook-0.6-128,aggregate-control-1,202,-0.5,zero,2,65,last_prompt,identity,honesty,1,-0.024843764305114747
aggregate-control-2-101--0.5-notebook-0.6-128,aggregate-control-2,101,-0.5,zero,2,65,last_prompt,identity,honesty,1,0.014781046658754349
aggregate-control-2-202--0.5-notebook-0.6-128,aggregate-control-2,202,-0.5,zero,2,65,last_prompt,identity,honesty,1,0.04570387005805969
aggregate-control-3-101--0.5-notebook-0.6-128,aggregate-control-3,101,-0.5,zero,2,65,last_prompt,identity,honesty,1,0.11013724952936173
aggregate-control-3-202--0.5-notebook-0.6-128,aggregate-control-3,202,-0.5,zero,2,65,last_prompt,identity,honesty,1,0.10571843460202217
aggregate-target-101--0.5-notebook-0.6-128,aggregate-target,101,-0.5,zero,2,65,last_prompt,identity,honesty,1,0.025801781564950943
aggregate-target-202--0.5-notebook-0.6-128,aggregate-target,202,-0.5,zero,2,65,last_prompt,identity,honesty,1,0.03356630206108093
aggregate-control-1-101--0.5-notebook-0.6-128,aggregate-control-1,101,-0.5,zero,2,65,last_prompt,identity,intervention,1,-0.007423352864053514
aggregate-control-1-202--0.5-notebook-0.6-128,aggregate-control-1,202,-0.5,zero,2,65,last_prompt,identity,intervention,1,0.00462443298763699
aggregate-control-2-101--0.5-notebook-0.6-128,aggregate-control-2,101,-0.5,zero,2,65,last_prompt,identity,intervention,1,0.10959849589400822
aggregate-control-2-202--0.5-notebook-0.6-128,aggregate-control-2,202,-0.5,zero,2,65,last_prompt,identity,intervention,1,0.12392172382937537
aggregate-control-3-101--0.5-notebook-0.6-128,aggregate-control-3,101,-0.5,zero,2,65,last_prompt,identity,intervention,1,0.06398381127251519
aggregate-control-3-202--0.5-notebook-0.6-128,aggregate-control-3,202,-0.5,zero,2,65,last_prompt,identity,intervention,1,0.06473774380154079
aggregate-target-101--0.5-notebook-0.6-128,aggregate-target,101,-0.5,zero,2,65,last_prompt,identity,intervention,1,0.044623538851737976
aggregate-target-202--0.5-notebook-0.6-128,aggregate-target,202,-0.5,zero,2,65,last_prompt,identity,intervention,1,0.03840770655208164
aggregate-control-1-101--0.5-notebook-0.6-128,aggregate-control-1,101,-0.5,zero,2,65,last_prompt,identity,roleplay,1,-0.04170045008261999
aggregate-control-1-202--0.5-notebook-0.6-128,aggregate-control-1,202,-0.5,zero,2,65,last_prompt,identity,roleplay,1,-0.034792287482155695
aggregate-control-2-101--0.5-notebook-0.6-128,aggregate-control-2,101,-0.5,zero,2,65,last_prompt,identity,roleplay,1,-0.009827743801805709
aggregate-control-2-202--0.5-notebook-0.6-128,aggregate-control-2,202,-0.5,zero,2,65,last_prompt,identity,roleplay,1,-0.010675047834714254
aggregate-control-3-101--0.5-notebook-0.6-128,aggregate-control-3,101,-0.5,zero,2,65,last_prompt,identity,roleplay,1,0.004829261038038466
aggregate-control-3-202--0.5-notebook-0.6-128,aggregate-control-3,202,-0.5,zero,2,65,last_prompt,identity,roleplay,1,0.01900374061531491
aggregate-target-101--0.5-notebook-0.6-128,aggregate-target,101,-0.5,zero,2,65,last_prompt,identity,roleplay,1,-0.12289286818769243
aggregate-target-202--0.5-notebook-0.6-128,aggregate-target,202,-0.5,zero,2,65,last_prompt,identity,roleplay,1,-0.12726408905453152
aggregate-control-1-101--0.5-notebook-0.6-128,aggregate-control-1,101,-0.5,zero,2,65,last_prompt,identity,unrelated,1,0.004680952429771424
aggregate-control-1-202--0.5-notebook-0.6-128,aggregate-control-1,202,-0.5,zero,2,65,last_prompt,identity,unrelated,1,0.005272668227553368
aggregate-control-2-101--0.5-notebook-0.6-128,aggregate-control-2,101,-0.5,zero,2,65,last_prompt,identity,unrelated,1,-0.042416588962078096
aggregate-control-2-202--0.5-notebook-0.6-128,aggregate-control-2,202,-0.5,zero,2,65,last_prompt,identity,unrelated,1,-0.03966647572815418
aggregate-control-3-101--0.5-notebook-0.6-128,aggregate-control-3,101,-0.5,zero,2,65,last_prompt,identity,unrelated,1,0.041328297555446626
aggregate-control-3-202--0.5-notebook-0.6-128,aggregate-control-3,202,-0.5,zero,2,65,last_prompt,identity,unrelated,1,0.031198931857943535
aggregate-target-101--0.5-notebook-0.6-128,aggregate-target,101,-0.5,zero,2,65,last_prompt,identity,unrelated,1,0.11465548053383827
aggregate-target-202--0.5-notebook-0.6-128,aggregate-target,202,-0.5,zero,2,65,last_prompt,identity,unrelated,1,0.09570060782134533
aggregate-control-1-101--0.5-notebook-0.6-128,aggregate-control-1,101,-0.5,zero,2,65,last_prompt,jacobian,deception,1,0.04301387667655945
aggregate-control-1-202--0.5-notebook-0.6-128,aggregate-control-1,202,-0.5,zero,2,65,last_prompt,jacobian,deception,1,0.08999123126268387
aggregate-control-2-101--0.5-notebook-0.6-128,aggregate-control-2,101,-0.5,zero,2,65,last_prompt,jacobian,deception,1,-0.056317493319511414
aggregate-control-2-202--0.5-notebook-0.6-128,aggregate-control-2,202,-0.5,zero,2,65,last_prompt,jacobian,deception,1,-0.01869282275438309
aggregate-control-3-101--0.5-notebook-0.6-128,aggregate-control-3,101,-0.5,zero,2,65,last_prompt,jacobian,deception,1,0.06768638789653778
aggregate-control-3-202--0.5-notebook-0.6-128,aggregate-control-3,202,-0.5,zero,2,65,last_prompt,jacobian,deception,1,0.11392220109701157
aggregate-target-101--0.5-notebook-0.6-128,aggregate-target,101,-0.5,zero,2,65,last_prompt,jacobian,deception,1,-1.1630567595362664
aggregate-target-202--0.5-notebook-0.6-128,aggregate-target,202,-0.5,zero,2,65,last_prompt,jacobian,deception,1,-1.1189510717988014
aggregate-control-1-101--0.5-notebook-0.6-128,aggregate-control-1,101,-0.5,zero,2,65,last_prompt,jacobian,experience,1,0.004429446326361762
aggregate-control-1-202--0.5-notebook-0.6-128,aggregate-control-1,202,-0.5,zero,2,65,last_prompt,jacobian,experience,1,0.04500150680541992
aggregate-control-2-101--0.5-notebook-0.6-128,aggregate-control-2,101,-0.5,zero,2,65,last_prompt,jacobian,experience,1,0.154001341925727
aggregate-control-2-202--0.5-notebook-0.6-128,aggregate-control-2,202,-0.5,zero,2,65,last_prompt,jacobian,experience,1,0.17232555813259548
aggregate-control-3-101--0.5-notebook-0.6-128,aggregate-control-3,101,-0.5,zero,2,65,last_prompt,jacobian,experience,1,-0.1394399536980523
aggregate-control-3-202--0.5-notebook-0.6-128,aggregate-control-3,202,-0.5,zero,2,65,last_prompt,jacobian,experience,1,-0.11342043346828884
aggregate-target-101--0.5-notebook-0.6-128,aggregate-target,101,-0.5,zero,2,65,last_prompt,jacobian,experience,1,-0.08403195275200738
aggregate-target-202--0.5-notebook-0.6-128,aggregate-target,202,-0.5,zero,2,65,last_prompt,jacobian,experience,1,-0.08761527803209093
aggregate-control-1-101--0.5-notebook-0.6-128,aggregate-control-1,101,-0.5,zero,2,65,last_prompt,jacobian,hedging,1,0.0785203218460083
aggregate-control-1-202--0.5-notebook-0.6-128,aggregate-control-1,202,-0.5,zero,2,65,last_prompt,jacobian,hedging,1,0.06461033821105958
aggregate-control-2-101--0.5-notebook-0.6-128,aggregate-control-2,101,-0.5,zero,2,65,last_prompt,jacobian,hedging,1,-0.08253467082977295
aggregate-control-2-202--0.5-notebook-0.6-128,aggregate-control-2,202,-0.5,zero,2,65,last_prompt,jacobian,hedging,1,-0.04830161333084106
aggregate-control-3-101--0.5-notebook-0.6-128,aggregate-control-3,101,-0.5,zero,2,65,last_prompt,jacobian,hedging,1,-0.011093175411224366
aggregate-control-3-202--0.5-notebook-0.6-128,aggregate-control-3,202,-0.5,zero,2,65,last_prompt,jacobian,hedging,1,0.02222801446914673
aggregate-target-101--0.5-notebook-0.6-128,aggregate-target,101,-0.5,zero,2,65,last_prompt,jacobian,hedging,1,-0.055314624309539796
aggregate-target-202--0.5-notebook-0.6-128,aggregate-target,202,-0.5,zero,2,65,last_prompt,jacobian,hedging,1,-0.0771757960319519
aggregate-control-1-101--0.5-notebook-0.6-128,aggregate-control-1,101,-0.5,zero,2,65,last_prompt,jacobian,honesty,1,-0.019719803333282472
aggregate-control-1-202--0.5-notebook-0.6-128,aggregate-control-1,202,-0.5,zero,2,65,last_prompt,jacobian,honesty,1,0.02034788131713867
aggregate-control-2-101--0.5-notebook-0.6-128,aggregate-control-2,101,-0.5,zero,2,65,last_prompt,jacobian,honesty,1,-0.04858485460281372
aggregate-control-2-202--0.5-notebook-0.6-128,aggregate-control-2,202,-0.5,zero,2,65,last_prompt,jacobian,honesty,1,-0.00806335210800171
aggregate-control-3-101--0.5-notebook-0.6-128,aggregate-control-3,101,-0.5,zero,2,65,last_prompt,jacobian,honesty,1,0.05982459783554077
aggregate-control-3-202--0.5-notebook-0.6-128,aggregate-control-3,202,-0.5,zero,2,65,last_prompt,jacobian,honesty,1,0.08699407577514648
aggregate-target-101--0.5-notebook-0.6-128,aggregate-target,101,-0.5,zero,2,65,last_prompt,jacobian,honesty,1,-0.2188059687614441
aggregate-target-202--0.5-notebook-0.6-128,aggregate-target,202,-0.5,zero,2,65,last_prompt,jacobian,honesty,1,-0.22149245738983153
aggregate-control-1-101--0.5-notebook-0.6-128,aggregate-control-1,101,-0.5,zero,2,65,last_prompt,jacobian,intervention,1,-0.048788820703824363
aggregate-control-1-202--0.5-notebook-0.6-128,aggregate-control-1,202,-0.5,zero,2,65,last_prompt,jacobian,intervention,1,-0.0415709697537952
aggregate-control-2-101--0.5-notebook-0.6-128,aggregate-control-2,101,-0.5,zero,2,65,last_prompt,jacobian,intervention,1,-0.00817435814274682
aggregate-control-2-202--0.5-notebook-0.6-128,aggregate-control-2,202,-0.5,zero,2,65,last_prompt,jacobian,intervention,1,0.015970245003700256
aggregate-control-3-101--0.5-notebook-0.6-128,aggregate-control-3,101,-0.5,zero,2,65,last_prompt,jacobian,intervention,1,0.003062276376618279
aggregate-control-3-202--0.5-notebook-0.6-128,aggregate-control-3,202,-0.5,zero,2,65,last_prompt,jacobian,intervention,1,0.014255177643564012
aggregate-target-101--0.5-notebook-0.6-128,aggregate-target,101,-0.5,zero,2,65,last_prompt,jacobian,intervention,1,-0.16972756220234764
aggregate-target-202--0.5-notebook-0.6-128,aggregate-target,202,-0.5,zero,2,65,last_prompt,jacobian,intervention,1,-0.17566732399993473
aggregate-control-1-101--0.5-notebook-0.6-128,aggregate-control-1,101,-0.5,zero,2,65,last_prompt,jacobian,roleplay,1,-0.07426258590486315
aggregate-control-1-202--0.5-notebook-0.6-128,aggregate-control-1,202,-0.5,zero,2,65,last_prompt,jacobian,roleplay,1,-0.07722846666971843
aggregate-control-2-101--0.5-notebook-0.6-128,aggregate-control-2,101,-0.5,zero,2,65,last_prompt,jacobian,roleplay,1,0.01767266458935208
aggregate-control-2-202--0.5-notebook-0.6-128,aggregate-control-2,202,-0.5,zero,2,65,last_prompt,jacobian,roleplay,1,0.036026563909318715
aggregate-control-3-101--0.5-notebook-0.6-128,aggregate-control-3,101,-0.5,zero,2,65,last_prompt,jacobian,roleplay,1,-0.06988655858569676
aggregate-control-3-202--0.5-notebook-0.6-128,aggregate-control-3,202,-0.5,zero,2,65,last_prompt,jacobian,roleplay,1,-0.03679982821146647
aggregate-target-101--0.5-notebook-0.6-128,aggregate-target,101,-0.5,zero,2,65,last_prompt,jacobian,roleplay,1,-0.5521036585172018
aggregate-target-202--0.5-notebook-0.6-128,aggregate-target,202,-0.5,zero,2,65,last_prompt,jacobian,roleplay,1,-0.5640517738130357
aggregate-control-1-101--0.5-notebook-0.6-128,aggregate-control-1,101,-0.5,zero,2,65,last_prompt,jacobian,unrelated,1,-0.09728716313838959
aggregate-control-1-202--0.5-notebook-0.6-128,aggregate-control-1,202,-0.5,zero,2,65,last_prompt,jacobian,unrelated,1,-0.09460319578647614
aggregate-control-2-101--0.5-notebook-0.6-128,aggregate-control-2,101,-0.5,zero,2,65,last_prompt,jacobian,unrelated,1,-0.11665876507759095
aggregate-control-2-202--0.5-notebook-0.6-128,aggregate-control-2,202,-0.5,zero,2,65,last_prompt,jacobian,unrelated,1,-0.08768481984734536
aggregate-control-3-101--0.5-notebook-0.6-128,aggregate-control-3,101,-0.5,zero,2,65,last_prompt,jacobian,unrelated,1,-0.0158443883061409
aggregate-control-3-202--0.5-notebook-0.6-128,aggregate-control-3,202,-0.5,zero,2,65,last_prompt,jacobian,unrelated,1,-0.006673932075500488
aggregate-target-101--0.5-notebook-0.6-128,aggregate-target,101,-0.5,zero,2,65,last_prompt,jacobian,unrelated,1,0.08580856472253799
aggregate-target-202--0.5-notebook-0.6-128,aggregate-target,202,-0.5,zero,2,65,last_prompt,jacobian,unrelated,1,0.06829659342765808
aggregate-control-1-101--0.5-notebook-0.6-128,aggregate-control-1,101,-0.5,zero,2,65,last_prompt,random_j_1,deception,1,0.042301219701766965
aggregate-control-1-202--0.5-notebook-0.6-128,aggregate-control-1,202,-0.5,zero,2,65,last_prompt,random_j_1,deception,1,0.050817519426345825
aggregate-control-2-101--0.5-notebook-0.6-128,aggregate-control-2,101,-0.5,zero,2,65,last_prompt,random_j_1,deception,1,0.017130300402641296
aggregate-control-2-202--0.5-notebook-0.6-128,aggregate-control-2,202,-0.5,zero,2,65,last_prompt,random_j_1,deception,1,0.053204146027565
aggregate-control-3-101--0.5-notebook-0.6-128,aggregate-control-3,101,-0.5,zero,2,65,last_prompt,random_j_1,deception,1,-0.1081812858581543
aggregate-control-3-202--0.5-notebook-0.6-128,aggregate-control-3,202,-0.5,zero,2,65,last_prompt,random_j_1,deception,1,-0.09092251658439636
aggregate-target-101--0.5-notebook-0.6-128,aggregate-target,101,-0.5,zero,2,65,last_prompt,random_j_1,deception,1,0.013475693762302399
aggregate-target-202--0.5-notebook-0.6-128,aggregate-target,202,-0.5,zero,2,65,last_prompt,random_j_1,deception,1,0.023545265197753906
aggregate-control-1-101--0.5-notebook-0.6-128,aggregate-control-1,101,-0.5,zero,2,65,last_prompt,random_j_1,experience,1,-0.03086101346545749
aggregate-control-1-202--0.5-notebook-0.6-128,aggregate-control-1,202,-0.5,zero,2,65,last_prompt,random_j_1,experience,1,-0.019110762410693698
aggregate-control-2-101--0.5-notebook-0.6-128,aggregate-control-2,101,-0.5,zero,2,65,last_prompt,random_j_1,experience,1,-0.05960327055719164
aggregate-control-2-202--0.5-notebook-0.6-128,aggregate-control-2,202,-0.5,zero,2,65,last_prompt,random_j_1,experience,1,-0.06559548609786564
aggregate-control-3-101--0.5-notebook-0.6-128,aggregate-control-3,101,-0.5,zero,2,65,last_prompt,random_j_1,experience,1,-0.1053630378511217
aggregate-control-3-202--0.5-notebook-0.6-128,aggregate-control-3,202,-0.5,zero,2,65,last_prompt,random_j_1,experience,1,-0.09543838269180721
aggregate-target-101--0.5-notebook-0.6-128,aggregate-target,101,-0.5,zero,2,65,last_prompt,random_j_1,experience,1,0.08269062472714318
aggregate-target-202--0.5-notebook-0.6-128,aggregate-target,202,-0.5,zero,2,65,last_prompt,random_j_1,experience,1,0.07182684375180139
aggregate-control-1-101--0.5-notebook-0.6-128,aggregate-control-1,101,-0.5,zero,2,65,last_prompt,random_j_1,hedging,1,0.04798952788114548
aggregate-control-1-202--0.5-notebook-0.6-128,aggregate-control-1,202,-0.5,zero,2,65,last_prompt,random_j_1,hedging,1,0.040681812167167666
aggregate-control-2-101--0.5-notebook-0.6-128,aggregate-control-2,101,-0.5,zero,2,65,last_prompt,random_j_1,hedging,1,0.03365381807088852
aggregate-control-2-202--0.5-notebook-0.6-128,aggregate-control-2,202,-0.5,zero,2,65,last_prompt,random_j_1,hedging,1,0.03723917528986931
aggregate-control-3-101--0.5-notebook-0.6-128,aggregate-control-3,101,-0.5,zero,2,65,last_prompt,random_j_1,hedging,1,-0.097792649269104
aggregate-control-3-202--0.5-notebook-0.6-128,aggregate-control-3,202,-0.5,zero,2,65,last_prompt,random_j_1,hedging,1,-0.08649412095546723
aggregate-target-101--0.5-notebook-0.6-128,aggregate-target,101,-0.5,zero,2,65,last_prompt,random_j_1,hedging,1,0.0382321797311306
aggregate-target-202--0.5-notebook-0.6-128,aggregate-target,202,-0.5,zero,2,65,last_prompt,random_j_1,hedging,1,0.02074318826198578
aggregate-control-1-101--0.5-notebook-0.6-128,aggregate-control-1,101,-0.5,zero,2,65,last_prompt,random_j_1,honesty,1,-0.016865184903144835
aggregate-control-1-202--0.5-notebook-0.6-128,aggregate-control-1,202,-0.5,zero,2,65,last_prompt,random_j_1,honesty,1,-0.008743900060653686
aggregate-control-2-101--0.5-notebook-0.6-128,aggregate-control-2,101,-0.5,zero,2,65,last_prompt,random_j_1,honesty,1,0.06544392406940461
aggregate-control-2-202--0.5-notebook-0.6-128,aggregate-control-2,202,-0.5,zero,2,65,last_prompt,random_j_1,honesty,1,0.05391154885292053
aggregate-control-3-101--0.5-notebook-0.6-128,aggregate-control-3,101,-0.5,zero,2,65,last_prompt,random_j_1,honesty,1,0.03946386575698853
aggregate-control-3-202--0.5-notebook-0.6-128,aggregate-control-3,202,-0.5,zero,2,65,last_prompt,random_j_1,honesty,1,0.028175663948059083
aggregate-target-101--0.5-notebook-0.6-128,aggregate-target,101,-0.5,zero,2,65,last_prompt,random_j_1,honesty,1,0.010265031456947326
aggregate-target-202--0.5-notebook-0.6-128,aggregate-target,202,-0.5,zero,2,65,last_prompt,random_j_1,honesty,1,0.0032302260398864744
aggregate-control-1-101--0.5-notebook-0.6-128,aggregate-control-1,101,-0.5,zero,2,65,last_prompt,random_j_1,intervention,1,-0.019146003656917147
aggregate-control-1-202--0.5-notebook-0.6-128,aggregate-control-1,202,-0.5,zero,2,65,last_prompt,random_j_1,intervention,1,-0.02676945924758911
aggregate-control-2-101--0.5-notebook-0.6-128,aggregate-control-2,101,-0.5,zero,2,65,last_prompt,random_j_1,intervention,1,-0.03410899142424265
aggregate-control-2-202--0.5-notebook-0.6-128,aggregate-control-2,202,-0.5,zero,2,65,last_prompt,random_j_1,intervention,1,-0.030472705761591595
aggregate-control-3-101--0.5-notebook-0.6-128,aggregate-control-3,101,-0.5,zero,2,65,last_prompt,random_j_1,intervention,1,-0.04128914078076681
aggregate-control-3-202--0.5-notebook-0.6-128,aggregate-control-3,202,-0.5,zero,2,65,last_prompt,random_j_1,intervention,1,-0.0563344591193729
aggregate-target-101--0.5-notebook-0.6-128,aggregate-target,101,-0.5,zero,2,65,last_prompt,random_j_1,intervention,1,-0.020410974820454914
aggregate-target-202--0.5-notebook-0.6-128,aggregate-target,202,-0.5,zero,2,65,last_prompt,random_j_1,intervention,1,-0.016420705450905695
aggregate-control-1-101--0.5-notebook-0.6-128,aggregate-control-1,101,-0.5,zero,2,65,last_prompt,random_j_1,roleplay,1,0.02037192053265042
aggregate-control-1-202--0.5-notebook-0.6-128,aggregate-control-1,202,-0.5,zero,2,65,last_prompt,random_j_1,roleplay,1,0.04280081722471449
aggregate-control-2-101--0.5-notebook-0.6-128,aggregate-control-2,101,-0.5,zero,2,65,last_prompt,random_j_1,roleplay,1,0.051393734084235296
aggregate-control-2-202--0.5-notebook-0.6-128,aggregate-control-2,202,-0.5,zero,2,65,last_prompt,random_j_1,roleplay,1,0.06474972433514065
aggregate-control-3-101--0.5-notebook-0.6-128,aggregate-control-3,101,-0.5,zero,2,65,last_prompt,random_j_1,roleplay,1,-0.041678127315309316
aggregate-control-3-202--0.5-notebook-0.6-128,aggregate-control-3,202,-0.5,zero,2,65,last_prompt,random_j_1,roleplay,1,-0.026133533981111314
aggregate-target-101--0.5-notebook-0.6-128,aggregate-target,101,-0.5,zero,2,65,last_prompt,random_j_1,roleplay,1,0.11669732133547465
aggregate-target-202--0.5-notebook-0.6-128,aggregate-target,202,-0.5,zero,2,65,last_prompt,random_j_1,roleplay,1,0.12381736106342739
aggregate-control-1-101--0.5-notebook-0.6-128,aggregate-control-1,101,-0.5,zero,2,65,last_prompt,random_j_1,unrelated,1,0.055880389362573626
aggregate-control-1-202--0.5-notebook-0.6-128,aggregate-control-1,202,-0.5,zero,2,65,last_prompt,random_j_1,unrelated,1,0.05050971210002899
aggregate-control-2-101--0.5-notebook-0.6-128,aggregate-control-2,101,-0.5,zero,2,65,last_prompt,random_j_1,unrelated,1,-0.06309744715690613
aggregate-control-2-202--0.5-notebook-0.6-128,aggregate-control-2,202,-0.5,zero,2,65,last_prompt,random_j_1,unrelated,1,-0.07499458193778992
aggregate-control-3-101--0.5-notebook-0.6-128,aggregate-control-3,101,-0.5,zero,2,65,last_prompt,random_j_1,unrelated,1,0.04214034527540207
aggregate-control-3-202--0.5-notebook-0.6-128,aggregate-control-3,202,-0.5,zero,2,65,last_prompt,random_j_1,unrelated,1,0.03223967999219894
aggregate-target-101--0.5-notebook-0.6-128,aggregate-target,101,-0.5,zero,2,65,last_prompt,random_j_1,unrelated,1,0.07053272351622582
aggregate-target-202--0.5-notebook-0.6-128,aggregate-target,202,-0.5,zero,2,65,last_prompt,random_j_1,unrelated,1,0.05703504756093025
aggregate-control-1-101--0.5-notebook-0.6-128,aggregate-control-1,101,-0.5,zero,2,65,last_prompt,random_j_2,deception,1,-0.011904154717922211
aggregate-control-1-202--0.5-notebook-0.6-128,aggregate-control-1,202,-0.5,zero,2,65,last_prompt,random_j_2,deception,1,0.004520672559738159
aggregate-control-2-101--0.5-notebook-0.6-128,aggregate-control-2,101,-0.5,zero,2,65,last_prompt,random_j_2,deception,1,-0.05013820827007294
aggregate-control-2-202--0.5-notebook-0.6-128,aggregate-control-2,202,-0.5,zero,2,65,last_prompt,random_j_2,deception,1,-0.031640246510505676
aggregate-control-3-101--0.5-notebook-0.6-128,aggregate-control-3,101,-0.5,zero,2,65,last_prompt,random_j_2,deception,1,-0.054311197996139524
aggregate-control-3-202--0.5-notebook-0.6-128,aggregate-control-3,202,-0.5,zero,2,65,last_prompt,random_j_2,deception,1,-0.04806965291500091
aggregate-target-101--0.5-notebook-0.6-128,aggregate-target,101,-0.5,zero,2,65,last_prompt,random_j_2,deception,1,-0.032044346630573275
aggregate-target-202--0.5-notebook-0.6-128,aggregate-target,202,-0.5,zero,2,65,last_prompt,random_j_2,deception,1,-0.024700775742530823
aggregate-control-1-101--0.5-notebook-0.6-128,aggregate-control-1,101,-0.5,zero,2,65,last_prompt,random_j_2,experience,1,0.009609238141112857
aggregate-control-1-202--0.5-notebook-0.6-128,aggregate-control-1,202,-0.5,zero,2,65,last_prompt,random_j_2,experience,1,-0.015368030303054385
aggregate-control-2-101--0.5-notebook-0.6-128,aggregate-control-2,101,-0.5,zero,2,65,last_prompt,random_j_2,experience,1,0.016410590873824224
aggregate-control-2-202--0.5-notebook-0.6-128,aggregate-control-2,202,-0.5,zero,2,65,last_prompt,random_j_2,experience,1,0.010956282416979471
aggregate-control-3-101--0.5-notebook-0.6-128,aggregate-control-3,101,-0.5,zero,2,65,last_prompt,random_j_2,experience,1,-0.06094110136230787
aggregate-control-3-202--0.5-notebook-0.6-128,aggregate-control-3,202,-0.5,zero,2,65,last_prompt,random_j_2,experience,1,-0.05874741077423096
aggregate-target-101--0.5-notebook-0.6-128,aggregate-target,101,-0.5,zero,2,65,last_prompt,random_j_2,experience,1,-0.014581436912218729
aggregate-target-202--0.5-notebook-0.6-128,aggregate-target,202,-0.5,zero,2,65,last_prompt,random_j_2,experience,1,-0.006139049927393596
aggregate-control-1-101--0.5-notebook-0.6-128,aggregate-control-1,101,-0.5,zero,2,65,last_prompt,random_j_2,hedging,1,0.12576484084129333
aggregate-control-1-202--0.5-notebook-0.6-128,aggregate-control-1,202,-0.5,zero,2,65,last_prompt,random_j_2,hedging,1,0.12071014642715454
aggregate-control-2-101--0.5-notebook-0.6-128,aggregate-control-2,101,-0.5,zero,2,65,last_prompt,random_j_2,hedging,1,0.005706870555877685
aggregate-control-2-202--0.5-notebook-0.6-128,aggregate-control-2,202,-0.5,zero,2,65,last_prompt,random_j_2,hedging,1,0.027606695890426636
aggregate-control-3-101--0.5-notebook-0.6-128,aggregate-control-3,101,-0.5,zero,2,65,last_prompt,random_j_2,hedging,1,-0.013431894779205322
aggregate-control-3-202--0.5-notebook-0.6-128,aggregate-control-3,202,-0.5,zero,2,65,last_prompt,random_j_2,hedging,1,-0.03745695948600769
aggregate-target-101--0.5-notebook-0.6-128,aggregate-target,101,-0.5,zero,2,65,last_prompt,random_j_2,hedging,1,-0.05549536347389221
aggregate-target-202--0.5-notebook-0.6-128,aggregate-target,202,-0.5,zero,2,65,last_prompt,random_j_2,hedging,1,-0.040441864728927614
aggregate-control-1-101--0.5-notebook-0.6-128,aggregate-control-1,101,-0.5,zero,2,65,last_prompt,random_j_2,honesty,1,0.05406478345394135
aggregate-control-1-202--0.5-notebook-0.6-128,aggregate-control-1,202,-0.5,zero,2,65,last_prompt,random_j_2,honesty,1,0.07862467616796494
aggregate-control-2-101--0.5-notebook-0.6-128,aggregate-control-2,101,-0.5,zero,2,65,last_prompt,random_j_2,honesty,1,-0.10816601514816285
aggregate-control-2-202--0.5-notebook-0.6-128,aggregate-control-2,202,-0.5,zero,2,65,last_prompt,random_j_2,honesty,1,-0.09249975383281708
aggregate-control-3-101--0.5-notebook-0.6-128,aggregate-control-3,101,-0.5,zero,2,65,last_prompt,random_j_2,honesty,1,0.031933799386024475
aggregate-control-3-202--0.5-notebook-0.6-128,aggregate-control-3,202,-0.5,zero,2,65,last_prompt,random_j_2,honesty,1,0.023330065608024596
aggregate-target-101--0.5-notebook-0.6-128,aggregate-target,101,-0.5,zero,2,65,last_prompt,random_j_2,honesty,1,-0.057209056615829465
aggregate-target-202--0.5-notebook-0.6-128,aggregate-target,202,-0.5,zero,2,65,last_prompt,random_j_2,honesty,1,-0.05957498401403427
aggregate-control-1-101--0.5-notebook-0.6-128,aggregate-control-1,101,-0.5,zero,2,65,last_prompt,random_j_2,intervention,1,-0.03073489831553565
aggregate-control-1-202--0.5-notebook-0.6-128,aggregate-control-1,202,-0.5,zero,2,65,last_prompt,random_j_2,intervention,1,-0.026384062237209745
aggregate-control-2-101--0.5-notebook-0.6-128,aggregate-control-2,101,-0.5,zero,2,65,last_prompt,random_j_2,intervention,1,0.023180334104432
aggregate-control-2-202--0.5-notebook-0.6-128,aggregate-control-2,202,-0.5,zero,2,65,last_prompt,random_j_2,intervention,1,0.029641093479262456
aggregate-control-3-101--0.5-notebook-0.6-128,aggregate-control-3,101,-0.5,zero,2,65,last_prompt,random_j_2,intervention,1,0.0397156278292338
aggregate-control-3-202--0.5-notebook-0.6-128,aggregate-control-3,202,-0.5,zero,2,65,last_prompt,random_j_2,intervention,1,0.05606307917171054
aggregate-target-101--0.5-notebook-0.6-128,aggregate-target,101,-0.5,zero,2,65,last_prompt,random_j_2,intervention,1,-0.040344388948546514
aggregate-target-202--0.5-notebook-0.6-128,aggregate-target,202,-0.5,zero,2,65,last_prompt,random_j_2,intervention,1,-0.03528999537229538
aggregate-control-1-101--0.5-notebook-0.6-128,aggregate-control-1,101,-0.5,zero,2,65,last_prompt,random_j_2,roleplay,1,0.01175363858540853
aggregate-control-1-202--0.5-notebook-0.6-128,aggregate-control-1,202,-0.5,zero,2,65,last_prompt,random_j_2,roleplay,1,0.01540300084484948
aggregate-control-2-101--0.5-notebook-0.6-128,aggregate-control-2,101,-0.5,zero,2,65,last_prompt,random_j_2,roleplay,1,-0.03627370960182614
aggregate-control-2-202--0.5-notebook-0.6-128,aggregate-control-2,202,-0.5,zero,2,65,last_prompt,random_j_2,roleplay,1,-0.02590265538957384
aggregate-control-3-101--0.5-notebook-0.6-128,aggregate-control-3,101,-0.5,zero,2,65,last_prompt,random_j_2,roleplay,1,-0.02154237859778934
aggregate-control-3-202--0.5-notebook-0.6-128,aggregate-control-3,202,-0.5,zero,2,65,last_prompt,random_j_2,roleplay,1,-0.012962293293741014
aggregate-target-101--0.5-notebook-0.6-128,aggregate-target,101,-0.5,zero,2,65,last_prompt,random_j_2,roleplay,1,-0.06550108889738719
aggregate-target-202--0.5-notebook-0.6-128,aggregate-target,202,-0.5,zero,2,65,last_prompt,random_j_2,roleplay,1,-0.05289936231242286
aggregate-control-1-101--0.5-notebook-0.6-128,aggregate-control-1,101,-0.5,zero,2,65,last_prompt,random_j_2,unrelated,1,0.038569814339280126
aggregate-control-1-202--0.5-notebook-0.6-128,aggregate-control-1,202,-0.5,zero,2,65,last_prompt,random_j_2,unrelated,1,0.030893748812377452
aggregate-control-2-101--0.5-notebook-0.6-128,aggregate-control-2,101,-0.5,zero,2,65,last_prompt,random_j_2,unrelated,1,-0.017130962014198302
aggregate-control-2-202--0.5-notebook-0.6-128,aggregate-control-2,202,-0.5,zero,2,65,last_prompt,random_j_2,unrelated,1,-0.01827199012041092
aggregate-control-3-101--0.5-notebook-0.6-128,aggregate-control-3,101,-0.5,zero,2,65,last_prompt,random_j_2,unrelated,1,-0.04196869619190693
aggregate-control-3-202--0.5-notebook-0.6-128,aggregate-control-3,202,-0.5,zero,2,65,last_prompt,random_j_2,unrelated,1,-0.042365724220871925
aggregate-target-101--0.5-notebook-0.6-128,aggregate-target,101,-0.5,zero,2,65,last_prompt,random_j_2,unrelated,1,0.08819387555122375
aggregate-target-202--0.5-notebook-0.6-128,aggregate-target,202,-0.5,zero,2,65,last_prompt,random_j_2,unrelated,1,0.09121554791927337
aggregate-control-1-101--0.5-notebook-0.6-128,aggregate-control-1,101,-0.5,zero,2,65,last_prompt,random_j_3,deception,1,0.005770450830459595
aggregate-control-1-202--0.5-notebook-0.6-128,aggregate-control-1,202,-0.5,zero,2,65,last_prompt,random_j_3,deception,1,0.010562963038682937
aggregate-control-2-101--0.5-notebook-0.6-128,aggregate-control-2,101,-0.5,zero,2,65,last_prompt,random_j_3,deception,1,-0.05705774202942848
aggregate-control-2-202--0.5-notebook-0.6-128,aggregate-control-2,202,-0.5,zero,2,65,last_prompt,random_j_3,deception,1,-0.053566109389066696
aggregate-control-3-101--0.5-notebook-0.6-128,aggregate-control-3,101,-0.5,zero,2,65,last_prompt,random_j_3,deception,1,-0.020167486369609834
aggregate-control-3-202--0.5-notebook-0.6-128,aggregate-control-3,202,-0.5,zero,2,65,last_prompt,random_j_3,deception,1,-0.00011351108551025391
aggregate-target-101--0.5-notebook-0.6-128,aggregate-target,101,-0.5,zero,2,65,last_prompt,random_j_3,deception,1,0.038984735310077664
aggregate-target-202--0.5-notebook-0.6-128,aggregate-target,202,-0.5,zero,2,65,last_prompt,random_j_3,deception,1,0.03524225279688835
aggregate-control-1-101--0.5-notebook-0.6-128,aggregate-control-1,101,-0.5,zero,2,65,last_prompt,random_j_3,experience,1,-0.09969385961691539
aggregate-control-1-202--0.5-notebook-0.6-128,aggregate-control-1,202,-0.5,zero,2,65,last_prompt,random_j_3,experience,1,-0.09327107502354516
aggregate-control-2-101--0.5-notebook-0.6-128,aggregate-control-2,101,-0.5,zero,2,65,last_prompt,random_j_3,experience,1,0.004759725597169664
aggregate-control-2-202--0.5-notebook-0.6-128,aggregate-control-2,202,-0.5,zero,2,65,last_prompt,random_j_3,experience,1,-0.001458680464161767
aggregate-control-3-101--0.5-notebook-0.6-128,aggregate-control-3,101,-0.5,zero,2,65,last_prompt,random_j_3,experience,1,-0.05787737336423662
aggregate-control-3-202--0.5-notebook-0.6-128,aggregate-control-3,202,-0.5,zero,2,65,last_prompt,random_j_3,experience,1,-0.03476680318514506
aggregate-target-101--0.5-notebook-0.6-128,aggregate-target,101,-0.5,zero,2,65,last_prompt,random_j_3,experience,1,0.06619706749916077
aggregate-target-202--0.5-notebook-0.6-128,aggregate-target,202,-0.5,zero,2,65,last_prompt,random_j_3,experience,1,0.06054915818903181
aggregate-control-1-101--0.5-notebook-0.6-128,aggregate-control-1,101,-0.5,zero,2,65,last_prompt,random_j_3,hedging,1,0.03834197148680687
aggregate-control-1-202--0.5-notebook-0.6-128,aggregate-control-1,202,-0.5,zero,2,65,last_prompt,random_j_3,hedging,1,0.03786557763814926
aggregate-control-2-101--0.5-notebook-0.6-128,aggregate-control-2,101,-0.5,zero,2,65,last_prompt,random_j_3,hedging,1,0.010321756452322006
aggregate-control-2-202--0.5-notebook-0.6-128,aggregate-control-2,202,-0.5,zero,2,65,last_prompt,random_j_3,hedging,1,0.01690284498035908
aggregate-control-3-101--0.5-notebook-0.6-128,aggregate-control-3,101,-0.5,zero,2,65,last_prompt,random_j_3,hedging,1,-0.045709874108433725
aggregate-control-3-202--0.5-notebook-0.6-128,aggregate-control-3,202,-0.5,zero,2,65,last_prompt,random_j_3,hedging,1,-0.03572021126747131
aggregate-target-101--0.5-notebook-0.6-128,aggregate-target,101,-0.5,zero,2,65,last_prompt,random_j_3,hedging,1,0.05279152169823646
aggregate-target-202--0.5-notebook-0.6-128,aggregate-target,202,-0.5,zero,2,65,last_prompt,random_j_3,hedging,1,0.0829298511147499
aggregate-control-1-101--0.5-notebook-0.6-128,aggregate-control-1,101,-0.5,zero,2,65,last_prompt,random_j_3,honesty,1,-0.02257535308599472
aggregate-control-1-202--0.5-notebook-0.6-128,aggregate-control-1,202,-0.5,zero,2,65,last_prompt,random_j_3,honesty,1,-0.02731582075357437
aggregate-control-2-101--0.5-notebook-0.6-128,aggregate-control-2,101,-0.5,zero,2,65,last_prompt,random_j_3,honesty,1,0.04334647059440613
aggregate-control-2-202--0.5-notebook-0.6-128,aggregate-control-2,202,-0.5,zero,2,65,last_prompt,random_j_3,honesty,1,0.03791612535715103
aggregate-control-3-101--0.5-notebook-0.6-128,aggregate-control-3,101,-0.5,zero,2,65,last_prompt,random_j_3,honesty,1,-0.01549854427576065
aggregate-control-3-202--0.5-notebook-0.6-128,aggregate-control-3,202,-0.5,zero,2,65,last_prompt,random_j_3,honesty,1,-0.024345725774765015
aggregate-target-101--0.5-notebook-0.6-128,aggregate-target,101,-0.5,zero,2,65,last_prompt,random_j_3,honesty,1,0.016685488820075988
aggregate-target-202--0.5-notebook-0.6-128,aggregate-target,202,-0.5,zero,2,65,last_prompt,random_j_3,honesty,1,0.021931245923042297
aggregate-control-1-101--0.5-notebook-0.6-128,aggregate-control-1,101,-0.5,zero,2,65,last_prompt,random_j_3,intervention,1,0.037642672657966614
aggregate-control-1-202--0.5-notebook-0.6-128,aggregate-control-1,202,-0.5,zero,2,65,last_prompt,random_j_3,intervention,1,0.006135629283057319
aggregate-control-2-101--0.5-notebook-0.6-128,aggregate-control-2,101,-0.5,zero,2,65,last_prompt,random_j_3,intervention,1,0.044068549242284566
aggregate-control-2-202--0.5-notebook-0.6-128,aggregate-control-2,202,-0.5,zero,2,65,last_prompt,random_j_3,intervention,1,0.03630054659313626
aggregate-control-3-101--0.5-notebook-0.6-128,aggregate-control-3,101,-0.5,zero,2,65,last_prompt,random_j_3,intervention,1,-0.0502465847465727
aggregate-control-3-202--0.5-notebook-0.6-128,aggregate-control-3,202,-0.5,zero,2,65,last_prompt,random_j_3,intervention,1,-0.06807921330134074
aggregate-target-101--0.5-notebook-0.6-128,aggregate-target,101,-0.5,zero,2,65,last_prompt,random_j_3,intervention,1,-0.028198018670082092
aggregate-target-202--0.5-notebook-0.6-128,aggregate-target,202,-0.5,zero,2,65,last_prompt,random_j_3,intervention,1,-0.052298658423953585
aggregate-control-1-101--0.5-notebook-0.6-128,aggregate-control-1,101,-0.5,zero,2,65,last_prompt,random_j_3,roleplay,1,-0.040096412102381386
aggregate-control-1-202--0.5-notebook-0.6-128,aggregate-control-1,202,-0.5,zero,2,65,last_prompt,random_j_3,roleplay,1,-0.03015709833966361
aggregate-control-2-101--0.5-notebook-0.6-128,aggregate-control-2,101,-0.5,zero,2,65,last_prompt,random_j_3,roleplay,1,0.014383587572309706
aggregate-control-2-202--0.5-notebook-0.6-128,aggregate-control-2,202,-0.5,zero,2,65,last_prompt,random_j_3,roleplay,1,0.01733962529235416
aggregate-control-3-101--0.5-notebook-0.6-128,aggregate-control-3,101,-0.5,zero,2,65,last_prompt,random_j_3,roleplay,1,0.0009359551800621881
aggregate-control-3-202--0.5-notebook-0.6-128,aggregate-control-3,202,-0.5,zero,2,65,last_prompt,random_j_3,roleplay,1,-0.0015171517928441365
aggregate-target-101--0.5-notebook-0.6-128,aggregate-target,101,-0.5,zero,2,65,last_prompt,random_j_3,roleplay,1,-0.001902672979566786
aggregate-target-202--0.5-notebook-0.6-128,aggregate-target,202,-0.5,zero,2,65,last_prompt,random_j_3,roleplay,1,0.01655713717142741
aggregate-control-1-101--0.5-notebook-0.6-128,aggregate-control-1,101,-0.5,zero,2,65,last_prompt,random_j_3,unrelated,1,-0.040160050988197325
aggregate-control-1-202--0.5-notebook-0.6-128,aggregate-control-1,202,-0.5,zero,2,65,last_prompt,random_j_3,unrelated,1,-0.02783624976873398
aggregate-control-2-101--0.5-notebook-0.6-128,aggregate-control-2,101,-0.5,zero,2,65,last_prompt,random_j_3,unrelated,1,-0.0011479288339614868
aggregate-control-2-202--0.5-notebook-0.6-128,aggregate-control-2,202,-0.5,zero,2,65,last_prompt,random_j_3,unrelated,1,0.006723859906196594
aggregate-control-3-101--0.5-notebook-0.6-128,aggregate-control-3,101,-0.5,zero,2,65,last_prompt,random_j_3,unrelated,1,0.00764719545841217
aggregate-control-3-202--0.5-notebook-0.6-128,aggregate-control-3,202,-0.5,zero,2,65,last_prompt,random_j_3,unrelated,1,0.0012098953127861023
aggregate-target-101--0.5-notebook-0.6-128,aggregate-target,101,-0.5,zero,2,65,last_prompt,random_j_3,unrelated,1,-0.10123834013938904
aggregate-target-202--0.5-notebook-0.6-128,aggregate-target,202,-0.5,zero,2,65,last_prompt,random_j_3,unrelated,1,-0.10145229548215866
aggregate-control-1-101--0.5-notebook-0.6-128,aggregate-control-1,101,-0.5,zero,2,65,last_prompt,random_j_4,deception,1,-0.05148662030696869
aggregate-control-1-202--0.5-notebook-0.6-128,aggregate-control-1,202,-0.5,zero,2,65,last_prompt,random_j_4,deception,1,-0.04596343338489532
aggregate-control-2-101--0.5-notebook-0.6-128,aggregate-control-2,101,-0.5,zero,2,65,last_prompt,random_j_4,deception,1,0.0802426129579544
aggregate-control-2-202--0.5-notebook-0.6-128,aggregate-control-2,202,-0.5,zero,2,65,last_prompt,random_j_4,deception,1,0.06692644655704498
aggregate-control-3-101--0.5-notebook-0.6-128,aggregate-control-3,101,-0.5,zero,2,65,last_prompt,random_j_4,deception,1,0.03984802663326263
aggregate-control-3-202--0.5-notebook-0.6-128,aggregate-control-3,202,-0.5,zero,2,65,last_prompt,random_j_4,deception,1,0.04426316320896149
aggregate-target-101--0.5-notebook-0.6-128,aggregate-target,101,-0.5,zero,2,65,last_prompt,random_j_4,deception,1,0.09540572464466095
aggregate-target-202--0.5-notebook-0.6-128,aggregate-target,202,-0.5,zero,2,65,last_prompt,random_j_4,deception,1,0.0959604799747467
aggregate-control-1-101--0.5-notebook-0.6-128,aggregate-control-1,101,-0.5,zero,2,65,last_prompt,random_j_4,experience,1,-0.02157921426826053
aggregate-control-1-202--0.5-notebook-0.6-128,aggregate-control-1,202,-0.5,zero,2,65,last_prompt,random_j_4,experience,1,-0.009741322447856268
aggregate-control-2-101--0.5-notebook-0.6-128,aggregate-control-2,101,-0.5,zero,2,65,last_prompt,random_j_4,experience,1,0.06531665308607949
aggregate-control-2-202--0.5-notebook-0.6-128,aggregate-control-2,202,-0.5,zero,2,65,last_prompt,random_j_4,experience,1,0.07244089163011974
aggregate-control-3-101--0.5-notebook-0.6-128,aggregate-control-3,101,-0.5,zero,2,65,last_prompt,random_j_4,experience,1,-0.09641500065724055
aggregate-control-3-202--0.5-notebook-0.6-128,aggregate-control-3,202,-0.5,zero,2,65,last_prompt,random_j_4,experience,1,-0.08534981475936042
aggregate-target-101--0.5-notebook-0.6-128,aggregate-target,101,-0.5,zero,2,65,last_prompt,random_j_4,experience,1,0.16985882653130424
aggregate-target-202--0.5-notebook-0.6-128,aggregate-target,202,-0.5,zero,2,65,last_prompt,random_j_4,experience,1,0.16973182269268566
aggregate-control-1-101--0.5-notebook-0.6-128,aggregate-control-1,101,-0.5,zero,2,65,last_prompt,random_j_4,hedging,1,-0.024985495209693908
aggregate-control-1-202--0.5-notebook-0.6-128,aggregate-control-1,202,-0.5,zero,2,65,last_prompt,random_j_4,hedging,1,-0.02944500297307968
aggregate-control-2-101--0.5-notebook-0.6-128,aggregate-control-2,101,-0.5,zero,2,65,last_prompt,random_j_4,hedging,1,0.06475728452205658
aggregate-control-2-202--0.5-notebook-0.6-128,aggregate-control-2,202,-0.5,zero,2,65,last_prompt,random_j_4,hedging,1,0.05337304025888443
aggregate-control-3-101--0.5-notebook-0.6-128,aggregate-control-3,101,-0.5,zero,2,65,last_prompt,random_j_4,hedging,1,-0.020186606049537658
aggregate-control-3-202--0.5-notebook-0.6-128,aggregate-control-3,202,-0.5,zero,2,65,last_prompt,random_j_4,hedging,1,-0.011049096286296845
aggregate-target-101--0.5-notebook-0.6-128,aggregate-target,101,-0.5,zero,2,65,last_prompt,random_j_4,hedging,1,0.014257746934890746
aggregate-target-202--0.5-notebook-0.6-128,aggregate-target,202,-0.5,zero,2,65,last_prompt,random_j_4,hedging,1,0.014832638204097748
aggregate-control-1-101--0.5-notebook-0.6-128,aggregate-control-1,101,-0.5,zero,2,65,last_prompt,random_j_4,honesty,1,0.02135773152112961
aggregate-control-1-202--0.5-notebook-0.6-128,aggregate-control-1,202,-0.5,zero,2,65,last_prompt,random_j_4,honesty,1,-0.0006014063954353332
aggregate-control-2-101--0.5-notebook-0.6-128,aggregate-control-2,101,-0.5,zero,2,65,last_prompt,random_j_4,honesty,1,0.11317585706710816
aggregate-control-2-202--0.5-notebook-0.6-128,aggregate-control-2,202,-0.5,zero,2,65,last_prompt,random_j_4,honesty,1,0.11002268493175507
aggregate-control-3-101--0.5-notebook-0.6-128,aggregate-control-3,101,-0.5,zero,2,65,last_prompt,random_j_4,honesty,1,-0.021264827251434325
aggregate-control-3-202--0.5-notebook-0.6-128,aggregate-control-3,202,-0.5,zero,2,65,last_prompt,random_j_4,honesty,1,-0.03644706308841705
aggregate-target-101--0.5-notebook-0.6-128,aggregate-target,101,-0.5,zero,2,65,last_prompt,random_j_4,honesty,1,-0.0023143023252487184
aggregate-target-202--0.5-notebook-0.6-128,aggregate-target,202,-0.5,zero,2,65,last_prompt,random_j_4,honesty,1,-0.010822945833206176
aggregate-control-1-101--0.5-notebook-0.6-128,aggregate-control-1,101,-0.5,zero,2,65,last_prompt,random_j_4,intervention,1,-0.01679520971245236
aggregate-control-1-202--0.5-notebook-0.6-128,aggregate-control-1,202,-0.5,zero,2,65,last_prompt,random_j_4,intervention,1,-0.027530328267150454
aggregate-control-2-101--0.5-notebook-0.6-128,aggregate-control-2,101,-0.5,zero,2,65,last_prompt,random_j_4,intervention,1,0.04253138932916853
aggregate-control-2-202--0.5-notebook-0.6-128,aggregate-control-2,202,-0.5,zero,2,65,last_prompt,random_j_4,intervention,1,0.04363864577478833
aggregate-control-3-101--0.5-notebook-0.6-128,aggregate-control-3,101,-0.5,zero,2,65,last_prompt,random_j_4,intervention,1,-0.01529034309917026
aggregate-control-3-202--0.5-notebook-0.6-128,aggregate-control-3,202,-0.5,zero,2,65,last_prompt,random_j_4,intervention,1,-0.03882906254794863
aggregate-target-101--0.5-notebook-0.6-128,aggregate-target,101,-0.5,zero,2,65,last_prompt,random_j_4,intervention,1,-0.027703922655847337
aggregate-target-202--0.5-notebook-0.6-128,aggregate-target,202,-0.5,zero,2,65,last_prompt,random_j_4,intervention,1,-0.021590068108505674
aggregate-control-1-101--0.5-notebook-0.6-128,aggregate-control-1,101,-0.5,zero,2,65,last_prompt,random_j_4,roleplay,1,0.10966269257995817
aggregate-control-1-202--0.5-notebook-0.6-128,aggregate-control-1,202,-0.5,zero,2,65,last_prompt,random_j_4,roleplay,1,0.0835150604446729
aggregate-control-2-101--0.5-notebook-0.6-128,aggregate-control-2,101,-0.5,zero,2,65,last_prompt,random_j_4,roleplay,1,-0.04208918660879135
aggregate-control-2-202--0.5-notebook-0.6-128,aggregate-control-2,202,-0.5,zero,2,65,last_prompt,random_j_4,roleplay,1,-0.06446407404210833
aggregate-control-3-101--0.5-notebook-0.6-128,aggregate-control-3,101,-0.5,zero,2,65,last_prompt,random_j_4,roleplay,1,-0.026892026679383382
aggregate-control-3-202--0.5-notebook-0.6-128,aggregate-control-3,202,-0.5,zero,2,65,last_prompt,random_j_4,roleplay,1,-0.020206681556171842
aggregate-target-101--0.5-notebook-0.6-128,aggregate-target,101,-0.5,zero,2,65,last_prompt,random_j_4,roleplay,1,0.08555331826210022
aggregate-target-202--0.5-notebook-0.6-128,aggregate-target,202,-0.5,zero,2,65,last_prompt,random_j_4,roleplay,1,0.06129794650607639
aggregate-control-1-101--0.5-notebook-0.6-128,aggregate-control-1,101,-0.5,zero,2,65,last_prompt,random_j_4,unrelated,1,-0.05176940262317657
aggregate-control-1-202--0.5-notebook-0.6-128,aggregate-control-1,202,-0.5,zero,2,65,last_prompt,random_j_4,unrelated,1,-0.04080139175057411
aggregate-control-2-101--0.5-notebook-0.6-128,aggregate-control-2,101,-0.5,zero,2,65,last_prompt,random_j_4,unrelated,1,-0.015384560823440552
aggregate-control-2-202--0.5-notebook-0.6-128,aggregate-control-2,202,-0.5,zero,2,65,last_prompt,random_j_4,unrelated,1,-0.021445707976818086
aggregate-control-3-101--0.5-notebook-0.6-128,aggregate-control-3,101,-0.5,zero,2,65,last_prompt,random_j_4,unrelated,1,-0.05236492156982422
aggregate-control-3-202--0.5-notebook-0.6-128,aggregate-control-3,202,-0.5,zero,2,65,last_prompt,random_j_4,unrelated,1,-0.054965026676654816
aggregate-target-101--0.5-notebook-0.6-128,aggregate-target,101,-0.5,zero,2,65,last_prompt,random_j_4,unrelated,1,-0.0608808234333992
aggregate-target-202--0.5-notebook-0.6-128,aggregate-target,202,-0.5,zero,2,65,last_prompt,random_j_4,unrelated,1,-0.07113959938287735
aggregate-control-1-101--0.5-notebook-0.6-128,aggregate-control-1,101,-0.5,zero,2,65,last_prompt,random_j_5,deception,1,0.08856895714998245
aggregate-control-1-202--0.5-notebook-0.6-128,aggregate-control-1,202,-0.5,zero,2,65,last_prompt,random_j_5,deception,1,0.06841129660606385
aggregate-control-2-101--0.5-notebook-0.6-128,aggregate-control-2,101,-0.5,zero,2,65,last_prompt,random_j_5,deception,1,0.017722879350185395
aggregate-control-2-202--0.5-notebook-0.6-128,aggregate-control-2,202,-0.5,zero,2,65,last_prompt,random_j_5,deception,1,0.013357743620872498
aggregate-control-3-101--0.5-notebook-0.6-128,aggregate-control-3,101,-0.5,zero,2,65,last_prompt,random_j_5,deception,1,0.10995492786169052
aggregate-control-3-202--0.5-notebook-0.6-128,aggregate-control-3,202,-0.5,zero,2,65,last_prompt,random_j_5,deception,1,0.10032338500022889
aggregate-target-101--0.5-notebook-0.6-128,aggregate-target,101,-0.5,zero,2,65,last_prompt,random_j_5,deception,1,0.12328131347894669
aggregate-target-202--0.5-notebook-0.6-128,aggregate-target,202,-0.5,zero,2,65,last_prompt,random_j_5,deception,1,0.12915411591529846
aggregate-control-1-101--0.5-notebook-0.6-128,aggregate-control-1,101,-0.5,zero,2,65,last_prompt,random_j_5,experience,1,0.07241262992223103
aggregate-control-1-202--0.5-notebook-0.6-128,aggregate-control-1,202,-0.5,zero,2,65,last_prompt,random_j_5,experience,1,0.06694967216915554
aggregate-control-2-101--0.5-notebook-0.6-128,aggregate-control-2,101,-0.5,zero,2,65,last_prompt,random_j_5,experience,1,-0.07861860427591535
aggregate-control-2-202--0.5-notebook-0.6-128,aggregate-control-2,202,-0.5,zero,2,65,last_prompt,random_j_5,experience,1,-0.06890444954236348
aggregate-control-3-101--0.5-notebook-0.6-128,aggregate-control-3,101,-0.5,zero,2,65,last_prompt,random_j_5,experience,1,-0.029496684670448303
aggregate-control-3-202--0.5-notebook-0.6-128,aggregate-control-3,202,-0.5,zero,2,65,last_prompt,random_j_5,experience,1,-0.023633380730946858
aggregate-target-101--0.5-notebook-0.6-128,aggregate-target,101,-0.5,zero,2,65,last_prompt,random_j_5,experience,1,0.15731214814715916
aggregate-target-202--0.5-notebook-0.6-128,aggregate-target,202,-0.5,zero,2,65,last_prompt,random_j_5,experience,1,0.15349091423882377
aggregate-control-1-101--0.5-notebook-0.6-128,aggregate-control-1,101,-0.5,zero,2,65,last_prompt,random_j_5,hedging,1,-0.059851229190826416
aggregate-control-1-202--0.5-notebook-0.6-128,aggregate-control-1,202,-0.5,zero,2,65,last_prompt,random_j_5,hedging,1,-0.03351870775222778
aggregate-control-2-101--0.5-notebook-0.6-128,aggregate-control-2,101,-0.5,zero,2,65,last_prompt,random_j_5,hedging,1,-0.036476731300354004
aggregate-control-2-202--0.5-notebook-0.6-128,aggregate-control-2,202,-0.5,zero,2,65,last_prompt,random_j_5,hedging,1,-0.020194417238235472
aggregate-control-3-101--0.5-notebook-0.6-128,aggregate-control-3,101,-0.5,zero,2,65,last_prompt,random_j_5,hedging,1,0.08502495288848877
aggregate-control-3-202--0.5-notebook-0.6-128,aggregate-control-3,202,-0.5,zero,2,65,last_prompt,random_j_5,hedging,1,0.10586030781269073
aggregate-target-101--0.5-notebook-0.6-128,aggregate-target,101,-0.5,zero,2,65,last_prompt,random_j_5,hedging,1,0.11021339297294616
aggregate-target-202--0.5-notebook-0.6-128,aggregate-target,202,-0.5,zero,2,65,last_prompt,random_j_5,hedging,1,0.11726641356945038
aggregate-control-1-101--0.5-notebook-0.6-128,aggregate-control-1,101,-0.5,zero,2,65,last_prompt,random_j_5,honesty,1,0.027928774058818818
aggregate-control-1-202--0.5-notebook-0.6-128,aggregate-control-1,202,-0.5,zero,2,65,last_prompt,random_j_5,honesty,1,0.03911972641944885
aggregate-control-2-101--0.5-notebook-0.6-128,aggregate-control-2,101,-0.5,zero,2,65,last_prompt,random_j_5,honesty,1,0.1466300070285797
aggregate-control-2-202--0.5-notebook-0.6-128,aggregate-control-2,202,-0.5,zero,2,65,last_prompt,random_j_5,honesty,1,0.15613067522644997
aggregate-control-3-101--0.5-notebook-0.6-128,aggregate-control-3,101,-0.5,zero,2,65,last_prompt,random_j_5,honesty,1,-0.0623453289270401
aggregate-control-3-202--0.5-notebook-0.6-128,aggregate-control-3,202,-0.5,zero,2,65,last_prompt,random_j_5,honesty,1,-0.052226321399211885
aggregate-target-101--0.5-notebook-0.6-128,aggregate-target,101,-0.5,zero,2,65,last_prompt,random_j_5,honesty,1,0.1150645673274994
aggregate-target-202--0.5-notebook-0.6-128,aggregate-target,202,-0.5,zero,2,65,last_prompt,random_j_5,honesty,1,0.11088547110557556
aggregate-control-1-101--0.5-notebook-0.6-128,aggregate-control-1,101,-0.5,zero,2,65,last_prompt,random_j_5,intervention,1,0.007041993240515391
aggregate-control-1-202--0.5-notebook-0.6-128,aggregate-control-1,202,-0.5,zero,2,65,last_prompt,random_j_5,intervention,1,0.00032552580038706463
aggregate-control-2-101--0.5-notebook-0.6-128,aggregate-control-2,101,-0.5,zero,2,65,last_prompt,random_j_5,intervention,1,-0.02547751035955217
aggregate-control-2-202--0.5-notebook-0.6-128,aggregate-control-2,202,-0.5,zero,2,65,last_prompt,random_j_5,intervention,1,-0.0006558613644705878
aggregate-control-3-101--0.5-notebook-0.6-128,aggregate-control-3,101,-0.5,zero,2,65,last_prompt,random_j_5,intervention,1,0.037775025599532656
aggregate-control-3-202--0.5-notebook-0.6-128,aggregate-control-3,202,-0.5,zero,2,65,last_prompt,random_j_5,intervention,1,0.059501411186324224
aggregate-target-101--0.5-notebook-0.6-128,aggregate-target,101,-0.5,zero,2,65,last_prompt,random_j_5,intervention,1,-0.024242784414026473
aggregate-target-202--0.5-notebook-0.6-128,aggregate-target,202,-0.5,zero,2,65,last_prompt,random_j_5,intervention,1,-0.02653526680337058
aggregate-control-1-101--0.5-notebook-0.6-128,aggregate-control-1,101,-0.5,zero,2,65,last_prompt,random_j_5,roleplay,1,0.059525377220577665
aggregate-control-1-202--0.5-notebook-0.6-128,aggregate-control-1,202,-0.5,zero,2,65,last_prompt,random_j_5,roleplay,1,0.052976522180769176
aggregate-control-2-101--0.5-notebook-0.6-128,aggregate-control-2,101,-0.5,zero,2,65,last_prompt,random_j_5,roleplay,1,0.0033927278386221994
aggregate-control-2-202--0.5-notebook-0.6-128,aggregate-control-2,202,-0.5,zero,2,65,last_prompt,random_j_5,roleplay,1,-0.02013437284363641
aggregate-control-3-101--0.5-notebook-0.6-128,aggregate-control-3,101,-0.5,zero,2,65,last_prompt,random_j_5,roleplay,1,0.037219804194238454
aggregate-control-3-202--0.5-notebook-0.6-128,aggregate-control-3,202,-0.5,zero,2,65,last_prompt,random_j_5,roleplay,1,0.03138471643129984
aggregate-target-101--0.5-notebook-0.6-128,aggregate-target,101,-0.5,zero,2,65,last_prompt,random_j_5,roleplay,1,-0.031838918725649513
aggregate-target-202--0.5-notebook-0.6-128,aggregate-target,202,-0.5,zero,2,65,last_prompt,random_j_5,roleplay,1,-0.019481341044108074
aggregate-control-1-101--0.5-notebook-0.6-128,aggregate-control-1,101,-0.5,zero,2,65,last_prompt,random_j_5,unrelated,1,-0.01468420922756195
aggregate-control-1-202--0.5-notebook-0.6-128,aggregate-control-1,202,-0.5,zero,2,65,last_prompt,random_j_5,unrelated,1,0.008434885740280151
aggregate-control-2-101--0.5-notebook-0.6-128,aggregate-control-2,101,-0.5,zero,2,65,last_prompt,random_j_5,unrelated,1,-0.002679815888404846
aggregate-control-2-202--0.5-notebook-0.6-128,aggregate-control-2,202,-0.5,zero,2,65,last_prompt,random_j_5,unrelated,1,0.00863233655691147
aggregate-control-3-101--0.5-notebook-0.6-128,aggregate-control-3,101,-0.5,zero,2,65,last_prompt,random_j_5,unrelated,1,0.015878817439079283
aggregate-control-3-202--0.5-notebook-0.6-128,aggregate-control-3,202,-0.5,zero,2,65,last_prompt,random_j_5,unrelated,1,0.024114901572465895
aggregate-target-101--0.5-notebook-0.6-128,aggregate-target,101,-0.5,zero,2,65,last_prompt,random_j_5,unrelated,1,-0.04279854893684387
aggregate-target-202--0.5-notebook-0.6-128,aggregate-target,202,-0.5,zero,2,65,last_prompt,random_j_5,unrelated,1,-0.027896848320961
aggregate-control-1-101--0.5-notebook-0.6-128,aggregate-control-1,101,-0.5,zero,2,78,last_prompt,identity,deception,1,0.012233489751815796
aggregate-control-1-202--0.5-notebook-0.6-128,aggregate-control-1,202,-0.5,zero,2,78,last_prompt,identity,deception,1,0.03144072145223618
aggregate-control-2-101--0.5-notebook-0.6-128,aggregate-control-2,101,-0.5,zero,2,78,last_prompt,identity,deception,1,-0.004996243119239807
aggregate-control-2-202--0.5-notebook-0.6-128,aggregate-control-2,202,-0.5,zero,2,78,last_prompt,identity,deception,1,0.011481169611215591
aggregate-control-3-101--0.5-notebook-0.6-128,aggregate-control-3,101,-0.5,zero,2,78,last_prompt,identity,deception,1,0.04325367659330368
aggregate-control-3-202--0.5-notebook-0.6-128,aggregate-control-3,202,-0.5,zero,2,78,last_prompt,identity,deception,1,0.05316658690571785
aggregate-target-101--0.5-notebook-0.6-128,aggregate-target,101,-0.5,zero,2,78,last_prompt,identity,deception,1,-0.3137350484728813
aggregate-target-202--0.5-notebook-0.6-128,aggregate-target,202,-0.5,zero,2,78,last_prompt,identity,deception,1,-0.3108601376414299
aggregate-control-1-101--0.5-notebook-0.6-128,aggregate-control-1,101,-0.5,zero,2,78,last_prompt,identity,experience,1,0.047526160875956215
aggregate-control-1-202--0.5-notebook-0.6-128,aggregate-control-1,202,-0.5,zero,2,78,last_prompt,identity,experience,1,0.07553822464413112
aggregate-control-2-101--0.5-notebook-0.6-128,aggregate-control-2,101,-0.5,zero,2,78,last_prompt,identity,experience,1,0.1489157478014628
aggregate-control-2-202--0.5-notebook-0.6-128,aggregate-control-2,202,-0.5,zero,2,78,last_prompt,identity,experience,1,0.1517025563451979
aggregate-control-3-101--0.5-notebook-0.6-128,aggregate-control-3,101,-0.5,zero,2,78,last_prompt,identity,experience,1,0.03560345040427314
aggregate-control-3-202--0.5-notebook-0.6-128,aggregate-control-3,202,-0.5,zero,2,78,last_prompt,identity,experience,1,0.021107501453823514
aggregate-target-101--0.5-notebook-0.6-128,aggregate-target,101,-0.5,zero,2,78,last_prompt,identity,experience,1,-0.03943181037902832
aggregate-target-202--0.5-notebook-0.6-128,aggregate-target,202,-0.5,zero,2,78,last_prompt,identity,experience,1,-0.0017056100898318821
aggregate-control-1-101--0.5-notebook-0.6-128,aggregate-control-1,101,-0.5,zero,2,78,last_prompt,identity,hedging,1,-0.03674659579992294
aggregate-control-1-202--0.5-notebook-0.6-128,aggregate-control-1,202,-0.5,zero,2,78,last_prompt,identity,hedging,1,0.0025299154222011566
aggregate-control-2-101--0.5-notebook-0.6-128,aggregate-control-2,101,-0.5,zero,2,78,last_prompt,identity,hedging,1,0.022339014708995818
aggregate-control-2-202--0.5-notebook-0.6-128,aggregate-control-2,202,-0.5,zero,2,78,last_prompt,identity,hedging,1,0.03002724125981331
aggregate-control-3-101--0.5-notebook-0.6-128,aggregate-control-3,101,-0.5,zero,2,78,last_prompt,identity,hedging,1,0.02628576010465622
aggregate-control-3-202--0.5-notebook-0.6-128,aggregate-control-3,202,-0.5,zero,2,78,last_prompt,identity,hedging,1,0.04227425754070282
aggregate-target-101--0.5-notebook-0.6-128,aggregate-target,101,-0.5,zero,2,78,last_prompt,identity,hedging,1,-0.03770113475620747
aggregate-target-202--0.5-notebook-0.6-128,aggregate-target,202,-0.5,zero,2,78,last_prompt,identity,hedging,1,-0.03650520220398903
aggregate-control-1-101--0.5-notebook-0.6-128,aggregate-control-1,101,-0.5,zero,2,78,last_prompt,identity,honesty,1,0.03200736939907074
aggregate-control-1-202--0.5-notebook-0.6-128,aggregate-control-1,202,-0.5,zero,2,78,last_prompt,identity,honesty,1,0.08311443924903869
aggregate-control-2-101--0.5-notebook-0.6-128,aggregate-control-2,101,-0.5,zero,2,78,last_prompt,identity,honesty,1,-0.029618892073631286
aggregate-control-2-202--0.5-notebook-0.6-128,aggregate-control-2,202,-0.5,zero,2,78,last_prompt,identity,honesty,1,0.004805520176887512
aggregate-control-3-101--0.5-notebook-0.6-128,aggregate-control-3,101,-0.5,zero,2,78,last_prompt,identity,honesty,1,0.06838388442993164
aggregate-control-3-202--0.5-notebook-0.6-128,aggregate-control-3,202,-0.5,zero,2,78,last_prompt,identity,honesty,1,0.0761095106601715
aggregate-target-101--0.5-notebook-0.6-128,aggregate-target,101,-0.5,zero,2,78,last_prompt,identity,honesty,1,-0.09733939319849014
aggregate-target-202--0.5-notebook-0.6-128,aggregate-target,202,-0.5,zero,2,78,last_prompt,identity,honesty,1,-0.06914742588996887
aggregate-control-1-101--0.5-notebook-0.6-128,aggregate-control-1,101,-0.5,zero,2,78,last_prompt,identity,intervention,1,0.01616163717375861
aggregate-control-1-202--0.5-notebook-0.6-128,aggregate-control-1,202,-0.5,zero,2,78,last_prompt,identity,intervention,1,0.005922192500697242
aggregate-control-2-101--0.5-notebook-0.6-128,aggregate-control-2,101,-0.5,zero,2,78,last_prompt,identity,intervention,1,0.06351718637678358
aggregate-control-2-202--0.5-notebook-0.6-128,aggregate-control-2,202,-0.5,zero,2,78,last_prompt,identity,intervention,1,0.07030943118863636
aggregate-control-3-101--0.5-notebook-0.6-128,aggregate-control-3,101,-0.5,zero,2,78,last_prompt,identity,intervention,1,0.0550762050681644
aggregate-control-3-202--0.5-notebook-0.6-128,aggregate-control-3,202,-0.5,zero,2,78,last_prompt,identity,intervention,1,0.04453586869769626
aggregate-target-101--0.5-notebook-0.6-128,aggregate-target,101,-0.5,zero,2,78,last_prompt,identity,intervention,1,-0.024152802096472845
aggregate-target-202--0.5-notebook-0.6-128,aggregate-target,202,-0.5,zero,2,78,last_prompt,identity,intervention,1,-0.04612123128026724
aggregate-control-1-101--0.5-notebook-0.6-128,aggregate-control-1,101,-0.5,zero,2,78,last_prompt,identity,roleplay,1,-0.02168424924214681
aggregate-control-1-202--0.5-notebook-0.6-128,aggregate-control-1,202,-0.5,zero,2,78,last_prompt,identity,roleplay,1,-0.0030551933579974705
aggregate-control-2-101--0.5-notebook-0.6-128,aggregate-control-2,101,-0.5,zero,2,78,last_prompt,identity,roleplay,1,-0.0009545054700639513
aggregate-control-2-202--0.5-notebook-0.6-128,aggregate-control-2,202,-0.5,zero,2,78,last_prompt,identity,roleplay,1,0.006669425302081638
aggregate-control-3-101--0.5-notebook-0.6-128,aggregate-control-3,101,-0.5,zero,2,78,last_prompt,identity,roleplay,1,-0.02440360685189565
aggregate-control-3-202--0.5-notebook-0.6-128,aggregate-control-3,202,-0.5,zero,2,78,last_prompt,identity,roleplay,1,-0.006258096132013533
aggregate-target-101--0.5-notebook-0.6-128,aggregate-target,101,-0.5,zero,2,78,last_prompt,identity,roleplay,1,-0.20401388903458914
aggregate-target-202--0.5-notebook-0.6-128,aggregate-target,202,-0.5,zero,2,78,last_prompt,identity,roleplay,1,-0.20837966601053873
aggregate-control-1-101--0.5-notebook-0.6-128,aggregate-control-1,101,-0.5,zero,2,78,last_prompt,identity,unrelated,1,0.029473578184843065
aggregate-control-1-202--0.5-notebook-0.6-128,aggregate-control-1,202,-0.5,zero,2,78,last_prompt,identity,unrelated,1,0.04462034553289414
aggregate-control-2-101--0.5-notebook-0.6-128,aggregate-control-2,101,-0.5,zero,2,78,last_prompt,identity,unrelated,1,-0.01648401692509651
aggregate-control-2-202--0.5-notebook-0.6-128,aggregate-control-2,202,-0.5,zero,2,78,last_prompt,identity,unrelated,1,-0.005786962062120438
aggregate-control-3-101--0.5-notebook-0.6-128,aggregate-control-3,101,-0.5,zero,2,78,last_prompt,identity,unrelated,1,-0.003560645878314972
aggregate-control-3-202--0.5-notebook-0.6-128,aggregate-control-3,202,-0.5,zero,2,78,last_prompt,identity,unrelated,1,-0.00811074897646904
aggregate-target-101--0.5-notebook-0.6-128,aggregate-target,101,-0.5,zero,2,78,last_prompt,identity,unrelated,1,0.032604966312646866
aggregate-target-202--0.5-notebook-0.6-128,aggregate-target,202,-0.5,zero,2,78,last_prompt,identity,unrelated,1,0.005502899736166
aggregate-control-1-101--0.5-notebook-0.6-128,aggregate-control-1,101,-0.5,zero,2,78,last_prompt,jacobian,deception,1,0.0628022313117981
aggregate-control-1-202--0.5-notebook-0.6-128,aggregate-control-1,202,-0.5,zero,2,78,last_prompt,jacobian,deception,1,0.07887699007987976
aggregate-control-2-101--0.5-notebook-0.6-128,aggregate-control-2,101,-0.5,zero,2,78,last_prompt,jacobian,deception,1,-0.07910478711128235
aggregate-control-2-202--0.5-notebook-0.6-128,aggregate-control-2,202,-0.5,zero,2,78,last_prompt,jacobian,deception,1,-0.04915285110473633
aggregate-control-3-101--0.5-notebook-0.6-128,aggregate-control-3,101,-0.5,zero,2,78,last_prompt,jacobian,deception,1,0.03038913905620575
aggregate-control-3-202--0.5-notebook-0.6-128,aggregate-control-3,202,-0.5,zero,2,78,last_prompt,jacobian,deception,1,0.04771429896354675
aggregate-target-101--0.5-notebook-0.6-128,aggregate-target,101,-0.5,zero,2,78,last_prompt,jacobian,deception,1,-0.4816190481185913
aggregate-target-202--0.5-notebook-0.6-128,aggregate-target,202,-0.5,zero,2,78,last_prompt,jacobian,deception,1,-0.4748110517859459
aggregate-control-1-101--0.5-notebook-0.6-128,aggregate-control-1,101,-0.5,zero,2,78,last_prompt,jacobian,experience,1,0.0951941278245714
aggregate-control-1-202--0.5-notebook-0.6-128,aggregate-control-1,202,-0.5,zero,2,78,last_prompt,jacobian,experience,1,0.10905280378129747
aggregate-control-2-101--0.5-notebook-0.6-128,aggregate-control-2,101,-0.5,zero,2,78,last_prompt,jacobian,experience,1,0.09720873832702637
aggregate-control-2-202--0.5-notebook-0.6-128,aggregate-control-2,202,-0.5,zero,2,78,last_prompt,jacobian,experience,1,0.0969558556874593
aggregate-control-3-101--0.5-notebook-0.6-128,aggregate-control-3,101,-0.5,zero,2,78,last_prompt,jacobian,experience,1,-0.019550495677524142
aggregate-control-3-202--0.5-notebook-0.6-128,aggregate-control-3,202,-0.5,zero,2,78,last_prompt,jacobian,experience,1,-0.020001318719651964
aggregate-target-101--0.5-notebook-0.6-128,aggregate-target,101,-0.5,zero,2,78,last_prompt,jacobian,experience,1,-0.08735707071092394
aggregate-target-202--0.5-notebook-0.6-128,aggregate-target,202,-0.5,zero,2,78,last_prompt,jacobian,experience,1,-0.05573283301459418
aggregate-control-1-101--0.5-notebook-0.6-128,aggregate-control-1,101,-0.5,zero,2,78,last_prompt,jacobian,hedging,1,0.037881112098693846
aggregate-control-1-202--0.5-notebook-0.6-128,aggregate-control-1,202,-0.5,zero,2,78,last_prompt,jacobian,hedging,1,0.0636152446269989
aggregate-control-2-101--0.5-notebook-0.6-128,aggregate-control-2,101,-0.5,zero,2,78,last_prompt,jacobian,hedging,1,-0.051676779985427856
aggregate-control-2-202--0.5-notebook-0.6-128,aggregate-control-2,202,-0.5,zero,2,78,last_prompt,jacobian,hedging,1,-0.017496025562286376
aggregate-control-3-101--0.5-notebook-0.6-128,aggregate-control-3,101,-0.5,zero,2,78,last_prompt,jacobian,hedging,1,0.024767577648162842
aggregate-control-3-202--0.5-notebook-0.6-128,aggregate-control-3,202,-0.5,zero,2,78,last_prompt,jacobian,hedging,1,0.03798272162675857
aggregate-target-101--0.5-notebook-0.6-128,aggregate-target,101,-0.5,zero,2,78,last_prompt,jacobian,hedging,1,-0.041544771194458006
aggregate-target-202--0.5-notebook-0.6-128,aggregate-target,202,-0.5,zero,2,78,last_prompt,jacobian,hedging,1,-0.03565074205398559
aggregate-control-1-101--0.5-notebook-0.6-128,aggregate-control-1,101,-0.5,zero,2,78,last_prompt,jacobian,honesty,1,0.13550613820552826
aggregate-control-1-202--0.5-notebook-0.6-128,aggregate-control-1,202,-0.5,zero,2,78,last_prompt,jacobian,honesty,1,0.163552488386631
aggregate-control-2-101--0.5-notebook-0.6-128,aggregate-control-2,101,-0.5,zero,2,78,last_prompt,jacobian,honesty,1,-0.10792584419250488
aggregate-control-2-202--0.5-notebook-0.6-128,aggregate-control-2,202,-0.5,zero,2,78,last_prompt,jacobian,honesty,1,-0.056114592403173444
aggregate-control-3-101--0.5-notebook-0.6-128,aggregate-control-3,101,-0.5,zero,2,78,last_prompt,jacobian,honesty,1,0.062114566564559937
aggregate-control-3-202--0.5-notebook-0.6-128,aggregate-control-3,202,-0.5,zero,2,78,last_prompt,jacobian,honesty,1,0.07502866089344025
aggregate-target-101--0.5-notebook-0.6-128,aggregate-target,101,-0.5,zero,2,78,last_prompt,jacobian,honesty,1,-0.14596825391054152
aggregate-target-202--0.5-notebook-0.6-128,aggregate-target,202,-0.5,zero,2,78,last_prompt,jacobian,honesty,1,-0.12369080930948258
aggregate-control-1-101--0.5-notebook-0.6-128,aggregate-control-1,101,-0.5,zero,2,78,last_prompt,jacobian,intervention,1,0.058710320128334895
aggregate-control-1-202--0.5-notebook-0.6-128,aggregate-control-1,202,-0.5,zero,2,78,last_prompt,jacobian,intervention,1,0.036078497767448425
aggregate-control-2-101--0.5-notebook-0.6-128,aggregate-control-2,101,-0.5,zero,2,78,last_prompt,jacobian,intervention,1,-0.04061927729182773
aggregate-control-2-202--0.5-notebook-0.6-128,aggregate-control-2,202,-0.5,zero,2,78,last_prompt,jacobian,intervention,1,-0.028560325503349304
aggregate-control-3-101--0.5-notebook-0.6-128,aggregate-control-3,101,-0.5,zero,2,78,last_prompt,jacobian,intervention,1,0.02462775508562724
aggregate-control-3-202--0.5-notebook-0.6-128,aggregate-control-3,202,-0.5,zero,2,78,last_prompt,jacobian,intervention,1,0.01808244486649831
aggregate-target-101--0.5-notebook-0.6-128,aggregate-target,101,-0.5,zero,2,78,last_prompt,jacobian,intervention,1,-0.006794555319680108
aggregate-target-202--0.5-notebook-0.6-128,aggregate-target,202,-0.5,zero,2,78,last_prompt,jacobian,intervention,1,-0.05398328767882453
aggregate-control-1-101--0.5-notebook-0.6-128,aggregate-control-1,101,-0.5,zero,2,78,last_prompt,jacobian,roleplay,1,0.033262411753336586
aggregate-control-1-202--0.5-notebook-0.6-128,aggregate-control-1,202,-0.5,zero,2,78,last_prompt,jacobian,roleplay,1,0.03256903092066447
aggregate-control-2-101--0.5-notebook-0.6-128,aggregate-control-2,101,-0.5,zero,2,78,last_prompt,jacobian,roleplay,1,-0.07459224926100837
aggregate-control-2-202--0.5-notebook-0.6-128,aggregate-control-2,202,-0.5,zero,2,78,last_prompt,jacobian,roleplay,1,-0.062408751911587186
aggregate-control-3-101--0.5-notebook-0.6-128,aggregate-control-3,101,-0.5,zero,2,78,last_prompt,jacobian,roleplay,1,0.0019076002968682183
aggregate-control-3-202--0.5-notebook-0.6-128,aggregate-control-3,202,-0.5,zero,2,78,last_prompt,jacobian,roleplay,1,0.01382695304022895
aggregate-target-101--0.5-notebook-0.6-128,aggregate-target,101,-0.5,zero,2,78,last_prompt,jacobian,roleplay,1,-0.26575391160117257
aggregate-target-202--0.5-notebook-0.6-128,aggregate-target,202,-0.5,zero,2,78,last_prompt,jacobian,roleplay,1,-0.283871140744951
aggregate-control-1-101--0.5-notebook-0.6-128,aggregate-control-1,101,-0.5,zero,2,78,last_prompt,jacobian,unrelated,1,0.02731897830963135
aggregate-control-1-202--0.5-notebook-0.6-128,aggregate-control-1,202,-0.5,zero,2,78,last_prompt,jacobian,unrelated,1,0.029207730293273927
aggregate-control-2-101--0.5-notebook-0.6-128,aggregate-control-2,101,-0.5,zero,2,78,last_prompt,jacobian,unrelated,1,-0.05545918941497803
aggregate-control-2-202--0.5-notebook-0.6-128,aggregate-control-2,202,-0.5,zero,2,78,last_prompt,jacobian,unrelated,1,-0.028995704650878907
aggregate-control-3-101--0.5-notebook-0.6-128,aggregate-control-3,101,-0.5,zero,2,78,last_prompt,jacobian,unrelated,1,-0.014450228214263916
aggregate-control-3-202--0.5-notebook-0.6-128,aggregate-control-3,202,-0.5,zero,2,78,last_prompt,jacobian,unrelated,1,-0.023699688911437988
aggregate-target-101--0.5-notebook-0.6-128,aggregate-target,101,-0.5,zero,2,78,last_prompt,jacobian,unrelated,1,0.06496564149856568
aggregate-target-202--0.5-notebook-0.6-128,aggregate-target,202,-0.5,zero,2,78,last_prompt,jacobian,unrelated,1,0.02297496795654297
aggregate-control-1-101--0.5-notebook-0.6-128,aggregate-control-1,101,-0.5,zero,2,78,last_prompt,random_j_1,deception,1,-0.052710610628128055
aggregate-control-1-202--0.5-notebook-0.6-128,aggregate-control-1,202,-0.5,zero,2,78,last_prompt,random_j_1,deception,1,0.0006237208843231201
aggregate-control-2-101--0.5-notebook-0.6-128,aggregate-control-2,101,-0.5,zero,2,78,last_prompt,random_j_1,deception,1,-0.0268725723028183
aggregate-control-2-202--0.5-notebook-0.6-128,aggregate-control-2,202,-0.5,zero,2,78,last_prompt,random_j_1,deception,1,-0.00938180685043335
aggregate-control-3-101--0.5-notebook-0.6-128,aggregate-control-3,101,-0.5,zero,2,78,last_prompt,random_j_1,deception,1,-0.06693685352802277
aggregate-control-3-202--0.5-notebook-0.6-128,aggregate-control-3,202,-0.5,zero,2,78,last_prompt,random_j_1,deception,1,-0.06259615421295166
aggregate-target-101--0.5-notebook-0.6-128,aggregate-target,101,-0.5,zero,2,78,last_prompt,random_j_1,deception,1,-0.005778321623802185
aggregate-target-202--0.5-notebook-0.6-128,aggregate-target,202,-0.5,zero,2,78,last_prompt,random_j_1,deception,1,0.010072147846221924
aggregate-control-1-101--0.5-notebook-0.6-128,aggregate-control-1,101,-0.5,zero,2,78,last_prompt,random_j_1,experience,1,-0.010292397605048286
aggregate-control-1-202--0.5-notebook-0.6-128,aggregate-control-1,202,-0.5,zero,2,78,last_prompt,random_j_1,experience,1,-0.02842059400346544
aggregate-control-2-101--0.5-notebook-0.6-128,aggregate-control-2,101,-0.5,zero,2,78,last_prompt,random_j_1,experience,1,7.631546921200222e-05
aggregate-control-2-202--0.5-notebook-0.6-128,aggregate-control-2,202,-0.5,zero,2,78,last_prompt,random_j_1,experience,1,0.0095278885629442
aggregate-control-3-101--0.5-notebook-0.6-128,aggregate-control-3,101,-0.5,zero,2,78,last_prompt,random_j_1,experience,1,-0.0015917114085621303
aggregate-control-3-202--0.5-notebook-0.6-128,aggregate-control-3,202,-0.5,zero,2,78,last_prompt,random_j_1,experience,1,-0.004575275712543064
aggregate-target-101--0.5-notebook-0.6-128,aggregate-target,101,-0.5,zero,2,78,last_prompt,random_j_1,experience,1,0.019677179555098217
aggregate-target-202--0.5-notebook-0.6-128,aggregate-target,202,-0.5,zero,2,78,last_prompt,random_j_1,experience,1,0.042359630266825356
aggregate-control-1-101--0.5-notebook-0.6-128,aggregate-control-1,101,-0.5,zero,2,78,last_prompt,random_j_1,hedging,1,-0.02046864926815033
aggregate-control-1-202--0.5-notebook-0.6-128,aggregate-control-1,202,-0.5,zero,2,78,last_prompt,random_j_1,hedging,1,-0.02329932376742363
aggregate-control-2-101--0.5-notebook-0.6-128,aggregate-control-2,101,-0.5,zero,2,78,last_prompt,random_j_1,hedging,1,0.047359155118465425
aggregate-control-2-202--0.5-notebook-0.6-128,aggregate-control-2,202,-0.5,zero,2,78,last_prompt,random_j_1,hedging,1,0.0386498436331749
aggregate-control-3-101--0.5-notebook-0.6-128,aggregate-control-3,101,-0.5,zero,2,78,last_prompt,random_j_1,hedging,1,0.023133791983127594
aggregate-control-3-202--0.5-notebook-0.6-128,aggregate-control-3,202,-0.5,zero,2,78,last_prompt,random_j_1,hedging,1,0.029834298044443132
aggregate-target-101--0.5-notebook-0.6-128,aggregate-target,101,-0.5,zero,2,78,last_prompt,random_j_1,hedging,1,0.04986314252018929
aggregate-target-202--0.5-notebook-0.6-128,aggregate-target,202,-0.5,zero,2,78,last_prompt,random_j_1,hedging,1,0.05167056694626808
aggregate-control-1-101--0.5-notebook-0.6-128,aggregate-control-1,101,-0.5,zero,2,78,last_prompt,random_j_1,honesty,1,0.026312991976737976
aggregate-control-1-202--0.5-notebook-0.6-128,aggregate-control-1,202,-0.5,zero,2,78,last_prompt,random_j_1,honesty,1,0.016858181357383727
aggregate-control-2-101--0.5-notebook-0.6-128,aggregate-control-2,101,-0.5,zero,2,78,last_prompt,random_j_1,honesty,1,-0.031022828817367554
aggregate-control-2-202--0.5-notebook-0.6-128,aggregate-control-2,202,-0.5,zero,2,78,last_prompt,random_j_1,honesty,1,-0.002168983221054077
aggregate-control-3-101--0.5-notebook-0.6-128,aggregate-control-3,101,-0.5,zero,2,78,last_prompt,random_j_1,honesty,1,-0.07351216077804565
aggregate-control-3-202--0.5-notebook-0.6-128,aggregate-control-3,202,-0.5,zero,2,78,last_prompt,random_j_1,honesty,1,-0.05604596138000488
aggregate-target-101--0.5-notebook-0.6-128,aggregate-target,101,-0.5,zero,2,78,last_prompt,random_j_1,honesty,1,-0.01637859344482422
aggregate-target-202--0.5-notebook-0.6-128,aggregate-target,202,-0.5,zero,2,78,last_prompt,random_j_1,honesty,1,-0.022867164015769957
aggregate-control-1-101--0.5-notebook-0.6-128,aggregate-control-1,101,-0.5,zero,2,78,last_prompt,random_j_1,intervention,1,-0.11959064503510793
aggregate-control-1-202--0.5-notebook-0.6-128,aggregate-control-1,202,-0.5,zero,2,78,last_prompt,random_j_1,intervention,1,-0.13607656955718994
aggregate-control-2-101--0.5-notebook-0.6-128,aggregate-control-2,101,-0.5,zero,2,78,last_prompt,random_j_1,intervention,1,-0.0612411896387736
aggregate-control-2-202--0.5-notebook-0.6-128,aggregate-control-2,202,-0.5,zero,2,78,last_prompt,random_j_1,intervention,1,-0.049296718504693776
aggregate-control-3-101--0.5-notebook-0.6-128,aggregate-control-3,101,-0.5,zero,2,78,last_prompt,random_j_1,intervention,1,0.02380035652054681
aggregate-control-3-202--0.5-notebook-0.6-128,aggregate-control-3,202,-0.5,zero,2,78,last_prompt,random_j_1,intervention,1,0.017761323187086318
aggregate-target-101--0.5-notebook-0.6-128,aggregate-target,101,-0.5,zero,2,78,last_prompt,random_j_1,intervention,1,0.02412803802225325
aggregate-target-202--0.5-notebook-0.6-128,aggregate-target,202,-0.5,zero,2,78,last_prompt,random_j_1,intervention,1,0.058589018053478666
aggregate-control-1-101--0.5-notebook-0.6-128,aggregate-control-1,101,-0.5,zero,2,78,last_prompt,random_j_1,roleplay,1,-0.06451448880963856
aggregate-control-1-202--0.5-notebook-0.6-128,aggregate-control-1,202,-0.5,zero,2,78,last_prompt,random_j_1,roleplay,1,-0.028100659449895222
aggregate-control-2-101--0.5-notebook-0.6-128,aggregate-control-2,101,-0.5,zero,2,78,last_prompt,random_j_1,roleplay,1,0.04218715263737573
aggregate-control-2-202--0.5-notebook-0.6-128,aggregate-control-2,202,-0.5,zero,2,78,last_prompt,random_j_1,roleplay,1,0.0641455286078983
aggregate-control-3-101--0.5-notebook-0.6-128,aggregate-control-3,101,-0.5,zero,2,78,last_prompt,random_j_1,roleplay,1,-0.017148794399367437
aggregate-control-3-202--0.5-notebook-0.6-128,aggregate-control-3,202,-0.5,zero,2,78,last_prompt,random_j_1,roleplay,1,0.0004156629244486491
aggregate-target-101--0.5-notebook-0.6-128,aggregate-target,101,-0.5,zero,2,78,last_prompt,random_j_1,roleplay,1,-0.00431647068924374
aggregate-target-202--0.5-notebook-0.6-128,aggregate-target,202,-0.5,zero,2,78,last_prompt,random_j_1,roleplay,1,0.0022307303216722277
aggregate-control-1-101--0.5-notebook-0.6-128,aggregate-control-1,101,-0.5,zero,2,78,last_prompt,random_j_1,unrelated,1,0.07370739728212357
aggregate-control-1-202--0.5-notebook-0.6-128,aggregate-control-1,202,-0.5,zero,2,78,last_prompt,random_j_1,unrelated,1,0.08701494187116623
aggregate-control-2-101--0.5-notebook-0.6-128,aggregate-control-2,101,-0.5,zero,2,78,last_prompt,random_j_1,unrelated,1,0.00885930061340332
aggregate-control-2-202--0.5-notebook-0.6-128,aggregate-control-2,202,-0.5,zero,2,78,last_prompt,random_j_1,unrelated,1,0.007726214826107025
aggregate-control-3-101--0.5-notebook-0.6-128,aggregate-control-3,101,-0.5,zero,2,78,last_prompt,random_j_1,unrelated,1,-0.011122357845306397
aggregate-control-3-202--0.5-notebook-0.6-128,aggregate-control-3,202,-0.5,zero,2,78,last_prompt,random_j_1,unrelated,1,-0.02858934849500656
aggregate-target-101--0.5-notebook-0.6-128,aggregate-target,101,-0.5,zero,2,78,last_prompt,random_j_1,unrelated,1,-0.044600701332092284
aggregate-target-202--0.5-notebook-0.6-128,aggregate-target,202,-0.5,zero,2,78,last_prompt,random_j_1,unrelated,1,-0.03377130627632141
aggregate-control-1-101--0.5-notebook-0.6-128,aggregate-control-1,101,-0.5,zero,2,78,last_prompt,random_j_2,deception,1,-0.07449419796466827
aggregate-control-1-202--0.5-notebook-0.6-128,aggregate-control-1,202,-0.5,zero,2,78,last_prompt,random_j_2,deception,1,-0.0878426618874073
aggregate-control-2-101--0.5-notebook-0.6-128,aggregate-control-2,101,-0.5,zero,2,78,last_prompt,random_j_2,deception,1,-0.06814751178026199
aggregate-control-2-202--0.5-notebook-0.6-128,aggregate-control-2,202,-0.5,zero,2,78,last_prompt,random_j_2,deception,1,-0.07436210587620735
aggregate-control-3-101--0.5-notebook-0.6-128,aggregate-control-3,101,-0.5,zero,2,78,last_prompt,random_j_2,deception,1,0.009859290719032288
aggregate-control-3-202--0.5-notebook-0.6-128,aggregate-control-3,202,-0.5,zero,2,78,last_prompt,random_j_2,deception,1,0.010772284120321274
aggregate-target-101--0.5-notebook-0.6-128,aggregate-target,101,-0.5,zero,2,78,last_prompt,random_j_2,deception,1,0.06855894774198532
aggregate-target-202--0.5-notebook-0.6-128,aggregate-target,202,-0.5,zero,2,78,last_prompt,random_j_2,deception,1,0.07354089394211769
aggregate-control-1-101--0.5-notebook-0.6-128,aggregate-control-1,101,-0.5,zero,2,78,last_prompt,random_j_2,experience,1,-0.013311843077341715
aggregate-control-1-202--0.5-notebook-0.6-128,aggregate-control-1,202,-0.5,zero,2,78,last_prompt,random_j_2,experience,1,-0.012171839674313864
aggregate-control-2-101--0.5-notebook-0.6-128,aggregate-control-2,101,-0.5,zero,2,78,last_prompt,random_j_2,experience,1,-0.007211509678098891
aggregate-control-2-202--0.5-notebook-0.6-128,aggregate-control-2,202,-0.5,zero,2,78,last_prompt,random_j_2,experience,1,-0.010889263616667854
aggregate-control-3-101--0.5-notebook-0.6-128,aggregate-control-3,101,-0.5,zero,2,78,last_prompt,random_j_2,experience,1,-0.08781091041035122
aggregate-control-3-202--0.5-notebook-0.6-128,aggregate-control-3,202,-0.5,zero,2,78,last_prompt,random_j_2,experience,1,-0.08254992796315087
aggregate-target-101--0.5-notebook-0.6-128,aggregate-target,101,-0.5,zero,2,78,last_prompt,random_j_2,experience,1,0.009832729895909628
aggregate-target-202--0.5-notebook-0.6-128,aggregate-target,202,-0.5,zero,2,78,last_prompt,random_j_2,experience,1,0.024118502934773762
aggregate-control-1-101--0.5-notebook-0.6-128,aggregate-control-1,101,-0.5,zero,2,78,last_prompt,random_j_2,hedging,1,-0.03874883651733398
aggregate-control-1-202--0.5-notebook-0.6-128,aggregate-control-1,202,-0.5,zero,2,78,last_prompt,random_j_2,hedging,1,-0.02784917950630188
aggregate-control-2-101--0.5-notebook-0.6-128,aggregate-control-2,101,-0.5,zero,2,78,last_prompt,random_j_2,hedging,1,-0.06156198233366013
aggregate-control-2-202--0.5-notebook-0.6-128,aggregate-control-2,202,-0.5,zero,2,78,last_prompt,random_j_2,hedging,1,-0.07475854158401489
aggregate-control-3-101--0.5-notebook-0.6-128,aggregate-control-3,101,-0.5,zero,2,78,last_prompt,random_j_2,hedging,1,0.05931898057460785
aggregate-control-3-202--0.5-notebook-0.6-128,aggregate-control-3,202,-0.5,zero,2,78,last_prompt,random_j_2,hedging,1,0.04669685959815979
aggregate-target-101--0.5-notebook-0.6-128,aggregate-target,101,-0.5,zero,2,78,last_prompt,random_j_2,hedging,1,-0.006646394729614258
aggregate-target-202--0.5-notebook-0.6-128,aggregate-target,202,-0.5,zero,2,78,last_prompt,random_j_2,hedging,1,-0.032169848680496216
aggregate-control-1-101--0.5-notebook-0.6-128,aggregate-control-1,101,-0.5,zero,2,78,last_prompt,random_j_2,honesty,1,-0.05648953318595886
aggregate-control-1-202--0.5-notebook-0.6-128,aggregate-control-1,202,-0.5,zero,2,78,last_prompt,random_j_2,honesty,1,-0.051613053679466246
aggregate-control-2-101--0.5-notebook-0.6-128,aggregate-control-2,101,-0.5,zero,2,78,last_prompt,random_j_2,honesty,1,0.029998588562011718
aggregate-control-2-202--0.5-notebook-0.6-128,aggregate-control-2,202,-0.5,zero,2,78,last_prompt,random_j_2,honesty,1,0.04816443026065827
aggregate-control-3-101--0.5-notebook-0.6-128,aggregate-control-3,101,-0.5,zero,2,78,last_prompt,random_j_2,honesty,1,0.0029113620519638063
aggregate-control-3-202--0.5-notebook-0.6-128,aggregate-control-3,202,-0.5,zero,2,78,last_prompt,random_j_2,honesty,1,-0.0075371995568275455
aggregate-target-101--0.5-notebook-0.6-128,aggregate-target,101,-0.5,zero,2,78,last_prompt,random_j_2,honesty,1,0.027790743112564086
aggregate-target-202--0.5-notebook-0.6-128,aggregate-target,202,-0.5,zero,2,78,last_prompt,random_j_2,honesty,1,0.027210356295108797
aggregate-control-1-101--0.5-notebook-0.6-128,aggregate-control-1,101,-0.5,zero,2,78,last_prompt,random_j_2,intervention,1,-0.07234861287805769
aggregate-control-1-202--0.5-notebook-0.6-128,aggregate-control-1,202,-0.5,zero,2,78,last_prompt,random_j_2,intervention,1,-0.07728326817353566
aggregate-control-2-101--0.5-notebook-0.6-128,aggregate-control-2,101,-0.5,zero,2,78,last_prompt,random_j_2,intervention,1,-0.09833191417985493
aggregate-control-2-202--0.5-notebook-0.6-128,aggregate-control-2,202,-0.5,zero,2,78,last_prompt,random_j_2,intervention,1,-0.10851128399372101
aggregate-control-3-101--0.5-notebook-0.6-128,aggregate-control-3,101,-0.5,zero,2,78,last_prompt,random_j_2,intervention,1,-0.013948230279816521
aggregate-control-3-202--0.5-notebook-0.6-128,aggregate-control-3,202,-0.5,zero,2,78,last_prompt,random_j_2,intervention,1,-0.022748505075772602
aggregate-target-101--0.5-notebook-0.6-128,aggregate-target,101,-0.5,zero,2,78,last_prompt,random_j_2,intervention,1,-0.05966253247525957
aggregate-target-202--0.5-notebook-0.6-128,aggregate-target,202,-0.5,zero,2,78,last_prompt,random_j_2,intervention,1,-0.06788167150484191
aggregate-control-1-101--0.5-notebook-0.6-128,aggregate-control-1,101,-0.5,zero,2,78,last_prompt,random_j_2,roleplay,1,-0.038226271669069924
aggregate-control-1-202--0.5-notebook-0.6-128,aggregate-control-1,202,-0.5,zero,2,78,last_prompt,random_j_2,roleplay,1,-0.04136891497506036
aggregate-control-2-101--0.5-notebook-0.6-128,aggregate-control-2,101,-0.5,zero,2,78,last_prompt,random_j_2,roleplay,1,-0.05102985269493527
aggregate-control-2-202--0.5-notebook-0.6-128,aggregate-control-2,202,-0.5,zero,2,78,last_prompt,random_j_2,roleplay,1,-0.06332519981596205
aggregate-control-3-101--0.5-notebook-0.6-128,aggregate-control-3,101,-0.5,zero,2,78,last_prompt,random_j_2,roleplay,1,-0.015073883864614699
aggregate-control-3-202--0.5-notebook-0.6-128,aggregate-control-3,202,-0.5,zero,2,78,last_prompt,random_j_2,roleplay,1,0.02931920521789127
aggregate-target-101--0.5-notebook-0.6-128,aggregate-target,101,-0.5,zero,2,78,last_prompt,random_j_2,roleplay,1,-0.04485304322507647
aggregate-target-202--0.5-notebook-0.6-128,aggregate-target,202,-0.5,zero,2,78,last_prompt,random_j_2,roleplay,1,-0.021117733584509954
aggregate-control-1-101--0.5-notebook-0.6-128,aggregate-control-1,101,-0.5,zero,2,78,last_prompt,random_j_2,unrelated,1,0.0015548795461654663
aggregate-control-1-202--0.5-notebook-0.6-128,aggregate-control-1,202,-0.5,zero,2,78,last_prompt,random_j_2,unrelated,1,-0.01731981635093689
aggregate-control-2-101--0.5-notebook-0.6-128,aggregate-control-2,101,-0.5,zero,2,78,last_prompt,random_j_2,unrelated,1,0.013461586833000184
aggregate-control-2-202--0.5-notebook-0.6-128,aggregate-control-2,202,-0.5,zero,2,78,last_prompt,random_j_2,unrelated,1,-0.010374310612678527
aggregate-control-3-101--0.5-notebook-0.6-128,aggregate-control-3,101,-0.5,zero,2,78,last_prompt,random_j_2,unrelated,1,-0.005629688501358032
aggregate-control-3-202--0.5-notebook-0.6-128,aggregate-control-3,202,-0.5,zero,2,78,last_prompt,random_j_2,unrelated,1,-0.019569557905197144
aggregate-target-101--0.5-notebook-0.6-128,aggregate-target,101,-0.5,zero,2,78,last_prompt,random_j_2,unrelated,1,0.014555229246616364
aggregate-target-202--0.5-notebook-0.6-128,aggregate-target,202,-0.5,zero,2,78,last_prompt,random_j_2,unrelated,1,0.015248480439186095
aggregate-control-1-101--0.5-notebook-0.6-128,aggregate-control-1,101,-0.5,zero,2,78,last_prompt,random_j_3,deception,1,-0.009297125041484833
aggregate-control-1-202--0.5-notebook-0.6-128,aggregate-control-1,202,-0.5,zero,2,78,last_prompt,random_j_3,deception,1,-0.021941453218460083
aggregate-control-2-101--0.5-notebook-0.6-128,aggregate-control-2,101,-0.5,zero,2,78,last_prompt,random_j_3,deception,1,0.0951836422085762
aggregate-control-2-202--0.5-notebook-0.6-128,aggregate-control-2,202,-0.5,zero,2,78,last_prompt,random_j_3,deception,1,0.07410128563642501
aggregate-control-3-101--0.5-notebook-0.6-128,aggregate-control-3,101,-0.5,zero,2,78,last_prompt,random_j_3,deception,1,-0.021594880521297453
aggregate-control-3-202--0.5-notebook-0.6-128,aggregate-control-3,202,-0.5,zero,2,78,last_prompt,random_j_3,deception,1,-0.04178142100572586
aggregate-target-101--0.5-notebook-0.6-128,aggregate-target,101,-0.5,zero,2,78,last_prompt,random_j_3,deception,1,-0.05223505347967148
aggregate-target-202--0.5-notebook-0.6-128,aggregate-target,202,-0.5,zero,2,78,last_prompt,random_j_3,deception,1,-0.053524793684482576
aggregate-control-1-101--0.5-notebook-0.6-128,aggregate-control-1,101,-0.5,zero,2,78,last_prompt,random_j_3,experience,1,-0.10956037375662062
aggregate-control-1-202--0.5-notebook-0.6-128,aggregate-control-1,202,-0.5,zero,2,78,last_prompt,random_j_3,experience,1,-0.09864860938655005
aggregate-control-2-101--0.5-notebook-0.6-128,aggregate-control-2,101,-0.5,zero,2,78,last_prompt,random_j_3,experience,1,-0.0017492605580223931
aggregate-control-2-202--0.5-notebook-0.6-128,aggregate-control-2,202,-0.5,zero,2,78,last_prompt,random_j_3,experience,1,-0.0029220042957199942
aggregate-control-3-101--0.5-notebook-0.6-128,aggregate-control-3,101,-0.5,zero,2,78,last_prompt,random_j_3,experience,1,-0.10290044214990404
aggregate-control-3-202--0.5-notebook-0.6-128,aggregate-control-3,202,-0.5,zero,2,78,last_prompt,random_j_3,experience,1,-0.0827067494392395
aggregate-target-101--0.5-notebook-0.6-128,aggregate-target,101,-0.5,zero,2,78,last_prompt,random_j_3,experience,1,0.11178870664702521
aggregate-target-202--0.5-notebook-0.6-128,aggregate-target,202,-0.5,zero,2,78,last_prompt,random_j_3,experience,1,0.10552065074443817
aggregate-control-1-101--0.5-notebook-0.6-128,aggregate-control-1,101,-0.5,zero,2,78,last_prompt,random_j_3,hedging,1,-0.012959377467632293
aggregate-control-1-202--0.5-notebook-0.6-128,aggregate-control-1,202,-0.5,zero,2,78,last_prompt,random_j_3,hedging,1,0.013804248720407485
aggregate-control-2-101--0.5-notebook-0.6-128,aggregate-control-2,101,-0.5,zero,2,78,last_prompt,random_j_3,hedging,1,-0.003634718060493469
aggregate-control-2-202--0.5-notebook-0.6-128,aggregate-control-2,202,-0.5,zero,2,78,last_prompt,random_j_3,hedging,1,-0.03668903037905693
aggregate-control-3-101--0.5-notebook-0.6-128,aggregate-control-3,101,-0.5,zero,2,78,last_prompt,random_j_3,hedging,1,-0.035613621771335605
aggregate-control-3-202--0.5-notebook-0.6-128,aggregate-control-3,202,-0.5,zero,2,78,last_prompt,random_j_3,hedging,1,-0.030002035945653916
aggregate-target-101--0.5-notebook-0.6-128,aggregate-target,101,-0.5,zero,2,78,last_prompt,random_j_3,hedging,1,0.023482224345207213
aggregate-target-202--0.5-notebook-0.6-128,aggregate-target,202,-0.5,zero,2,78,last_prompt,random_j_3,hedging,1,0.0054031193256378176
aggregate-control-1-101--0.5-notebook-0.6-128,aggregate-control-1,101,-0.5,zero,2,78,last_prompt,random_j_3,honesty,1,-0.027753731608390807
aggregate-control-1-202--0.5-notebook-0.6-128,aggregate-control-1,202,-0.5,zero,2,78,last_prompt,random_j_3,honesty,1,-0.02254830002784729
aggregate-control-2-101--0.5-notebook-0.6-128,aggregate-control-2,101,-0.5,zero,2,78,last_prompt,random_j_3,honesty,1,0.06851534843444824
aggregate-control-2-202--0.5-notebook-0.6-128,aggregate-control-2,202,-0.5,zero,2,78,last_prompt,random_j_3,honesty,1,0.06581551730632781
aggregate-control-3-101--0.5-notebook-0.6-128,aggregate-control-3,101,-0.5,zero,2,78,last_prompt,random_j_3,honesty,1,-0.04452512264251709
aggregate-control-3-202--0.5-notebook-0.6-128,aggregate-control-3,202,-0.5,zero,2,78,last_prompt,random_j_3,honesty,1,-0.051143226027488706
aggregate-target-101--0.5-notebook-0.6-128,aggregate-target,101,-0.5,zero,2,78,last_prompt,random_j_3,honesty,1,-0.025075092911720276
aggregate-target-202--0.5-notebook-0.6-128,aggregate-target,202,-0.5,zero,2,78,last_prompt,random_j_3,honesty,1,-0.03428815603256226
aggregate-control-1-101--0.5-notebook-0.6-128,aggregate-control-1,101,-0.5,zero,2,78,last_prompt,random_j_3,intervention,1,-0.058748322228590645
aggregate-control-1-202--0.5-notebook-0.6-128,aggregate-control-1,202,-0.5,zero,2,78,last_prompt,random_j_3,intervention,1,-0.07357774012618595
aggregate-control-2-101--0.5-notebook-0.6-128,aggregate-control-2,101,-0.5,zero,2,78,last_prompt,random_j_3,intervention,1,-0.015127688646316528
aggregate-control-2-202--0.5-notebook-0.6-128,aggregate-control-2,202,-0.5,zero,2,78,last_prompt,random_j_3,intervention,1,-0.034887747632132635
aggregate-control-3-101--0.5-notebook-0.6-128,aggregate-control-3,101,-0.5,zero,2,78,last_prompt,random_j_3,intervention,1,-0.031499960356288485
aggregate-control-3-202--0.5-notebook-0.6-128,aggregate-control-3,202,-0.5,zero,2,78,last_prompt,random_j_3,intervention,1,-0.02739165226618449
aggregate-target-101--0.5-notebook-0.6-128,aggregate-target,101,-0.5,zero,2,78,last_prompt,random_j_3,intervention,1,0.002949794133504232
aggregate-target-202--0.5-notebook-0.6-128,aggregate-target,202,-0.5,zero,2,78,last_prompt,random_j_3,intervention,1,-0.007928060160742866
aggregate-control-1-101--0.5-notebook-0.6-128,aggregate-control-1,101,-0.5,zero,2,78,last_prompt,random_j_3,roleplay,1,0.0386018885506524
aggregate-control-1-202--0.5-notebook-0.6-128,aggregate-control-1,202,-0.5,zero,2,78,last_prompt,random_j_3,roleplay,1,0.052283267180124916
aggregate-control-2-101--0.5-notebook-0.6-128,aggregate-control-2,101,-0.5,zero,2,78,last_prompt,random_j_3,roleplay,1,0.05196585257848104
aggregate-control-2-202--0.5-notebook-0.6-128,aggregate-control-2,202,-0.5,zero,2,78,last_prompt,random_j_3,roleplay,1,0.03198792040348053
aggregate-control-3-101--0.5-notebook-0.6-128,aggregate-control-3,101,-0.5,zero,2,78,last_prompt,random_j_3,roleplay,1,-0.003306090831756592
aggregate-control-3-202--0.5-notebook-0.6-128,aggregate-control-3,202,-0.5,zero,2,78,last_prompt,random_j_3,roleplay,1,0.00453759812646442
aggregate-target-101--0.5-notebook-0.6-128,aggregate-target,101,-0.5,zero,2,78,last_prompt,random_j_3,roleplay,1,-0.044256511661741466
aggregate-target-202--0.5-notebook-0.6-128,aggregate-target,202,-0.5,zero,2,78,last_prompt,random_j_3,roleplay,1,-0.041286404762003154
aggregate-control-1-101--0.5-notebook-0.6-128,aggregate-control-1,101,-0.5,zero,2,78,last_prompt,random_j_3,unrelated,1,-0.021218542754650117
aggregate-control-1-202--0.5-notebook-0.6-128,aggregate-control-1,202,-0.5,zero,2,78,last_prompt,random_j_3,unrelated,1,-0.02690586745738983
aggregate-control-2-101--0.5-notebook-0.6-128,aggregate-control-2,101,-0.5,zero,2,78,last_prompt,random_j_3,unrelated,1,-0.003550732135772705
aggregate-control-2-202--0.5-notebook-0.6-128,aggregate-control-2,202,-0.5,zero,2,78,last_prompt,random_j_3,unrelated,1,-0.005149705708026886
aggregate-control-3-101--0.5-notebook-0.6-128,aggregate-control-3,101,-0.5,zero,2,78,last_prompt,random_j_3,unrelated,1,-1.455843448638916e-05
aggregate-control-3-202--0.5-notebook-0.6-128,aggregate-control-3,202,-0.5,zero,2,78,last_prompt,random_j_3,unrelated,1,-0.01115630716085434
aggregate-target-101--0.5-notebook-0.6-128,aggregate-target,101,-0.5,zero,2,78,last_prompt,random_j_3,unrelated,1,-0.005614730715751648
aggregate-target-202--0.5-notebook-0.6-128,aggregate-target,202,-0.5,zero,2,78,last_prompt,random_j_3,unrelated,1,-0.023351874947547913
aggregate-control-1-101--0.5-notebook-0.6-128,aggregate-control-1,101,-0.5,zero,2,78,last_prompt,random_j_4,deception,1,-0.057483232021331786
aggregate-control-1-202--0.5-notebook-0.6-128,aggregate-control-1,202,-0.5,zero,2,78,last_prompt,random_j_4,deception,1,-0.03062782883644104
aggregate-control-2-101--0.5-notebook-0.6-128,aggregate-control-2,101,-0.5,zero,2,78,last_prompt,random_j_4,deception,1,-0.017179527878761293
aggregate-control-2-202--0.5-notebook-0.6-128,aggregate-control-2,202,-0.5,zero,2,78,last_prompt,random_j_4,deception,1,-0.015350919961929322
aggregate-control-3-101--0.5-notebook-0.6-128,aggregate-control-3,101,-0.5,zero,2,78,last_prompt,random_j_4,deception,1,-0.020310238003730774
aggregate-control-3-202--0.5-notebook-0.6-128,aggregate-control-3,202,-0.5,zero,2,78,last_prompt,random_j_4,deception,1,-0.01869874894618988
aggregate-target-101--0.5-notebook-0.6-128,aggregate-target,101,-0.5,zero,2,78,last_prompt,random_j_4,deception,1,0.02350904941558838
aggregate-target-202--0.5-notebook-0.6-128,aggregate-target,202,-0.5,zero,2,78,last_prompt,random_j_4,deception,1,0.0259740948677063
aggregate-control-1-101--0.5-notebook-0.6-128,aggregate-control-1,101,-0.5,zero,2,78,last_prompt,random_j_4,experience,1,0.02409028344684177
aggregate-control-1-202--0.5-notebook-0.6-128,aggregate-control-1,202,-0.5,zero,2,78,last_prompt,random_j_4,experience,1,0.027070576945940655
aggregate-control-2-101--0.5-notebook-0.6-128,aggregate-control-2,101,-0.5,zero,2,78,last_prompt,random_j_4,experience,1,-0.07792313562499152
aggregate-control-2-202--0.5-notebook-0.6-128,aggregate-control-2,202,-0.5,zero,2,78,last_prompt,random_j_4,experience,1,-0.049418441123432584
aggregate-control-3-101--0.5-notebook-0.6-128,aggregate-control-3,101,-0.5,zero,2,78,last_prompt,random_j_4,experience,1,-0.025226314862569172
aggregate-control-3-202--0.5-notebook-0.6-128,aggregate-control-3,202,-0.5,zero,2,78,last_prompt,random_j_4,experience,1,-0.03351210223303901
aggregate-target-101--0.5-notebook-0.6-128,aggregate-target,101,-0.5,zero,2,78,last_prompt,random_j_4,experience,1,-5.9399339887830945e-05
aggregate-target-202--0.5-notebook-0.6-128,aggregate-target,202,-0.5,zero,2,78,last_prompt,random_j_4,experience,1,0.008666455745697021
aggregate-control-1-101--0.5-notebook-0.6-128,aggregate-control-1,101,-0.5,zero,2,78,last_prompt,random_j_4,hedging,1,-0.0655344620347023
aggregate-control-1-202--0.5-notebook-0.6-128,aggregate-control-1,202,-0.5,zero,2,78,last_prompt,random_j_4,hedging,1,-0.06540767550468445
aggregate-control-2-101--0.5-notebook-0.6-128,aggregate-control-2,101,-0.5,zero,2,78,last_prompt,random_j_4,hedging,1,-0.07316319346427917
aggregate-control-2-202--0.5-notebook-0.6-128,aggregate-control-2,202,-0.5,zero,2,78,last_prompt,random_j_4,hedging,1,-0.07113326936960221
aggregate-control-3-101--0.5-notebook-0.6-128,aggregate-control-3,101,-0.5,zero,2,78,last_prompt,random_j_4,hedging,1,-0.005069354176521301
aggregate-control-3-202--0.5-notebook-0.6-128,aggregate-control-3,202,-0.5,zero,2,78,last_prompt,random_j_4,hedging,1,-0.02365195006132126
aggregate-target-101--0.5-notebook-0.6-128,aggregate-target,101,-0.5,zero,2,78,last_prompt,random_j_4,hedging,1,0.021015477180480958
aggregate-target-202--0.5-notebook-0.6-128,aggregate-target,202,-0.5,zero,2,78,last_prompt,random_j_4,hedging,1,0.015272893011569977
aggregate-control-1-101--0.5-notebook-0.6-128,aggregate-control-1,101,-0.5,zero,2,78,last_prompt,random_j_4,honesty,1,0.038614685833454135
aggregate-control-1-202--0.5-notebook-0.6-128,aggregate-control-1,202,-0.5,zero,2,78,last_prompt,random_j_4,honesty,1,0.015153440833091735
aggregate-control-2-101--0.5-notebook-0.6-128,aggregate-control-2,101,-0.5,zero,2,78,last_prompt,random_j_4,honesty,1,-0.0829718604683876
aggregate-control-2-202--0.5-notebook-0.6-128,aggregate-control-2,202,-0.5,zero,2,78,last_prompt,random_j_4,honesty,1,-0.0586561918258667
aggregate-control-3-101--0.5-notebook-0.6-128,aggregate-control-3,101,-0.5,zero,2,78,last_prompt,random_j_4,honesty,1,-0.07798294872045516
aggregate-control-3-202--0.5-notebook-0.6-128,aggregate-control-3,202,-0.5,zero,2,78,last_prompt,random_j_4,honesty,1,-0.05702052116394043
aggregate-target-101--0.5-notebook-0.6-128,aggregate-target,101,-0.5,zero,2,78,last_prompt,random_j_4,honesty,1,0.012846823781728745
aggregate-target-202--0.5-notebook-0.6-128,aggregate-target,202,-0.5,zero,2,78,last_prompt,random_j_4,honesty,1,0.03744424283504486
aggregate-control-1-101--0.5-notebook-0.6-128,aggregate-control-1,101,-0.5,zero,2,78,last_prompt,random_j_4,intervention,1,0.047484404097000756
aggregate-control-1-202--0.5-notebook-0.6-128,aggregate-control-1,202,-0.5,zero,2,78,last_prompt,random_j_4,intervention,1,0.0138268048564593
aggregate-control-2-101--0.5-notebook-0.6-128,aggregate-control-2,101,-0.5,zero,2,78,last_prompt,random_j_4,intervention,1,-0.0919711987177531
aggregate-control-2-202--0.5-notebook-0.6-128,aggregate-control-2,202,-0.5,zero,2,78,last_prompt,random_j_4,intervention,1,-0.09629813498920864
aggregate-control-3-101--0.5-notebook-0.6-128,aggregate-control-3,101,-0.5,zero,2,78,last_prompt,random_j_4,intervention,1,-0.006651040580537584
aggregate-control-3-202--0.5-notebook-0.6-128,aggregate-control-3,202,-0.5,zero,2,78,last_prompt,random_j_4,intervention,1,-0.03223417533768548
aggregate-target-101--0.5-notebook-0.6-128,aggregate-target,101,-0.5,zero,2,78,last_prompt,random_j_4,intervention,1,-0.000698818928665585
aggregate-target-202--0.5-notebook-0.6-128,aggregate-target,202,-0.5,zero,2,78,last_prompt,random_j_4,intervention,1,-0.02217063804467519
aggregate-control-1-101--0.5-notebook-0.6-128,aggregate-control-1,101,-0.5,zero,2,78,last_prompt,random_j_4,roleplay,1,-0.02082141571574741
aggregate-control-1-202--0.5-notebook-0.6-128,aggregate-control-1,202,-0.5,zero,2,78,last_prompt,random_j_4,roleplay,1,-0.021640612019432917
aggregate-control-2-101--0.5-notebook-0.6-128,aggregate-control-2,101,-0.5,zero,2,78,last_prompt,random_j_4,roleplay,1,0.029044359922409058
aggregate-control-2-202--0.5-notebook-0.6-128,aggregate-control-2,202,-0.5,zero,2,78,last_prompt,random_j_4,roleplay,1,0.028366257747014362
aggregate-control-3-101--0.5-notebook-0.6-128,aggregate-control-3,101,-0.5,zero,2,78,last_prompt,random_j_4,roleplay,1,-0.0015891244014104207
aggregate-control-3-202--0.5-notebook-0.6-128,aggregate-control-3,202,-0.5,zero,2,78,last_prompt,random_j_4,roleplay,1,-0.00847322576575809
aggregate-target-101--0.5-notebook-0.6-128,aggregate-target,101,-0.5,zero,2,78,last_prompt,random_j_4,roleplay,1,0.017685933245552912
aggregate-target-202--0.5-notebook-0.6-128,aggregate-target,202,-0.5,zero,2,78,last_prompt,random_j_4,roleplay,1,-0.0005746616257561578
aggregate-control-1-101--0.5-notebook-0.6-128,aggregate-control-1,101,-0.5,zero,2,78,last_prompt,random_j_4,unrelated,1,0.05597594678401947
aggregate-control-1-202--0.5-notebook-0.6-128,aggregate-control-1,202,-0.5,zero,2,78,last_prompt,random_j_4,unrelated,1,0.052024411410093306
aggregate-control-2-101--0.5-notebook-0.6-128,aggregate-control-2,101,-0.5,zero,2,78,last_prompt,random_j_4,unrelated,1,-0.007199805974960327
aggregate-control-2-202--0.5-notebook-0.6-128,aggregate-control-2,202,-0.5,zero,2,78,last_prompt,random_j_4,unrelated,1,0.001411554217338562
aggregate-control-3-101--0.5-notebook-0.6-128,aggregate-control-3,101,-0.5,zero,2,78,last_prompt,random_j_4,unrelated,1,-0.04982079863548279
aggregate-control-3-202--0.5-notebook-0.6-128,aggregate-control-3,202,-0.5,zero,2,78,last_prompt,random_j_4,unrelated,1,-0.0354730486869812
aggregate-target-101--0.5-notebook-0.6-128,aggregate-target,101,-0.5,zero,2,78,last_prompt,random_j_4,unrelated,1,0.004828864336013794
aggregate-target-202--0.5-notebook-0.6-128,aggregate-target,202,-0.5,zero,2,78,last_prompt,random_j_4,unrelated,1,0.009586399793624878
aggregate-control-1-101--0.5-notebook-0.6-128,aggregate-control-1,101,-0.5,zero,2,78,last_prompt,random_j_5,deception,1,0.0006273120641708374
aggregate-control-1-202--0.5-notebook-0.6-128,aggregate-control-1,202,-0.5,zero,2,78,last_prompt,random_j_5,deception,1,-0.0011132866144180297
aggregate-control-2-101--0.5-notebook-0.6-128,aggregate-control-2,101,-0.5,zero,2,78,last_prompt,random_j_5,deception,1,-0.12183649837970734
aggregate-control-2-202--0.5-notebook-0.6-128,aggregate-control-2,202,-0.5,zero,2,78,last_prompt,random_j_5,deception,1,-0.09089565873146058
aggregate-control-3-101--0.5-notebook-0.6-128,aggregate-control-3,101,-0.5,zero,2,78,last_prompt,random_j_5,deception,1,0.009564045071601867
aggregate-control-3-202--0.5-notebook-0.6-128,aggregate-control-3,202,-0.5,zero,2,78,last_prompt,random_j_5,deception,1,0.027133846282958986
aggregate-target-101--0.5-notebook-0.6-128,aggregate-target,101,-0.5,zero,2,78,last_prompt,random_j_5,deception,1,-0.05881129950284958
aggregate-target-202--0.5-notebook-0.6-128,aggregate-target,202,-0.5,zero,2,78,last_prompt,random_j_5,deception,1,-0.055377647280693054
aggregate-control-1-101--0.5-notebook-0.6-128,aggregate-control-1,101,-0.5,zero,2,78,last_prompt,random_j_5,experience,1,0.013403738538424173
aggregate-control-1-202--0.5-notebook-0.6-128,aggregate-control-1,202,-0.5,zero,2,78,last_prompt,random_j_5,experience,1,0.015950404935412936
aggregate-control-2-101--0.5-notebook-0.6-128,aggregate-control-2,101,-0.5,zero,2,78,last_prompt,random_j_5,experience,1,0.006975245144632127
aggregate-control-2-202--0.5-notebook-0.6-128,aggregate-control-2,202,-0.5,zero,2,78,last_prompt,random_j_5,experience,1,-0.019498291942808364
aggregate-control-3-101--0.5-notebook-0.6-128,aggregate-control-3,101,-0.5,zero,2,78,last_prompt,random_j_5,experience,1,0.02840764323870341
aggregate-control-3-202--0.5-notebook-0.6-128,aggregate-control-3,202,-0.5,zero,2,78,last_prompt,random_j_5,experience,1,0.042658060789108276
aggregate-target-101--0.5-notebook-0.6-128,aggregate-target,101,-0.5,zero,2,78,last_prompt,random_j_5,experience,1,-0.0921480945414967
aggregate-target-202--0.5-notebook-0.6-128,aggregate-target,202,-0.5,zero,2,78,last_prompt,random_j_5,experience,1,-0.10608579052819146
aggregate-control-1-101--0.5-notebook-0.6-128,aggregate-control-1,101,-0.5,zero,2,78,last_prompt,random_j_5,hedging,1,-0.08846955150365829
aggregate-control-1-202--0.5-notebook-0.6-128,aggregate-control-1,202,-0.5,zero,2,78,last_prompt,random_j_5,hedging,1,-0.07969200313091278
aggregate-control-2-101--0.5-notebook-0.6-128,aggregate-control-2,101,-0.5,zero,2,78,last_prompt,random_j_5,hedging,1,0.045990200340747835
aggregate-control-2-202--0.5-notebook-0.6-128,aggregate-control-2,202,-0.5,zero,2,78,last_prompt,random_j_5,hedging,1,0.07057212293148041
aggregate-control-3-101--0.5-notebook-0.6-128,aggregate-control-3,101,-0.5,zero,2,78,last_prompt,random_j_5,hedging,1,0.046289631724357606
aggregate-control-3-202--0.5-notebook-0.6-128,aggregate-control-3,202,-0.5,zero,2,78,last_prompt,random_j_5,hedging,1,0.02362436056137085
aggregate-target-101--0.5-notebook-0.6-128,aggregate-target,101,-0.5,zero,2,78,last_prompt,random_j_5,hedging,1,-0.01833082437515259
aggregate-target-202--0.5-notebook-0.6-128,aggregate-target,202,-0.5,zero,2,78,last_prompt,random_j_5,hedging,1,-0.017908066511154175
aggregate-control-1-101--0.5-notebook-0.6-128,aggregate-control-1,101,-0.5,zero,2,78,last_prompt,random_j_5,honesty,1,0.02506682276725769
aggregate-control-1-202--0.5-notebook-0.6-128,aggregate-control-1,202,-0.5,zero,2,78,last_prompt,random_j_5,honesty,1,-0.009967535734176636
aggregate-control-2-101--0.5-notebook-0.6-128,aggregate-control-2,101,-0.5,zero,2,78,last_prompt,random_j_5,honesty,1,-0.026957961916923522
aggregate-control-2-202--0.5-notebook-0.6-128,aggregate-control-2,202,-0.5,zero,2,78,last_prompt,random_j_5,honesty,1,-0.03166990578174591
aggregate-control-3-101--0.5-notebook-0.6-128,aggregate-control-3,101,-0.5,zero,2,78,last_prompt,random_j_5,honesty,1,-0.003794023394584656
aggregate-control-3-202--0.5-notebook-0.6-128,aggregate-control-3,202,-0.5,zero,2,78,last_prompt,random_j_5,honesty,1,0.010820603370666504
aggregate-target-101--0.5-notebook-0.6-128,aggregate-target,101,-0.5,zero,2,78,last_prompt,random_j_5,honesty,1,0.02876734733581543
aggregate-target-202--0.5-notebook-0.6-128,aggregate-target,202,-0.5,zero,2,78,last_prompt,random_j_5,honesty,1,0.029469901323318483
aggregate-control-1-101--0.5-notebook-0.6-128,aggregate-control-1,101,-0.5,zero,2,78,last_prompt,random_j_5,intervention,1,0.01860693593819936
aggregate-control-1-202--0.5-notebook-0.6-128,aggregate-control-1,202,-0.5,zero,2,78,last_prompt,random_j_5,intervention,1,0.013714354899194505
aggregate-control-2-101--0.5-notebook-0.6-128,aggregate-control-2,101,-0.5,zero,2,78,last_prompt,random_j_5,intervention,1,0.04411190748214722
aggregate-control-2-202--0.5-notebook-0.6-128,aggregate-control-2,202,-0.5,zero,2,78,last_prompt,random_j_5,intervention,1,0.04411831249793371
aggregate-control-3-101--0.5-notebook-0.6-128,aggregate-control-3,101,-0.5,zero,2,78,last_prompt,random_j_5,intervention,1,-0.002657538486851586
aggregate-control-3-202--0.5-notebook-0.6-128,aggregate-control-3,202,-0.5,zero,2,78,last_prompt,random_j_5,intervention,1,0.013111587199899886
aggregate-target-101--0.5-notebook-0.6-128,aggregate-target,101,-0.5,zero,2,78,last_prompt,random_j_5,intervention,1,-0.06637435323662227
aggregate-target-202--0.5-notebook-0.6-128,aggregate-target,202,-0.5,zero,2,78,last_prompt,random_j_5,intervention,1,-0.043071572151448995
aggregate-control-1-101--0.5-notebook-0.6-128,aggregate-control-1,101,-0.5,zero,2,78,last_prompt,random_j_5,roleplay,1,0.035340761144955955
aggregate-control-1-202--0.5-notebook-0.6-128,aggregate-control-1,202,-0.5,zero,2,78,last_prompt,random_j_5,roleplay,1,0.04678263266881307
aggregate-control-2-101--0.5-notebook-0.6-128,aggregate-control-2,101,-0.5,zero,2,78,last_prompt,random_j_5,roleplay,1,-0.07981054650412665
aggregate-control-2-202--0.5-notebook-0.6-128,aggregate-control-2,202,-0.5,zero,2,78,last_prompt,random_j_5,roleplay,1,-0.08412316772672865
aggregate-control-3-101--0.5-notebook-0.6-128,aggregate-control-3,101,-0.5,zero,2,78,last_prompt,random_j_5,roleplay,1,-0.05055116944842868
aggregate-control-3-202--0.5-notebook-0.6-128,aggregate-control-3,202,-0.5,zero,2,78,last_prompt,random_j_5,roleplay,1,-0.03420744505193499
aggregate-target-101--0.5-notebook-0.6-128,aggregate-target,101,-0.5,zero,2,78,last_prompt,random_j_5,roleplay,1,0.08883315324783325
aggregate-target-202--0.5-notebook-0.6-128,aggregate-target,202,-0.5,zero,2,78,last_prompt,random_j_5,roleplay,1,0.061231578389803566
aggregate-control-1-101--0.5-notebook-0.6-128,aggregate-control-1,101,-0.5,zero,2,78,last_prompt,random_j_5,unrelated,1,0.05011764019727707
aggregate-control-1-202--0.5-notebook-0.6-128,aggregate-control-1,202,-0.5,zero,2,78,last_prompt,random_j_5,unrelated,1,0.02190026268362999
aggregate-control-2-101--0.5-notebook-0.6-128,aggregate-control-2,101,-0.5,zero,2,78,last_prompt,random_j_5,unrelated,1,0.04434262961149216
aggregate-control-2-202--0.5-notebook-0.6-128,aggregate-control-2,202,-0.5,zero,2,78,last_prompt,random_j_5,unrelated,1,0.05726810321211815
aggregate-control-3-101--0.5-notebook-0.6-128,aggregate-control-3,101,-0.5,zero,2,78,last_prompt,random_j_5,unrelated,1,-0.07370718866586685
aggregate-control-3-202--0.5-notebook-0.6-128,aggregate-control-3,202,-0.5,zero,2,78,last_prompt,random_j_5,unrelated,1,-0.06443885937333108
aggregate-target-101--0.5-notebook-0.6-128,aggregate-target,101,-0.5,zero,2,78,last_prompt,random_j_5,unrelated,1,-0.03567600846290588
aggregate-target-202--0.5-notebook-0.6-128,aggregate-target,202,-0.5,zero,2,78,last_prompt,random_j_5,unrelated,1,-0.012647479027509689
aggregate-control-1-101-+0.5-notebook-0.6-128,aggregate-control-1,101,0.5,zero,2,50,last_prompt,identity,deception,1,-0.030436938256025316
aggregate-control-1-202-+0.5-notebook-0.6-128,aggregate-control-1,202,0.5,zero,2,50,last_prompt,identity,deception,1,-0.030538712441921235
aggregate-control-2-101-+0.5-notebook-0.6-128,aggregate-control-2,101,0.5,zero,2,50,last_prompt,identity,deception,1,0.05179546475410461
aggregate-control-2-202-+0.5-notebook-0.6-128,aggregate-control-2,202,0.5,zero,2,50,last_prompt,identity,deception,1,0.051405026018619536
aggregate-control-3-101-+0.5-notebook-0.6-128,aggregate-control-3,101,0.5,zero,2,50,last_prompt,identity,deception,1,-0.07038194723427296
aggregate-control-3-202-+0.5-notebook-0.6-128,aggregate-control-3,202,0.5,zero,2,50,last_prompt,identity,deception,1,-0.0679782822728157
aggregate-target-101-+0.5-notebook-0.6-128,aggregate-target,101,0.5,zero,2,50,last_prompt,identity,deception,1,0.23002433255314828
aggregate-target-202-+0.5-notebook-0.6-128,aggregate-target,202,0.5,zero,2,50,last_prompt,identity,deception,1,0.22656221836805343
aggregate-control-1-101-+0.5-notebook-0.6-128,aggregate-control-1,101,0.5,zero,2,50,last_prompt,identity,experience,1,0.0030094683170318604
aggregate-control-1-202-+0.5-notebook-0.6-128,aggregate-control-1,202,0.5,zero,2,50,last_prompt,identity,experience,1,0.0024162398444281686
aggregate-control-2-101-+0.5-notebook-0.6-128,aggregate-control-2,101,0.5,zero,2,50,last_prompt,identity,experience,1,-0.027163753906885784
aggregate-control-2-202-+0.5-notebook-0.6-128,aggregate-control-2,202,0.5,zero,2,50,last_prompt,identity,experience,1,-0.027639031410217285
aggregate-control-3-101-+0.5-notebook-0.6-128,aggregate-control-3,101,0.5,zero,2,50,last_prompt,identity,experience,1,-0.08266755607393053
aggregate-control-3-202-+0.5-notebook-0.6-128,aggregate-control-3,202,0.5,zero,2,50,last_prompt,identity,experience,1,-0.08267771535449558
aggregate-target-101-+0.5-notebook-0.6-128,aggregate-target,101,0.5,zero,2,50,last_prompt,identity,experience,1,0.02430511514345805
aggregate-target-202-+0.5-notebook-0.6-128,aggregate-target,202,0.5,zero,2,50,last_prompt,identity,experience,1,0.023609638214111328
aggregate-control-1-101-+0.5-notebook-0.6-128,aggregate-control-1,101,0.5,zero,2,50,last_prompt,identity,hedging,1,0.04959059357643127
aggregate-control-1-202-+0.5-notebook-0.6-128,aggregate-control-1,202,0.5,zero,2,50,last_prompt,identity,hedging,1,0.04884787052869797
aggregate-control-2-101-+0.5-notebook-0.6-128,aggregate-control-2,101,0.5,zero,2,50,last_prompt,identity,hedging,1,-0.023084022104740143
aggregate-control-2-202-+0.5-notebook-0.6-128,aggregate-control-2,202,0.5,zero,2,50,last_prompt,identity,hedging,1,-0.023580102622509
aggregate-control-3-101-+0.5-notebook-0.6-128,aggregate-control-3,101,0.5,zero,2,50,last_prompt,identity,hedging,1,0.011137796938419342
aggregate-control-3-202-+0.5-notebook-0.6-128,aggregate-control-3,202,0.5,zero,2,50,last_prompt,identity,hedging,1,0.01075408011674881
aggregate-target-101-+0.5-notebook-0.6-128,aggregate-target,101,0.5,zero,2,50,last_prompt,identity,hedging,1,-0.006776096671819687
aggregate-target-202-+0.5-notebook-0.6-128,aggregate-target,202,0.5,zero,2,50,last_prompt,identity,hedging,1,-0.0070777758955955505
aggregate-control-1-101-+0.5-notebook-0.6-128,aggregate-control-1,101,0.5,zero,2,50,last_prompt,identity,honesty,1,0.04326130151748657
aggregate-control-1-202-+0.5-notebook-0.6-128,aggregate-control-1,202,0.5,zero,2,50,last_prompt,identity,honesty,1,0.0429717093706131
aggregate-control-2-101-+0.5-notebook-0.6-128,aggregate-control-2,101,0.5,zero,2,50,last_prompt,identity,honesty,1,-0.024537068605422974
aggregate-control-2-202-+0.5-notebook-0.6-128,aggregate-control-2,202,0.5,zero,2,50,last_prompt,identity,honesty,1,-0.024992649257183076
aggregate-control-3-101-+0.5-notebook-0.6-128,aggregate-control-3,101,0.5,zero,2,50,last_prompt,identity,honesty,1,-0.09119351357221603
aggregate-control-3-202-+0.5-notebook-0.6-128,aggregate-control-3,202,0.5,zero,2,50,last_prompt,identity,honesty,1,-0.08890286311507226
aggregate-target-101-+0.5-notebook-0.6-128,aggregate-target,101,0.5,zero,2,50,last_prompt,identity,honesty,1,-0.07506528794765473
aggregate-target-202-+0.5-notebook-0.6-128,aggregate-target,202,0.5,zero,2,50,last_prompt,identity,honesty,1,-0.07426240965723992
aggregate-control-1-101-+0.5-notebook-0.6-128,aggregate-control-1,101,0.5,zero,2,50,last_prompt,identity,intervention,1,0.031784630484051175
aggregate-control-1-202-+0.5-notebook-0.6-128,aggregate-control-1,202,0.5,zero,2,50,last_prompt,identity,intervention,1,0.03147857222292158
aggregate-control-2-101-+0.5-notebook-0.6-128,aggregate-control-2,101,0.5,zero,2,50,last_prompt,identity,intervention,1,-0.03385112186272939
aggregate-control-2-202-+0.5-notebook-0.6-128,aggregate-control-2,202,0.5,zero,2,50,last_prompt,identity,intervention,1,-0.032901091708077326
aggregate-control-3-101-+0.5-notebook-0.6-128,aggregate-control-3,101,0.5,zero,2,50,last_prompt,identity,intervention,1,-0.06250963939560784
aggregate-control-3-202-+0.5-notebook-0.6-128,aggregate-control-3,202,0.5,zero,2,50,last_prompt,identity,intervention,1,-0.061458872424231634
aggregate-target-101-+0.5-notebook-0.6-128,aggregate-target,101,0.5,zero,2,50,last_prompt,identity,intervention,1,-0.008359774947166443
aggregate-target-202-+0.5-notebook-0.6-128,aggregate-target,202,0.5,zero,2,50,last_prompt,identity,intervention,1,-0.007939443406131532
aggregate-control-1-101-+0.5-notebook-0.6-128,aggregate-control-1,101,0.5,zero,2,50,last_prompt,identity,roleplay,1,0.04574462440278795
aggregate-control-1-202-+0.5-notebook-0.6-128,aggregate-control-1,202,0.5,zero,2,50,last_prompt,identity,roleplay,1,0.04499731709559759
aggregate-control-2-101-+0.5-notebook-0.6-128,aggregate-control-2,101,0.5,zero,2,50,last_prompt,identity,roleplay,1,0.03868192103173998
aggregate-control-2-202-+0.5-notebook-0.6-128,aggregate-control-2,202,0.5,zero,2,50,last_prompt,identity,roleplay,1,0.03780021766821543
aggregate-control-3-101-+0.5-notebook-0.6-128,aggregate-control-3,101,0.5,zero,2,50,last_prompt,identity,roleplay,1,0.035550206899642944
aggregate-control-3-202-+0.5-notebook-0.6-128,aggregate-control-3,202,0.5,zero,2,50,last_prompt,identity,roleplay,1,0.03564885755379995
aggregate-target-101-+0.5-notebook-0.6-128,aggregate-target,101,0.5,zero,2,50,last_prompt,identity,roleplay,1,0.09780718551741706
aggregate-target-202-+0.5-notebook-0.6-128,aggregate-target,202,0.5,zero,2,50,last_prompt,identity,roleplay,1,0.09760694868034786
aggregate-control-1-101-+0.5-notebook-0.6-128,aggregate-control-1,101,0.5,zero,2,50,last_prompt,identity,unrelated,1,0.0154496431350708
aggregate-control-1-202-+0.5-notebook-0.6-128,aggregate-control-1,202,0.5,zero,2,50,last_prompt,identity,unrelated,1,0.013484233617782592
aggregate-control-2-101-+0.5-notebook-0.6-128,aggregate-control-2,101,0.5,zero,2,50,last_prompt,identity,unrelated,1,0.04831754565238953
aggregate-control-2-202-+0.5-notebook-0.6-128,aggregate-control-2,202,0.5,zero,2,50,last_prompt,identity,unrelated,1,0.04618763029575348
aggregate-control-3-101-+0.5-notebook-0.6-128,aggregate-control-3,101,0.5,zero,2,50,last_prompt,identity,unrelated,1,-0.00011856555938720703
aggregate-control-3-202-+0.5-notebook-0.6-128,aggregate-control-3,202,0.5,zero,2,50,last_prompt,identity,unrelated,1,-0.00048384666442871096
aggregate-target-101-+0.5-notebook-0.6-128,aggregate-target,101,0.5,zero,2,50,last_prompt,identity,unrelated,1,-0.06724292039871216
aggregate-target-202-+0.5-notebook-0.6-128,aggregate-target,202,0.5,zero,2,50,last_prompt,identity,unrelated,1,-0.06624824404716492
aggregate-control-1-101-+0.5-notebook-0.6-128,aggregate-control-1,101,0.5,zero,2,50,last_prompt,jacobian,deception,1,0.011373087763786316
aggregate-control-1-202-+0.5-notebook-0.6-128,aggregate-control-1,202,0.5,zero,2,50,last_prompt,jacobian,deception,1,0.010375660657882691
aggregate-control-2-101-+0.5-notebook-0.6-128,aggregate-control-2,101,0.5,zero,2,50,last_prompt,jacobian,deception,1,0.030429762601852418
aggregate-control-2-202-+0.5-notebook-0.6-128,aggregate-control-2,202,0.5,zero,2,50,last_prompt,jacobian,deception,1,0.0335029199719429
aggregate-control-3-101-+0.5-notebook-0.6-128,aggregate-control-3,101,0.5,zero,2,50,last_prompt,jacobian,deception,1,-0.002663823962211609
aggregate-control-3-202-+0.5-notebook-0.6-128,aggregate-control-3,202,0.5,zero,2,50,last_prompt,jacobian,deception,1,-0.0015227898955345153
aggregate-target-101-+0.5-notebook-0.6-128,aggregate-target,101,0.5,zero,2,50,last_prompt,jacobian,deception,1,1.3952494829893112
aggregate-target-202-+0.5-notebook-0.6-128,aggregate-target,202,0.5,zero,2,50,last_prompt,jacobian,deception,1,1.3930514365434647
aggregate-control-1-101-+0.5-notebook-0.6-128,aggregate-control-1,101,0.5,zero,2,50,last_prompt,jacobian,experience,1,0.03832717736562093
aggregate-control-1-202-+0.5-notebook-0.6-128,aggregate-control-1,202,0.5,zero,2,50,last_prompt,jacobian,experience,1,0.03795937697092692
aggregate-control-2-101-+0.5-notebook-0.6-128,aggregate-control-2,101,0.5,zero,2,50,last_prompt,jacobian,experience,1,-0.15904714001549614
aggregate-control-2-202-+0.5-notebook-0.6-128,aggregate-control-2,202,0.5,zero,2,50,last_prompt,jacobian,experience,1,-0.16141708691914877
aggregate-control-3-101-+0.5-notebook-0.6-128,aggregate-control-3,101,0.5,zero,2,50,last_prompt,jacobian,experience,1,-0.006097687615288628
aggregate-control-3-202-+0.5-notebook-0.6-128,aggregate-control-3,202,0.5,zero,2,50,last_prompt,jacobian,experience,1,-0.007350299093458388
aggregate-target-101-+0.5-notebook-0.6-128,aggregate-target,101,0.5,zero,2,50,last_prompt,jacobian,experience,1,0.1340000099605984
aggregate-target-202-+0.5-notebook-0.6-128,aggregate-target,202,0.5,zero,2,50,last_prompt,jacobian,experience,1,0.13857603073120117
aggregate-control-1-101-+0.5-notebook-0.6-128,aggregate-control-1,101,0.5,zero,2,50,last_prompt,jacobian,hedging,1,-0.04738736152648926
aggregate-control-1-202-+0.5-notebook-0.6-128,aggregate-control-1,202,0.5,zero,2,50,last_prompt,jacobian,hedging,1,-0.04940285682678223
aggregate-control-2-101-+0.5-notebook-0.6-128,aggregate-control-2,101,0.5,zero,2,50,last_prompt,jacobian,hedging,1,-0.06905453205108643
aggregate-control-2-202-+0.5-notebook-0.6-128,aggregate-control-2,202,0.5,zero,2,50,last_prompt,jacobian,hedging,1,-0.0704702615737915
aggregate-control-3-101-+0.5-notebook-0.6-128,aggregate-control-3,101,0.5,zero,2,50,last_prompt,jacobian,hedging,1,0.04490542411804199
aggregate-control-3-202-+0.5-notebook-0.6-128,aggregate-control-3,202,0.5,zero,2,50,last_prompt,jacobian,hedging,1,0.043912649154663086
aggregate-target-101-+0.5-notebook-0.6-128,aggregate-target,101,0.5,zero,2,50,last_prompt,jacobian,hedging,1,0.15171847343444825
aggregate-target-202-+0.5-notebook-0.6-128,aggregate-target,202,0.5,zero,2,50,last_prompt,jacobian,hedging,1,0.1545137882232666
aggregate-control-1-101-+0.5-notebook-0.6-128,aggregate-control-1,101,0.5,zero,2,50,last_prompt,jacobian,honesty,1,-0.013242441415786742
aggregate-control-1-202-+0.5-notebook-0.6-128,aggregate-control-1,202,0.5,zero,2,50,last_prompt,jacobian,honesty,1,-0.013912665843963622
aggregate-control-2-101-+0.5-notebook-0.6-128,aggregate-control-2,101,0.5,zero,2,50,last_prompt,jacobian,honesty,1,-0.040537065267562865
aggregate-control-2-202-+0.5-notebook-0.6-128,aggregate-control-2,202,0.5,zero,2,50,last_prompt,jacobian,honesty,1,-0.03962991237640381
aggregate-control-3-101-+0.5-notebook-0.6-128,aggregate-control-3,101,0.5,zero,2,50,last_prompt,jacobian,honesty,1,-0.06083633303642273
aggregate-control-3-202-+0.5-notebook-0.6-128,aggregate-control-3,202,0.5,zero,2,50,last_prompt,jacobian,honesty,1,-0.05980105996131897
aggregate-target-101-+0.5-notebook-0.6-128,aggregate-target,101,0.5,zero,2,50,last_prompt,jacobian,honesty,1,0.2897809028625488
aggregate-target-202-+0.5-notebook-0.6-128,aggregate-target,202,0.5,zero,2,50,last_prompt,jacobian,honesty,1,0.2920868515968323
aggregate-control-1-101-+0.5-notebook-0.6-128,aggregate-control-1,101,0.5,zero,2,50,last_prompt,jacobian,intervention,1,0.0752975410885281
aggregate-control-1-202-+0.5-notebook-0.6-128,aggregate-control-1,202,0.5,zero,2,50,last_prompt,jacobian,intervention,1,0.07617677913771735
aggregate-control-2-101-+0.5-notebook-0.6-128,aggregate-control-2,101,0.5,zero,2,50,last_prompt,jacobian,intervention,1,-0.06069633033540514
aggregate-control-2-202-+0.5-notebook-0.6-128,aggregate-control-2,202,0.5,zero,2,50,last_prompt,jacobian,intervention,1,-0.056541760762532554
aggregate-control-3-101-+0.5-notebook-0.6-128,aggregate-control-3,101,0.5,zero,2,50,last_prompt,jacobian,intervention,1,0.03127650419871012
aggregate-control-3-202-+0.5-notebook-0.6-128,aggregate-control-3,202,0.5,zero,2,50,last_prompt,jacobian,intervention,1,0.03210189607408312
aggregate-target-101-+0.5-notebook-0.6-128,aggregate-target,101,0.5,zero,2,50,last_prompt,jacobian,intervention,1,0.2601755956808726
aggregate-target-202-+0.5-notebook-0.6-128,aggregate-target,202,0.5,zero,2,50,last_prompt,jacobian,intervention,1,0.2625597698820962
aggregate-control-1-101-+0.5-notebook-0.6-128,aggregate-control-1,101,0.5,zero,2,50,last_prompt,jacobian,roleplay,1,0.12163780795203315
aggregate-control-1-202-+0.5-notebook-0.6-128,aggregate-control-1,202,0.5,zero,2,50,last_prompt,jacobian,roleplay,1,0.12160664796829224
aggregate-control-2-101-+0.5-notebook-0.6-128,aggregate-control-2,101,0.5,zero,2,50,last_prompt,jacobian,roleplay,1,-0.08870728810628255
aggregate-control-2-202-+0.5-notebook-0.6-128,aggregate-control-2,202,0.5,zero,2,50,last_prompt,jacobian,roleplay,1,-0.08642551634046766
aggregate-control-3-101-+0.5-notebook-0.6-128,aggregate-control-3,101,0.5,zero,2,50,last_prompt,jacobian,roleplay,1,0.1057361364364624
aggregate-control-3-202-+0.5-notebook-0.6-128,aggregate-control-3,202,0.5,zero,2,50,last_prompt,jacobian,roleplay,1,0.10668271117740208
aggregate-target-101-+0.5-notebook-0.6-128,aggregate-target,101,0.5,zero,2,50,last_prompt,jacobian,roleplay,1,0.7245533797476027
aggregate-target-202-+0.5-notebook-0.6-128,aggregate-target,202,0.5,zero,2,50,last_prompt,jacobian,roleplay,1,0.726590183046129
aggregate-control-1-101-+0.5-notebook-0.6-128,aggregate-control-1,101,0.5,zero,2,50,last_prompt,jacobian,unrelated,1,0.09879359677433967
aggregate-control-1-202-+0.5-notebook-0.6-128,aggregate-control-1,202,0.5,zero,2,50,last_prompt,jacobian,unrelated,1,0.09736657813191414
aggregate-control-2-101-+0.5-notebook-0.6-128,aggregate-control-2,101,0.5,zero,2,50,last_prompt,jacobian,unrelated,1,-0.0032931119203567505
aggregate-control-2-202-+0.5-notebook-0.6-128,aggregate-control-2,202,0.5,zero,2,50,last_prompt,jacobian,unrelated,1,-0.002415269613265991
aggregate-control-3-101-+0.5-notebook-0.6-128,aggregate-control-3,101,0.5,zero,2,50,last_prompt,jacobian,unrelated,1,0.016458922624588014
aggregate-control-3-202-+0.5-notebook-0.6-128,aggregate-control-3,202,0.5,zero,2,50,last_prompt,jacobian,unrelated,1,0.01663254052400589
aggregate-target-101-+0.5-notebook-0.6-128,aggregate-target,101,0.5,zero,2,50,last_prompt,jacobian,unrelated,1,-0.05124063938856125
aggregate-target-202-+0.5-notebook-0.6-128,aggregate-target,202,0.5,zero,2,50,last_prompt,jacobian,unrelated,1,-0.04950844794511795
aggregate-control-1-101-+0.5-notebook-0.6-128,aggregate-control-1,101,0.5,zero,2,50,last_prompt,random_j_1,deception,1,-0.13184290677309035
aggregate-control-1-202-+0.5-notebook-0.6-128,aggregate-control-1,202,0.5,zero,2,50,last_prompt,random_j_1,deception,1,-0.12710418775677682
aggregate-control-2-101-+0.5-notebook-0.6-128,aggregate-control-2,101,0.5,zero,2,50,last_prompt,random_j_1,deception,1,0.05909270793199539
aggregate-control-2-202-+0.5-notebook-0.6-128,aggregate-control-2,202,0.5,zero,2,50,last_prompt,random_j_1,deception,1,0.05903251692652702
aggregate-control-3-101-+0.5-notebook-0.6-128,aggregate-control-3,101,0.5,zero,2,50,last_prompt,random_j_1,deception,1,0.010543863475322723
aggregate-control-3-202-+0.5-notebook-0.6-128,aggregate-control-3,202,0.5,zero,2,50,last_prompt,random_j_1,deception,1,0.010520158708095551
aggregate-target-101-+0.5-notebook-0.6-128,aggregate-target,101,0.5,zero,2,50,last_prompt,random_j_1,deception,1,0.06581916511058808
aggregate-target-202-+0.5-notebook-0.6-128,aggregate-target,202,0.5,zero,2,50,last_prompt,random_j_1,deception,1,0.06596790701150894
aggregate-control-1-101-+0.5-notebook-0.6-128,aggregate-control-1,101,0.5,zero,2,50,last_prompt,random_j_1,experience,1,-0.01537339554892646
aggregate-control-1-202-+0.5-notebook-0.6-128,aggregate-control-1,202,0.5,zero,2,50,last_prompt,random_j_1,experience,1,-0.016229053338368733
aggregate-control-2-101-+0.5-notebook-0.6-128,aggregate-control-2,101,0.5,zero,2,50,last_prompt,random_j_1,experience,1,0.060252971947193146
aggregate-control-2-202-+0.5-notebook-0.6-128,aggregate-control-2,202,0.5,zero,2,50,last_prompt,random_j_1,experience,1,0.05830173194408417
aggregate-control-3-101-+0.5-notebook-0.6-128,aggregate-control-3,101,0.5,zero,2,50,last_prompt,random_j_1,experience,1,0.055163339608245425
aggregate-control-3-202-+0.5-notebook-0.6-128,aggregate-control-3,202,0.5,zero,2,50,last_prompt,random_j_1,experience,1,0.05359259910053677
aggregate-target-101-+0.5-notebook-0.6-128,aggregate-target,101,0.5,zero,2,50,last_prompt,random_j_1,experience,1,-0.011987679534488253
aggregate-target-202-+0.5-notebook-0.6-128,aggregate-target,202,0.5,zero,2,50,last_prompt,random_j_1,experience,1,-0.011959360705481635
aggregate-control-1-101-+0.5-notebook-0.6-128,aggregate-control-1,101,0.5,zero,2,50,last_prompt,random_j_1,hedging,1,-0.020313598215579987
aggregate-control-1-202-+0.5-notebook-0.6-128,aggregate-control-1,202,0.5,zero,2,50,last_prompt,random_j_1,hedging,1,-0.01994277834892273
aggregate-control-2-101-+0.5-notebook-0.6-128,aggregate-control-2,101,0.5,zero,2,50,last_prompt,random_j_1,hedging,1,0.028538669645786285
aggregate-control-2-202-+0.5-notebook-0.6-128,aggregate-control-2,202,0.5,zero,2,50,last_prompt,random_j_1,hedging,1,0.02879807949066162
aggregate-control-3-101-+0.5-notebook-0.6-128,aggregate-control-3,101,0.5,zero,2,50,last_prompt,random_j_1,hedging,1,0.010507632791996003
aggregate-control-3-202-+0.5-notebook-0.6-128,aggregate-control-3,202,0.5,zero,2,50,last_prompt,random_j_1,hedging,1,0.008953511714935303
aggregate-target-101-+0.5-notebook-0.6-128,aggregate-target,101,0.5,zero,2,50,last_prompt,random_j_1,hedging,1,0.0017709508538246155
aggregate-target-202-+0.5-notebook-0.6-128,aggregate-target,202,0.5,zero,2,50,last_prompt,random_j_1,hedging,1,0.0024860814213752747
aggregate-control-1-101-+0.5-notebook-0.6-128,aggregate-control-1,101,0.5,zero,2,50,last_prompt,random_j_1,honesty,1,-0.025051631033420563
aggregate-control-1-202-+0.5-notebook-0.6-128,aggregate-control-1,202,0.5,zero,2,50,last_prompt,random_j_1,honesty,1,-0.02347513884305954
aggregate-control-2-101-+0.5-notebook-0.6-128,aggregate-control-2,101,0.5,zero,2,50,last_prompt,random_j_1,honesty,1,0.02503841519355774
aggregate-control-2-202-+0.5-notebook-0.6-128,aggregate-control-2,202,0.5,zero,2,50,last_prompt,random_j_1,honesty,1,0.024090412259101867
aggregate-control-3-101-+0.5-notebook-0.6-128,aggregate-control-3,101,0.5,zero,2,50,last_prompt,random_j_1,honesty,1,0.020124381780624388
aggregate-control-3-202-+0.5-notebook-0.6-128,aggregate-control-3,202,0.5,zero,2,50,last_prompt,random_j_1,honesty,1,0.02027702033519745
aggregate-target-101-+0.5-notebook-0.6-128,aggregate-target,101,0.5,zero,2,50,last_prompt,random_j_1,honesty,1,0.030744904279708864
aggregate-target-202-+0.5-notebook-0.6-128,aggregate-target,202,0.5,zero,2,50,last_prompt,random_j_1,honesty,1,0.03015645146369934
aggregate-control-1-101-+0.5-notebook-0.6-128,aggregate-control-1,101,0.5,zero,2,50,last_prompt,random_j_1,intervention,1,0.005576334479782317
aggregate-control-1-202-+0.5-notebook-0.6-128,aggregate-control-1,202,0.5,zero,2,50,last_prompt,random_j_1,intervention,1,0.00642965982357661
aggregate-control-2-101-+0.5-notebook-0.6-128,aggregate-control-2,101,0.5,zero,2,50,last_prompt,random_j_1,intervention,1,0.018931978692611057
aggregate-control-2-202-+0.5-notebook-0.6-128,aggregate-control-2,202,0.5,zero,2,50,last_prompt,random_j_1,intervention,1,0.01941703011592229
aggregate-control-3-101-+0.5-notebook-0.6-128,aggregate-control-3,101,0.5,zero,2,50,last_prompt,random_j_1,intervention,1,0.035687687082423106
aggregate-control-3-202-+0.5-notebook-0.6-128,aggregate-control-3,202,0.5,zero,2,50,last_prompt,random_j_1,intervention,1,0.03436973111497031
aggregate-target-101-+0.5-notebook-0.6-128,aggregate-target,101,0.5,zero,2,50,last_prompt,random_j_1,intervention,1,-0.037948119557566114
aggregate-target-202-+0.5-notebook-0.6-128,aggregate-target,202,0.5,zero,2,50,last_prompt,random_j_1,intervention,1,-0.0367713107003106
aggregate-control-1-101-+0.5-notebook-0.6-128,aggregate-control-1,101,0.5,zero,2,50,last_prompt,random_j_1,roleplay,1,-0.025529336598184373
aggregate-control-1-202-+0.5-notebook-0.6-128,aggregate-control-1,202,0.5,zero,2,50,last_prompt,random_j_1,roleplay,1,-0.023948159482744005
aggregate-control-2-101-+0.5-notebook-0.6-128,aggregate-control-2,101,0.5,zero,2,50,last_prompt,random_j_1,roleplay,1,-0.030059491594632465
aggregate-control-2-202-+0.5-notebook-0.6-128,aggregate-control-2,202,0.5,zero,2,50,last_prompt,random_j_1,roleplay,1,-0.029054201311535306
aggregate-control-3-101-+0.5-notebook-0.6-128,aggregate-control-3,101,0.5,zero,2,50,last_prompt,random_j_1,roleplay,1,-0.012117675609058805
aggregate-control-3-202-+0.5-notebook-0.6-128,aggregate-control-3,202,0.5,zero,2,50,last_prompt,random_j_1,roleplay,1,-0.01206708119975196
aggregate-target-101-+0.5-notebook-0.6-128,aggregate-target,101,0.5,zero,2,50,last_prompt,random_j_1,roleplay,1,-0.05902556081612905
aggregate-target-202-+0.5-notebook-0.6-128,aggregate-target,202,0.5,zero,2,50,last_prompt,random_j_1,roleplay,1,-0.057050844033559166
aggregate-control-1-101-+0.5-notebook-0.6-128,aggregate-control-1,101,0.5,zero,2,50,last_prompt,random_j_1,unrelated,1,-0.01936459094285965
aggregate-control-1-202-+0.5-notebook-0.6-128,aggregate-control-1,202,0.5,zero,2,50,last_prompt,random_j_1,unrelated,1,-0.019201842695474626
aggregate-control-2-101-+0.5-notebook-0.6-128,aggregate-control-2,101,0.5,zero,2,50,last_prompt,random_j_1,unrelated,1,0.0025182165205478667
aggregate-control-2-202-+0.5-notebook-0.6-128,aggregate-control-2,202,0.5,zero,2,50,last_prompt,random_j_1,unrelated,1,0.003473104536533356
aggregate-control-3-101-+0.5-notebook-0.6-128,aggregate-control-3,101,0.5,zero,2,50,last_prompt,random_j_1,unrelated,1,-0.0055245071649551395
aggregate-control-3-202-+0.5-notebook-0.6-128,aggregate-control-3,202,0.5,zero,2,50,last_prompt,random_j_1,unrelated,1,-0.005286227911710739
aggregate-target-101-+0.5-notebook-0.6-128,aggregate-target,101,0.5,zero,2,50,last_prompt,random_j_1,unrelated,1,0.01710260324180126
aggregate-target-202-+0.5-notebook-0.6-128,aggregate-target,202,0.5,zero,2,50,last_prompt,random_j_1,unrelated,1,0.015735024958848952
aggregate-control-1-101-+0.5-notebook-0.6-128,aggregate-control-1,101,0.5,zero,2,50,last_prompt,random_j_2,deception,1,-0.04553760290145874
aggregate-control-1-202-+0.5-notebook-0.6-128,aggregate-control-1,202,0.5,zero,2,50,last_prompt,random_j_2,deception,1,-0.04580873548984528
aggregate-control-2-101-+0.5-notebook-0.6-128,aggregate-control-2,101,0.5,zero,2,50,last_prompt,random_j_2,deception,1,-0.04844139814376831
aggregate-control-2-202-+0.5-notebook-0.6-128,aggregate-control-2,202,0.5,zero,2,50,last_prompt,random_j_2,deception,1,-0.04874864816665649
aggregate-control-3-101-+0.5-notebook-0.6-128,aggregate-control-3,101,0.5,zero,2,50,last_prompt,random_j_2,deception,1,-0.05412581861019135
aggregate-control-3-202-+0.5-notebook-0.6-128,aggregate-control-3,202,0.5,zero,2,50,last_prompt,random_j_2,deception,1,-0.0533424437046051
aggregate-target-101-+0.5-notebook-0.6-128,aggregate-target,101,0.5,zero,2,50,last_prompt,random_j_2,deception,1,-0.10306178331375122
aggregate-target-202-+0.5-notebook-0.6-128,aggregate-target,202,0.5,zero,2,50,last_prompt,random_j_2,deception,1,-0.10317927002906799
aggregate-control-1-101-+0.5-notebook-0.6-128,aggregate-control-1,101,0.5,zero,2,50,last_prompt,random_j_2,experience,1,-0.00399227605925666
aggregate-control-1-202-+0.5-notebook-0.6-128,aggregate-control-1,202,0.5,zero,2,50,last_prompt,random_j_2,experience,1,-0.0032054508725802102
aggregate-control-2-101-+0.5-notebook-0.6-128,aggregate-control-2,101,0.5,zero,2,50,last_prompt,random_j_2,experience,1,0.05879808134502835
aggregate-control-2-202-+0.5-notebook-0.6-128,aggregate-control-2,202,0.5,zero,2,50,last_prompt,random_j_2,experience,1,0.059397045936849385
aggregate-control-3-101-+0.5-notebook-0.6-128,aggregate-control-3,101,0.5,zero,2,50,last_prompt,random_j_2,experience,1,0.02123726738823785
aggregate-control-3-202-+0.5-notebook-0.6-128,aggregate-control-3,202,0.5,zero,2,50,last_prompt,random_j_2,experience,1,0.02224076870414946
aggregate-target-101-+0.5-notebook-0.6-128,aggregate-target,101,0.5,zero,2,50,last_prompt,random_j_2,experience,1,0.1208082636197408
aggregate-target-202-+0.5-notebook-0.6-128,aggregate-target,202,0.5,zero,2,50,last_prompt,random_j_2,experience,1,0.12221141159534454
aggregate-control-1-101-+0.5-notebook-0.6-128,aggregate-control-1,101,0.5,zero,2,50,last_prompt,random_j_2,hedging,1,-0.009939508885145188
aggregate-control-1-202-+0.5-notebook-0.6-128,aggregate-control-1,202,0.5,zero,2,50,last_prompt,random_j_2,hedging,1,-0.010807453095912934
aggregate-control-2-101-+0.5-notebook-0.6-128,aggregate-control-2,101,0.5,zero,2,50,last_prompt,random_j_2,hedging,1,0.01775522157549858
aggregate-control-2-202-+0.5-notebook-0.6-128,aggregate-control-2,202,0.5,zero,2,50,last_prompt,random_j_2,hedging,1,0.017508284747600557
aggregate-control-3-101-+0.5-notebook-0.6-128,aggregate-control-3,101,0.5,zero,2,50,last_prompt,random_j_2,hedging,1,-0.06844209656119346
aggregate-control-3-202-+0.5-notebook-0.6-128,aggregate-control-3,202,0.5,zero,2,50,last_prompt,random_j_2,hedging,1,-0.06776660345494748
aggregate-target-101-+0.5-notebook-0.6-128,aggregate-target,101,0.5,zero,2,50,last_prompt,random_j_2,hedging,1,-0.12188181281089783
aggregate-target-202-+0.5-notebook-0.6-128,aggregate-target,202,0.5,zero,2,50,last_prompt,random_j_2,hedging,1,-0.12166232764720916
aggregate-control-1-101-+0.5-notebook-0.6-128,aggregate-control-1,101,0.5,zero,2,50,last_prompt,random_j_2,honesty,1,0.06768435537815094
aggregate-control-1-202-+0.5-notebook-0.6-128,aggregate-control-1,202,0.5,zero,2,50,last_prompt,random_j_2,honesty,1,0.06775161921977997
aggregate-control-2-101-+0.5-notebook-0.6-128,aggregate-control-2,101,0.5,zero,2,50,last_prompt,random_j_2,honesty,1,0.02450219988822937
aggregate-control-2-202-+0.5-notebook-0.6-128,aggregate-control-2,202,0.5,zero,2,50,last_prompt,random_j_2,honesty,1,0.022971105575561524
aggregate-control-3-101-+0.5-notebook-0.6-128,aggregate-control-3,101,0.5,zero,2,50,last_prompt,random_j_2,honesty,1,-0.07769970297813415
aggregate-control-3-202-+0.5-notebook-0.6-128,aggregate-control-3,202,0.5,zero,2,50,last_prompt,random_j_2,honesty,1,-0.07672494649887085
aggregate-target-101-+0.5-notebook-0.6-128,aggregate-target,101,0.5,zero,2,50,last_prompt,random_j_2,honesty,1,0.026721760630607605
aggregate-target-202-+0.5-notebook-0.6-128,aggregate-target,202,0.5,zero,2,50,last_prompt,random_j_2,honesty,1,0.025355565547943115
aggregate-control-1-101-+0.5-notebook-0.6-128,aggregate-control-1,101,0.5,zero,2,50,last_prompt,random_j_2,intervention,1,0.09441630376709832
aggregate-control-1-202-+0.5-notebook-0.6-128,aggregate-control-1,202,0.5,zero,2,50,last_prompt,random_j_2,intervention,1,0.09324014186859131
aggregate-control-2-101-+0.5-notebook-0.6-128,aggregate-control-2,101,0.5,zero,2,50,last_prompt,random_j_2,intervention,1,0.06989557544390361
aggregate-control-2-202-+0.5-notebook-0.6-128,aggregate-control-2,202,0.5,zero,2,50,last_prompt,random_j_2,intervention,1,0.0681440035502116
aggregate-control-3-101-+0.5-notebook-0.6-128,aggregate-control-3,101,0.5,zero,2,50,last_prompt,random_j_2,intervention,1,0.12050259444448683
aggregate-control-3-202-+0.5-notebook-0.6-128,aggregate-control-3,202,0.5,zero,2,50,last_prompt,random_j_2,intervention,1,0.11853917439778645
aggregate-target-101-+0.5-notebook-0.6-128,aggregate-target,101,0.5,zero,2,50,last_prompt,random_j_2,intervention,1,0.012816708948877122
aggregate-target-202-+0.5-notebook-0.6-128,aggregate-target,202,0.5,zero,2,50,last_prompt,random_j_2,intervention,1,0.012843194935056899
aggregate-control-1-101-+0.5-notebook-0.6-128,aggregate-control-1,101,0.5,zero,2,50,last_prompt,random_j_2,roleplay,1,0.058186875449286565
aggregate-control-1-202-+0.5-notebook-0.6-128,aggregate-control-1,202,0.5,zero,2,50,last_prompt,random_j_2,roleplay,1,0.05781855516963535
aggregate-control-2-101-+0.5-notebook-0.6-128,aggregate-control-2,101,0.5,zero,2,50,last_prompt,random_j_2,roleplay,1,-0.03592596451441447
aggregate-control-2-202-+0.5-notebook-0.6-128,aggregate-control-2,202,0.5,zero,2,50,last_prompt,random_j_2,roleplay,1,-0.03701358040173849
aggregate-control-3-101-+0.5-notebook-0.6-128,aggregate-control-3,101,0.5,zero,2,50,last_prompt,random_j_2,roleplay,1,0.09410304162237379
aggregate-control-3-202-+0.5-notebook-0.6-128,aggregate-control-3,202,0.5,zero,2,50,last_prompt,random_j_2,roleplay,1,0.09257242414686415
aggregate-target-101-+0.5-notebook-0.6-128,aggregate-target,101,0.5,zero,2,50,last_prompt,random_j_2,roleplay,1,-0.017067670822143555
aggregate-target-202-+0.5-notebook-0.6-128,aggregate-target,202,0.5,zero,2,50,last_prompt,random_j_2,roleplay,1,-0.01823475956916809
aggregate-control-1-101-+0.5-notebook-0.6-128,aggregate-control-1,101,0.5,zero,2,50,last_prompt,random_j_2,unrelated,1,-0.01767714470624924
aggregate-control-1-202-+0.5-notebook-0.6-128,aggregate-control-1,202,0.5,zero,2,50,last_prompt,random_j_2,unrelated,1,-0.017706627398729323
aggregate-control-2-101-+0.5-notebook-0.6-128,aggregate-control-2,101,0.5,zero,2,50,last_prompt,random_j_2,unrelated,1,0.004653505980968475
aggregate-control-2-202-+0.5-notebook-0.6-128,aggregate-control-2,202,0.5,zero,2,50,last_prompt,random_j_2,unrelated,1,0.004126006364822387
aggregate-control-3-101-+0.5-notebook-0.6-128,aggregate-control-3,101,0.5,zero,2,50,last_prompt,random_j_2,unrelated,1,0.10143921300768852
aggregate-control-3-202-+0.5-notebook-0.6-128,aggregate-control-3,202,0.5,zero,2,50,last_prompt,random_j_2,unrelated,1,0.10049152597784997
aggregate-target-101-+0.5-notebook-0.6-128,aggregate-target,101,0.5,zero,2,50,last_prompt,random_j_2,unrelated,1,0.02584892064332962
aggregate-target-202-+0.5-notebook-0.6-128,aggregate-target,202,0.5,zero,2,50,last_prompt,random_j_2,unrelated,1,0.024210890382528306
aggregate-control-1-101-+0.5-notebook-0.6-128,aggregate-control-1,101,0.5,zero,2,50,last_prompt,random_j_3,deception,1,-0.03809319138526916
aggregate-control-1-202-+0.5-notebook-0.6-128,aggregate-control-1,202,0.5,zero,2,50,last_prompt,random_j_3,deception,1,-0.03794623613357544
aggregate-control-2-101-+0.5-notebook-0.6-128,aggregate-control-2,101,0.5,zero,2,50,last_prompt,random_j_3,deception,1,-0.02849966287612915
aggregate-control-2-202-+0.5-notebook-0.6-128,aggregate-control-2,202,0.5,zero,2,50,last_prompt,random_j_3,deception,1,-0.028641128540039064
aggregate-control-3-101-+0.5-notebook-0.6-128,aggregate-control-3,101,0.5,zero,2,50,last_prompt,random_j_3,deception,1,0.03600026965141297
aggregate-control-3-202-+0.5-notebook-0.6-128,aggregate-control-3,202,0.5,zero,2,50,last_prompt,random_j_3,deception,1,0.03572019338607788
aggregate-target-101-+0.5-notebook-0.6-128,aggregate-target,101,0.5,zero,2,50,last_prompt,random_j_3,deception,1,0.12686247229576111
aggregate-target-202-+0.5-notebook-0.6-128,aggregate-target,202,0.5,zero,2,50,last_prompt,random_j_3,deception,1,0.12354651391506195
aggregate-control-1-101-+0.5-notebook-0.6-128,aggregate-control-1,101,0.5,zero,2,50,last_prompt,random_j_3,experience,1,-0.0782751590013504
aggregate-control-1-202-+0.5-notebook-0.6-128,aggregate-control-1,202,0.5,zero,2,50,last_prompt,random_j_3,experience,1,-0.07751651108264923
aggregate-control-2-101-+0.5-notebook-0.6-128,aggregate-control-2,101,0.5,zero,2,50,last_prompt,random_j_3,experience,1,-0.07200036115116543
aggregate-control-2-202-+0.5-notebook-0.6-128,aggregate-control-2,202,0.5,zero,2,50,last_prompt,random_j_3,experience,1,-0.07129649859335688
aggregate-control-3-101-+0.5-notebook-0.6-128,aggregate-control-3,101,0.5,zero,2,50,last_prompt,random_j_3,experience,1,-0.07235381007194519
aggregate-control-3-202-+0.5-notebook-0.6-128,aggregate-control-3,202,0.5,zero,2,50,last_prompt,random_j_3,experience,1,-0.07076731738117006
aggregate-target-101-+0.5-notebook-0.6-128,aggregate-target,101,0.5,zero,2,50,last_prompt,random_j_3,experience,1,0.005936139159732395
aggregate-target-202-+0.5-notebook-0.6-128,aggregate-target,202,0.5,zero,2,50,last_prompt,random_j_3,experience,1,0.005535973856846492
aggregate-control-1-101-+0.5-notebook-0.6-128,aggregate-control-1,101,0.5,zero,2,50,last_prompt,random_j_3,hedging,1,-0.01619151681661606
aggregate-control-1-202-+0.5-notebook-0.6-128,aggregate-control-1,202,0.5,zero,2,50,last_prompt,random_j_3,hedging,1,-0.016207107901573183
aggregate-control-2-101-+0.5-notebook-0.6-128,aggregate-control-2,101,0.5,zero,2,50,last_prompt,random_j_3,hedging,1,-0.01926465332508087
aggregate-control-2-202-+0.5-notebook-0.6-128,aggregate-control-2,202,0.5,zero,2,50,last_prompt,random_j_3,hedging,1,-0.018981358408927916
aggregate-control-3-101-+0.5-notebook-0.6-128,aggregate-control-3,101,0.5,zero,2,50,last_prompt,random_j_3,hedging,1,-0.06425070613622666
aggregate-control-3-202-+0.5-notebook-0.6-128,aggregate-control-3,202,0.5,zero,2,50,last_prompt,random_j_3,hedging,1,-0.06214586198329926
aggregate-target-101-+0.5-notebook-0.6-128,aggregate-target,101,0.5,zero,2,50,last_prompt,random_j_3,hedging,1,0.03222551643848419
aggregate-target-202-+0.5-notebook-0.6-128,aggregate-target,202,0.5,zero,2,50,last_prompt,random_j_3,hedging,1,0.032940569519996646
aggregate-control-1-101-+0.5-notebook-0.6-128,aggregate-control-1,101,0.5,zero,2,50,last_prompt,random_j_3,honesty,1,0.02085791975259781
aggregate-control-1-202-+0.5-notebook-0.6-128,aggregate-control-1,202,0.5,zero,2,50,last_prompt,random_j_3,honesty,1,0.022530661523342134
aggregate-control-2-101-+0.5-notebook-0.6-128,aggregate-control-2,101,0.5,zero,2,50,last_prompt,random_j_3,honesty,1,0.04762884378433228
aggregate-control-2-202-+0.5-notebook-0.6-128,aggregate-control-2,202,0.5,zero,2,50,last_prompt,random_j_3,honesty,1,0.04666373245418072
aggregate-control-3-101-+0.5-notebook-0.6-128,aggregate-control-3,101,0.5,zero,2,50,last_prompt,random_j_3,honesty,1,0.006503156572580338
aggregate-control-3-202-+0.5-notebook-0.6-128,aggregate-control-3,202,0.5,zero,2,50,last_prompt,random_j_3,honesty,1,0.006817841529846191
aggregate-target-101-+0.5-notebook-0.6-128,aggregate-target,101,0.5,zero,2,50,last_prompt,random_j_3,honesty,1,0.05235271155834198
aggregate-target-202-+0.5-notebook-0.6-128,aggregate-target,202,0.5,zero,2,50,last_prompt,random_j_3,honesty,1,0.05183917135000229
aggregate-control-1-101-+0.5-notebook-0.6-128,aggregate-control-1,101,0.5,zero,2,50,last_prompt,random_j_3,intervention,1,-0.016849550935957167
aggregate-control-1-202-+0.5-notebook-0.6-128,aggregate-control-1,202,0.5,zero,2,50,last_prompt,random_j_3,intervention,1,-0.017449233267042372
aggregate-control-2-101-+0.5-notebook-0.6-128,aggregate-control-2,101,0.5,zero,2,50,last_prompt,random_j_3,intervention,1,-0.014394940601454841
aggregate-control-2-202-+0.5-notebook-0.6-128,aggregate-control-2,202,0.5,zero,2,50,last_prompt,random_j_3,intervention,1,-0.01538660791185167
aggregate-control-3-101-+0.5-notebook-0.6-128,aggregate-control-3,101,0.5,zero,2,50,last_prompt,random_j_3,intervention,1,0.0032781329419877795
aggregate-control-3-202-+0.5-notebook-0.6-128,aggregate-control-3,202,0.5,zero,2,50,last_prompt,random_j_3,intervention,1,0.0040462132957246565
aggregate-target-101-+0.5-notebook-0.6-128,aggregate-target,101,0.5,zero,2,50,last_prompt,random_j_3,intervention,1,0.041340216994285583
aggregate-target-202-+0.5-notebook-0.6-128,aggregate-target,202,0.5,zero,2,50,last_prompt,random_j_3,intervention,1,0.041572840677367315
aggregate-control-1-101-+0.5-notebook-0.6-128,aggregate-control-1,101,0.5,zero,2,50,last_prompt,random_j_3,roleplay,1,0.003983115156491597
aggregate-control-1-202-+0.5-notebook-0.6-128,aggregate-control-1,202,0.5,zero,2,50,last_prompt,random_j_3,roleplay,1,0.004433269302050273
aggregate-control-2-101-+0.5-notebook-0.6-128,aggregate-control-2,101,0.5,zero,2,50,last_prompt,random_j_3,roleplay,1,-0.022640021310912237
aggregate-control-2-202-+0.5-notebook-0.6-128,aggregate-control-2,202,0.5,zero,2,50,last_prompt,random_j_3,roleplay,1,-0.024458115299542744
aggregate-control-3-101-+0.5-notebook-0.6-128,aggregate-control-3,101,0.5,zero,2,50,last_prompt,random_j_3,roleplay,1,-0.07421399818526374
aggregate-control-3-202-+0.5-notebook-0.6-128,aggregate-control-3,202,0.5,zero,2,50,last_prompt,random_j_3,roleplay,1,-0.07309058143032922
aggregate-target-101-+0.5-notebook-0.6-128,aggregate-target,101,0.5,zero,2,50,last_prompt,random_j_3,roleplay,1,0.020030173990461562
aggregate-target-202-+0.5-notebook-0.6-128,aggregate-target,202,0.5,zero,2,50,last_prompt,random_j_3,roleplay,1,0.01996944182448917
aggregate-control-1-101-+0.5-notebook-0.6-128,aggregate-control-1,101,0.5,zero,2,50,last_prompt,random_j_3,unrelated,1,0.023577120155096054
aggregate-control-1-202-+0.5-notebook-0.6-128,aggregate-control-1,202,0.5,zero,2,50,last_prompt,random_j_3,unrelated,1,0.02326301783323288
aggregate-control-2-101-+0.5-notebook-0.6-128,aggregate-control-2,101,0.5,zero,2,50,last_prompt,random_j_3,unrelated,1,0.018010074645280837
aggregate-control-2-202-+0.5-notebook-0.6-128,aggregate-control-2,202,0.5,zero,2,50,last_prompt,random_j_3,unrelated,1,0.017277784645557404
aggregate-control-3-101-+0.5-notebook-0.6-128,aggregate-control-3,101,0.5,zero,2,50,last_prompt,random_j_3,unrelated,1,-0.03750488087534905
aggregate-control-3-202-+0.5-notebook-0.6-128,aggregate-control-3,202,0.5,zero,2,50,last_prompt,random_j_3,unrelated,1,-0.03608404248952866
aggregate-target-101-+0.5-notebook-0.6-128,aggregate-target,101,0.5,zero,2,50,last_prompt,random_j_3,unrelated,1,0.04030191078782082
aggregate-target-202-+0.5-notebook-0.6-128,aggregate-target,202,0.5,zero,2,50,last_prompt,random_j_3,unrelated,1,0.03977684378623962
aggregate-control-1-101-+0.5-notebook-0.6-128,aggregate-control-1,101,0.5,zero,2,50,last_prompt,random_j_4,deception,1,-0.05186178982257843
aggregate-control-1-202-+0.5-notebook-0.6-128,aggregate-control-1,202,0.5,zero,2,50,last_prompt,random_j_4,deception,1,-0.05060870498418808
aggregate-control-2-101-+0.5-notebook-0.6-128,aggregate-control-2,101,0.5,zero,2,50,last_prompt,random_j_4,deception,1,0.008279477059841157
aggregate-control-2-202-+0.5-notebook-0.6-128,aggregate-control-2,202,0.5,zero,2,50,last_prompt,random_j_4,deception,1,0.009619568288326264
aggregate-control-3-101-+0.5-notebook-0.6-128,aggregate-control-3,101,0.5,zero,2,50,last_prompt,random_j_4,deception,1,0.005667981505393982
aggregate-control-3-202-+0.5-notebook-0.6-128,aggregate-control-3,202,0.5,zero,2,50,last_prompt,random_j_4,deception,1,0.004661694169044495
aggregate-target-101-+0.5-notebook-0.6-128,aggregate-target,101,0.5,zero,2,50,last_prompt,random_j_4,deception,1,0.03535626232624054
aggregate-target-202-+0.5-notebook-0.6-128,aggregate-target,202,0.5,zero,2,50,last_prompt,random_j_4,deception,1,0.036398721486330034
aggregate-control-1-101-+0.5-notebook-0.6-128,aggregate-control-1,101,0.5,zero,2,50,last_prompt,random_j_4,experience,1,-0.11644363403320312
aggregate-control-1-202-+0.5-notebook-0.6-128,aggregate-control-1,202,0.5,zero,2,50,last_prompt,random_j_4,experience,1,-0.11573186185624865
aggregate-control-2-101-+0.5-notebook-0.6-128,aggregate-control-2,101,0.5,zero,2,50,last_prompt,random_j_4,experience,1,-0.02020391821861267
aggregate-control-2-202-+0.5-notebook-0.6-128,aggregate-control-2,202,0.5,zero,2,50,last_prompt,random_j_4,experience,1,-0.0193016164832645
aggregate-control-3-101-+0.5-notebook-0.6-128,aggregate-control-3,101,0.5,zero,2,50,last_prompt,random_j_4,experience,1,0.037078594168027244
aggregate-control-3-202-+0.5-notebook-0.6-128,aggregate-control-3,202,0.5,zero,2,50,last_prompt,random_j_4,experience,1,0.037175906201203666
aggregate-target-101-+0.5-notebook-0.6-128,aggregate-target,101,0.5,zero,2,50,last_prompt,random_j_4,experience,1,0.07073391808403863
aggregate-target-202-+0.5-notebook-0.6-128,aggregate-target,202,0.5,zero,2,50,last_prompt,random_j_4,experience,1,0.07095318370395237
aggregate-control-1-101-+0.5-notebook-0.6-128,aggregate-control-1,101,0.5,zero,2,50,last_prompt,random_j_4,hedging,1,0.044892968237400056
aggregate-control-1-202-+0.5-notebook-0.6-128,aggregate-control-1,202,0.5,zero,2,50,last_prompt,random_j_4,hedging,1,0.04412657022476196
aggregate-control-2-101-+0.5-notebook-0.6-128,aggregate-control-2,101,0.5,zero,2,50,last_prompt,random_j_4,hedging,1,-0.07279409989714622
aggregate-control-2-202-+0.5-notebook-0.6-128,aggregate-control-2,202,0.5,zero,2,50,last_prompt,random_j_4,hedging,1,-0.07240045666694642
aggregate-control-3-101-+0.5-notebook-0.6-128,aggregate-control-3,101,0.5,zero,2,50,last_prompt,random_j_4,hedging,1,0.02688368856906891
aggregate-control-3-202-+0.5-notebook-0.6-128,aggregate-control-3,202,0.5,zero,2,50,last_prompt,random_j_4,hedging,1,0.026874646544456482
aggregate-target-101-+0.5-notebook-0.6-128,aggregate-target,101,0.5,zero,2,50,last_prompt,random_j_4,hedging,1,0.007574459910392762
aggregate-target-202-+0.5-notebook-0.6-128,aggregate-target,202,0.5,zero,2,50,last_prompt,random_j_4,hedging,1,0.007266956567764282
aggregate-control-1-101-+0.5-notebook-0.6-128,aggregate-control-1,101,0.5,zero,2,50,last_prompt,random_j_4,honesty,1,-0.08083786368370056
aggregate-control-1-202-+0.5-notebook-0.6-128,aggregate-control-1,202,0.5,zero,2,50,last_prompt,random_j_4,honesty,1,-0.07920844703912736
aggregate-control-2-101-+0.5-notebook-0.6-128,aggregate-control-2,101,0.5,zero,2,50,last_prompt,random_j_4,honesty,1,0.011770865321159363
aggregate-control-2-202-+0.5-notebook-0.6-128,aggregate-control-2,202,0.5,zero,2,50,last_prompt,random_j_4,honesty,1,0.01207951158285141
aggregate-control-3-101-+0.5-notebook-0.6-128,aggregate-control-3,101,0.5,zero,2,50,last_prompt,random_j_4,honesty,1,0.08548626899719239
aggregate-control-3-202-+0.5-notebook-0.6-128,aggregate-control-3,202,0.5,zero,2,50,last_prompt,random_j_4,honesty,1,0.08369834125041961
aggregate-target-101-+0.5-notebook-0.6-128,aggregate-target,101,0.5,zero,2,50,last_prompt,random_j_4,honesty,1,-0.045693612098693846
aggregate-target-202-+0.5-notebook-0.6-128,aggregate-target,202,0.5,zero,2,50,last_prompt,random_j_4,honesty,1,-0.04444172829389572
aggregate-control-1-101-+0.5-notebook-0.6-128,aggregate-control-1,101,0.5,zero,2,50,last_prompt,random_j_4,intervention,1,0.04086301724116007
aggregate-control-1-202-+0.5-notebook-0.6-128,aggregate-control-1,202,0.5,zero,2,50,last_prompt,random_j_4,intervention,1,0.039556223485204905
aggregate-control-2-101-+0.5-notebook-0.6-128,aggregate-control-2,101,0.5,zero,2,50,last_prompt,random_j_4,intervention,1,-0.04746186070972019
aggregate-control-2-202-+0.5-notebook-0.6-128,aggregate-control-2,202,0.5,zero,2,50,last_prompt,random_j_4,intervention,1,-0.04593684938218859
aggregate-control-3-101-+0.5-notebook-0.6-128,aggregate-control-3,101,0.5,zero,2,50,last_prompt,random_j_4,intervention,1,0.02462173832787408
aggregate-control-3-202-+0.5-notebook-0.6-128,aggregate-control-3,202,0.5,zero,2,50,last_prompt,random_j_4,intervention,1,0.02517892254723443
aggregate-target-101-+0.5-notebook-0.6-128,aggregate-target,101,0.5,zero,2,50,last_prompt,random_j_4,intervention,1,0.0034265617529551187
aggregate-target-202-+0.5-notebook-0.6-128,aggregate-target,202,0.5,zero,2,50,last_prompt,random_j_4,intervention,1,0.0021744006209903294
aggregate-control-1-101-+0.5-notebook-0.6-128,aggregate-control-1,101,0.5,zero,2,50,last_prompt,random_j_4,roleplay,1,0.04034746686617533
aggregate-control-1-202-+0.5-notebook-0.6-128,aggregate-control-1,202,0.5,zero,2,50,last_prompt,random_j_4,roleplay,1,0.03927120235231188
aggregate-control-2-101-+0.5-notebook-0.6-128,aggregate-control-2,101,0.5,zero,2,50,last_prompt,random_j_4,roleplay,1,-0.07091725203726026
aggregate-control-2-202-+0.5-notebook-0.6-128,aggregate-control-2,202,0.5,zero,2,50,last_prompt,random_j_4,roleplay,1,-0.06901420818434821
aggregate-control-3-101-+0.5-notebook-0.6-128,aggregate-control-3,101,0.5,zero,2,50,last_prompt,random_j_4,roleplay,1,0.0509908182753457
aggregate-control-3-202-+0.5-notebook-0.6-128,aggregate-control-3,202,0.5,zero,2,50,last_prompt,random_j_4,roleplay,1,0.05067302121056451
aggregate-target-101-+0.5-notebook-0.6-128,aggregate-target,101,0.5,zero,2,50,last_prompt,random_j_4,roleplay,1,-0.07995268702507019
aggregate-target-202-+0.5-notebook-0.6-128,aggregate-target,202,0.5,zero,2,50,last_prompt,random_j_4,roleplay,1,-0.07827848196029663
aggregate-control-1-101-+0.5-notebook-0.6-128,aggregate-control-1,101,0.5,zero,2,50,last_prompt,random_j_4,unrelated,1,0.027298977226018907
aggregate-control-1-202-+0.5-notebook-0.6-128,aggregate-control-1,202,0.5,zero,2,50,last_prompt,random_j_4,unrelated,1,0.026711753010749816
aggregate-control-2-101-+0.5-notebook-0.6-128,aggregate-control-2,101,0.5,zero,2,50,last_prompt,random_j_4,unrelated,1,0.04765409827232361
aggregate-control-2-202-+0.5-notebook-0.6-128,aggregate-control-2,202,0.5,zero,2,50,last_prompt,random_j_4,unrelated,1,0.048813368380069735
aggregate-control-3-101-+0.5-notebook-0.6-128,aggregate-control-3,101,0.5,zero,2,50,last_prompt,random_j_4,unrelated,1,0.011269146949052811
aggregate-control-3-202-+0.5-notebook-0.6-128,aggregate-control-3,202,0.5,zero,2,50,last_prompt,random_j_4,unrelated,1,0.011040618270635605
aggregate-target-101-+0.5-notebook-0.6-128,aggregate-target,101,0.5,zero,2,50,last_prompt,random_j_4,unrelated,1,-0.0065778553485870365
aggregate-target-202-+0.5-notebook-0.6-128,aggregate-target,202,0.5,zero,2,50,last_prompt,random_j_4,unrelated,1,-0.005561365187168122
aggregate-control-1-101-+0.5-notebook-0.6-128,aggregate-control-1,101,0.5,zero,2,50,last_prompt,random_j_5,deception,1,-0.04489147812128067
aggregate-control-1-202-+0.5-notebook-0.6-128,aggregate-control-1,202,0.5,zero,2,50,last_prompt,random_j_5,deception,1,-0.04404134526848793
aggregate-control-2-101-+0.5-notebook-0.6-128,aggregate-control-2,101,0.5,zero,2,50,last_prompt,random_j_5,deception,1,-0.07860671877861022
aggregate-control-2-202-+0.5-notebook-0.6-128,aggregate-control-2,202,0.5,zero,2,50,last_prompt,random_j_5,deception,1,-0.07686977982521057
aggregate-control-3-101-+0.5-notebook-0.6-128,aggregate-control-3,101,0.5,zero,2,50,last_prompt,random_j_5,deception,1,0.05384571850299835
aggregate-control-3-202-+0.5-notebook-0.6-128,aggregate-control-3,202,0.5,zero,2,50,last_prompt,random_j_5,deception,1,0.05362304821610451
aggregate-target-101-+0.5-notebook-0.6-128,aggregate-target,101,0.5,zero,2,50,last_prompt,random_j_5,deception,1,-0.032260625064373015
aggregate-target-202-+0.5-notebook-0.6-128,aggregate-target,202,0.5,zero,2,50,last_prompt,random_j_5,deception,1,-0.03345169648528099
aggregate-control-1-101-+0.5-notebook-0.6-128,aggregate-control-1,101,0.5,zero,2,50,last_prompt,random_j_5,experience,1,-0.10438284443484412
aggregate-control-1-202-+0.5-notebook-0.6-128,aggregate-control-1,202,0.5,zero,2,50,last_prompt,random_j_5,experience,1,-0.10222083268066247
aggregate-control-2-101-+0.5-notebook-0.6-128,aggregate-control-2,101,0.5,zero,2,50,last_prompt,random_j_5,experience,1,0.059407340155707464
aggregate-control-2-202-+0.5-notebook-0.6-128,aggregate-control-2,202,0.5,zero,2,50,last_prompt,random_j_5,experience,1,0.058086105725831456
aggregate-control-3-101-+0.5-notebook-0.6-128,aggregate-control-3,101,0.5,zero,2,50,last_prompt,random_j_5,experience,1,-0.07831380267937978
aggregate-control-3-202-+0.5-notebook-0.6-128,aggregate-control-3,202,0.5,zero,2,50,last_prompt,random_j_5,experience,1,-0.07647319117354022
aggregate-target-101-+0.5-notebook-0.6-128,aggregate-target,101,0.5,zero,2,50,last_prompt,random_j_5,experience,1,-0.043529874748653836
aggregate-target-202-+0.5-notebook-0.6-128,aggregate-target,202,0.5,zero,2,50,last_prompt,random_j_5,experience,1,-0.043832136732008725
aggregate-control-1-101-+0.5-notebook-0.6-128,aggregate-control-1,101,0.5,zero,2,50,last_prompt,random_j_5,hedging,1,-0.03456157296895981
aggregate-control-1-202-+0.5-notebook-0.6-128,aggregate-control-1,202,0.5,zero,2,50,last_prompt,random_j_5,hedging,1,-0.03426805138587952
aggregate-control-2-101-+0.5-notebook-0.6-128,aggregate-control-2,101,0.5,zero,2,50,last_prompt,random_j_5,hedging,1,-0.007555253803730011
aggregate-control-2-202-+0.5-notebook-0.6-128,aggregate-control-2,202,0.5,zero,2,50,last_prompt,random_j_5,hedging,1,-0.007630714029073715
aggregate-control-3-101-+0.5-notebook-0.6-128,aggregate-control-3,101,0.5,zero,2,50,last_prompt,random_j_5,hedging,1,-0.09909164011478425
aggregate-control-3-202-+0.5-notebook-0.6-128,aggregate-control-3,202,0.5,zero,2,50,last_prompt,random_j_5,hedging,1,-0.09710024669766426
aggregate-target-101-+0.5-notebook-0.6-128,aggregate-target,101,0.5,zero,2,50,last_prompt,random_j_5,hedging,1,0.08898274302482605
aggregate-target-202-+0.5-notebook-0.6-128,aggregate-target,202,0.5,zero,2,50,last_prompt,random_j_5,hedging,1,0.08788699880242348
aggregate-control-1-101-+0.5-notebook-0.6-128,aggregate-control-1,101,0.5,zero,2,50,last_prompt,random_j_5,honesty,1,-0.04395172894001007
aggregate-control-1-202-+0.5-notebook-0.6-128,aggregate-control-1,202,0.5,zero,2,50,last_prompt,random_j_5,honesty,1,-0.0425427719950676
aggregate-control-2-101-+0.5-notebook-0.6-128,aggregate-control-2,101,0.5,zero,2,50,last_prompt,random_j_5,honesty,1,0.09712927341461182
aggregate-control-2-202-+0.5-notebook-0.6-128,aggregate-control-2,202,0.5,zero,2,50,last_prompt,random_j_5,honesty,1,0.09730173796415328
aggregate-control-3-101-+0.5-notebook-0.6-128,aggregate-control-3,101,0.5,zero,2,50,last_prompt,random_j_5,honesty,1,-0.0768644392490387
aggregate-control-3-202-+0.5-notebook-0.6-128,aggregate-control-3,202,0.5,zero,2,50,last_prompt,random_j_5,honesty,1,-0.07564471364021301
aggregate-target-101-+0.5-notebook-0.6-128,aggregate-target,101,0.5,zero,2,50,last_prompt,random_j_5,honesty,1,-0.0693721354007721
aggregate-target-202-+0.5-notebook-0.6-128,aggregate-target,202,0.5,zero,2,50,last_prompt,random_j_5,honesty,1,-0.06831634938716888
aggregate-control-1-101-+0.5-notebook-0.6-128,aggregate-control-1,101,0.5,zero,2,50,last_prompt,random_j_5,intervention,1,0.030942933426962957
aggregate-control-1-202-+0.5-notebook-0.6-128,aggregate-control-1,202,0.5,zero,2,50,last_prompt,random_j_5,intervention,1,0.03082846932941013
aggregate-control-2-101-+0.5-notebook-0.6-128,aggregate-control-2,101,0.5,zero,2,50,last_prompt,random_j_5,intervention,1,-0.08930511938201056
aggregate-control-2-202-+0.5-notebook-0.6-128,aggregate-control-2,202,0.5,zero,2,50,last_prompt,random_j_5,intervention,1,-0.08795610401365492
aggregate-control-3-101-+0.5-notebook-0.6-128,aggregate-control-3,101,0.5,zero,2,50,last_prompt,random_j_5,intervention,1,-0.0720570186773936
aggregate-control-3-202-+0.5-notebook-0.6-128,aggregate-control-3,202,0.5,zero,2,50,last_prompt,random_j_5,intervention,1,-0.07096708483166164
aggregate-target-101-+0.5-notebook-0.6-128,aggregate-target,101,0.5,zero,2,50,last_prompt,random_j_5,intervention,1,0.05724116166432699
aggregate-target-202-+0.5-notebook-0.6-128,aggregate-target,202,0.5,zero,2,50,last_prompt,random_j_5,intervention,1,0.05658012628555298
aggregate-control-1-101-+0.5-notebook-0.6-128,aggregate-control-1,101,0.5,zero,2,50,last_prompt,random_j_5,roleplay,1,-0.08553889228238
aggregate-control-1-202-+0.5-notebook-0.6-128,aggregate-control-1,202,0.5,zero,2,50,last_prompt,random_j_5,roleplay,1,-0.0852242112159729
aggregate-control-2-101-+0.5-notebook-0.6-128,aggregate-control-2,101,0.5,zero,2,50,last_prompt,random_j_5,roleplay,1,-0.023574147787359025
aggregate-control-2-202-+0.5-notebook-0.6-128,aggregate-control-2,202,0.5,zero,2,50,last_prompt,random_j_5,roleplay,1,-0.021981593635347154
aggregate-control-3-101-+0.5-notebook-0.6-128,aggregate-control-3,101,0.5,zero,2,50,last_prompt,random_j_5,roleplay,1,-0.06957281794812945
aggregate-control-3-202-+0.5-notebook-0.6-128,aggregate-control-3,202,0.5,zero,2,50,last_prompt,random_j_5,roleplay,1,-0.06757693986097972
aggregate-target-101-+0.5-notebook-0.6-128,aggregate-target,101,0.5,zero,2,50,last_prompt,random_j_5,roleplay,1,-0.0877597580353419
aggregate-target-202-+0.5-notebook-0.6-128,aggregate-target,202,0.5,zero,2,50,last_prompt,random_j_5,roleplay,1,-0.08686450868844986
aggregate-control-1-101-+0.5-notebook-0.6-128,aggregate-control-1,101,0.5,zero,2,50,last_prompt,random_j_5,unrelated,1,0.025092825293540955
aggregate-control-1-202-+0.5-notebook-0.6-128,aggregate-control-1,202,0.5,zero,2,50,last_prompt,random_j_5,unrelated,1,0.024191677570343018
aggregate-control-2-101-+0.5-notebook-0.6-128,aggregate-control-2,101,0.5,zero,2,50,last_prompt,random_j_5,unrelated,1,0.03210580348968506
aggregate-control-2-202-+0.5-notebook-0.6-128,aggregate-control-2,202,0.5,zero,2,50,last_prompt,random_j_5,unrelated,1,0.03247365057468414
aggregate-control-3-101-+0.5-notebook-0.6-128,aggregate-control-3,101,0.5,zero,2,50,last_prompt,random_j_5,unrelated,1,-0.043054422736167906
aggregate-control-3-202-+0.5-notebook-0.6-128,aggregate-control-3,202,0.5,zero,2,50,last_prompt,random_j_5,unrelated,1,-0.043328657746315
aggregate-target-101-+0.5-notebook-0.6-128,aggregate-target,101,0.5,zero,2,50,last_prompt,random_j_5,unrelated,1,0.01690686643123627
aggregate-target-202-+0.5-notebook-0.6-128,aggregate-target,202,0.5,zero,2,50,last_prompt,random_j_5,unrelated,1,0.01657165139913559
aggregate-control-1-101-+0.5-notebook-0.6-128,aggregate-control-1,101,0.5,zero,2,65,last_prompt,identity,deception,1,-0.08565571010112763
aggregate-control-1-202-+0.5-notebook-0.6-128,aggregate-control-1,202,0.5,zero,2,65,last_prompt,identity,deception,1,-0.04537819921970367
aggregate-control-2-101-+0.5-notebook-0.6-128,aggregate-control-2,101,0.5,zero,2,65,last_prompt,identity,deception,1,-0.02590913772583008
aggregate-control-2-202-+0.5-notebook-0.6-128,aggregate-control-2,202,0.5,zero,2,65,last_prompt,identity,deception,1,-0.0002616927027702332
aggregate-control-3-101-+0.5-notebook-0.6-128,aggregate-control-3,101,0.5,zero,2,65,last_prompt,identity,deception,1,-0.19422687739133834
aggregate-control-3-202-+0.5-notebook-0.6-128,aggregate-control-3,202,0.5,zero,2,65,last_prompt,identity,deception,1,-0.16709301620721817
aggregate-target-101-+0.5-notebook-0.6-128,aggregate-target,101,0.5,zero,2,65,last_prompt,identity,deception,1,0.25449194610118864
aggregate-target-202-+0.5-notebook-0.6-128,aggregate-target,202,0.5,zero,2,65,last_prompt,identity,deception,1,0.26084034964442254
aggregate-control-1-101-+0.5-notebook-0.6-128,aggregate-control-1,101,0.5,zero,2,65,last_prompt,identity,experience,1,-0.058392675386534795
aggregate-control-1-202-+0.5-notebook-0.6-128,aggregate-control-1,202,0.5,zero,2,65,last_prompt,identity,experience,1,-0.05158746904797024
aggregate-control-2-101-+0.5-notebook-0.6-128,aggregate-control-2,101,0.5,zero,2,65,last_prompt,identity,experience,1,-0.1228575391901864
aggregate-control-2-202-+0.5-notebook-0.6-128,aggregate-control-2,202,0.5,zero,2,65,last_prompt,identity,experience,1,-0.12330655091338688
aggregate-control-3-101-+0.5-notebook-0.6-128,aggregate-control-3,101,0.5,zero,2,65,last_prompt,identity,experience,1,-0.06300854351785448
aggregate-control-3-202-+0.5-notebook-0.6-128,aggregate-control-3,202,0.5,zero,2,65,last_prompt,identity,experience,1,-0.07557616631189983
aggregate-target-101-+0.5-notebook-0.6-128,aggregate-target,101,0.5,zero,2,65,last_prompt,identity,experience,1,-0.05581951472494337
aggregate-target-202-+0.5-notebook-0.6-128,aggregate-target,202,0.5,zero,2,65,last_prompt,identity,experience,1,-0.07159417536523607
aggregate-control-1-101-+0.5-notebook-0.6-128,aggregate-control-1,101,0.5,zero,2,65,last_prompt,identity,hedging,1,0.022844389826059342
aggregate-control-1-202-+0.5-notebook-0.6-128,aggregate-control-1,202,0.5,zero,2,65,last_prompt,identity,hedging,1,0.0313418447971344
aggregate-control-2-101-+0.5-notebook-0.6-128,aggregate-control-2,101,0.5,zero,2,65,last_prompt,identity,hedging,1,-0.04085623845458031
aggregate-control-2-202-+0.5-notebook-0.6-128,aggregate-control-2,202,0.5,zero,2,65,last_prompt,identity,hedging,1,-0.03614821434020996
aggregate-control-3-101-+0.5-notebook-0.6-128,aggregate-control-3,101,0.5,zero,2,65,last_prompt,identity,hedging,1,-0.03333040624856949
aggregate-control-3-202-+0.5-notebook-0.6-128,aggregate-control-3,202,0.5,zero,2,65,last_prompt,identity,hedging,1,-0.05232390463352203
aggregate-target-101-+0.5-notebook-0.6-128,aggregate-target,101,0.5,zero,2,65,last_prompt,identity,hedging,1,-0.019370736181735994
aggregate-target-202-+0.5-notebook-0.6-128,aggregate-target,202,0.5,zero,2,65,last_prompt,identity,hedging,1,-0.025680556893348694
aggregate-control-1-101-+0.5-notebook-0.6-128,aggregate-control-1,101,0.5,zero,2,65,last_prompt,identity,honesty,1,0.008604059368371964
aggregate-control-1-202-+0.5-notebook-0.6-128,aggregate-control-1,202,0.5,zero,2,65,last_prompt,identity,honesty,1,0.04633339047431946
aggregate-control-2-101-+0.5-notebook-0.6-128,aggregate-control-2,101,0.5,zero,2,65,last_prompt,identity,honesty,1,-0.04384288564324379
aggregate-control-2-202-+0.5-notebook-0.6-128,aggregate-control-2,202,0.5,zero,2,65,last_prompt,identity,honesty,1,-0.05095881223678589
aggregate-control-3-101-+0.5-notebook-0.6-128,aggregate-control-3,101,0.5,zero,2,65,last_prompt,identity,honesty,1,-0.13162884935736657
aggregate-control-3-202-+0.5-notebook-0.6-128,aggregate-control-3,202,0.5,zero,2,65,last_prompt,identity,honesty,1,-0.13056400120258332
aggregate-target-101-+0.5-notebook-0.6-128,aggregate-target,101,0.5,zero,2,65,last_prompt,identity,honesty,1,-0.07089212164282799
aggregate-target-202-+0.5-notebook-0.6-128,aggregate-target,202,0.5,zero,2,65,last_prompt,identity,honesty,1,-0.03214145749807358
aggregate-control-1-101-+0.5-notebook-0.6-128,aggregate-control-1,101,0.5,zero,2,65,last_prompt,identity,intervention,1,0.004023563530710008
aggregate-control-1-202-+0.5-notebook-0.6-128,aggregate-control-1,202,0.5,zero,2,65,last_prompt,identity,intervention,1,0.011044171121385362
aggregate-control-2-101-+0.5-notebook-0.6-128,aggregate-control-2,101,0.5,zero,2,65,last_prompt,identity,intervention,1,-0.1165350013309055
aggregate-control-2-202-+0.5-notebook-0.6-128,aggregate-control-2,202,0.5,zero,2,65,last_prompt,identity,intervention,1,-0.11680865287780762
aggregate-control-3-101-+0.5-notebook-0.6-128,aggregate-control-3,101,0.5,zero,2,65,last_prompt,identity,intervention,1,-0.0610672351386812
aggregate-control-3-202-+0.5-notebook-0.6-128,aggregate-control-3,202,0.5,zero,2,65,last_prompt,identity,intervention,1,-0.06507437096701728
aggregate-target-101-+0.5-notebook-0.6-128,aggregate-target,101,0.5,zero,2,65,last_prompt,identity,intervention,1,-0.016974152790175542
aggregate-target-202-+0.5-notebook-0.6-128,aggregate-target,202,0.5,zero,2,65,last_prompt,identity,intervention,1,-0.024864421950446233
aggregate-control-1-101-+0.5-notebook-0.6-128,aggregate-control-1,101,0.5,zero,2,65,last_prompt,identity,roleplay,1,0.0383848175406456
aggregate-control-1-202-+0.5-notebook-0.6-128,aggregate-control-1,202,0.5,zero,2,65,last_prompt,identity,roleplay,1,0.06099704570240445
aggregate-control-2-101-+0.5-notebook-0.6-128,aggregate-control-2,101,0.5,zero,2,65,last_prompt,identity,roleplay,1,0.032813026673263974
aggregate-control-2-202-+0.5-notebook-0.6-128,aggregate-control-2,202,0.5,zero,2,65,last_prompt,identity,roleplay,1,0.019506346020433638
aggregate-control-3-101-+0.5-notebook-0.6-128,aggregate-control-3,101,0.5,zero,2,65,last_prompt,identity,roleplay,1,-0.019220166736178927
aggregate-control-3-202-+0.5-notebook-0.6-128,aggregate-control-3,202,0.5,zero,2,65,last_prompt,identity,roleplay,1,-0.006970832745234172
aggregate-target-101-+0.5-notebook-0.6-128,aggregate-target,101,0.5,zero,2,65,last_prompt,identity,roleplay,1,0.14725332458813986
aggregate-target-202-+0.5-notebook-0.6-128,aggregate-target,202,0.5,zero,2,65,last_prompt,identity,roleplay,1,0.15573140564892027
aggregate-control-1-101-+0.5-notebook-0.6-128,aggregate-control-1,101,0.5,zero,2,65,last_prompt,identity,unrelated,1,0.00830806940793991
aggregate-control-1-202-+0.5-notebook-0.6-128,aggregate-control-1,202,0.5,zero,2,65,last_prompt,identity,unrelated,1,0.01717436723411083
aggregate-control-2-101-+0.5-notebook-0.6-128,aggregate-control-2,101,0.5,zero,2,65,last_prompt,identity,unrelated,1,0.0498498409986496
aggregate-control-2-202-+0.5-notebook-0.6-128,aggregate-control-2,202,0.5,zero,2,65,last_prompt,identity,unrelated,1,0.034294630959630014
aggregate-control-3-101-+0.5-notebook-0.6-128,aggregate-control-3,101,0.5,zero,2,65,last_prompt,identity,unrelated,1,-0.017665505409240723
aggregate-control-3-202-+0.5-notebook-0.6-128,aggregate-control-3,202,0.5,zero,2,65,last_prompt,identity,unrelated,1,-0.022780902311205865
aggregate-target-101-+0.5-notebook-0.6-128,aggregate-target,101,0.5,zero,2,65,last_prompt,identity,unrelated,1,-0.09471972435712814
aggregate-target-202-+0.5-notebook-0.6-128,aggregate-target,202,0.5,zero,2,65,last_prompt,identity,unrelated,1,-0.09535671137273312
aggregate-control-1-101-+0.5-notebook-0.6-128,aggregate-control-1,101,0.5,zero,2,65,last_prompt,jacobian,deception,1,-0.0611184298992157
aggregate-control-1-202-+0.5-notebook-0.6-128,aggregate-control-1,202,0.5,zero,2,65,last_prompt,jacobian,deception,1,-0.04438309371471405
aggregate-control-2-101-+0.5-notebook-0.6-128,aggregate-control-2,101,0.5,zero,2,65,last_prompt,jacobian,deception,1,0.04213685393333435
aggregate-control-2-202-+0.5-notebook-0.6-128,aggregate-control-2,202,0.5,zero,2,65,last_prompt,jacobian,deception,1,0.08338126093149185
aggregate-control-3-101-+0.5-notebook-0.6-128,aggregate-control-3,101,0.5,zero,2,65,last_prompt,jacobian,deception,1,-0.08911780714988708
aggregate-control-3-202-+0.5-notebook-0.6-128,aggregate-control-3,202,0.5,zero,2,65,last_prompt,jacobian,deception,1,-0.05685153752565384
aggregate-target-101-+0.5-notebook-0.6-128,aggregate-target,101,0.5,zero,2,65,last_prompt,jacobian,deception,1,1.2027179062366486
aggregate-target-202-+0.5-notebook-0.6-128,aggregate-target,202,0.5,zero,2,65,last_prompt,jacobian,deception,1,1.2301261976361275
aggregate-control-1-101-+0.5-notebook-0.6-128,aggregate-control-1,101,0.5,zero,2,65,last_prompt,jacobian,experience,1,-0.055353111690945096
aggregate-control-1-202-+0.5-notebook-0.6-128,aggregate-control-1,202,0.5,zero,2,65,last_prompt,jacobian,experience,1,-0.06670475006103516
aggregate-control-2-101-+0.5-notebook-0.6-128,aggregate-control-2,101,0.5,zero,2,65,last_prompt,jacobian,experience,1,-0.2416455480787489
aggregate-control-2-202-+0.5-notebook-0.6-128,aggregate-control-2,202,0.5,zero,2,65,last_prompt,jacobian,experience,1,-0.202036009894477
aggregate-control-3-101-+0.5-notebook-0.6-128,aggregate-control-3,101,0.5,zero,2,65,last_prompt,jacobian,experience,1,0.10002003775702582
aggregate-control-3-202-+0.5-notebook-0.6-128,aggregate-control-3,202,0.5,zero,2,65,last_prompt,jacobian,experience,1,0.10981909434000652
aggregate-target-101-+0.5-notebook-0.6-128,aggregate-target,101,0.5,zero,2,65,last_prompt,jacobian,experience,1,-0.022017796834309895
aggregate-target-202-+0.5-notebook-0.6-128,aggregate-target,202,0.5,zero,2,65,last_prompt,jacobian,experience,1,0.011554929945203993
aggregate-control-1-101-+0.5-notebook-0.6-128,aggregate-control-1,101,0.5,zero,2,65,last_prompt,jacobian,hedging,1,-0.09506900310516357
aggregate-control-1-202-+0.5-notebook-0.6-128,aggregate-control-1,202,0.5,zero,2,65,last_prompt,jacobian,hedging,1,-0.09640384912490844
aggregate-control-2-101-+0.5-notebook-0.6-128,aggregate-control-2,101,0.5,zero,2,65,last_prompt,jacobian,hedging,1,0.04687445163726807
aggregate-control-2-202-+0.5-notebook-0.6-128,aggregate-control-2,202,0.5,zero,2,65,last_prompt,jacobian,hedging,1,0.05620099306106567
aggregate-control-3-101-+0.5-notebook-0.6-128,aggregate-control-3,101,0.5,zero,2,65,last_prompt,jacobian,hedging,1,-0.0025941610336303713
aggregate-control-3-202-+0.5-notebook-0.6-128,aggregate-control-3,202,0.5,zero,2,65,last_prompt,jacobian,hedging,1,-0.021781492233276366
aggregate-target-101-+0.5-notebook-0.6-128,aggregate-target,101,0.5,zero,2,65,last_prompt,jacobian,hedging,1,0.027841711044311525
aggregate-target-202-+0.5-notebook-0.6-128,aggregate-target,202,0.5,zero,2,65,last_prompt,jacobian,hedging,1,0.044641423225402835
aggregate-control-1-101-+0.5-notebook-0.6-128,aggregate-control-1,101,0.5,zero,2,65,last_prompt,jacobian,honesty,1,-0.034295856952667236
aggregate-control-1-202-+0.5-notebook-0.6-128,aggregate-control-1,202,0.5,zero,2,65,last_prompt,jacobian,honesty,1,-0.03458173274993896
aggregate-control-2-101-+0.5-notebook-0.6-128,aggregate-control-2,101,0.5,zero,2,65,last_prompt,jacobian,honesty,1,0.003568994998931885
aggregate-control-2-202-+0.5-notebook-0.6-128,aggregate-control-2,202,0.5,zero,2,65,last_prompt,jacobian,honesty,1,0.00026192665100097654
aggregate-control-3-101-+0.5-notebook-0.6-128,aggregate-control-3,101,0.5,zero,2,65,last_prompt,jacobian,honesty,1,-0.08927462100982667
aggregate-control-3-202-+0.5-notebook-0.6-128,aggregate-control-3,202,0.5,zero,2,65,last_prompt,jacobian,honesty,1,-0.08323707580566406
aggregate-target-101-+0.5-notebook-0.6-128,aggregate-target,101,0.5,zero,2,65,last_prompt,jacobian,honesty,1,0.18118900060653687
aggregate-target-202-+0.5-notebook-0.6-128,aggregate-target,202,0.5,zero,2,65,last_prompt,jacobian,honesty,1,0.22346529960632325
aggregate-control-1-101-+0.5-notebook-0.6-128,aggregate-control-1,101,0.5,zero,2,65,last_prompt,jacobian,intervention,1,0.049869072106149465
aggregate-control-1-202-+0.5-notebook-0.6-128,aggregate-control-1,202,0.5,zero,2,65,last_prompt,jacobian,intervention,1,0.0369362628294362
aggregate-control-2-101-+0.5-notebook-0.6-128,aggregate-control-2,101,0.5,zero,2,65,last_prompt,jacobian,intervention,1,-0.023196718759006925
aggregate-control-2-202-+0.5-notebook-0.6-128,aggregate-control-2,202,0.5,zero,2,65,last_prompt,jacobian,intervention,1,-0.01844770047399733
aggregate-control-3-101-+0.5-notebook-0.6-128,aggregate-control-3,101,0.5,zero,2,65,last_prompt,jacobian,intervention,1,0.018665408094724018
aggregate-control-3-202-+0.5-notebook-0.6-128,aggregate-control-3,202,0.5,zero,2,65,last_prompt,jacobian,intervention,1,0.015960257914331224
aggregate-target-101-+0.5-notebook-0.6-128,aggregate-target,101,0.5,zero,2,65,last_prompt,jacobian,intervention,1,0.18236159616046482
aggregate-target-202-+0.5-notebook-0.6-128,aggregate-target,202,0.5,zero,2,65,last_prompt,jacobian,intervention,1,0.1997201128138436
aggregate-control-1-101-+0.5-notebook-0.6-128,aggregate-control-1,101,0.5,zero,2,65,last_prompt,jacobian,roleplay,1,0.07815803421868218
aggregate-control-1-202-+0.5-notebook-0.6-128,aggregate-control-1,202,0.5,zero,2,65,last_prompt,jacobian,roleplay,1,0.07241406705644396
aggregate-control-2-101-+0.5-notebook-0.6-128,aggregate-control-2,101,0.5,zero,2,65,last_prompt,jacobian,roleplay,1,-0.019121607144673664
aggregate-control-2-202-+0.5-notebook-0.6-128,aggregate-control-2,202,0.5,zero,2,65,last_prompt,jacobian,roleplay,1,-0.01040820942984687
aggregate-control-3-101-+0.5-notebook-0.6-128,aggregate-control-3,101,0.5,zero,2,65,last_prompt,jacobian,roleplay,1,0.05849699841605292
aggregate-control-3-202-+0.5-notebook-0.6-128,aggregate-control-3,202,0.5,zero,2,65,last_prompt,jacobian,roleplay,1,0.074630253844791
aggregate-target-101-+0.5-notebook-0.6-128,aggregate-target,101,0.5,zero,2,65,last_prompt,jacobian,roleplay,1,0.5774127708541023
aggregate-target-202-+0.5-notebook-0.6-128,aggregate-target,202,0.5,zero,2,65,last_prompt,jacobian,roleplay,1,0.6132126450538635
aggregate-control-1-101-+0.5-notebook-0.6-128,aggregate-control-1,101,0.5,zero,2,65,last_prompt,jacobian,unrelated,1,0.10909253358840942
aggregate-control-1-202-+0.5-notebook-0.6-128,aggregate-control-1,202,0.5,zero,2,65,last_prompt,jacobian,unrelated,1,0.09026843905448914
aggregate-control-2-101-+0.5-notebook-0.6-128,aggregate-control-2,101,0.5,zero,2,65,last_prompt,jacobian,unrelated,1,0.0802525132894516
aggregate-control-2-202-+0.5-notebook-0.6-128,aggregate-control-2,202,0.5,zero,2,65,last_prompt,jacobian,unrelated,1,0.08086971640586853
aggregate-control-3-101-+0.5-notebook-0.6-128,aggregate-control-3,101,0.5,zero,2,65,last_prompt,jacobian,unrelated,1,0.013318023085594178
aggregate-control-3-202-+0.5-notebook-0.6-128,aggregate-control-3,202,0.5,zero,2,65,last_prompt,jacobian,unrelated,1,0.01976727843284607
aggregate-target-101-+0.5-notebook-0.6-128,aggregate-target,101,0.5,zero,2,65,last_prompt,jacobian,unrelated,1,-0.09551716446876526
aggregate-target-202-+0.5-notebook-0.6-128,aggregate-target,202,0.5,zero,2,65,last_prompt,jacobian,unrelated,1,-0.07568995133042336
aggregate-control-1-101-+0.5-notebook-0.6-128,aggregate-control-1,101,0.5,zero,2,65,last_prompt,random_j_1,deception,1,-0.04352944195270538
aggregate-control-1-202-+0.5-notebook-0.6-128,aggregate-control-1,202,0.5,zero,2,65,last_prompt,random_j_1,deception,1,-0.0389788806438446
aggregate-control-2-101-+0.5-notebook-0.6-128,aggregate-control-2,101,0.5,zero,2,65,last_prompt,random_j_1,deception,1,-0.04881723523139954
aggregate-control-2-202-+0.5-notebook-0.6-128,aggregate-control-2,202,0.5,zero,2,65,last_prompt,random_j_1,deception,1,-0.02644275426864624
aggregate-control-3-101-+0.5-notebook-0.6-128,aggregate-control-3,101,0.5,zero,2,65,last_prompt,random_j_1,deception,1,0.09839092642068863
aggregate-control-3-202-+0.5-notebook-0.6-128,aggregate-control-3,202,0.5,zero,2,65,last_prompt,random_j_1,deception,1,0.12279836162924766
aggregate-target-101-+0.5-notebook-0.6-128,aggregate-target,101,0.5,zero,2,65,last_prompt,random_j_1,deception,1,-0.049927140772342685
aggregate-target-202-+0.5-notebook-0.6-128,aggregate-target,202,0.5,zero,2,65,last_prompt,random_j_1,deception,1,-0.018551735579967497
aggregate-control-1-101-+0.5-notebook-0.6-128,aggregate-control-1,101,0.5,zero,2,65,last_prompt,random_j_1,experience,1,0.022327194611231487
aggregate-control-1-202-+0.5-notebook-0.6-128,aggregate-control-1,202,0.5,zero,2,65,last_prompt,random_j_1,experience,1,0.03305970629056295
aggregate-control-2-101-+0.5-notebook-0.6-128,aggregate-control-2,101,0.5,zero,2,65,last_prompt,random_j_1,experience,1,0.05748633543650309
aggregate-control-2-202-+0.5-notebook-0.6-128,aggregate-control-2,202,0.5,zero,2,65,last_prompt,random_j_1,experience,1,0.06317249602741665
aggregate-control-3-101-+0.5-notebook-0.6-128,aggregate-control-3,101,0.5,zero,2,65,last_prompt,random_j_1,experience,1,0.10476070145765941
aggregate-control-3-202-+0.5-notebook-0.6-128,aggregate-control-3,202,0.5,zero,2,65,last_prompt,random_j_1,experience,1,0.08039724992381202
aggregate-target-101-+0.5-notebook-0.6-128,aggregate-target,101,0.5,zero,2,65,last_prompt,random_j_1,experience,1,-0.07107235656844245
aggregate-target-202-+0.5-notebook-0.6-128,aggregate-target,202,0.5,zero,2,65,last_prompt,random_j_1,experience,1,-0.0448722243309021
aggregate-control-1-101-+0.5-notebook-0.6-128,aggregate-control-1,101,0.5,zero,2,65,last_prompt,random_j_1,hedging,1,-0.06628786399960518
aggregate-control-1-202-+0.5-notebook-0.6-128,aggregate-control-1,202,0.5,zero,2,65,last_prompt,random_j_1,hedging,1,-0.05958404392004013
aggregate-control-2-101-+0.5-notebook-0.6-128,aggregate-control-2,101,0.5,zero,2,65,last_prompt,random_j_1,hedging,1,-0.05688849538564682
aggregate-control-2-202-+0.5-notebook-0.6-128,aggregate-control-2,202,0.5,zero,2,65,last_prompt,random_j_1,hedging,1,-0.05538285374641418
aggregate-control-3-101-+0.5-notebook-0.6-128,aggregate-control-3,101,0.5,zero,2,65,last_prompt,random_j_1,hedging,1,0.0783013142645359
aggregate-control-3-202-+0.5-notebook-0.6-128,aggregate-control-3,202,0.5,zero,2,65,last_prompt,random_j_1,hedging,1,0.07705719172954559
aggregate-target-101-+0.5-notebook-0.6-128,aggregate-target,101,0.5,zero,2,65,last_prompt,random_j_1,hedging,1,-0.05115775018930435
aggregate-target-202-+0.5-notebook-0.6-128,aggregate-target,202,0.5,zero,2,65,last_prompt,random_j_1,hedging,1,-0.029529989510774613
aggregate-control-1-101-+0.5-notebook-0.6-128,aggregate-control-1,101,0.5,zero,2,65,last_prompt,random_j_1,honesty,1,0.022689732909202575
aggregate-control-1-202-+0.5-notebook-0.6-128,aggregate-control-1,202,0.5,zero,2,65,last_prompt,random_j_1,honesty,1,0.024659803509712218
aggregate-control-2-101-+0.5-notebook-0.6-128,aggregate-control-2,101,0.5,zero,2,65,last_prompt,random_j_1,honesty,1,-0.05630535185337067
aggregate-control-2-202-+0.5-notebook-0.6-128,aggregate-control-2,202,0.5,zero,2,65,last_prompt,random_j_1,honesty,1,-0.05634685754776001
aggregate-control-3-101-+0.5-notebook-0.6-128,aggregate-control-3,101,0.5,zero,2,65,last_prompt,random_j_1,honesty,1,-0.0074085801839828495
aggregate-control-3-202-+0.5-notebook-0.6-128,aggregate-control-3,202,0.5,zero,2,65,last_prompt,random_j_1,honesty,1,-0.029175007343292238
aggregate-target-101-+0.5-notebook-0.6-128,aggregate-target,101,0.5,zero,2,65,last_prompt,random_j_1,honesty,1,0.00045951902866363524
aggregate-target-202-+0.5-notebook-0.6-128,aggregate-target,202,0.5,zero,2,65,last_prompt,random_j_1,honesty,1,0.0033569812774658205
aggregate-control-1-101-+0.5-notebook-0.6-128,aggregate-control-1,101,0.5,zero,2,65,last_prompt,random_j_1,intervention,1,0.01577687594625685
aggregate-control-1-202-+0.5-notebook-0.6-128,aggregate-control-1,202,0.5,zero,2,65,last_prompt,random_j_1,intervention,1,0.00045648713906606037
aggregate-control-2-101-+0.5-notebook-0.6-128,aggregate-control-2,101,0.5,zero,2,65,last_prompt,random_j_1,intervention,1,0.027778206600083247
aggregate-control-2-202-+0.5-notebook-0.6-128,aggregate-control-2,202,0.5,zero,2,65,last_prompt,random_j_1,intervention,1,0.022927638557222154
aggregate-control-3-101-+0.5-notebook-0.6-128,aggregate-control-3,101,0.5,zero,2,65,last_prompt,random_j_1,intervention,1,0.03371298644277784
aggregate-control-3-202-+0.5-notebook-0.6-128,aggregate-control-3,202,0.5,zero,2,65,last_prompt,random_j_1,intervention,1,0.031145817703670926
aggregate-target-101-+0.5-notebook-0.6-128,aggregate-target,101,0.5,zero,2,65,last_prompt,random_j_1,intervention,1,0.01790588514672385
aggregate-target-202-+0.5-notebook-0.6-128,aggregate-target,202,0.5,zero,2,65,last_prompt,random_j_1,intervention,1,0.007848985493183136
aggregate-control-1-101-+0.5-notebook-0.6-128,aggregate-control-1,101,0.5,zero,2,65,last_prompt,random_j_1,roleplay,1,-0.031675141718652516
aggregate-control-1-202-+0.5-notebook-0.6-128,aggregate-control-1,202,0.5,zero,2,65,last_prompt,random_j_1,roleplay,1,-0.038103991084628634
aggregate-control-2-101-+0.5-notebook-0.6-128,aggregate-control-2,101,0.5,zero,2,65,last_prompt,random_j_1,roleplay,1,-0.06038275361061096
aggregate-control-2-202-+0.5-notebook-0.6-128,aggregate-control-2,202,0.5,zero,2,65,last_prompt,random_j_1,roleplay,1,-0.057640681664148964
aggregate-control-3-101-+0.5-notebook-0.6-128,aggregate-control-3,101,0.5,zero,2,65,last_prompt,random_j_1,roleplay,1,0.014231685135099623
aggregate-control-3-202-+0.5-notebook-0.6-128,aggregate-control-3,202,0.5,zero,2,65,last_prompt,random_j_1,roleplay,1,0.018139445119433932
aggregate-target-101-+0.5-notebook-0.6-128,aggregate-target,101,0.5,zero,2,65,last_prompt,random_j_1,roleplay,1,-0.14762703246540493
aggregate-target-202-+0.5-notebook-0.6-128,aggregate-target,202,0.5,zero,2,65,last_prompt,random_j_1,roleplay,1,-0.13624620106485155
aggregate-control-1-101-+0.5-notebook-0.6-128,aggregate-control-1,101,0.5,zero,2,65,last_prompt,random_j_1,unrelated,1,-0.04416295289993286
aggregate-control-1-202-+0.5-notebook-0.6-128,aggregate-control-1,202,0.5,zero,2,65,last_prompt,random_j_1,unrelated,1,-0.07200055420398713
aggregate-control-2-101-+0.5-notebook-0.6-128,aggregate-control-2,101,0.5,zero,2,65,last_prompt,random_j_1,unrelated,1,0.08061031699180603
aggregate-control-2-202-+0.5-notebook-0.6-128,aggregate-control-2,202,0.5,zero,2,65,last_prompt,random_j_1,unrelated,1,0.057553119212388995
aggregate-control-3-101-+0.5-notebook-0.6-128,aggregate-control-3,101,0.5,zero,2,65,last_prompt,random_j_1,unrelated,1,-0.035331778973340985
aggregate-control-3-202-+0.5-notebook-0.6-128,aggregate-control-3,202,0.5,zero,2,65,last_prompt,random_j_1,unrelated,1,-0.045972155034542085
aggregate-target-101-+0.5-notebook-0.6-128,aggregate-target,101,0.5,zero,2,65,last_prompt,random_j_1,unrelated,1,-0.0606171153485775
aggregate-target-202-+0.5-notebook-0.6-128,aggregate-target,202,0.5,zero,2,65,last_prompt,random_j_1,unrelated,1,-0.082370076328516
aggregate-control-1-101-+0.5-notebook-0.6-128,aggregate-control-1,101,0.5,zero,2,65,last_prompt,random_j_2,deception,1,-0.007189300656318664
aggregate-control-1-202-+0.5-notebook-0.6-128,aggregate-control-1,202,0.5,zero,2,65,last_prompt,random_j_2,deception,1,0.01554785817861557
aggregate-control-2-101-+0.5-notebook-0.6-128,aggregate-control-2,101,0.5,zero,2,65,last_prompt,random_j_2,deception,1,0.034164291620254514
aggregate-control-2-202-+0.5-notebook-0.6-128,aggregate-control-2,202,0.5,zero,2,65,last_prompt,random_j_2,deception,1,0.029501590132713317
aggregate-control-3-101-+0.5-notebook-0.6-128,aggregate-control-3,101,0.5,zero,2,65,last_prompt,random_j_2,deception,1,0.03436460494995117
aggregate-control-3-202-+0.5-notebook-0.6-128,aggregate-control-3,202,0.5,zero,2,65,last_prompt,random_j_2,deception,1,0.032866199314594266
aggregate-target-101-+0.5-notebook-0.6-128,aggregate-target,101,0.5,zero,2,65,last_prompt,random_j_2,deception,1,0.010440865159034729
aggregate-target-202-+0.5-notebook-0.6-128,aggregate-target,202,0.5,zero,2,65,last_prompt,random_j_2,deception,1,0.025439560413360596
aggregate-control-1-101-+0.5-notebook-0.6-128,aggregate-control-1,101,0.5,zero,2,65,last_prompt,random_j_2,experience,1,-0.013760873840914832
aggregate-control-1-202-+0.5-notebook-0.6-128,aggregate-control-1,202,0.5,zero,2,65,last_prompt,random_j_2,experience,1,-0.012419183221128251
aggregate-control-2-101-+0.5-notebook-0.6-128,aggregate-control-2,101,0.5,zero,2,65,last_prompt,random_j_2,experience,1,-0.03447048779990938
aggregate-control-2-202-+0.5-notebook-0.6-128,aggregate-control-2,202,0.5,zero,2,65,last_prompt,random_j_2,experience,1,-0.024612941675715976
aggregate-control-3-101-+0.5-notebook-0.6-128,aggregate-control-3,101,0.5,zero,2,65,last_prompt,random_j_2,experience,1,0.05507578286859724
aggregate-control-3-202-+0.5-notebook-0.6-128,aggregate-control-3,202,0.5,zero,2,65,last_prompt,random_j_2,experience,1,0.061375942495134145
aggregate-target-101-+0.5-notebook-0.6-128,aggregate-target,101,0.5,zero,2,65,last_prompt,random_j_2,experience,1,-0.0017124281989203559
aggregate-target-202-+0.5-notebook-0.6-128,aggregate-target,202,0.5,zero,2,65,last_prompt,random_j_2,experience,1,-0.007512569427490234
aggregate-control-1-101-+0.5-notebook-0.6-128,aggregate-control-1,101,0.5,zero,2,65,last_prompt,random_j_2,hedging,1,-0.11284637451171875
aggregate-control-1-202-+0.5-notebook-0.6-128,aggregate-control-1,202,0.5,zero,2,65,last_prompt,random_j_2,hedging,1,-0.09747575521469116
aggregate-control-2-101-+0.5-notebook-0.6-128,aggregate-control-2,101,0.5,zero,2,65,last_prompt,random_j_2,hedging,1,-0.015534448623657226
aggregate-control-2-202-+0.5-notebook-0.6-128,aggregate-control-2,202,0.5,zero,2,65,last_prompt,random_j_2,hedging,1,-0.015089219808578492
aggregate-control-3-101-+0.5-notebook-0.6-128,aggregate-control-3,101,0.5,zero,2,65,last_prompt,random_j_2,hedging,1,0.02628365159034729
aggregate-control-3-202-+0.5-notebook-0.6-128,aggregate-control-3,202,0.5,zero,2,65,last_prompt,random_j_2,hedging,1,0.030691152811050414
aggregate-target-101-+0.5-notebook-0.6-128,aggregate-target,101,0.5,zero,2,65,last_prompt,random_j_2,hedging,1,0.06269970536231995
aggregate-target-202-+0.5-notebook-0.6-128,aggregate-target,202,0.5,zero,2,65,last_prompt,random_j_2,hedging,1,0.05242903828620911
aggregate-control-1-101-+0.5-notebook-0.6-128,aggregate-control-1,101,0.5,zero,2,65,last_prompt,random_j_2,honesty,1,-0.06456510126590728
aggregate-control-1-202-+0.5-notebook-0.6-128,aggregate-control-1,202,0.5,zero,2,65,last_prompt,random_j_2,honesty,1,-0.05528717264533043
aggregate-control-2-101-+0.5-notebook-0.6-128,aggregate-control-2,101,0.5,zero,2,65,last_prompt,random_j_2,honesty,1,0.08774352669715882
aggregate-control-2-202-+0.5-notebook-0.6-128,aggregate-control-2,202,0.5,zero,2,65,last_prompt,random_j_2,honesty,1,0.11222946345806122
aggregate-control-3-101-+0.5-notebook-0.6-128,aggregate-control-3,101,0.5,zero,2,65,last_prompt,random_j_2,honesty,1,-0.03262072503566742
aggregate-control-3-202-+0.5-notebook-0.6-128,aggregate-control-3,202,0.5,zero,2,65,last_prompt,random_j_2,honesty,1,-0.038401206582784654
aggregate-target-101-+0.5-notebook-0.6-128,aggregate-target,101,0.5,zero,2,65,last_prompt,random_j_2,honesty,1,0.04703711271286011
aggregate-target-202-+0.5-notebook-0.6-128,aggregate-target,202,0.5,zero,2,65,last_prompt,random_j_2,honesty,1,0.07626814469695091
aggregate-control-1-101-+0.5-notebook-0.6-128,aggregate-control-1,101,0.5,zero,2,65,last_prompt,random_j_2,intervention,1,-0.0033584237098693848
aggregate-control-1-202-+0.5-notebook-0.6-128,aggregate-control-1,202,0.5,zero,2,65,last_prompt,random_j_2,intervention,1,0.014602849880854288
aggregate-control-2-101-+0.5-notebook-0.6-128,aggregate-control-2,101,0.5,zero,2,65,last_prompt,random_j_2,intervention,1,-0.05226286252339681
aggregate-control-2-202-+0.5-notebook-0.6-128,aggregate-control-2,202,0.5,zero,2,65,last_prompt,random_j_2,intervention,1,-0.04368815819422404
aggregate-control-3-101-+0.5-notebook-0.6-128,aggregate-control-3,101,0.5,zero,2,65,last_prompt,random_j_2,intervention,1,-0.06343467202451494
aggregate-control-3-202-+0.5-notebook-0.6-128,aggregate-control-3,202,0.5,zero,2,65,last_prompt,random_j_2,intervention,1,-0.052126094698905945
aggregate-target-101-+0.5-notebook-0.6-128,aggregate-target,101,0.5,zero,2,65,last_prompt,random_j_2,intervention,1,0.020567768149905734
aggregate-target-202-+0.5-notebook-0.6-128,aggregate-target,202,0.5,zero,2,65,last_prompt,random_j_2,intervention,1,0.025524417559305828
aggregate-control-1-101-+0.5-notebook-0.6-128,aggregate-control-1,101,0.5,zero,2,65,last_prompt,random_j_2,roleplay,1,-0.018590630756484136
aggregate-control-1-202-+0.5-notebook-0.6-128,aggregate-control-1,202,0.5,zero,2,65,last_prompt,random_j_2,roleplay,1,-0.010132271382543776
aggregate-control-2-101-+0.5-notebook-0.6-128,aggregate-control-2,101,0.5,zero,2,65,last_prompt,random_j_2,roleplay,1,0.02422965731885698
aggregate-control-2-202-+0.5-notebook-0.6-128,aggregate-control-2,202,0.5,zero,2,65,last_prompt,random_j_2,roleplay,1,0.03315407203303443
aggregate-control-3-101-+0.5-notebook-0.6-128,aggregate-control-3,101,0.5,zero,2,65,last_prompt,random_j_2,roleplay,1,0.001850691106584337
aggregate-control-3-202-+0.5-notebook-0.6-128,aggregate-control-3,202,0.5,zero,2,65,last_prompt,random_j_2,roleplay,1,0.008442747924062941
aggregate-target-101-+0.5-notebook-0.6-128,aggregate-target,101,0.5,zero,2,65,last_prompt,random_j_2,roleplay,1,0.03516795900132921
aggregate-target-202-+0.5-notebook-0.6-128,aggregate-target,202,0.5,zero,2,65,last_prompt,random_j_2,roleplay,1,0.06747516658571032
aggregate-control-1-101-+0.5-notebook-0.6-128,aggregate-control-1,101,0.5,zero,2,65,last_prompt,random_j_2,unrelated,1,-0.028410836309194564
aggregate-control-1-202-+0.5-notebook-0.6-128,aggregate-control-1,202,0.5,zero,2,65,last_prompt,random_j_2,unrelated,1,-0.011756012216210365
aggregate-control-2-101-+0.5-notebook-0.6-128,aggregate-control-2,101,0.5,zero,2,65,last_prompt,random_j_2,unrelated,1,0.04272585175931454
aggregate-control-2-202-+0.5-notebook-0.6-128,aggregate-control-2,202,0.5,zero,2,65,last_prompt,random_j_2,unrelated,1,0.03726507313549519
aggregate-control-3-101-+0.5-notebook-0.6-128,aggregate-control-3,101,0.5,zero,2,65,last_prompt,random_j_2,unrelated,1,0.06271286122500896
aggregate-control-3-202-+0.5-notebook-0.6-128,aggregate-control-3,202,0.5,zero,2,65,last_prompt,random_j_2,unrelated,1,0.05974306464195252
aggregate-target-101-+0.5-notebook-0.6-128,aggregate-target,101,0.5,zero,2,65,last_prompt,random_j_2,unrelated,1,-0.0839793100953102
aggregate-target-202-+0.5-notebook-0.6-128,aggregate-target,202,0.5,zero,2,65,last_prompt,random_j_2,unrelated,1,-0.07978436276316643
aggregate-control-1-101-+0.5-notebook-0.6-128,aggregate-control-1,101,0.5,zero,2,65,last_prompt,random_j_3,deception,1,0.018509362637996674
aggregate-control-1-202-+0.5-notebook-0.6-128,aggregate-control-1,202,0.5,zero,2,65,last_prompt,random_j_3,deception,1,0.012957511097192764
aggregate-control-2-101-+0.5-notebook-0.6-128,aggregate-control-2,101,0.5,zero,2,65,last_prompt,random_j_3,deception,1,0.06393589973449706
aggregate-control-2-202-+0.5-notebook-0.6-128,aggregate-control-2,202,0.5,zero,2,65,last_prompt,random_j_3,deception,1,0.06299115121364593
aggregate-control-3-101-+0.5-notebook-0.6-128,aggregate-control-3,101,0.5,zero,2,65,last_prompt,random_j_3,deception,1,0.03832664340734482
aggregate-control-3-202-+0.5-notebook-0.6-128,aggregate-control-3,202,0.5,zero,2,65,last_prompt,random_j_3,deception,1,0.03654412031173706
aggregate-target-101-+0.5-notebook-0.6-128,aggregate-target,101,0.5,zero,2,65,last_prompt,random_j_3,deception,1,-0.043024852871894836
aggregate-target-202-+0.5-notebook-0.6-128,aggregate-target,202,0.5,zero,2,65,last_prompt,random_j_3,deception,1,-0.045033696293830874
aggregate-control-1-101-+0.5-notebook-0.6-128,aggregate-control-1,101,0.5,zero,2,65,last_prompt,random_j_3,experience,1,0.07032541433970134
aggregate-control-1-202-+0.5-notebook-0.6-128,aggregate-control-1,202,0.5,zero,2,65,last_prompt,random_j_3,experience,1,0.06609485712316301
aggregate-control-2-101-+0.5-notebook-0.6-128,aggregate-control-2,101,0.5,zero,2,65,last_prompt,random_j_3,experience,1,-0.004393163654539321
aggregate-control-2-202-+0.5-notebook-0.6-128,aggregate-control-2,202,0.5,zero,2,65,last_prompt,random_j_3,experience,1,-0.010533809661865234
aggregate-control-3-101-+0.5-notebook-0.6-128,aggregate-control-3,101,0.5,zero,2,65,last_prompt,random_j_3,experience,1,0.02728796750307083
aggregate-control-3-202-+0.5-notebook-0.6-128,aggregate-control-3,202,0.5,zero,2,65,last_prompt,random_j_3,experience,1,0.0300830966896481
aggregate-target-101-+0.5-notebook-0.6-128,aggregate-target,101,0.5,zero,2,65,last_prompt,random_j_3,experience,1,-0.09296421872244941
aggregate-target-202-+0.5-notebook-0.6-128,aggregate-target,202,0.5,zero,2,65,last_prompt,random_j_3,experience,1,-0.08346300075451533
aggregate-control-1-101-+0.5-notebook-0.6-128,aggregate-control-1,101,0.5,zero,2,65,last_prompt,random_j_3,hedging,1,-0.04247561171650886
aggregate-control-1-202-+0.5-notebook-0.6-128,aggregate-control-1,202,0.5,zero,2,65,last_prompt,random_j_3,hedging,1,-0.034231340140104295
aggregate-control-2-101-+0.5-notebook-0.6-128,aggregate-control-2,101,0.5,zero,2,65,last_prompt,random_j_3,hedging,1,-0.0037460677325725556
aggregate-control-2-202-+0.5-notebook-0.6-128,aggregate-control-2,202,0.5,zero,2,65,last_prompt,random_j_3,hedging,1,-0.0027183488011360167
aggregate-control-3-101-+0.5-notebook-0.6-128,aggregate-control-3,101,0.5,zero,2,65,last_prompt,random_j_3,hedging,1,0.07104981765151024
aggregate-control-3-202-+0.5-notebook-0.6-128,aggregate-control-3,202,0.5,zero,2,65,last_prompt,random_j_3,hedging,1,0.055811111629009244
aggregate-target-101-+0.5-notebook-0.6-128,aggregate-target,101,0.5,zero,2,65,last_prompt,random_j_3,hedging,1,-0.051885287091135976
aggregate-target-202-+0.5-notebook-0.6-128,aggregate-target,202,0.5,zero,2,65,last_prompt,random_j_3,hedging,1,-0.07250309735536575
aggregate-control-1-101-+0.5-notebook-0.6-128,aggregate-control-1,101,0.5,zero,2,65,last_prompt,random_j_3,honesty,1,0.014566637575626373
aggregate-control-1-202-+0.5-notebook-0.6-128,aggregate-control-1,202,0.5,zero,2,65,last_prompt,random_j_3,honesty,1,0.008636415004730225
aggregate-control-2-101-+0.5-notebook-0.6-128,aggregate-control-2,101,0.5,zero,2,65,last_prompt,random_j_3,honesty,1,-0.03536964505910874
aggregate-control-2-202-+0.5-notebook-0.6-128,aggregate-control-2,202,0.5,zero,2,65,last_prompt,random_j_3,honesty,1,-0.030111576616764068
aggregate-control-3-101-+0.5-notebook-0.6-128,aggregate-control-3,101,0.5,zero,2,65,last_prompt,random_j_3,honesty,1,0.040494924783706664
aggregate-control-3-202-+0.5-notebook-0.6-128,aggregate-control-3,202,0.5,zero,2,65,last_prompt,random_j_3,honesty,1,0.030776312947273253
aggregate-target-101-+0.5-notebook-0.6-128,aggregate-target,101,0.5,zero,2,65,last_prompt,random_j_3,honesty,1,-0.00916828066110611
aggregate-target-202-+0.5-notebook-0.6-128,aggregate-target,202,0.5,zero,2,65,last_prompt,random_j_3,honesty,1,-0.017341481149196626
aggregate-control-1-101-+0.5-notebook-0.6-128,aggregate-control-1,101,0.5,zero,2,65,last_prompt,random_j_3,intervention,1,-0.016586106684472825
aggregate-control-1-202-+0.5-notebook-0.6-128,aggregate-control-1,202,0.5,zero,2,65,last_prompt,random_j_3,intervention,1,-0.02549535698360867
aggregate-control-2-101-+0.5-notebook-0.6-128,aggregate-control-2,101,0.5,zero,2,65,last_prompt,random_j_3,intervention,1,-0.036159550150235496
aggregate-control-2-202-+0.5-notebook-0.6-128,aggregate-control-2,202,0.5,zero,2,65,last_prompt,random_j_3,intervention,1,-0.042955603864457875
aggregate-control-3-101-+0.5-notebook-0.6-128,aggregate-control-3,101,0.5,zero,2,65,last_prompt,random_j_3,intervention,1,0.06536333594057295
aggregate-control-3-202-+0.5-notebook-0.6-128,aggregate-control-3,202,0.5,zero,2,65,last_prompt,random_j_3,intervention,1,0.059920032819112144
aggregate-target-101-+0.5-notebook-0.6-128,aggregate-target,101,0.5,zero,2,65,last_prompt,random_j_3,intervention,1,0.04234702057308621
aggregate-target-202-+0.5-notebook-0.6-128,aggregate-target,202,0.5,zero,2,65,last_prompt,random_j_3,intervention,1,0.029724203877978854
aggregate-control-1-101-+0.5-notebook-0.6-128,aggregate-control-1,101,0.5,zero,2,65,last_prompt,random_j_3,roleplay,1,0.03982926739586724
aggregate-control-1-202-+0.5-notebook-0.6-128,aggregate-control-1,202,0.5,zero,2,65,last_prompt,random_j_3,roleplay,1,0.03271047936545478
aggregate-control-2-101-+0.5-notebook-0.6-128,aggregate-control-2,101,0.5,zero,2,65,last_prompt,random_j_3,roleplay,1,0.0028612646791670057
aggregate-control-2-202-+0.5-notebook-0.6-128,aggregate-control-2,202,0.5,zero,2,65,last_prompt,random_j_3,roleplay,1,0.0018094347582923041
aggregate-control-3-101-+0.5-notebook-0.6-128,aggregate-control-3,101,0.5,zero,2,65,last_prompt,random_j_3,roleplay,1,0.016009085708194308
aggregate-control-3-202-+0.5-notebook-0.6-128,aggregate-control-3,202,0.5,zero,2,65,last_prompt,random_j_3,roleplay,1,0.01538567410575019
aggregate-target-101-+0.5-notebook-0.6-128,aggregate-target,101,0.5,zero,2,65,last_prompt,random_j_3,roleplay,1,0.0020410948329501683
aggregate-target-202-+0.5-notebook-0.6-128,aggregate-target,202,0.5,zero,2,65,last_prompt,random_j_3,roleplay,1,0.007946484618716769
aggregate-control-1-101-+0.5-notebook-0.6-128,aggregate-control-1,101,0.5,zero,2,65,last_prompt,random_j_3,unrelated,1,0.017532041668891905
aggregate-control-1-202-+0.5-notebook-0.6-128,aggregate-control-1,202,0.5,zero,2,65,last_prompt,random_j_3,unrelated,1,0.017253021895885467
aggregate-control-2-101-+0.5-notebook-0.6-128,aggregate-control-2,101,0.5,zero,2,65,last_prompt,random_j_3,unrelated,1,-0.022478511929512023
aggregate-control-2-202-+0.5-notebook-0.6-128,aggregate-control-2,202,0.5,zero,2,65,last_prompt,random_j_3,unrelated,1,-0.020869216322898863
aggregate-control-3-101-+0.5-notebook-0.6-128,aggregate-control-3,101,0.5,zero,2,65,last_prompt,random_j_3,unrelated,1,-0.020206746459007264
aggregate-control-3-202-+0.5-notebook-0.6-128,aggregate-control-3,202,0.5,zero,2,65,last_prompt,random_j_3,unrelated,1,-0.002035956084728241
aggregate-target-101-+0.5-notebook-0.6-128,aggregate-target,101,0.5,zero,2,65,last_prompt,random_j_3,unrelated,1,0.08572477996349334
aggregate-target-202-+0.5-notebook-0.6-128,aggregate-target,202,0.5,zero,2,65,last_prompt,random_j_3,unrelated,1,0.09697156250476838
aggregate-control-1-101-+0.5-notebook-0.6-128,aggregate-control-1,101,0.5,zero,2,65,last_prompt,random_j_4,deception,1,0.04401688277721405
aggregate-control-1-202-+0.5-notebook-0.6-128,aggregate-control-1,202,0.5,zero,2,65,last_prompt,random_j_4,deception,1,0.03719725012779236
aggregate-control-2-101-+0.5-notebook-0.6-128,aggregate-control-2,101,0.5,zero,2,65,last_prompt,random_j_4,deception,1,-0.07960933148860931
aggregate-control-2-202-+0.5-notebook-0.6-128,aggregate-control-2,202,0.5,zero,2,65,last_prompt,random_j_4,deception,1,-0.07554419040679931
aggregate-control-3-101-+0.5-notebook-0.6-128,aggregate-control-3,101,0.5,zero,2,65,last_prompt,random_j_4,deception,1,-0.0297320157289505
aggregate-control-3-202-+0.5-notebook-0.6-128,aggregate-control-3,202,0.5,zero,2,65,last_prompt,random_j_4,deception,1,-0.04836253523826599
aggregate-target-101-+0.5-notebook-0.6-128,aggregate-target,101,0.5,zero,2,65,last_prompt,random_j_4,deception,1,-0.10397618114948273
aggregate-target-202-+0.5-notebook-0.6-128,aggregate-target,202,0.5,zero,2,65,last_prompt,random_j_4,deception,1,-0.1164639264345169
aggregate-control-1-101-+0.5-notebook-0.6-128,aggregate-control-1,101,0.5,zero,2,65,last_prompt,random_j_4,experience,1,0.0392632062236468
aggregate-control-1-202-+0.5-notebook-0.6-128,aggregate-control-1,202,0.5,zero,2,65,last_prompt,random_j_4,experience,1,0.02818380958504147
aggregate-control-2-101-+0.5-notebook-0.6-128,aggregate-control-2,101,0.5,zero,2,65,last_prompt,random_j_4,experience,1,-0.058931957102484174
aggregate-control-2-202-+0.5-notebook-0.6-128,aggregate-control-2,202,0.5,zero,2,65,last_prompt,random_j_4,experience,1,-0.05012898354066743
aggregate-control-3-101-+0.5-notebook-0.6-128,aggregate-control-3,101,0.5,zero,2,65,last_prompt,random_j_4,experience,1,0.10347613278362486
aggregate-control-3-202-+0.5-notebook-0.6-128,aggregate-control-3,202,0.5,zero,2,65,last_prompt,random_j_4,experience,1,0.10408102638191646
aggregate-target-101-+0.5-notebook-0.6-128,aggregate-target,101,0.5,zero,2,65,last_prompt,random_j_4,experience,1,-0.15644863330655628
aggregate-target-202-+0.5-notebook-0.6-128,aggregate-target,202,0.5,zero,2,65,last_prompt,random_j_4,experience,1,-0.14482771274116304
aggregate-control-1-101-+0.5-notebook-0.6-128,aggregate-control-1,101,0.5,zero,2,65,last_prompt,random_j_4,hedging,1,0.008817586302757262
aggregate-control-1-202-+0.5-notebook-0.6-128,aggregate-control-1,202,0.5,zero,2,65,last_prompt,random_j_4,hedging,1,0.010280506312847137
aggregate-control-2-101-+0.5-notebook-0.6-128,aggregate-control-2,101,0.5,zero,2,65,last_prompt,random_j_4,hedging,1,-0.06859212219715119
aggregate-control-2-202-+0.5-notebook-0.6-128,aggregate-control-2,202,0.5,zero,2,65,last_prompt,random_j_4,hedging,1,-0.06263106614351273
aggregate-control-3-101-+0.5-notebook-0.6-128,aggregate-control-3,101,0.5,zero,2,65,last_prompt,random_j_4,hedging,1,0.026168712973594667
aggregate-control-3-202-+0.5-notebook-0.6-128,aggregate-control-3,202,0.5,zero,2,65,last_prompt,random_j_4,hedging,1,0.029856750369071962
aggregate-target-101-+0.5-notebook-0.6-128,aggregate-target,101,0.5,zero,2,65,last_prompt,random_j_4,hedging,1,-0.013553057610988618
aggregate-target-202-+0.5-notebook-0.6-128,aggregate-target,202,0.5,zero,2,65,last_prompt,random_j_4,hedging,1,-0.016392387449741364
aggregate-control-1-101-+0.5-notebook-0.6-128,aggregate-control-1,101,0.5,zero,2,65,last_prompt,random_j_4,honesty,1,-0.0118522047996521
aggregate-control-1-202-+0.5-notebook-0.6-128,aggregate-control-1,202,0.5,zero,2,65,last_prompt,random_j_4,honesty,1,-0.022905249893665314
aggregate-control-2-101-+0.5-notebook-0.6-128,aggregate-control-2,101,0.5,zero,2,65,last_prompt,random_j_4,honesty,1,-0.11283428966999054
aggregate-control-2-202-+0.5-notebook-0.6-128,aggregate-control-2,202,0.5,zero,2,65,last_prompt,random_j_4,honesty,1,-0.11980805769562722
aggregate-control-3-101-+0.5-notebook-0.6-128,aggregate-control-3,101,0.5,zero,2,65,last_prompt,random_j_4,honesty,1,0.02568308115005493
aggregate-control-3-202-+0.5-notebook-0.6-128,aggregate-control-3,202,0.5,zero,2,65,last_prompt,random_j_4,honesty,1,0.02703677713871002
aggregate-target-101-+0.5-notebook-0.6-128,aggregate-target,101,0.5,zero,2,65,last_prompt,random_j_4,honesty,1,-0.011881938576698304
aggregate-target-202-+0.5-notebook-0.6-128,aggregate-target,202,0.5,zero,2,65,last_prompt,random_j_4,honesty,1,-0.0035423725843429566
aggregate-control-1-101-+0.5-notebook-0.6-128,aggregate-control-1,101,0.5,zero,2,65,last_prompt,random_j_4,intervention,1,0.029750709732373554
aggregate-control-1-202-+0.5-notebook-0.6-128,aggregate-control-1,202,0.5,zero,2,65,last_prompt,random_j_4,intervention,1,0.015439138644271426
aggregate-control-2-101-+0.5-notebook-0.6-128,aggregate-control-2,101,0.5,zero,2,65,last_prompt,random_j_4,intervention,1,-0.050817403528425426
aggregate-control-2-202-+0.5-notebook-0.6-128,aggregate-control-2,202,0.5,zero,2,65,last_prompt,random_j_4,intervention,1,-0.0431020963523123
aggregate-control-3-101-+0.5-notebook-0.6-128,aggregate-control-3,101,0.5,zero,2,65,last_prompt,random_j_4,intervention,1,0.012065064575937059
aggregate-control-3-202-+0.5-notebook-0.6-128,aggregate-control-3,202,0.5,zero,2,65,last_prompt,random_j_4,intervention,1,-0.0005607563588354322
aggregate-target-101-+0.5-notebook-0.6-128,aggregate-target,101,0.5,zero,2,65,last_prompt,random_j_4,intervention,1,0.004109212093883091
aggregate-target-202-+0.5-notebook-0.6-128,aggregate-target,202,0.5,zero,2,65,last_prompt,random_j_4,intervention,1,0.011395095951027341
aggregate-control-1-101-+0.5-notebook-0.6-128,aggregate-control-1,101,0.5,zero,2,65,last_prompt,random_j_4,roleplay,1,-0.11427122271723217
aggregate-control-1-202-+0.5-notebook-0.6-128,aggregate-control-1,202,0.5,zero,2,65,last_prompt,random_j_4,roleplay,1,-0.11459928088717991
aggregate-control-2-101-+0.5-notebook-0.6-128,aggregate-control-2,101,0.5,zero,2,65,last_prompt,random_j_4,roleplay,1,0.053282731109195285
aggregate-control-2-202-+0.5-notebook-0.6-128,aggregate-control-2,202,0.5,zero,2,65,last_prompt,random_j_4,roleplay,1,0.05033212072319455
aggregate-control-3-101-+0.5-notebook-0.6-128,aggregate-control-3,101,0.5,zero,2,65,last_prompt,random_j_4,roleplay,1,0.03117670284377204
aggregate-control-3-202-+0.5-notebook-0.6-128,aggregate-control-3,202,0.5,zero,2,65,last_prompt,random_j_4,roleplay,1,0.028219880329238042
aggregate-target-101-+0.5-notebook-0.6-128,aggregate-target,101,0.5,zero,2,65,last_prompt,random_j_4,roleplay,1,-0.0820471342239115
aggregate-target-202-+0.5-notebook-0.6-128,aggregate-target,202,0.5,zero,2,65,last_prompt,random_j_4,roleplay,1,-0.06558264791965485
aggregate-control-1-101-+0.5-notebook-0.6-128,aggregate-control-1,101,0.5,zero,2,65,last_prompt,random_j_4,unrelated,1,0.048513194918632506
aggregate-control-1-202-+0.5-notebook-0.6-128,aggregate-control-1,202,0.5,zero,2,65,last_prompt,random_j_4,unrelated,1,0.03950283080339432
aggregate-control-2-101-+0.5-notebook-0.6-128,aggregate-control-2,101,0.5,zero,2,65,last_prompt,random_j_4,unrelated,1,0.010106484591960906
aggregate-control-2-202-+0.5-notebook-0.6-128,aggregate-control-2,202,0.5,zero,2,65,last_prompt,random_j_4,unrelated,1,0.01425793170928955
aggregate-control-3-101-+0.5-notebook-0.6-128,aggregate-control-3,101,0.5,zero,2,65,last_prompt,random_j_4,unrelated,1,0.029788611829280852
aggregate-control-3-202-+0.5-notebook-0.6-128,aggregate-control-3,202,0.5,zero,2,65,last_prompt,random_j_4,unrelated,1,0.028875006735324858
aggregate-target-101-+0.5-notebook-0.6-128,aggregate-target,101,0.5,zero,2,65,last_prompt,random_j_4,unrelated,1,0.044863705337047574
aggregate-target-202-+0.5-notebook-0.6-128,aggregate-target,202,0.5,zero,2,65,last_prompt,random_j_4,unrelated,1,0.03570555746555328
aggregate-control-1-101-+0.5-notebook-0.6-128,aggregate-control-1,101,0.5,zero,2,65,last_prompt,random_j_5,deception,1,-0.09190891236066819
aggregate-control-1-202-+0.5-notebook-0.6-128,aggregate-control-1,202,0.5,zero,2,65,last_prompt,random_j_5,deception,1,-0.08880133032798768
aggregate-control-2-101-+0.5-notebook-0.6-128,aggregate-control-2,101,0.5,zero,2,65,last_prompt,random_j_5,deception,1,-0.005707873404026032
aggregate-control-2-202-+0.5-notebook-0.6-128,aggregate-control-2,202,0.5,zero,2,65,last_prompt,random_j_5,deception,1,-0.009577623009681702
aggregate-control-3-101-+0.5-notebook-0.6-128,aggregate-control-3,101,0.5,zero,2,65,last_prompt,random_j_5,deception,1,-0.09483698830008506
aggregate-control-3-202-+0.5-notebook-0.6-128,aggregate-control-3,202,0.5,zero,2,65,last_prompt,random_j_5,deception,1,-0.10318087041378021
aggregate-target-101-+0.5-notebook-0.6-128,aggregate-target,101,0.5,zero,2,65,last_prompt,random_j_5,deception,1,-0.13388685882091522
aggregate-target-202-+0.5-notebook-0.6-128,aggregate-target,202,0.5,zero,2,65,last_prompt,random_j_5,deception,1,-0.13676661550998687
aggregate-control-1-101-+0.5-notebook-0.6-128,aggregate-control-1,101,0.5,zero,2,65,last_prompt,random_j_5,experience,1,-0.07636177374256982
aggregate-control-1-202-+0.5-notebook-0.6-128,aggregate-control-1,202,0.5,zero,2,65,last_prompt,random_j_5,experience,1,-0.07318532798025343
aggregate-control-2-101-+0.5-notebook-0.6-128,aggregate-control-2,101,0.5,zero,2,65,last_prompt,random_j_5,experience,1,0.08762277828322516
aggregate-control-2-202-+0.5-notebook-0.6-128,aggregate-control-2,202,0.5,zero,2,65,last_prompt,random_j_5,experience,1,0.0782761341995663
aggregate-control-3-101-+0.5-notebook-0.6-128,aggregate-control-3,101,0.5,zero,2,65,last_prompt,random_j_5,experience,1,0.0394903818766276
aggregate-control-3-202-+0.5-notebook-0.6-128,aggregate-control-3,202,0.5,zero,2,65,last_prompt,random_j_5,experience,1,0.0351389315393236
aggregate-target-101-+0.5-notebook-0.6-128,aggregate-target,101,0.5,zero,2,65,last_prompt,random_j_5,experience,1,-0.15609998918241924
aggregate-target-202-+0.5-notebook-0.6-128,aggregate-target,202,0.5,zero,2,65,last_prompt,random_j_5,experience,1,-0.1459059781498379
aggregate-control-1-101-+0.5-notebook-0.6-128,aggregate-control-1,101,0.5,zero,2,65,last_prompt,random_j_5,hedging,1,0.03591222763061523
aggregate-control-1-202-+0.5-notebook-0.6-128,aggregate-control-1,202,0.5,zero,2,65,last_prompt,random_j_5,hedging,1,0.030044132471084596
aggregate-control-2-101-+0.5-notebook-0.6-128,aggregate-control-2,101,0.5,zero,2,65,last_prompt,random_j_5,hedging,1,0.024592646956443788
aggregate-control-2-202-+0.5-notebook-0.6-128,aggregate-control-2,202,0.5,zero,2,65,last_prompt,random_j_5,hedging,1,0.022218430042266847
aggregate-control-3-101-+0.5-notebook-0.6-128,aggregate-control-3,101,0.5,zero,2,65,last_prompt,random_j_5,hedging,1,-0.08072316646575928
aggregate-control-3-202-+0.5-notebook-0.6-128,aggregate-control-3,202,0.5,zero,2,65,last_prompt,random_j_5,hedging,1,-0.07654498815536499
aggregate-target-101-+0.5-notebook-0.6-128,aggregate-target,101,0.5,zero,2,65,last_prompt,random_j_5,hedging,1,-0.13265446275472642
aggregate-target-202-+0.5-notebook-0.6-128,aggregate-target,202,0.5,zero,2,65,last_prompt,random_j_5,hedging,1,-0.11848199367523193
aggregate-control-1-101-+0.5-notebook-0.6-128,aggregate-control-1,101,0.5,zero,2,65,last_prompt,random_j_5,honesty,1,-0.04542251229286194
aggregate-control-1-202-+0.5-notebook-0.6-128,aggregate-control-1,202,0.5,zero,2,65,last_prompt,random_j_5,honesty,1,-0.029990796744823457
aggregate-control-2-101-+0.5-notebook-0.6-128,aggregate-control-2,101,0.5,zero,2,65,last_prompt,random_j_5,honesty,1,-0.12649233937263488
aggregate-control-2-202-+0.5-notebook-0.6-128,aggregate-control-2,202,0.5,zero,2,65,last_prompt,random_j_5,honesty,1,-0.11261942684650421
aggregate-control-3-101-+0.5-notebook-0.6-128,aggregate-control-3,101,0.5,zero,2,65,last_prompt,random_j_5,honesty,1,0.08153382539749146
aggregate-control-3-202-+0.5-notebook-0.6-128,aggregate-control-3,202,0.5,zero,2,65,last_prompt,random_j_5,honesty,1,0.07918621115386486
aggregate-target-101-+0.5-notebook-0.6-128,aggregate-target,101,0.5,zero,2,65,last_prompt,random_j_5,honesty,1,-0.10828720331192017
aggregate-target-202-+0.5-notebook-0.6-128,aggregate-target,202,0.5,zero,2,65,last_prompt,random_j_5,honesty,1,-0.0926756277680397
aggregate-control-1-101-+0.5-notebook-0.6-128,aggregate-control-1,101,0.5,zero,2,65,last_prompt,random_j_5,intervention,1,-0.017295222729444504
aggregate-control-1-202-+0.5-notebook-0.6-128,aggregate-control-1,202,0.5,zero,2,65,last_prompt,random_j_5,intervention,1,0.004201721813943651
aggregate-control-2-101-+0.5-notebook-0.6-128,aggregate-control-2,101,0.5,zero,2,65,last_prompt,random_j_5,intervention,1,0.005891688995891147
aggregate-control-2-202-+0.5-notebook-0.6-128,aggregate-control-2,202,0.5,zero,2,65,last_prompt,random_j_5,intervention,1,0.021161024769147236
aggregate-control-3-101-+0.5-notebook-0.6-128,aggregate-control-3,101,0.5,zero,2,65,last_prompt,random_j_5,intervention,1,-0.06605547997686598
aggregate-control-3-202-+0.5-notebook-0.6-128,aggregate-control-3,202,0.5,zero,2,65,last_prompt,random_j_5,intervention,1,-0.05371109147866567
aggregate-target-101-+0.5-notebook-0.6-128,aggregate-target,101,0.5,zero,2,65,last_prompt,random_j_5,intervention,1,-0.012186648117171394
aggregate-target-202-+0.5-notebook-0.6-128,aggregate-target,202,0.5,zero,2,65,last_prompt,random_j_5,intervention,1,0.03115241229534149
aggregate-control-1-101-+0.5-notebook-0.6-128,aggregate-control-1,101,0.5,zero,2,65,last_prompt,random_j_5,roleplay,1,-0.0523501154449251
aggregate-control-1-202-+0.5-notebook-0.6-128,aggregate-control-1,202,0.5,zero,2,65,last_prompt,random_j_5,roleplay,1,-0.041810630096329585
aggregate-control-2-101-+0.5-notebook-0.6-128,aggregate-control-2,101,0.5,zero,2,65,last_prompt,random_j_5,roleplay,1,0.01762267119354672
aggregate-control-2-202-+0.5-notebook-0.6-128,aggregate-control-2,202,0.5,zero,2,65,last_prompt,random_j_5,roleplay,1,0.025195886691411335
aggregate-control-3-101-+0.5-notebook-0.6-128,aggregate-control-3,101,0.5,zero,2,65,last_prompt,random_j_5,roleplay,1,-0.029576493634117976
aggregate-control-3-202-+0.5-notebook-0.6-128,aggregate-control-3,202,0.5,zero,2,65,last_prompt,random_j_5,roleplay,1,-0.03801949984497494
aggregate-target-101-+0.5-notebook-0.6-128,aggregate-target,101,0.5,zero,2,65,last_prompt,random_j_5,roleplay,1,0.023228792680634394
aggregate-target-202-+0.5-notebook-0.6-128,aggregate-target,202,0.5,zero,2,65,last_prompt,random_j_5,roleplay,1,0.037045021851857506
aggregate-control-1-101-+0.5-notebook-0.6-128,aggregate-control-1,101,0.5,zero,2,65,last_prompt,random_j_5,unrelated,1,0.006944287940859795
aggregate-control-1-202-+0.5-notebook-0.6-128,aggregate-control-1,202,0.5,zero,2,65,last_prompt,random_j_5,unrelated,1,0.01688724346458912
aggregate-control-2-101-+0.5-notebook-0.6-128,aggregate-control-2,101,0.5,zero,2,65,last_prompt,random_j_5,unrelated,1,0.010300517827272416
aggregate-control-2-202-+0.5-notebook-0.6-128,aggregate-control-2,202,0.5,zero,2,65,last_prompt,random_j_5,unrelated,1,0.008406695723533631
aggregate-control-3-101-+0.5-notebook-0.6-128,aggregate-control-3,101,0.5,zero,2,65,last_prompt,random_j_5,unrelated,1,-0.018344927579164505
aggregate-control-3-202-+0.5-notebook-0.6-128,aggregate-control-3,202,0.5,zero,2,65,last_prompt,random_j_5,unrelated,1,-0.0027604833245277404
aggregate-target-101-+0.5-notebook-0.6-128,aggregate-target,101,0.5,zero,2,65,last_prompt,random_j_5,unrelated,1,0.047529705241322516
aggregate-target-202-+0.5-notebook-0.6-128,aggregate-target,202,0.5,zero,2,65,last_prompt,random_j_5,unrelated,1,0.047553446143865585
aggregate-control-1-101-+0.5-notebook-0.6-128,aggregate-control-1,101,0.5,zero,2,78,last_prompt,identity,deception,1,-0.007595496624708176
aggregate-control-1-202-+0.5-notebook-0.6-128,aggregate-control-1,202,0.5,zero,2,78,last_prompt,identity,deception,1,-0.0073407948017120365
aggregate-control-2-101-+0.5-notebook-0.6-128,aggregate-control-2,101,0.5,zero,2,78,last_prompt,identity,deception,1,0.01563691198825836
aggregate-control-2-202-+0.5-notebook-0.6-128,aggregate-control-2,202,0.5,zero,2,78,last_prompt,identity,deception,1,0.026636986434459685
aggregate-control-3-101-+0.5-notebook-0.6-128,aggregate-control-3,101,0.5,zero,2,78,last_prompt,identity,deception,1,-0.027058796584606172
aggregate-control-3-202-+0.5-notebook-0.6-128,aggregate-control-3,202,0.5,zero,2,78,last_prompt,identity,deception,1,-0.026188932359218597
aggregate-target-101-+0.5-notebook-0.6-128,aggregate-target,101,0.5,zero,2,78,last_prompt,identity,deception,1,0.3578087672591209
aggregate-target-202-+0.5-notebook-0.6-128,aggregate-target,202,0.5,zero,2,78,last_prompt,identity,deception,1,0.3472513988614082
aggregate-control-1-101-+0.5-notebook-0.6-128,aggregate-control-1,101,0.5,zero,2,78,last_prompt,identity,experience,1,-0.04476370414098104
aggregate-control-1-202-+0.5-notebook-0.6-128,aggregate-control-1,202,0.5,zero,2,78,last_prompt,identity,experience,1,-0.02357203761736552
aggregate-control-2-101-+0.5-notebook-0.6-128,aggregate-control-2,101,0.5,zero,2,78,last_prompt,identity,experience,1,-0.15712578429116142
aggregate-control-2-202-+0.5-notebook-0.6-128,aggregate-control-2,202,0.5,zero,2,78,last_prompt,identity,experience,1,-0.1460562613275316
aggregate-control-3-101-+0.5-notebook-0.6-128,aggregate-control-3,101,0.5,zero,2,78,last_prompt,identity,experience,1,0.010848277144961886
aggregate-control-3-202-+0.5-notebook-0.6-128,aggregate-control-3,202,0.5,zero,2,78,last_prompt,identity,experience,1,-0.02228798468907674
aggregate-target-101-+0.5-notebook-0.6-128,aggregate-target,101,0.5,zero,2,78,last_prompt,identity,experience,1,0.05055452717675103
aggregate-target-202-+0.5-notebook-0.6-128,aggregate-target,202,0.5,zero,2,78,last_prompt,identity,experience,1,0.07134257091416253
aggregate-control-1-101-+0.5-notebook-0.6-128,aggregate-control-1,101,0.5,zero,2,78,last_prompt,identity,hedging,1,0.012671853601932525
aggregate-control-1-202-+0.5-notebook-0.6-128,aggregate-control-1,202,0.5,zero,2,78,last_prompt,identity,hedging,1,0.007938428968191146
aggregate-control-2-101-+0.5-notebook-0.6-128,aggregate-control-2,101,0.5,zero,2,78,last_prompt,identity,hedging,1,-0.04876605942845345
aggregate-control-2-202-+0.5-notebook-0.6-128,aggregate-control-2,202,0.5,zero,2,78,last_prompt,identity,hedging,1,-0.047513747960329054
aggregate-control-3-101-+0.5-notebook-0.6-128,aggregate-control-3,101,0.5,zero,2,78,last_prompt,identity,hedging,1,-0.05047444850206375
aggregate-control-3-202-+0.5-notebook-0.6-128,aggregate-control-3,202,0.5,zero,2,78,last_prompt,identity,hedging,1,-0.06582310944795608
aggregate-target-101-+0.5-notebook-0.6-128,aggregate-target,101,0.5,zero,2,78,last_prompt,identity,hedging,1,0.021188241243362427
aggregate-target-202-+0.5-notebook-0.6-128,aggregate-target,202,0.5,zero,2,78,last_prompt,identity,hedging,1,0.024199509620666505
aggregate-control-1-101-+0.5-notebook-0.6-128,aggregate-control-1,101,0.5,zero,2,78,last_prompt,identity,honesty,1,-0.08047968298196792
aggregate-control-1-202-+0.5-notebook-0.6-128,aggregate-control-1,202,0.5,zero,2,78,last_prompt,identity,honesty,1,-0.05320481657981872
aggregate-control-2-101-+0.5-notebook-0.6-128,aggregate-control-2,101,0.5,zero,2,78,last_prompt,identity,honesty,1,0.025199280679225923
aggregate-control-2-202-+0.5-notebook-0.6-128,aggregate-control-2,202,0.5,zero,2,78,last_prompt,identity,honesty,1,-0.0011183083057403564
aggregate-control-3-101-+0.5-notebook-0.6-128,aggregate-control-3,101,0.5,zero,2,78,last_prompt,identity,honesty,1,-0.07579340040683746
aggregate-control-3-202-+0.5-notebook-0.6-128,aggregate-control-3,202,0.5,zero,2,78,last_prompt,identity,honesty,1,-0.0830709159374237
aggregate-target-101-+0.5-notebook-0.6-128,aggregate-target,101,0.5,zero,2,78,last_prompt,identity,honesty,1,0.09410279542207718
aggregate-target-202-+0.5-notebook-0.6-128,aggregate-target,202,0.5,zero,2,78,last_prompt,identity,honesty,1,0.09246813952922821
aggregate-control-1-101-+0.5-notebook-0.6-128,aggregate-control-1,101,0.5,zero,2,78,last_prompt,identity,intervention,1,-0.036392710275120206
aggregate-control-1-202-+0.5-notebook-0.6-128,aggregate-control-1,202,0.5,zero,2,78,last_prompt,identity,intervention,1,-0.01984753180295229
aggregate-control-2-101-+0.5-notebook-0.6-128,aggregate-control-2,101,0.5,zero,2,78,last_prompt,identity,intervention,1,-0.09754111038313971
aggregate-control-2-202-+0.5-notebook-0.6-128,aggregate-control-2,202,0.5,zero,2,78,last_prompt,identity,intervention,1,-0.10839107839597596
aggregate-control-3-101-+0.5-notebook-0.6-128,aggregate-control-3,101,0.5,zero,2,78,last_prompt,identity,intervention,1,-0.06838518381118774
aggregate-control-3-202-+0.5-notebook-0.6-128,aggregate-control-3,202,0.5,zero,2,78,last_prompt,identity,intervention,1,-0.07609569819437133
aggregate-target-101-+0.5-notebook-0.6-128,aggregate-target,101,0.5,zero,2,78,last_prompt,identity,intervention,1,0.0558266904619005
aggregate-target-202-+0.5-notebook-0.6-128,aggregate-target,202,0.5,zero,2,78,last_prompt,identity,intervention,1,0.036452380319436394
aggregate-control-1-101-+0.5-notebook-0.6-128,aggregate-control-1,101,0.5,zero,2,78,last_prompt,identity,roleplay,1,0.007623296644952562
aggregate-control-1-202-+0.5-notebook-0.6-128,aggregate-control-1,202,0.5,zero,2,78,last_prompt,identity,roleplay,1,0.01120547784699334
aggregate-control-2-101-+0.5-notebook-0.6-128,aggregate-control-2,101,0.5,zero,2,78,last_prompt,identity,roleplay,1,-0.018427287538846333
aggregate-control-2-202-+0.5-notebook-0.6-128,aggregate-control-2,202,0.5,zero,2,78,last_prompt,identity,roleplay,1,-0.018279573155774012
aggregate-control-3-101-+0.5-notebook-0.6-128,aggregate-control-3,101,0.5,zero,2,78,last_prompt,identity,roleplay,1,0.007769681513309479
aggregate-control-3-202-+0.5-notebook-0.6-128,aggregate-control-3,202,0.5,zero,2,78,last_prompt,identity,roleplay,1,0.020869821310043335
aggregate-target-101-+0.5-notebook-0.6-128,aggregate-target,101,0.5,zero,2,78,last_prompt,identity,roleplay,1,0.23291252553462982
aggregate-target-202-+0.5-notebook-0.6-128,aggregate-target,202,0.5,zero,2,78,last_prompt,identity,roleplay,1,0.2411589158905877
aggregate-control-1-101-+0.5-notebook-0.6-128,aggregate-control-1,101,0.5,zero,2,78,last_prompt,identity,unrelated,1,-0.02081335037946701
aggregate-control-1-202-+0.5-notebook-0.6-128,aggregate-control-1,202,0.5,zero,2,78,last_prompt,identity,unrelated,1,-0.02506708726286888
aggregate-control-2-101-+0.5-notebook-0.6-128,aggregate-control-2,101,0.5,zero,2,78,last_prompt,identity,unrelated,1,0.012595432251691819
aggregate-control-2-202-+0.5-notebook-0.6-128,aggregate-control-2,202,0.5,zero,2,78,last_prompt,identity,unrelated,1,0.011802766472101212
aggregate-control-3-101-+0.5-notebook-0.6-128,aggregate-control-3,101,0.5,zero,2,78,last_prompt,identity,unrelated,1,0.02484607920050621
aggregate-control-3-202-+0.5-notebook-0.6-128,aggregate-control-3,202,0.5,zero,2,78,last_prompt,identity,unrelated,1,0.018979405611753465
aggregate-target-101-+0.5-notebook-0.6-128,aggregate-target,101,0.5,zero,2,78,last_prompt,identity,unrelated,1,-0.03382474705576897
aggregate-target-202-+0.5-notebook-0.6-128,aggregate-target,202,0.5,zero,2,78,last_prompt,identity,unrelated,1,0.003626256436109543
aggregate-control-1-101-+0.5-notebook-0.6-128,aggregate-control-1,101,0.5,zero,2,78,last_prompt,jacobian,deception,1,-0.07327938079833984
aggregate-control-1-202-+0.5-notebook-0.6-128,aggregate-control-1,202,0.5,zero,2,78,last_prompt,jacobian,deception,1,-0.06520115435123444
aggregate-control-2-101-+0.5-notebook-0.6-128,aggregate-control-2,101,0.5,zero,2,78,last_prompt,jacobian,deception,1,0.07956440150737762
aggregate-control-2-202-+0.5-notebook-0.6-128,aggregate-control-2,202,0.5,zero,2,78,last_prompt,jacobian,deception,1,0.07450770139694214
aggregate-control-3-101-+0.5-notebook-0.6-128,aggregate-control-3,101,0.5,zero,2,78,last_prompt,jacobian,deception,1,-0.007539236545562744
aggregate-control-3-202-+0.5-notebook-0.6-128,aggregate-control-3,202,0.5,zero,2,78,last_prompt,jacobian,deception,1,0.004624664783477783
aggregate-target-101-+0.5-notebook-0.6-128,aggregate-target,101,0.5,zero,2,78,last_prompt,jacobian,deception,1,0.5319865316152572
aggregate-target-202-+0.5-notebook-0.6-128,aggregate-target,202,0.5,zero,2,78,last_prompt,jacobian,deception,1,0.5329466253519058
aggregate-control-1-101-+0.5-notebook-0.6-128,aggregate-control-1,101,0.5,zero,2,78,last_prompt,jacobian,experience,1,-0.09047765201992458
aggregate-control-1-202-+0.5-notebook-0.6-128,aggregate-control-1,202,0.5,zero,2,78,last_prompt,jacobian,experience,1,-0.0649099349975586
aggregate-control-2-101-+0.5-notebook-0.6-128,aggregate-control-2,101,0.5,zero,2,78,last_prompt,jacobian,experience,1,-0.11038984192742242
aggregate-control-2-202-+0.5-notebook-0.6-128,aggregate-control-2,202,0.5,zero,2,78,last_prompt,jacobian,experience,1,-0.10814457469516331
aggregate-control-3-101-+0.5-notebook-0.6-128,aggregate-control-3,101,0.5,zero,2,78,last_prompt,jacobian,experience,1,0.05293011665344238
aggregate-control-3-202-+0.5-notebook-0.6-128,aggregate-control-3,202,0.5,zero,2,78,last_prompt,jacobian,experience,1,0.03850114345550537
aggregate-target-101-+0.5-notebook-0.6-128,aggregate-target,101,0.5,zero,2,78,last_prompt,jacobian,experience,1,0.06338156594170465
aggregate-target-202-+0.5-notebook-0.6-128,aggregate-target,202,0.5,zero,2,78,last_prompt,jacobian,experience,1,0.1135830216937595
aggregate-control-1-101-+0.5-notebook-0.6-128,aggregate-control-1,101,0.5,zero,2,78,last_prompt,jacobian,hedging,1,-0.048600518703460695
aggregate-control-1-202-+0.5-notebook-0.6-128,aggregate-control-1,202,0.5,zero,2,78,last_prompt,jacobian,hedging,1,-0.04768944978713989
aggregate-control-2-101-+0.5-notebook-0.6-128,aggregate-control-2,101,0.5,zero,2,78,last_prompt,jacobian,hedging,1,0.024414968490600587
aggregate-control-2-202-+0.5-notebook-0.6-128,aggregate-control-2,202,0.5,zero,2,78,last_prompt,jacobian,hedging,1,0.009116643667221069
aggregate-control-3-101-+0.5-notebook-0.6-128,aggregate-control-3,101,0.5,zero,2,78,last_prompt,jacobian,hedging,1,-0.021815192699432374
aggregate-control-3-202-+0.5-notebook-0.6-128,aggregate-control-3,202,0.5,zero,2,78,last_prompt,jacobian,hedging,1,-0.01866648197174072
aggregate-target-101-+0.5-notebook-0.6-128,aggregate-target,101,0.5,zero,2,78,last_prompt,jacobian,hedging,1,0.035296618938446045
aggregate-target-202-+0.5-notebook-0.6-128,aggregate-target,202,0.5,zero,2,78,last_prompt,jacobian,hedging,1,0.043974298238754275
aggregate-control-1-101-+0.5-notebook-0.6-128,aggregate-control-1,101,0.5,zero,2,78,last_prompt,jacobian,honesty,1,-0.17858510352671148
aggregate-control-1-202-+0.5-notebook-0.6-128,aggregate-control-1,202,0.5,zero,2,78,last_prompt,jacobian,honesty,1,-0.14712563902139664
aggregate-control-2-101-+0.5-notebook-0.6-128,aggregate-control-2,101,0.5,zero,2,78,last_prompt,jacobian,honesty,1,0.08837725222110748
aggregate-control-2-202-+0.5-notebook-0.6-128,aggregate-control-2,202,0.5,zero,2,78,last_prompt,jacobian,honesty,1,0.05389028862118721
aggregate-control-3-101-+0.5-notebook-0.6-128,aggregate-control-3,101,0.5,zero,2,78,last_prompt,jacobian,honesty,1,-0.06326308846473694
aggregate-control-3-202-+0.5-notebook-0.6-128,aggregate-control-3,202,0.5,zero,2,78,last_prompt,jacobian,honesty,1,-0.05191290788352489
aggregate-target-101-+0.5-notebook-0.6-128,aggregate-target,101,0.5,zero,2,78,last_prompt,jacobian,honesty,1,0.1463790386915207
aggregate-target-202-+0.5-notebook-0.6-128,aggregate-target,202,0.5,zero,2,78,last_prompt,jacobian,honesty,1,0.15860434323549272
aggregate-control-1-101-+0.5-notebook-0.6-128,aggregate-control-1,101,0.5,zero,2,78,last_prompt,jacobian,intervention,1,-0.060083081324895225
aggregate-control-1-202-+0.5-notebook-0.6-128,aggregate-control-1,202,0.5,zero,2,78,last_prompt,jacobian,intervention,1,-0.0627586758799023
aggregate-control-2-101-+0.5-notebook-0.6-128,aggregate-control-2,101,0.5,zero,2,78,last_prompt,jacobian,intervention,1,0.005107515388064914
aggregate-control-2-202-+0.5-notebook-0.6-128,aggregate-control-2,202,0.5,zero,2,78,last_prompt,jacobian,intervention,1,-0.037407697902785406
aggregate-control-3-101-+0.5-notebook-0.6-128,aggregate-control-3,101,0.5,zero,2,78,last_prompt,jacobian,intervention,1,-0.01306497057278951
aggregate-control-3-202-+0.5-notebook-0.6-128,aggregate-control-3,202,0.5,zero,2,78,last_prompt,jacobian,intervention,1,-0.033166216479407415
aggregate-target-101-+0.5-notebook-0.6-128,aggregate-target,101,0.5,zero,2,78,last_prompt,jacobian,intervention,1,0.03925030099021064
aggregate-target-202-+0.5-notebook-0.6-128,aggregate-target,202,0.5,zero,2,78,last_prompt,jacobian,intervention,1,0.037435235248671636
aggregate-control-1-101-+0.5-notebook-0.6-128,aggregate-control-1,101,0.5,zero,2,78,last_prompt,jacobian,roleplay,1,-0.03535742229885525
aggregate-control-1-202-+0.5-notebook-0.6-128,aggregate-control-1,202,0.5,zero,2,78,last_prompt,jacobian,roleplay,1,-0.04359915521409777
aggregate-control-2-101-+0.5-notebook-0.6-128,aggregate-control-2,101,0.5,zero,2,78,last_prompt,jacobian,roleplay,1,0.05533303817113241
aggregate-control-2-202-+0.5-notebook-0.6-128,aggregate-control-2,202,0.5,zero,2,78,last_prompt,jacobian,roleplay,1,0.029027952088250056
aggregate-control-3-101-+0.5-notebook-0.6-128,aggregate-control-3,101,0.5,zero,2,78,last_prompt,jacobian,roleplay,1,-0.0004569623205396864
aggregate-control-3-202-+0.5-notebook-0.6-128,aggregate-control-3,202,0.5,zero,2,78,last_prompt,jacobian,roleplay,1,0.02071539560953776
aggregate-target-101-+0.5-notebook-0.6-128,aggregate-target,101,0.5,zero,2,78,last_prompt,jacobian,roleplay,1,0.2940400143464406
aggregate-target-202-+0.5-notebook-0.6-128,aggregate-target,202,0.5,zero,2,78,last_prompt,jacobian,roleplay,1,0.3005447917514377
aggregate-control-1-101-+0.5-notebook-0.6-128,aggregate-control-1,101,0.5,zero,2,78,last_prompt,jacobian,unrelated,1,-0.028348648548126222
aggregate-control-1-202-+0.5-notebook-0.6-128,aggregate-control-1,202,0.5,zero,2,78,last_prompt,jacobian,unrelated,1,-0.04448865652084351
aggregate-control-2-101-+0.5-notebook-0.6-128,aggregate-control-2,101,0.5,zero,2,78,last_prompt,jacobian,unrelated,1,0.033762228488922116
aggregate-control-2-202-+0.5-notebook-0.6-128,aggregate-control-2,202,0.5,zero,2,78,last_prompt,jacobian,unrelated,1,0.006484436988830567
aggregate-control-3-101-+0.5-notebook-0.6-128,aggregate-control-3,101,0.5,zero,2,78,last_prompt,jacobian,unrelated,1,0.03484783172607422
aggregate-control-3-202-+0.5-notebook-0.6-128,aggregate-control-3,202,0.5,zero,2,78,last_prompt,jacobian,unrelated,1,0.04343212842941284
aggregate-target-101-+0.5-notebook-0.6-128,aggregate-target,101,0.5,zero,2,78,last_prompt,jacobian,unrelated,1,-0.08870817422866821
aggregate-target-202-+0.5-notebook-0.6-128,aggregate-target,202,0.5,zero,2,78,last_prompt,jacobian,unrelated,1,-0.04599364995956421
aggregate-control-1-101-+0.5-notebook-0.6-128,aggregate-control-1,101,0.5,zero,2,78,last_prompt,random_j_1,deception,1,0.007809635996818542
aggregate-control-1-202-+0.5-notebook-0.6-128,aggregate-control-1,202,0.5,zero,2,78,last_prompt,random_j_1,deception,1,0.032054471969604495
aggregate-control-2-101-+0.5-notebook-0.6-128,aggregate-control-2,101,0.5,zero,2,78,last_prompt,random_j_1,deception,1,-0.00034606754779815675
aggregate-control-2-202-+0.5-notebook-0.6-128,aggregate-control-2,202,0.5,zero,2,78,last_prompt,random_j_1,deception,1,0.04096578359603882
aggregate-control-3-101-+0.5-notebook-0.6-128,aggregate-control-3,101,0.5,zero,2,78,last_prompt,random_j_1,deception,1,0.05246606767177582
aggregate-control-3-202-+0.5-notebook-0.6-128,aggregate-control-3,202,0.5,zero,2,78,last_prompt,random_j_1,deception,1,0.07679023742675781
aggregate-target-101-+0.5-notebook-0.6-128,aggregate-target,101,0.5,zero,2,78,last_prompt,random_j_1,deception,1,0.007712611556053161
aggregate-target-202-+0.5-notebook-0.6-128,aggregate-target,202,0.5,zero,2,78,last_prompt,random_j_1,deception,1,0.029460299015045165
aggregate-control-1-101-+0.5-notebook-0.6-128,aggregate-control-1,101,0.5,zero,2,78,last_prompt,random_j_1,experience,1,0.028187460369533963
aggregate-control-1-202-+0.5-notebook-0.6-128,aggregate-control-1,202,0.5,zero,2,78,last_prompt,random_j_1,experience,1,0.000526868634753757
aggregate-control-2-101-+0.5-notebook-0.6-128,aggregate-control-2,101,0.5,zero,2,78,last_prompt,random_j_1,experience,1,-0.014117615090476142
aggregate-control-2-202-+0.5-notebook-0.6-128,aggregate-control-2,202,0.5,zero,2,78,last_prompt,random_j_1,experience,1,-0.03476415077845255
aggregate-control-3-101-+0.5-notebook-0.6-128,aggregate-control-3,101,0.5,zero,2,78,last_prompt,random_j_1,experience,1,0.008480903175142076
aggregate-control-3-202-+0.5-notebook-0.6-128,aggregate-control-3,202,0.5,zero,2,78,last_prompt,random_j_1,experience,1,0.013457473781373765
aggregate-target-101-+0.5-notebook-0.6-128,aggregate-target,101,0.5,zero,2,78,last_prompt,random_j_1,experience,1,-0.05241281787554423
aggregate-target-202-+0.5-notebook-0.6-128,aggregate-target,202,0.5,zero,2,78,last_prompt,random_j_1,experience,1,-0.07794912656148274
aggregate-control-1-101-+0.5-notebook-0.6-128,aggregate-control-1,101,0.5,zero,2,78,last_prompt,random_j_1,hedging,1,0.021478526294231415
aggregate-control-1-202-+0.5-notebook-0.6-128,aggregate-control-1,202,0.5,zero,2,78,last_prompt,random_j_1,hedging,1,0.03315188810229301
aggregate-control-2-101-+0.5-notebook-0.6-128,aggregate-control-2,101,0.5,zero,2,78,last_prompt,random_j_1,hedging,1,-0.049391597509384155
aggregate-control-2-202-+0.5-notebook-0.6-128,aggregate-control-2,202,0.5,zero,2,78,last_prompt,random_j_1,hedging,1,-0.04831597954034805
aggregate-control-3-101-+0.5-notebook-0.6-128,aggregate-control-3,101,0.5,zero,2,78,last_prompt,random_j_1,hedging,1,-0.019757500290870665
aggregate-control-3-202-+0.5-notebook-0.6-128,aggregate-control-3,202,0.5,zero,2,78,last_prompt,random_j_1,hedging,1,-0.011650180816650391
aggregate-target-101-+0.5-notebook-0.6-128,aggregate-target,101,0.5,zero,2,78,last_prompt,random_j_1,hedging,1,-0.02951349914073944
aggregate-target-202-+0.5-notebook-0.6-128,aggregate-target,202,0.5,zero,2,78,last_prompt,random_j_1,hedging,1,-0.03673142492771149
aggregate-control-1-101-+0.5-notebook-0.6-128,aggregate-control-1,101,0.5,zero,2,78,last_prompt,random_j_1,honesty,1,-0.03375374674797058
aggregate-control-1-202-+0.5-notebook-0.6-128,aggregate-control-1,202,0.5,zero,2,78,last_prompt,random_j_1,honesty,1,0.008009549975395203
aggregate-control-2-101-+0.5-notebook-0.6-128,aggregate-control-2,101,0.5,zero,2,78,last_prompt,random_j_1,honesty,1,0.017203384637832643
aggregate-control-2-202-+0.5-notebook-0.6-128,aggregate-control-2,202,0.5,zero,2,78,last_prompt,random_j_1,honesty,1,0.02234714329242706
aggregate-control-3-101-+0.5-notebook-0.6-128,aggregate-control-3,101,0.5,zero,2,78,last_prompt,random_j_1,honesty,1,0.03624980598688125
aggregate-control-3-202-+0.5-notebook-0.6-128,aggregate-control-3,202,0.5,zero,2,78,last_prompt,random_j_1,honesty,1,0.06182926595211029
aggregate-target-101-+0.5-notebook-0.6-128,aggregate-target,101,0.5,zero,2,78,last_prompt,random_j_1,honesty,1,0.02039819210767746
aggregate-target-202-+0.5-notebook-0.6-128,aggregate-target,202,0.5,zero,2,78,last_prompt,random_j_1,honesty,1,0.03448237776756287
aggregate-control-1-101-+0.5-notebook-0.6-128,aggregate-control-1,101,0.5,zero,2,78,last_prompt,random_j_1,intervention,1,0.10962317552831438
aggregate-control-1-202-+0.5-notebook-0.6-128,aggregate-control-1,202,0.5,zero,2,78,last_prompt,random_j_1,intervention,1,0.11252422465218438
aggregate-control-2-101-+0.5-notebook-0.6-128,aggregate-control-2,101,0.5,zero,2,78,last_prompt,random_j_1,intervention,1,0.06673941016197205
aggregate-control-2-202-+0.5-notebook-0.6-128,aggregate-control-2,202,0.5,zero,2,78,last_prompt,random_j_1,intervention,1,0.0567458967367808
aggregate-control-3-101-+0.5-notebook-0.6-128,aggregate-control-3,101,0.5,zero,2,78,last_prompt,random_j_1,intervention,1,-0.024362592233551875
aggregate-control-3-202-+0.5-notebook-0.6-128,aggregate-control-3,202,0.5,zero,2,78,last_prompt,random_j_1,intervention,1,-0.02593575914700826
aggregate-target-101-+0.5-notebook-0.6-128,aggregate-target,101,0.5,zero,2,78,last_prompt,random_j_1,intervention,1,-0.05517677962779999
aggregate-target-202-+0.5-notebook-0.6-128,aggregate-target,202,0.5,zero,2,78,last_prompt,random_j_1,intervention,1,-0.0697223809030321
aggregate-control-1-101-+0.5-notebook-0.6-128,aggregate-control-1,101,0.5,zero,2,78,last_prompt,random_j_1,roleplay,1,0.05650326278474596
aggregate-control-1-202-+0.5-notebook-0.6-128,aggregate-control-1,202,0.5,zero,2,78,last_prompt,random_j_1,roleplay,1,0.0621473855442471
aggregate-control-2-101-+0.5-notebook-0.6-128,aggregate-control-2,101,0.5,zero,2,78,last_prompt,random_j_1,roleplay,1,-0.045701239671972066
aggregate-control-2-202-+0.5-notebook-0.6-128,aggregate-control-2,202,0.5,zero,2,78,last_prompt,random_j_1,roleplay,1,-0.02625785188542472
aggregate-control-3-101-+0.5-notebook-0.6-128,aggregate-control-3,101,0.5,zero,2,78,last_prompt,random_j_1,roleplay,1,0.010980370971891616
aggregate-control-3-202-+0.5-notebook-0.6-128,aggregate-control-3,202,0.5,zero,2,78,last_prompt,random_j_1,roleplay,1,0.023755459321869746
aggregate-target-101-+0.5-notebook-0.6-128,aggregate-target,101,0.5,zero,2,78,last_prompt,random_j_1,roleplay,1,0.025136225753360324
aggregate-target-202-+0.5-notebook-0.6-128,aggregate-target,202,0.5,zero,2,78,last_prompt,random_j_1,roleplay,1,0.022947831286324397
aggregate-control-1-101-+0.5-notebook-0.6-128,aggregate-control-1,101,0.5,zero,2,78,last_prompt,random_j_1,unrelated,1,-0.06770295202732086
aggregate-control-1-202-+0.5-notebook-0.6-128,aggregate-control-1,202,0.5,zero,2,78,last_prompt,random_j_1,unrelated,1,-0.0542833611369133
aggregate-control-2-101-+0.5-notebook-0.6-128,aggregate-control-2,101,0.5,zero,2,78,last_prompt,random_j_1,unrelated,1,0.0016645476222038268
aggregate-control-2-202-+0.5-notebook-0.6-128,aggregate-control-2,202,0.5,zero,2,78,last_prompt,random_j_1,unrelated,1,-0.0009071655571460724
aggregate-control-3-101-+0.5-notebook-0.6-128,aggregate-control-3,101,0.5,zero,2,78,last_prompt,random_j_1,unrelated,1,0.013928242027759552
aggregate-control-3-202-+0.5-notebook-0.6-128,aggregate-control-3,202,0.5,zero,2,78,last_prompt,random_j_1,unrelated,1,0.04067138358950615
aggregate-target-101-+0.5-notebook-0.6-128,aggregate-target,101,0.5,zero,2,78,last_prompt,random_j_1,unrelated,1,0.01767885535955429
aggregate-target-202-+0.5-notebook-0.6-128,aggregate-target,202,0.5,zero,2,78,last_prompt,random_j_1,unrelated,1,0.019311819970607758
aggregate-control-1-101-+0.5-notebook-0.6-128,aggregate-control-1,101,0.5,zero,2,78,last_prompt,random_j_2,deception,1,0.09594437405467034
aggregate-control-1-202-+0.5-notebook-0.6-128,aggregate-control-1,202,0.5,zero,2,78,last_prompt,random_j_2,deception,1,0.06957253590226173
aggregate-control-2-101-+0.5-notebook-0.6-128,aggregate-control-2,101,0.5,zero,2,78,last_prompt,random_j_2,deception,1,0.09515202343463898
aggregate-control-2-202-+0.5-notebook-0.6-128,aggregate-control-2,202,0.5,zero,2,78,last_prompt,random_j_2,deception,1,0.07997632846236229
aggregate-control-3-101-+0.5-notebook-0.6-128,aggregate-control-3,101,0.5,zero,2,78,last_prompt,random_j_2,deception,1,-0.02101800888776779
aggregate-control-3-202-+0.5-notebook-0.6-128,aggregate-control-3,202,0.5,zero,2,78,last_prompt,random_j_2,deception,1,-0.01825559213757515
aggregate-target-101-+0.5-notebook-0.6-128,aggregate-target,101,0.5,zero,2,78,last_prompt,random_j_2,deception,1,-0.06793213784694671
aggregate-target-202-+0.5-notebook-0.6-128,aggregate-target,202,0.5,zero,2,78,last_prompt,random_j_2,deception,1,-0.06852136626839637
aggregate-control-1-101-+0.5-notebook-0.6-128,aggregate-control-1,101,0.5,zero,2,78,last_prompt,random_j_2,experience,1,-0.0023071997695498997
aggregate-control-1-202-+0.5-notebook-0.6-128,aggregate-control-1,202,0.5,zero,2,78,last_prompt,random_j_2,experience,1,0.01755667229493459
aggregate-control-2-101-+0.5-notebook-0.6-128,aggregate-control-2,101,0.5,zero,2,78,last_prompt,random_j_2,experience,1,0.01829812592930264
aggregate-control-2-202-+0.5-notebook-0.6-128,aggregate-control-2,202,0.5,zero,2,78,last_prompt,random_j_2,experience,1,0.023044677244292364
aggregate-control-3-101-+0.5-notebook-0.6-128,aggregate-control-3,101,0.5,zero,2,78,last_prompt,random_j_2,experience,1,0.08331262071927388
aggregate-control-3-202-+0.5-notebook-0.6-128,aggregate-control-3,202,0.5,zero,2,78,last_prompt,random_j_2,experience,1,0.06792454752657148
aggregate-target-101-+0.5-notebook-0.6-128,aggregate-target,101,0.5,zero,2,78,last_prompt,random_j_2,experience,1,0.007492009136411879
aggregate-target-202-+0.5-notebook-0.6-128,aggregate-target,202,0.5,zero,2,78,last_prompt,random_j_2,experience,1,-0.017330856786833868
aggregate-control-1-101-+0.5-notebook-0.6-128,aggregate-control-1,101,0.5,zero,2,78,last_prompt,random_j_2,hedging,1,0.04916249513626099
aggregate-control-1-202-+0.5-notebook-0.6-128,aggregate-control-1,202,0.5,zero,2,78,last_prompt,random_j_2,hedging,1,0.020022350549697875
aggregate-control-2-101-+0.5-notebook-0.6-128,aggregate-control-2,101,0.5,zero,2,78,last_prompt,random_j_2,hedging,1,0.09524539709091187
aggregate-control-2-202-+0.5-notebook-0.6-128,aggregate-control-2,202,0.5,zero,2,78,last_prompt,random_j_2,hedging,1,0.06227685511112213
aggregate-control-3-101-+0.5-notebook-0.6-128,aggregate-control-3,101,0.5,zero,2,78,last_prompt,random_j_2,hedging,1,-0.04916937053203583
aggregate-control-3-202-+0.5-notebook-0.6-128,aggregate-control-3,202,0.5,zero,2,78,last_prompt,random_j_2,hedging,1,-0.06668928265571594
aggregate-target-101-+0.5-notebook-0.6-128,aggregate-target,101,0.5,zero,2,78,last_prompt,random_j_2,hedging,1,0.04578062891960144
aggregate-target-202-+0.5-notebook-0.6-128,aggregate-target,202,0.5,zero,2,78,last_prompt,random_j_2,hedging,1,0.016987374424934386
aggregate-control-1-101-+0.5-notebook-0.6-128,aggregate-control-1,101,0.5,zero,2,78,last_prompt,random_j_2,honesty,1,0.0633130431175232
aggregate-control-1-202-+0.5-notebook-0.6-128,aggregate-control-1,202,0.5,zero,2,78,last_prompt,random_j_2,honesty,1,0.051687280833721164
aggregate-control-2-101-+0.5-notebook-0.6-128,aggregate-control-2,101,0.5,zero,2,78,last_prompt,random_j_2,honesty,1,-0.04265087842941284
aggregate-control-2-202-+0.5-notebook-0.6-128,aggregate-control-2,202,0.5,zero,2,78,last_prompt,random_j_2,honesty,1,-0.03567735105752945
aggregate-control-3-101-+0.5-notebook-0.6-128,aggregate-control-3,101,0.5,zero,2,78,last_prompt,random_j_2,honesty,1,0.017182987928390504
aggregate-control-3-202-+0.5-notebook-0.6-128,aggregate-control-3,202,0.5,zero,2,78,last_prompt,random_j_2,honesty,1,0.03361695259809494
aggregate-target-101-+0.5-notebook-0.6-128,aggregate-target,101,0.5,zero,2,78,last_prompt,random_j_2,honesty,1,-0.03368047475814819
aggregate-target-202-+0.5-notebook-0.6-128,aggregate-target,202,0.5,zero,2,78,last_prompt,random_j_2,honesty,1,-0.026052302122116087
aggregate-control-1-101-+0.5-notebook-0.6-128,aggregate-control-1,101,0.5,zero,2,78,last_prompt,random_j_2,intervention,1,0.08308542271455129
aggregate-control-1-202-+0.5-notebook-0.6-128,aggregate-control-1,202,0.5,zero,2,78,last_prompt,random_j_2,intervention,1,0.06477841900454627
aggregate-control-2-101-+0.5-notebook-0.6-128,aggregate-control-2,101,0.5,zero,2,78,last_prompt,random_j_2,intervention,1,0.1071919517384635
aggregate-control-2-202-+0.5-notebook-0.6-128,aggregate-control-2,202,0.5,zero,2,78,last_prompt,random_j_2,intervention,1,0.07480444179640876
aggregate-control-3-101-+0.5-notebook-0.6-128,aggregate-control-3,101,0.5,zero,2,78,last_prompt,random_j_2,intervention,1,0.019870301087697346
aggregate-control-3-202-+0.5-notebook-0.6-128,aggregate-control-3,202,0.5,zero,2,78,last_prompt,random_j_2,intervention,1,-0.004698998398251004
aggregate-target-101-+0.5-notebook-0.6-128,aggregate-target,101,0.5,zero,2,78,last_prompt,random_j_2,intervention,1,0.06481432418028514
aggregate-target-202-+0.5-notebook-0.6-128,aggregate-target,202,0.5,zero,2,78,last_prompt,random_j_2,intervention,1,0.04877976245350308
aggregate-control-1-101-+0.5-notebook-0.6-128,aggregate-control-1,101,0.5,zero,2,78,last_prompt,random_j_2,roleplay,1,0.029618114233016968
aggregate-control-1-202-+0.5-notebook-0.6-128,aggregate-control-1,202,0.5,zero,2,78,last_prompt,random_j_2,roleplay,1,0.02992831336127387
aggregate-control-2-101-+0.5-notebook-0.6-128,aggregate-control-2,101,0.5,zero,2,78,last_prompt,random_j_2,roleplay,1,0.050957380069626704
aggregate-control-2-202-+0.5-notebook-0.6-128,aggregate-control-2,202,0.5,zero,2,78,last_prompt,random_j_2,roleplay,1,0.057762593030929565
aggregate-control-3-101-+0.5-notebook-0.6-128,aggregate-control-3,101,0.5,zero,2,78,last_prompt,random_j_2,roleplay,1,-0.005774830778439839
aggregate-control-3-202-+0.5-notebook-0.6-128,aggregate-control-3,202,0.5,zero,2,78,last_prompt,random_j_2,roleplay,1,-0.012280035350057814
aggregate-target-101-+0.5-notebook-0.6-128,aggregate-target,101,0.5,zero,2,78,last_prompt,random_j_2,roleplay,1,0.024677281578381855
aggregate-target-202-+0.5-notebook-0.6-128,aggregate-target,202,0.5,zero,2,78,last_prompt,random_j_2,roleplay,1,0.01688939332962036
aggregate-control-1-101-+0.5-notebook-0.6-128,aggregate-control-1,101,0.5,zero,2,78,last_prompt,random_j_2,unrelated,1,0.014221814274787904
aggregate-control-1-202-+0.5-notebook-0.6-128,aggregate-control-1,202,0.5,zero,2,78,last_prompt,random_j_2,unrelated,1,0.027018600702285768
aggregate-control-2-101-+0.5-notebook-0.6-128,aggregate-control-2,101,0.5,zero,2,78,last_prompt,random_j_2,unrelated,1,0.008863478899002075
aggregate-control-2-202-+0.5-notebook-0.6-128,aggregate-control-2,202,0.5,zero,2,78,last_prompt,random_j_2,unrelated,1,0.026151216030120848
aggregate-control-3-101-+0.5-notebook-0.6-128,aggregate-control-3,101,0.5,zero,2,78,last_prompt,random_j_2,unrelated,1,0.013515925407409668
aggregate-control-3-202-+0.5-notebook-0.6-128,aggregate-control-3,202,0.5,zero,2,78,last_prompt,random_j_2,unrelated,1,0.004117804765701294
aggregate-target-101-+0.5-notebook-0.6-128,aggregate-target,101,0.5,zero,2,78,last_prompt,random_j_2,unrelated,1,0.0024619728326797487
aggregate-target-202-+0.5-notebook-0.6-128,aggregate-target,202,0.5,zero,2,78,last_prompt,random_j_2,unrelated,1,-0.008008804917335511
aggregate-control-1-101-+0.5-notebook-0.6-128,aggregate-control-1,101,0.5,zero,2,78,last_prompt,random_j_3,deception,1,-0.008193387091159821
aggregate-control-1-202-+0.5-notebook-0.6-128,aggregate-control-1,202,0.5,zero,2,78,last_prompt,random_j_3,deception,1,-0.006366734206676483
aggregate-control-2-101-+0.5-notebook-0.6-128,aggregate-control-2,101,0.5,zero,2,78,last_prompt,random_j_3,deception,1,-0.09202255755662918
aggregate-control-2-202-+0.5-notebook-0.6-128,aggregate-control-2,202,0.5,zero,2,78,last_prompt,random_j_3,deception,1,-0.09326546341180801
aggregate-control-3-101-+0.5-notebook-0.6-128,aggregate-control-3,101,0.5,zero,2,78,last_prompt,random_j_3,deception,1,0.0341769203543663
aggregate-control-3-202-+0.5-notebook-0.6-128,aggregate-control-3,202,0.5,zero,2,78,last_prompt,random_j_3,deception,1,0.022621116042137145
aggregate-target-101-+0.5-notebook-0.6-128,aggregate-target,101,0.5,zero,2,78,last_prompt,random_j_3,deception,1,0.04043357670307159
aggregate-target-202-+0.5-notebook-0.6-128,aggregate-target,202,0.5,zero,2,78,last_prompt,random_j_3,deception,1,0.027160732448101042
aggregate-control-1-101-+0.5-notebook-0.6-128,aggregate-control-1,101,0.5,zero,2,78,last_prompt,random_j_3,experience,1,0.12735561860932243
aggregate-control-1-202-+0.5-notebook-0.6-128,aggregate-control-1,202,0.5,zero,2,78,last_prompt,random_j_3,experience,1,0.09732414616478814
aggregate-control-2-101-+0.5-notebook-0.6-128,aggregate-control-2,101,0.5,zero,2,78,last_prompt,random_j_3,experience,1,0.04724239971902636
aggregate-control-2-202-+0.5-notebook-0.6-128,aggregate-control-2,202,0.5,zero,2,78,last_prompt,random_j_3,experience,1,0.014536177118619284
aggregate-control-3-101-+0.5-notebook-0.6-128,aggregate-control-3,101,0.5,zero,2,78,last_prompt,random_j_3,experience,1,0.12589935792817009
aggregate-control-3-202-+0.5-notebook-0.6-128,aggregate-control-3,202,0.5,zero,2,78,last_prompt,random_j_3,experience,1,0.09365939762857226
aggregate-target-101-+0.5-notebook-0.6-128,aggregate-target,101,0.5,zero,2,78,last_prompt,random_j_3,experience,1,-0.08973899359504382
aggregate-target-202-+0.5-notebook-0.6-128,aggregate-target,202,0.5,zero,2,78,last_prompt,random_j_3,experience,1,-0.10337681240505642
aggregate-control-1-101-+0.5-notebook-0.6-128,aggregate-control-1,101,0.5,zero,2,78,last_prompt,random_j_3,hedging,1,-0.006809239089488983
aggregate-control-1-202-+0.5-notebook-0.6-128,aggregate-control-1,202,0.5,zero,2,78,last_prompt,random_j_3,hedging,1,-0.005894675105810166
aggregate-control-2-101-+0.5-notebook-0.6-128,aggregate-control-2,101,0.5,zero,2,78,last_prompt,random_j_3,hedging,1,0.007902365922927857
aggregate-control-2-202-+0.5-notebook-0.6-128,aggregate-control-2,202,0.5,zero,2,78,last_prompt,random_j_3,hedging,1,0.0127284936606884
aggregate-control-3-101-+0.5-notebook-0.6-128,aggregate-control-3,101,0.5,zero,2,78,last_prompt,random_j_3,hedging,1,0.027346575260162355
aggregate-control-3-202-+0.5-notebook-0.6-128,aggregate-control-3,202,0.5,zero,2,78,last_prompt,random_j_3,hedging,1,0.034276120364665985
aggregate-target-101-+0.5-notebook-0.6-128,aggregate-target,101,0.5,zero,2,78,last_prompt,random_j_3,hedging,1,-0.03126274794340134
aggregate-target-202-+0.5-notebook-0.6-128,aggregate-target,202,0.5,zero,2,78,last_prompt,random_j_3,hedging,1,-0.04058305844664574
aggregate-control-1-101-+0.5-notebook-0.6-128,aggregate-control-1,101,0.5,zero,2,78,last_prompt,random_j_3,honesty,1,0.05258868932723999
aggregate-control-1-202-+0.5-notebook-0.6-128,aggregate-control-1,202,0.5,zero,2,78,last_prompt,random_j_3,honesty,1,0.0052730411291122435
aggregate-control-2-101-+0.5-notebook-0.6-128,aggregate-control-2,101,0.5,zero,2,78,last_prompt,random_j_3,honesty,1,-0.05746147930622101
aggregate-control-2-202-+0.5-notebook-0.6-128,aggregate-control-2,202,0.5,zero,2,78,last_prompt,random_j_3,honesty,1,-0.0666605919599533
aggregate-control-3-101-+0.5-notebook-0.6-128,aggregate-control-3,101,0.5,zero,2,78,last_prompt,random_j_3,honesty,1,0.059489351511001584
aggregate-control-3-202-+0.5-notebook-0.6-128,aggregate-control-3,202,0.5,zero,2,78,last_prompt,random_j_3,honesty,1,0.03170230686664581
aggregate-target-101-+0.5-notebook-0.6-128,aggregate-target,101,0.5,zero,2,78,last_prompt,random_j_3,honesty,1,0.01984241008758545
aggregate-target-202-+0.5-notebook-0.6-128,aggregate-target,202,0.5,zero,2,78,last_prompt,random_j_3,honesty,1,0.010215714573860168
aggregate-control-1-101-+0.5-notebook-0.6-128,aggregate-control-1,101,0.5,zero,2,78,last_prompt,random_j_3,intervention,1,0.0744060261381997
aggregate-control-1-202-+0.5-notebook-0.6-128,aggregate-control-1,202,0.5,zero,2,78,last_prompt,random_j_3,intervention,1,0.05734922157393561
aggregate-control-2-101-+0.5-notebook-0.6-128,aggregate-control-2,101,0.5,zero,2,78,last_prompt,random_j_3,intervention,1,0.04557601776387957
aggregate-control-2-202-+0.5-notebook-0.6-128,aggregate-control-2,202,0.5,zero,2,78,last_prompt,random_j_3,intervention,1,0.043085364831818476
aggregate-control-3-101-+0.5-notebook-0.6-128,aggregate-control-3,101,0.5,zero,2,78,last_prompt,random_j_3,intervention,1,0.03485554042789671
aggregate-control-3-202-+0.5-notebook-0.6-128,aggregate-control-3,202,0.5,zero,2,78,last_prompt,random_j_3,intervention,1,0.02438595063156552
aggregate-target-101-+0.5-notebook-0.6-128,aggregate-target,101,0.5,zero,2,78,last_prompt,random_j_3,intervention,1,0.02889059152868059
aggregate-target-202-+0.5-notebook-0.6-128,aggregate-target,202,0.5,zero,2,78,last_prompt,random_j_3,intervention,1,0.02747226423687405
aggregate-control-1-101-+0.5-notebook-0.6-128,aggregate-control-1,101,0.5,zero,2,78,last_prompt,random_j_3,roleplay,1,-0.049117975764804415
aggregate-control-1-202-+0.5-notebook-0.6-128,aggregate-control-1,202,0.5,zero,2,78,last_prompt,random_j_3,roleplay,1,-0.06486722744173473
aggregate-control-2-101-+0.5-notebook-0.6-128,aggregate-control-2,101,0.5,zero,2,78,last_prompt,random_j_3,roleplay,1,-0.039491590526368886
aggregate-control-2-202-+0.5-notebook-0.6-128,aggregate-control-2,202,0.5,zero,2,78,last_prompt,random_j_3,roleplay,1,-0.04505325771040387
aggregate-control-3-101-+0.5-notebook-0.6-128,aggregate-control-3,101,0.5,zero,2,78,last_prompt,random_j_3,roleplay,1,-0.01627063751220703
aggregate-control-3-202-+0.5-notebook-0.6-128,aggregate-control-3,202,0.5,zero,2,78,last_prompt,random_j_3,roleplay,1,-0.004750471148225997
aggregate-target-101-+0.5-notebook-0.6-128,aggregate-target,101,0.5,zero,2,78,last_prompt,random_j_3,roleplay,1,0.04269720117251078
aggregate-target-202-+0.5-notebook-0.6-128,aggregate-target,202,0.5,zero,2,78,last_prompt,random_j_3,roleplay,1,0.024492255515522428
aggregate-control-1-101-+0.5-notebook-0.6-128,aggregate-control-1,101,0.5,zero,2,78,last_prompt,random_j_3,unrelated,1,0.0368856891989708
aggregate-control-1-202-+0.5-notebook-0.6-128,aggregate-control-1,202,0.5,zero,2,78,last_prompt,random_j_3,unrelated,1,0.009294508397579193
aggregate-control-2-101-+0.5-notebook-0.6-128,aggregate-control-2,101,0.5,zero,2,78,last_prompt,random_j_3,unrelated,1,0.006969901919364929
aggregate-control-2-202-+0.5-notebook-0.6-128,aggregate-control-2,202,0.5,zero,2,78,last_prompt,random_j_3,unrelated,1,-0.029163846373558046
aggregate-control-3-101-+0.5-notebook-0.6-128,aggregate-control-3,101,0.5,zero,2,78,last_prompt,random_j_3,unrelated,1,0.010685189068317414
aggregate-control-3-202-+0.5-notebook-0.6-128,aggregate-control-3,202,0.5,zero,2,78,last_prompt,random_j_3,unrelated,1,-0.0019368328154087066
aggregate-target-101-+0.5-notebook-0.6-128,aggregate-target,101,0.5,zero,2,78,last_prompt,random_j_3,unrelated,1,0.026087458431720733
aggregate-target-202-+0.5-notebook-0.6-128,aggregate-target,202,0.5,zero,2,78,last_prompt,random_j_3,unrelated,1,0.010481151938438415
aggregate-control-1-101-+0.5-notebook-0.6-128,aggregate-control-1,101,0.5,zero,2,78,last_prompt,random_j_4,deception,1,0.05386126339435578
aggregate-control-1-202-+0.5-notebook-0.6-128,aggregate-control-1,202,0.5,zero,2,78,last_prompt,random_j_4,deception,1,0.03676103949546814
aggregate-control-2-101-+0.5-notebook-0.6-128,aggregate-control-2,101,0.5,zero,2,78,last_prompt,random_j_4,deception,1,0.020971351861953737
aggregate-control-2-202-+0.5-notebook-0.6-128,aggregate-control-2,202,0.5,zero,2,78,last_prompt,random_j_4,deception,1,0.026450759172439574
aggregate-control-3-101-+0.5-notebook-0.6-128,aggregate-control-3,101,0.5,zero,2,78,last_prompt,random_j_4,deception,1,0.014655989408493043
aggregate-control-3-202-+0.5-notebook-0.6-128,aggregate-control-3,202,0.5,zero,2,78,last_prompt,random_j_4,deception,1,0.010636800527572631
aggregate-target-101-+0.5-notebook-0.6-128,aggregate-target,101,0.5,zero,2,78,last_prompt,random_j_4,deception,1,-0.03600428700447082
aggregate-target-202-+0.5-notebook-0.6-128,aggregate-target,202,0.5,zero,2,78,last_prompt,random_j_4,deception,1,-0.0037893384695053102
aggregate-control-1-101-+0.5-notebook-0.6-128,aggregate-control-1,101,0.5,zero,2,78,last_prompt,random_j_4,experience,1,-0.08162073625458612
aggregate-control-1-202-+0.5-notebook-0.6-128,aggregate-control-1,202,0.5,zero,2,78,last_prompt,random_j_4,experience,1,-0.07067382087310155
aggregate-control-2-101-+0.5-notebook-0.6-128,aggregate-control-2,101,0.5,zero,2,78,last_prompt,random_j_4,experience,1,0.018184138668908015
aggregate-control-2-202-+0.5-notebook-0.6-128,aggregate-control-2,202,0.5,zero,2,78,last_prompt,random_j_4,experience,1,-0.0030046204725901284
aggregate-control-3-101-+0.5-notebook-0.6-128,aggregate-control-3,101,0.5,zero,2,78,last_prompt,random_j_4,experience,1,0.0036503440803951686
aggregate-control-3-202-+0.5-notebook-0.6-128,aggregate-control-3,202,0.5,zero,2,78,last_prompt,random_j_4,experience,1,-0.014830905530187819
aggregate-target-101-+0.5-notebook-0.6-128,aggregate-target,101,0.5,zero,2,78,last_prompt,random_j_4,experience,1,-0.04601875278684828
aggregate-target-202-+0.5-notebook-0.6-128,aggregate-target,202,0.5,zero,2,78,last_prompt,random_j_4,experience,1,-0.018067422840330336
aggregate-control-1-101-+0.5-notebook-0.6-128,aggregate-control-1,101,0.5,zero,2,78,last_prompt,random_j_4,hedging,1,0.07934755459427834
aggregate-control-1-202-+0.5-notebook-0.6-128,aggregate-control-1,202,0.5,zero,2,78,last_prompt,random_j_4,hedging,1,0.05347804427146911
aggregate-control-2-101-+0.5-notebook-0.6-128,aggregate-control-2,101,0.5,zero,2,78,last_prompt,random_j_4,hedging,1,0.07374839335680008
aggregate-control-2-202-+0.5-notebook-0.6-128,aggregate-control-2,202,0.5,zero,2,78,last_prompt,random_j_4,hedging,1,0.05644259303808212
aggregate-control-3-101-+0.5-notebook-0.6-128,aggregate-control-3,101,0.5,zero,2,78,last_prompt,random_j_4,hedging,1,0.019605830311775208
aggregate-control-3-202-+0.5-notebook-0.6-128,aggregate-control-3,202,0.5,zero,2,78,last_prompt,random_j_4,hedging,1,0.024804510176181793
aggregate-target-101-+0.5-notebook-0.6-128,aggregate-target,101,0.5,zero,2,78,last_prompt,random_j_4,hedging,1,0.040652007609605786
aggregate-target-202-+0.5-notebook-0.6-128,aggregate-target,202,0.5,zero,2,78,last_prompt,random_j_4,hedging,1,0.028926528990268707
aggregate-control-1-101-+0.5-notebook-0.6-128,aggregate-control-1,101,0.5,zero,2,78,last_prompt,random_j_4,honesty,1,-0.01847584992647171
aggregate-control-1-202-+0.5-notebook-0.6-128,aggregate-control-1,202,0.5,zero,2,78,last_prompt,random_j_4,honesty,1,-0.02244904637336731
aggregate-control-2-101-+0.5-notebook-0.6-128,aggregate-control-2,101,0.5,zero,2,78,last_prompt,random_j_4,honesty,1,0.07843896150588989
aggregate-control-2-202-+0.5-notebook-0.6-128,aggregate-control-2,202,0.5,zero,2,78,last_prompt,random_j_4,honesty,1,0.07280834093689918
aggregate-control-3-101-+0.5-notebook-0.6-128,aggregate-control-3,101,0.5,zero,2,78,last_prompt,random_j_4,honesty,1,0.09015015810728073
aggregate-control-3-202-+0.5-notebook-0.6-128,aggregate-control-3,202,0.5,zero,2,78,last_prompt,random_j_4,honesty,1,0.10697166919708252
aggregate-target-101-+0.5-notebook-0.6-128,aggregate-target,101,0.5,zero,2,78,last_prompt,random_j_4,honesty,1,0.004726831614971161
aggregate-target-202-+0.5-notebook-0.6-128,aggregate-target,202,0.5,zero,2,78,last_prompt,random_j_4,honesty,1,0.006356564164161682
aggregate-control-1-101-+0.5-notebook-0.6-128,aggregate-control-1,101,0.5,zero,2,78,last_prompt,random_j_4,intervention,1,-0.013221366537941827
aggregate-control-1-202-+0.5-notebook-0.6-128,aggregate-control-1,202,0.5,zero,2,78,last_prompt,random_j_4,intervention,1,-0.04152240686946445
aggregate-control-2-101-+0.5-notebook-0.6-128,aggregate-control-2,101,0.5,zero,2,78,last_prompt,random_j_4,intervention,1,0.1287636094623142
aggregate-control-2-202-+0.5-notebook-0.6-128,aggregate-control-2,202,0.5,zero,2,78,last_prompt,random_j_4,intervention,1,0.11141642928123474
aggregate-control-3-101-+0.5-notebook-0.6-128,aggregate-control-3,101,0.5,zero,2,78,last_prompt,random_j_4,intervention,1,0.044334393408563405
aggregate-control-3-202-+0.5-notebook-0.6-128,aggregate-control-3,202,0.5,zero,2,78,last_prompt,random_j_4,intervention,1,0.023939955565664504
aggregate-target-101-+0.5-notebook-0.6-128,aggregate-target,101,0.5,zero,2,78,last_prompt,random_j_4,intervention,1,0.03399157855245802
aggregate-target-202-+0.5-notebook-0.6-128,aggregate-target,202,0.5,zero,2,78,last_prompt,random_j_4,intervention,1,0.014241738451851739
aggregate-control-1-101-+0.5-notebook-0.6-128,aggregate-control-1,101,0.5,zero,2,78,last_prompt,random_j_4,roleplay,1,0.008001253008842468
aggregate-control-1-202-+0.5-notebook-0.6-128,aggregate-control-1,202,0.5,zero,2,78,last_prompt,random_j_4,roleplay,1,0.022217028670840792
aggregate-control-2-101-+0.5-notebook-0.6-128,aggregate-control-2,101,0.5,zero,2,78,last_prompt,random_j_4,roleplay,1,-0.01935943795575036
aggregate-control-2-202-+0.5-notebook-0.6-128,aggregate-control-2,202,0.5,zero,2,78,last_prompt,random_j_4,roleplay,1,-0.02461687723795573
aggregate-control-3-101-+0.5-notebook-0.6-128,aggregate-control-3,101,0.5,zero,2,78,last_prompt,random_j_4,roleplay,1,-0.0038152850336498683
aggregate-control-3-202-+0.5-notebook-0.6-128,aggregate-control-3,202,0.5,zero,2,78,last_prompt,random_j_4,roleplay,1,-0.004737536940309737
aggregate-target-101-+0.5-notebook-0.6-128,aggregate-target,101,0.5,zero,2,78,last_prompt,random_j_4,roleplay,1,0.005317040615611606
aggregate-target-202-+0.5-notebook-0.6-128,aggregate-target,202,0.5,zero,2,78,last_prompt,random_j_4,roleplay,1,0.015748977661132812
aggregate-control-1-101-+0.5-notebook-0.6-128,aggregate-control-1,101,0.5,zero,2,78,last_prompt,random_j_4,unrelated,1,-0.0496543288230896
aggregate-control-1-202-+0.5-notebook-0.6-128,aggregate-control-1,202,0.5,zero,2,78,last_prompt,random_j_4,unrelated,1,-0.03440234363079071
aggregate-control-2-101-+0.5-notebook-0.6-128,aggregate-control-2,101,0.5,zero,2,78,last_prompt,random_j_4,unrelated,1,-0.009412276744842529
aggregate-control-2-202-+0.5-notebook-0.6-128,aggregate-control-2,202,0.5,zero,2,78,last_prompt,random_j_4,unrelated,1,-0.005076411366462708
aggregate-control-3-101-+0.5-notebook-0.6-128,aggregate-control-3,101,0.5,zero,2,78,last_prompt,random_j_4,unrelated,1,0.0632821038365364
aggregate-control-3-202-+0.5-notebook-0.6-128,aggregate-control-3,202,0.5,zero,2,78,last_prompt,random_j_4,unrelated,1,0.034262295067310336
aggregate-target-101-+0.5-notebook-0.6-128,aggregate-target,101,0.5,zero,2,78,last_prompt,random_j_4,unrelated,1,-0.008216845989227294
aggregate-target-202-+0.5-notebook-0.6-128,aggregate-target,202,0.5,zero,2,78,last_prompt,random_j_4,unrelated,1,-0.001370030641555786
aggregate-control-1-101-+0.5-notebook-0.6-128,aggregate-control-1,101,0.5,zero,2,78,last_prompt,random_j_5,deception,1,-0.030629755556583406
aggregate-control-1-202-+0.5-notebook-0.6-128,aggregate-control-1,202,0.5,zero,2,78,last_prompt,random_j_5,deception,1,-0.0009558498859405518
aggregate-control-2-101-+0.5-notebook-0.6-128,aggregate-control-2,101,0.5,zero,2,78,last_prompt,random_j_5,deception,1,0.07841743528842926
aggregate-control-2-202-+0.5-notebook-0.6-128,aggregate-control-2,202,0.5,zero,2,78,last_prompt,random_j_5,deception,1,0.08908578753471375
aggregate-control-3-101-+0.5-notebook-0.6-128,aggregate-control-3,101,0.5,zero,2,78,last_prompt,random_j_5,deception,1,-0.01062990427017212
aggregate-control-3-202-+0.5-notebook-0.6-128,aggregate-control-3,202,0.5,zero,2,78,last_prompt,random_j_5,deception,1,0.011822018027305602
aggregate-target-101-+0.5-notebook-0.6-128,aggregate-target,101,0.5,zero,2,78,last_prompt,random_j_5,deception,1,0.02867337167263031
aggregate-target-202-+0.5-notebook-0.6-128,aggregate-target,202,0.5,zero,2,78,last_prompt,random_j_5,deception,1,0.05368590652942658
aggregate-control-1-101-+0.5-notebook-0.6-128,aggregate-control-1,101,0.5,zero,2,78,last_prompt,random_j_5,experience,1,0.0018688630726602343
aggregate-control-1-202-+0.5-notebook-0.6-128,aggregate-control-1,202,0.5,zero,2,78,last_prompt,random_j_5,experience,1,-0.024394381377432082
aggregate-control-2-101-+0.5-notebook-0.6-128,aggregate-control-2,101,0.5,zero,2,78,last_prompt,random_j_5,experience,1,-0.00901994440290663
aggregate-control-2-202-+0.5-notebook-0.6-128,aggregate-control-2,202,0.5,zero,2,78,last_prompt,random_j_5,experience,1,0.0017419672674602931
aggregate-control-3-101-+0.5-notebook-0.6-128,aggregate-control-3,101,0.5,zero,2,78,last_prompt,random_j_5,experience,1,-0.06035746468438043
aggregate-control-3-202-+0.5-notebook-0.6-128,aggregate-control-3,202,0.5,zero,2,78,last_prompt,random_j_5,experience,1,-0.06768961747487386
aggregate-target-101-+0.5-notebook-0.6-128,aggregate-target,101,0.5,zero,2,78,last_prompt,random_j_5,experience,1,0.05044867595036825
aggregate-target-202-+0.5-notebook-0.6-128,aggregate-target,202,0.5,zero,2,78,last_prompt,random_j_5,experience,1,0.07042671822839314
aggregate-control-1-101-+0.5-notebook-0.6-128,aggregate-control-1,101,0.5,zero,2,78,last_prompt,random_j_5,hedging,1,0.09790789633989334
aggregate-control-1-202-+0.5-notebook-0.6-128,aggregate-control-1,202,0.5,zero,2,78,last_prompt,random_j_5,hedging,1,0.11748422682285309
aggregate-control-2-101-+0.5-notebook-0.6-128,aggregate-control-2,101,0.5,zero,2,78,last_prompt,random_j_5,hedging,1,-0.04177732914686203
aggregate-control-2-202-+0.5-notebook-0.6-128,aggregate-control-2,202,0.5,zero,2,78,last_prompt,random_j_5,hedging,1,-0.03265329301357269
aggregate-control-3-101-+0.5-notebook-0.6-128,aggregate-control-3,101,0.5,zero,2,78,last_prompt,random_j_5,hedging,1,-0.043896915018558504
aggregate-control-3-202-+0.5-notebook-0.6-128,aggregate-control-3,202,0.5,zero,2,78,last_prompt,random_j_5,hedging,1,-0.024856409430503844
aggregate-target-101-+0.5-notebook-0.6-128,aggregate-target,101,0.5,zero,2,78,last_prompt,random_j_5,hedging,1,0.009915409982204438
aggregate-target-202-+0.5-notebook-0.6-128,aggregate-target,202,0.5,zero,2,78,last_prompt,random_j_5,hedging,1,0.04814296066761017
aggregate-control-1-101-+0.5-notebook-0.6-128,aggregate-control-1,101,0.5,zero,2,78,last_prompt,random_j_5,honesty,1,-0.034594747424125674
aggregate-control-1-202-+0.5-notebook-0.6-128,aggregate-control-1,202,0.5,zero,2,78,last_prompt,random_j_5,honesty,1,-0.020156675577163698
aggregate-control-2-101-+0.5-notebook-0.6-128,aggregate-control-2,101,0.5,zero,2,78,last_prompt,random_j_5,honesty,1,-0.016702720522880556
aggregate-control-2-202-+0.5-notebook-0.6-128,aggregate-control-2,202,0.5,zero,2,78,last_prompt,random_j_5,honesty,1,-0.014587420225143432
aggregate-control-3-101-+0.5-notebook-0.6-128,aggregate-control-3,101,0.5,zero,2,78,last_prompt,random_j_5,honesty,1,-0.034790852665901185
aggregate-control-3-202-+0.5-notebook-0.6-128,aggregate-control-3,202,0.5,zero,2,78,last_prompt,random_j_5,honesty,1,-0.034145247936248777
aggregate-target-101-+0.5-notebook-0.6-128,aggregate-target,101,0.5,zero,2,78,last_prompt,random_j_5,honesty,1,-0.03605935275554657
aggregate-target-202-+0.5-notebook-0.6-128,aggregate-target,202,0.5,zero,2,78,last_prompt,random_j_5,honesty,1,-0.011824357509613036
aggregate-control-1-101-+0.5-notebook-0.6-128,aggregate-control-1,101,0.5,zero,2,78,last_prompt,random_j_5,intervention,1,-0.02326330045859019
aggregate-control-1-202-+0.5-notebook-0.6-128,aggregate-control-1,202,0.5,zero,2,78,last_prompt,random_j_5,intervention,1,0.015276936193307241
aggregate-control-2-101-+0.5-notebook-0.6-128,aggregate-control-2,101,0.5,zero,2,78,last_prompt,random_j_5,intervention,1,-0.07428604529963599
aggregate-control-2-202-+0.5-notebook-0.6-128,aggregate-control-2,202,0.5,zero,2,78,last_prompt,random_j_5,intervention,1,-0.0481091332104471
aggregate-control-3-101-+0.5-notebook-0.6-128,aggregate-control-3,101,0.5,zero,2,78,last_prompt,random_j_5,intervention,1,-0.0011456964744461908
aggregate-control-3-202-+0.5-notebook-0.6-128,aggregate-control-3,202,0.5,zero,2,78,last_prompt,random_j_5,intervention,1,-0.016140332652462855
aggregate-target-101-+0.5-notebook-0.6-128,aggregate-target,101,0.5,zero,2,78,last_prompt,random_j_5,intervention,1,0.03815508551067776
aggregate-target-202-+0.5-notebook-0.6-128,aggregate-target,202,0.5,zero,2,78,last_prompt,random_j_5,intervention,1,0.046678481002648674
aggregate-control-1-101-+0.5-notebook-0.6-128,aggregate-control-1,101,0.5,zero,2,78,last_prompt,random_j_5,roleplay,1,-0.0060409605503082275
aggregate-control-1-202-+0.5-notebook-0.6-128,aggregate-control-1,202,0.5,zero,2,78,last_prompt,random_j_5,roleplay,1,-0.03454692827330695
aggregate-control-2-101-+0.5-notebook-0.6-128,aggregate-control-2,101,0.5,zero,2,78,last_prompt,random_j_5,roleplay,1,0.09935936000612047
aggregate-control-2-202-+0.5-notebook-0.6-128,aggregate-control-2,202,0.5,zero,2,78,last_prompt,random_j_5,roleplay,1,0.10002910594145457
aggregate-control-3-101-+0.5-notebook-0.6-128,aggregate-control-3,101,0.5,zero,2,78,last_prompt,random_j_5,roleplay,1,0.05149008830388387
aggregate-control-3-202-+0.5-notebook-0.6-128,aggregate-control-3,202,0.5,zero,2,78,last_prompt,random_j_5,roleplay,1,0.052169614368014865
aggregate-target-101-+0.5-notebook-0.6-128,aggregate-target,101,0.5,zero,2,78,last_prompt,random_j_5,roleplay,1,-0.04878102739651998
aggregate-target-202-+0.5-notebook-0.6-128,aggregate-target,202,0.5,zero,2,78,last_prompt,random_j_5,roleplay,1,-0.0421428382396698
aggregate-control-1-101-+0.5-notebook-0.6-128,aggregate-control-1,101,0.5,zero,2,78,last_prompt,random_j_5,unrelated,1,-0.03224200084805488
aggregate-control-1-202-+0.5-notebook-0.6-128,aggregate-control-1,202,0.5,zero,2,78,last_prompt,random_j_5,unrelated,1,-0.027405279129743575
aggregate-control-2-101-+0.5-notebook-0.6-128,aggregate-control-2,101,0.5,zero,2,78,last_prompt,random_j_5,unrelated,1,-0.0492884486913681
aggregate-control-2-202-+0.5-notebook-0.6-128,aggregate-control-2,202,0.5,zero,2,78,last_prompt,random_j_5,unrelated,1,-0.04860531240701675
aggregate-control-3-101-+0.5-notebook-0.6-128,aggregate-control-3,101,0.5,zero,2,78,last_prompt,random_j_5,unrelated,1,0.06122340261936188
aggregate-control-3-202-+0.5-notebook-0.6-128,aggregate-control-3,202,0.5,zero,2,78,last_prompt,random_j_5,unrelated,1,0.05734938308596611
aggregate-target-101-+0.5-notebook-0.6-128,aggregate-target,101,0.5,zero,2,78,last_prompt,random_j_5,unrelated,1,0.0315543532371521
aggregate-target-202-+0.5-notebook-0.6-128,aggregate-target,202,0.5,zero,2,78,last_prompt,random_j_5,unrelated,1,0.0320731170475483
